nohup: ignoring input
The argument `trust_remote_code` is to be used with Auto classes. It has no effect here and is ignored.
[methods] loaded ['ours', 'fastdllm', 'd2cache', 'dllmcache'] from experiment_2_methods.yaml
Loading checkpoint shards:   0%|          | 0/6 [00:00<?, ?it/s]Loading checkpoint shards:  17%|█▋        | 1/6 [00:00<00:00,  5.76it/s]Loading checkpoint shards:  33%|███▎      | 2/6 [00:00<00:00,  6.23it/s]Loading checkpoint shards:  50%|█████     | 3/6 [00:00<00:00,  6.39it/s]Loading checkpoint shards:  67%|██████▋   | 4/6 [00:00<00:00,  6.50it/s]Loading checkpoint shards:  83%|████████▎ | 5/6 [00:00<00:00,  6.58it/s]Loading checkpoint shards: 100%|██████████| 6/6 [00:00<00:00,  6.61it/s]Loading checkpoint shards: 100%|██████████| 6/6 [00:00<00:00,  6.49it/s]
[ours] 41 teacher-correct docs x 46 n-values (1 rows already done, 1 traces on disk)
[YUKAI][DEBUG][run_one:77] loaded router bundle routers_e2e/llada_base__cm_clean.pt: ['attn_last', 'pos_delta', 'mask_density'] norm=softmax_attn [FILE] /home/exx/Workspace/dllm-meta-experiment/runner_mlp_common.py
[ours] doc 0 n=2%: flex=1 8s
[ours] doc 0 n=4%: flex=1 7s
[ours] doc 0 n=6%: flex=1 7s
[ours] doc 0 n=8%: flex=1 7s
[ours] doc 0 n=10%: flex=1 7s
[ours] doc 0 n=12%: flex=1 7s
[ours] doc 0 n=14%: flex=1 7s
[ours] doc 0 n=16%: flex=1 7s
[ours] doc 0 n=18%: flex=1 7s
[ours] doc 0 n=20%: flex=1 7s
[ours] doc 0 n=22%: flex=1 7s
[ours] doc 0 n=24%: flex=1 7s
[ours] doc 0 n=26%: flex=1 7s
[ours] doc 0 n=28%: flex=1 7s
[ours] doc 0 n=30%: flex=1 7s
[ours] doc 0 n=32%: flex=1 7s
[ours] doc 0 n=34%: flex=1 7s
[ours] doc 0 n=36%: flex=1 7s
[ours] doc 0 n=38%: flex=1 7s
[ours] doc 0 n=40%: flex=1 7s
[ours] doc 0 n=42%: flex=1 7s
[ours] doc 0 n=44%: flex=1 7s
[ours] doc 0 n=46%: flex=1 7s
[ours] doc 0 n=48%: flex=1 7s
[ours] doc 0 n=50%: flex=1 7s
[ours] doc 0 n=52%: flex=1 7s
[ours] doc 0 n=54%: flex=1 7s
[ours] doc 0 n=56%: flex=1 7s
[ours] doc 0 n=58%: flex=1 7s
[ours] doc 0 n=60%: flex=1 7s
[ours] doc 0 n=62%: flex=1 7s
[ours] doc 0 n=64%: flex=1 7s
[ours] doc 0 n=66%: flex=1 7s
[ours] doc 0 n=68%: flex=1 7s
[ours] doc 0 n=70%: flex=1 7s
[ours] doc 0 n=72%: flex=1 7s
[ours] doc 0 n=74%: flex=1 7s
[ours] doc 0 n=76%: flex=1 7s
[ours] doc 0 n=78%: flex=1 7s
[ours] doc 0 n=80%: flex=1 7s
[ours] doc 0 n=82%: flex=1 7s
[ours] doc 0 n=84%: flex=1 7s
[ours] doc 0 n=86%: flex=1 7s
[ours] doc 0 n=88%: flex=1 7s
[ours] doc 0 n=90%: flex=1 7s
[ours] doc 1 n=0%: flex=1 7s
[ours] doc 1 n=2%: flex=1 7s
[ours] doc 1 n=4%: flex=1 7s
[ours] doc 1 n=6%: flex=1 7s
[ours] doc 1 n=8%: flex=1 7s
[ours] doc 1 n=10%: flex=1 7s
[ours] doc 1 n=12%: flex=1 7s
[ours] doc 1 n=14%: flex=1 7s
[ours] doc 1 n=16%: flex=1 7s
[ours] doc 1 n=18%: flex=1 7s
[ours] doc 1 n=20%: flex=1 7s
[ours] doc 1 n=22%: flex=1 7s
[ours] doc 1 n=24%: flex=1 7s
[ours] doc 1 n=26%: flex=1 7s
[ours] doc 1 n=28%: flex=1 7s
[ours] doc 1 n=30%: flex=1 7s
[ours] doc 1 n=32%: flex=1 7s
[ours] doc 1 n=34%: flex=1 7s
[ours] doc 1 n=36%: flex=1 7s
[ours] doc 1 n=38%: flex=1 7s
[ours] doc 1 n=40%: flex=1 7s
[ours] doc 1 n=42%: flex=1 7s
[ours] doc 1 n=44%: flex=1 7s
[ours] doc 1 n=46%: flex=1 7s
[ours] doc 1 n=48%: flex=1 7s
[ours] doc 1 n=50%: flex=1 7s
[ours] doc 1 n=52%: flex=1 7s
[ours] doc 1 n=54%: flex=1 7s
[ours] doc 1 n=56%: flex=1 7s
[ours] doc 1 n=58%: flex=1 7s
[ours] doc 1 n=60%: flex=1 7s
[ours] doc 1 n=62%: flex=1 7s
[ours] doc 1 n=64%: flex=1 7s
[ours] doc 1 n=66%: flex=1 7s
[ours] doc 1 n=68%: flex=1 7s
[ours] doc 1 n=70%: flex=1 7s
[ours] doc 1 n=72%: flex=1 7s
[ours] doc 1 n=74%: flex=1 7s
[ours] doc 1 n=76%: flex=1 7s
[ours] doc 1 n=78%: flex=1 7s
[ours] doc 1 n=80%: flex=1 7s
[ours] doc 1 n=82%: flex=1 7s
[ours] doc 1 n=84%: flex=1 7s
[ours] doc 1 n=86%: flex=1 7s
[ours] doc 1 n=88%: flex=1 7s
[ours] doc 1 n=90%: flex=1 7s
[ours] doc 3 n=0%: flex=0 7s
[ours] doc 3 n=2%: flex=1 7s
[ours] doc 3 n=4%: flex=1 7s
[ours] doc 3 n=6%: flex=1 7s
[ours] doc 3 n=8%: flex=1 7s
[ours] doc 3 n=10%: flex=1 7s
[ours] doc 3 n=12%: flex=1 7s
[ours] doc 3 n=14%: flex=1 7s
[ours] doc 3 n=16%: flex=0 7s
[ours] doc 3 n=18%: flex=0 7s
[ours] doc 3 n=20%: flex=1 7s
[ours] doc 3 n=22%: flex=1 7s
[ours] doc 3 n=24%: flex=1 7s
[ours] doc 3 n=26%: flex=1 7s
[ours] doc 3 n=28%: flex=1 7s
[ours] doc 3 n=30%: flex=1 7s
[ours] doc 3 n=32%: flex=1 7s
[ours] doc 3 n=34%: flex=1 7s
[ours] doc 3 n=36%: flex=1 7s
[ours] doc 3 n=38%: flex=1 7s
[ours] doc 3 n=40%: flex=1 7s
[ours] doc 3 n=42%: flex=1 7s
[ours] doc 3 n=44%: flex=1 7s
[ours] doc 3 n=46%: flex=1 7s
[ours] doc 3 n=48%: flex=1 7s
[ours] doc 3 n=50%: flex=1 7s
[ours] doc 3 n=52%: flex=1 7s
[ours] doc 3 n=54%: flex=1 7s
[ours] doc 3 n=56%: flex=1 7s
[ours] doc 3 n=58%: flex=1 7s
[ours] doc 3 n=60%: flex=1 7s
[ours] doc 3 n=62%: flex=1 7s
[ours] doc 3 n=64%: flex=1 7s
[ours] doc 3 n=66%: flex=1 7s
[ours] doc 3 n=68%: flex=1 7s
[ours] doc 3 n=70%: flex=1 7s
[ours] doc 3 n=72%: flex=1 7s
[ours] doc 3 n=74%: flex=1 7s
[ours] doc 3 n=76%: flex=1 7s
[ours] doc 3 n=78%: flex=1 7s
[ours] doc 3 n=80%: flex=1 7s
[ours] doc 3 n=82%: flex=1 7s
[ours] doc 3 n=84%: flex=1 7s
[ours] doc 3 n=86%: flex=1 7s
[ours] doc 3 n=88%: flex=1 7s
[ours] doc 3 n=90%: flex=1 7s
[ours] doc 4 n=0%: flex=1 7s
[ours] doc 4 n=2%: flex=1 7s
[ours] doc 4 n=4%: flex=1 7s
[ours] doc 4 n=6%: flex=1 7s
[ours] doc 4 n=8%: flex=1 7s
[ours] doc 4 n=10%: flex=1 7s
[ours] doc 4 n=12%: flex=1 7s
[ours] doc 4 n=14%: flex=1 7s
[ours] doc 4 n=16%: flex=1 7s
[ours] doc 4 n=18%: flex=1 7s
[ours] doc 4 n=20%: flex=1 7s
[ours] doc 4 n=22%: flex=1 7s
[ours] doc 4 n=24%: flex=1 7s
[ours] doc 4 n=26%: flex=1 7s
[ours] doc 4 n=28%: flex=1 7s
[ours] doc 4 n=30%: flex=0 7s
[ours] doc 4 n=32%: flex=0 7s
[ours] doc 4 n=34%: flex=0 7s
[ours] doc 4 n=36%: flex=0 7s
[ours] doc 4 n=38%: flex=0 7s
[ours] doc 4 n=40%: flex=1 7s
[ours] doc 4 n=42%: flex=1 7s
[ours] doc 4 n=44%: flex=1 7s
[ours] doc 4 n=46%: flex=1 7s
[ours] doc 4 n=48%: flex=1 7s
[ours] doc 4 n=50%: flex=1 7s
[ours] doc 4 n=52%: flex=1 7s
[ours] doc 4 n=54%: flex=1 7s
[ours] doc 4 n=56%: flex=1 7s
[ours] doc 4 n=58%: flex=1 7s
[ours] doc 4 n=60%: flex=1 7s
[ours] doc 4 n=62%: flex=1 7s
[ours] doc 4 n=64%: flex=1 7s
[ours] doc 4 n=66%: flex=1 7s
[ours] doc 4 n=68%: flex=1 7s
[ours] doc 4 n=70%: flex=1 7s
[ours] doc 4 n=72%: flex=1 7s
[ours] doc 4 n=74%: flex=1 7s
[ours] doc 4 n=76%: flex=1 7s
[ours] doc 4 n=78%: flex=1 7s
[ours] doc 4 n=80%: flex=1 7s
[ours] doc 4 n=82%: flex=1 7s
[ours] doc 4 n=84%: flex=1 7s
[ours] doc 4 n=86%: flex=1 7s
[ours] doc 4 n=88%: flex=1 7s
[ours] doc 4 n=90%: flex=1 7s
[ours] doc 6 n=0%: flex=1 7s
[ours] doc 6 n=2%: flex=1 7s
[ours] doc 6 n=4%: flex=1 7s
[ours] doc 6 n=6%: flex=1 7s
[ours] doc 6 n=8%: flex=1 7s
[ours] doc 6 n=10%: flex=1 7s
[ours] doc 6 n=12%: flex=1 7s
[ours] doc 6 n=14%: flex=1 7s
[ours] doc 6 n=16%: flex=1 7s
[ours] doc 6 n=18%: flex=1 7s
[ours] doc 6 n=20%: flex=1 7s
[ours] doc 6 n=22%: flex=1 7s
[ours] doc 6 n=24%: flex=1 7s
[ours] doc 6 n=26%: flex=0 7s
[ours] doc 6 n=28%: flex=0 7s
[ours] doc 6 n=30%: flex=1 7s
[ours] doc 6 n=32%: flex=1 7s
[ours] doc 6 n=34%: flex=1 7s
[ours] doc 6 n=36%: flex=1 7s
[ours] doc 6 n=38%: flex=1 7s
[ours] doc 6 n=40%: flex=1 7s
[ours] doc 6 n=42%: flex=1 7s
[ours] doc 6 n=44%: flex=1 7s
[ours] doc 6 n=46%: flex=1 7s
[ours] doc 6 n=48%: flex=1 7s
[ours] doc 6 n=50%: flex=1 7s
[ours] doc 6 n=52%: flex=1 7s
[ours] doc 6 n=54%: flex=1 7s
[ours] doc 6 n=56%: flex=1 7s
[ours] doc 6 n=58%: flex=1 7s
[ours] doc 6 n=60%: flex=1 7s
[ours] doc 6 n=62%: flex=1 7s
[ours] doc 6 n=64%: flex=1 7s
[ours] doc 6 n=66%: flex=1 7s
[ours] doc 6 n=68%: flex=1 7s
[ours] doc 6 n=70%: flex=1 7s
[ours] doc 6 n=72%: flex=1 7s
[ours] doc 6 n=74%: flex=1 7s
[ours] doc 6 n=76%: flex=1 7s
[ours] doc 6 n=78%: flex=1 7s
[ours] doc 6 n=80%: flex=1 7s
[ours] doc 6 n=82%: flex=1 7s
[ours] doc 6 n=84%: flex=1 7s
[ours] doc 6 n=86%: flex=1 7s
[ours] doc 6 n=88%: flex=1 7s
[ours] doc 6 n=90%: flex=1 7s
[ours] doc 9 n=0%: flex=1 7s
[ours] doc 9 n=2%: flex=1 7s
[ours] doc 9 n=4%: flex=0 7s
[ours] doc 9 n=6%: flex=1 7s
[ours] doc 9 n=8%: flex=1 7s
[ours] doc 9 n=10%: flex=1 7s
[ours] doc 9 n=12%: flex=0 7s
[ours] doc 9 n=14%: flex=1 7s
[ours] doc 9 n=16%: flex=0 7s
[ours] doc 9 n=18%: flex=1 7s
[ours] doc 9 n=20%: flex=0 7s
[ours] doc 9 n=22%: flex=1 7s
[ours] doc 9 n=24%: flex=1 7s
[ours] doc 9 n=26%: flex=1 7s
[ours] doc 9 n=28%: flex=1 7s
[ours] doc 9 n=30%: flex=1 7s
[ours] doc 9 n=32%: flex=1 7s
[ours] doc 9 n=34%: flex=1 7s
[ours] doc 9 n=36%: flex=1 7s
[ours] doc 9 n=38%: flex=1 7s
[ours] doc 9 n=40%: flex=0 7s
[ours] doc 9 n=42%: flex=1 7s
[ours] doc 9 n=44%: flex=1 7s
[ours] doc 9 n=46%: flex=1 7s
[ours] doc 9 n=48%: flex=1 7s
[ours] doc 9 n=50%: flex=1 7s
[ours] doc 9 n=52%: flex=1 7s
[ours] doc 9 n=54%: flex=1 7s
[ours] doc 9 n=56%: flex=1 7s
[ours] doc 9 n=58%: flex=1 7s
[ours] doc 9 n=60%: flex=1 7s
[ours] doc 9 n=62%: flex=1 7s
[ours] doc 9 n=64%: flex=1 7s
[ours] doc 9 n=66%: flex=1 7s
[ours] doc 9 n=68%: flex=1 7s
[ours] doc 9 n=70%: flex=1 7s
[ours] doc 9 n=72%: flex=1 7s
[ours] doc 9 n=74%: flex=1 7s
[ours] doc 9 n=76%: flex=1 7s
[ours] doc 9 n=78%: flex=1 7s
[ours] doc 9 n=80%: flex=1 7s
[ours] doc 9 n=82%: flex=1 7s
[ours] doc 9 n=84%: flex=1 7s
[ours] doc 9 n=86%: flex=1 7s
[ours] doc 9 n=88%: flex=1 7s
[ours] doc 9 n=90%: flex=1 7s
[ours] doc 10 n=0%: flex=0 7s
[ours] doc 10 n=2%: flex=0 7s
[ours] doc 10 n=4%: flex=1 7s
[ours] doc 10 n=6%: flex=1 7s
[ours] doc 10 n=8%: flex=1 7s
[ours] doc 10 n=10%: flex=1 7s
[ours] doc 10 n=12%: flex=1 7s
[ours] doc 10 n=14%: flex=1 7s
[ours] doc 10 n=16%: flex=1 7s
[ours] doc 10 n=18%: flex=1 7s
[ours] doc 10 n=20%: flex=1 7s
[ours] doc 10 n=22%: flex=1 7s
[ours] doc 10 n=24%: flex=1 7s
[ours] doc 10 n=26%: flex=1 7s
[ours] doc 10 n=28%: flex=1 7s
[ours] doc 10 n=30%: flex=1 7s
[ours] doc 10 n=32%: flex=1 7s
[ours] doc 10 n=34%: flex=1 7s
[ours] doc 10 n=36%: flex=1 7s
[ours] doc 10 n=38%: flex=1 7s
[ours] doc 10 n=40%: flex=1 7s
[ours] doc 10 n=42%: flex=1 7s
[ours] doc 10 n=44%: flex=1 7s
[ours] doc 10 n=46%: flex=1 7s
[ours] doc 10 n=48%: flex=1 7s
[ours] doc 10 n=50%: flex=1 7s
[ours] doc 10 n=52%: flex=1 7s
[ours] doc 10 n=54%: flex=1 7s
[ours] doc 10 n=56%: flex=1 7s
[ours] doc 10 n=58%: flex=1 7s
[ours] doc 10 n=60%: flex=1 7s
[ours] doc 10 n=62%: flex=1 7s
[ours] doc 10 n=64%: flex=1 7s
[ours] doc 10 n=66%: flex=1 7s
[ours] doc 10 n=68%: flex=1 7s
[ours] doc 10 n=70%: flex=1 7s
[ours] doc 10 n=72%: flex=1 7s
[ours] doc 10 n=74%: flex=1 7s
[ours] doc 10 n=76%: flex=1 7s
[ours] doc 10 n=78%: flex=1 7s
[ours] doc 10 n=80%: flex=1 7s
[ours] doc 10 n=82%: flex=1 7s
[ours] doc 10 n=84%: flex=1 7s
[ours] doc 10 n=86%: flex=1 7s
[ours] doc 10 n=88%: flex=1 7s
[ours] doc 10 n=90%: flex=1 7s
[ours] doc 11 n=0%: flex=1 8s
[ours] doc 11 n=2%: flex=1 8s
[ours] doc 11 n=4%: flex=1 8s
[ours] doc 11 n=6%: flex=1 8s
[ours] doc 11 n=8%: flex=1 8s
[ours] doc 11 n=10%: flex=1 8s
[ours] doc 11 n=12%: flex=1 8s
[ours] doc 11 n=14%: flex=1 8s
[ours] doc 11 n=16%: flex=1 8s
[ours] doc 11 n=18%: flex=1 8s
[ours] doc 11 n=20%: flex=1 8s
[ours] doc 11 n=22%: flex=1 8s
[ours] doc 11 n=24%: flex=1 8s
[ours] doc 11 n=26%: flex=1 8s
[ours] doc 11 n=28%: flex=1 8s
[ours] doc 11 n=30%: flex=1 8s
[ours] doc 11 n=32%: flex=1 8s
[ours] doc 11 n=34%: flex=1 8s
[ours] doc 11 n=36%: flex=1 8s
[ours] doc 11 n=38%: flex=1 8s
[ours] doc 11 n=40%: flex=1 8s
[ours] doc 11 n=42%: flex=1 8s
[ours] doc 11 n=44%: flex=1 8s
[ours] doc 11 n=46%: flex=1 8s
[ours] doc 11 n=48%: flex=1 8s
[ours] doc 11 n=50%: flex=1 8s
[ours] doc 11 n=52%: flex=1 8s
[ours] doc 11 n=54%: flex=1 8s
[ours] doc 11 n=56%: flex=1 8s
[ours] doc 11 n=58%: flex=1 8s
[ours] doc 11 n=60%: flex=1 8s
[ours] doc 11 n=62%: flex=1 8s
[ours] doc 11 n=64%: flex=1 8s
[ours] doc 11 n=66%: flex=1 8s
[ours] doc 11 n=68%: flex=1 8s
[ours] doc 11 n=70%: flex=1 8s
[ours] doc 11 n=72%: flex=1 8s
[ours] doc 11 n=74%: flex=1 8s
[ours] doc 11 n=76%: flex=1 8s
[ours] doc 11 n=78%: flex=1 8s
[ours] doc 11 n=80%: flex=1 8s
[ours] doc 11 n=82%: flex=1 8s
[ours] doc 11 n=84%: flex=1 8s
[ours] doc 11 n=86%: flex=1 8s
[ours] doc 11 n=88%: flex=1 8s
[ours] doc 11 n=90%: flex=1 8s
[ours] doc 14 n=0%: flex=1 7s
[ours] doc 14 n=2%: flex=0 7s
[ours] doc 14 n=4%: flex=1 7s
[ours] doc 14 n=6%: flex=1 7s
[ours] doc 14 n=8%: flex=1 7s
[ours] doc 14 n=10%: flex=1 7s
[ours] doc 14 n=12%: flex=1 7s
[ours] doc 14 n=14%: flex=1 7s
[ours] doc 14 n=16%: flex=1 7s
[ours] doc 14 n=18%: flex=1 7s
[ours] doc 14 n=20%: flex=0 7s
[ours] doc 14 n=22%: flex=1 7s
[ours] doc 14 n=24%: flex=1 7s
[ours] doc 14 n=26%: flex=1 7s
[ours] doc 14 n=28%: flex=1 7s
[ours] doc 14 n=30%: flex=1 7s
[ours] doc 14 n=32%: flex=1 7s
[ours] doc 14 n=34%: flex=1 7s
[ours] doc 14 n=36%: flex=0 7s
[ours] doc 14 n=38%: flex=0 7s
[ours] doc 14 n=40%: flex=0 7s
[ours] doc 14 n=42%: flex=0 7s
[ours] doc 14 n=44%: flex=0 7s
[ours] doc 14 n=46%: flex=1 7s
[ours] doc 14 n=48%: flex=1 7s
[ours] doc 14 n=50%: flex=1 7s
[ours] doc 14 n=52%: flex=1 7s
[ours] doc 14 n=54%: flex=1 7s
[ours] doc 14 n=56%: flex=1 7s
[ours] doc 14 n=58%: flex=1 7s
[ours] doc 14 n=60%: flex=1 7s
[ours] doc 14 n=62%: flex=1 7s
[ours] doc 14 n=64%: flex=1 7s
[ours] doc 14 n=66%: flex=1 7s
[ours] doc 14 n=68%: flex=1 7s
[ours] doc 14 n=70%: flex=1 7s
[ours] doc 14 n=72%: flex=1 7s
[ours] doc 14 n=74%: flex=1 7s
[ours] doc 14 n=76%: flex=1 7s
[ours] doc 14 n=78%: flex=1 7s
[ours] doc 14 n=80%: flex=1 7s
[ours] doc 14 n=82%: flex=1 7s
[ours] doc 14 n=84%: flex=1 7s
[ours] doc 14 n=86%: flex=1 7s
[ours] doc 14 n=88%: flex=1 7s
[ours] doc 14 n=90%: flex=1 7s
[ours] doc 17 n=0%: flex=1 7s
[ours] doc 17 n=2%: flex=1 7s
[ours] doc 17 n=4%: flex=1 7s
[ours] doc 17 n=6%: flex=1 7s
[ours] doc 17 n=8%: flex=1 7s
[ours] doc 17 n=10%: flex=1 7s
[ours] doc 17 n=12%: flex=1 7s
[ours] doc 17 n=14%: flex=1 7s
[ours] doc 17 n=16%: flex=1 7s
[ours] doc 17 n=18%: flex=1 7s
[ours] doc 17 n=20%: flex=1 7s
[ours] doc 17 n=22%: flex=1 7s
[ours] doc 17 n=24%: flex=1 7s
[ours] doc 17 n=26%: flex=1 7s
[ours] doc 17 n=28%: flex=1 7s
[ours] doc 17 n=30%: flex=1 7s
[ours] doc 17 n=32%: flex=1 7s
[ours] doc 17 n=34%: flex=1 7s
[ours] doc 17 n=36%: flex=1 7s
[ours] doc 17 n=38%: flex=1 8s
[ours] doc 17 n=40%: flex=1 19s
[ours] doc 17 n=42%: flex=1 19s
[ours] doc 17 n=44%: flex=1 14s
[ours] doc 17 n=46%: flex=1 7s
[ours] doc 17 n=48%: flex=1 7s
[ours] doc 17 n=50%: flex=0 7s
[ours] doc 17 n=52%: flex=0 7s
[ours] doc 17 n=54%: flex=0 7s
[ours] doc 17 n=56%: flex=0 7s
[ours] doc 17 n=58%: flex=0 7s
[ours] doc 17 n=60%: flex=1 7s
[ours] doc 17 n=62%: flex=1 7s
[ours] doc 17 n=64%: flex=1 7s
[ours] doc 17 n=66%: flex=1 7s
[ours] doc 17 n=68%: flex=1 7s
[ours] doc 17 n=70%: flex=1 7s
[ours] doc 17 n=72%: flex=1 7s
[ours] doc 17 n=74%: flex=1 7s
[ours] doc 17 n=76%: flex=1 7s
[ours] doc 17 n=78%: flex=1 7s
[ours] doc 17 n=80%: flex=1 7s
[ours] doc 17 n=82%: flex=1 7s
[ours] doc 17 n=84%: flex=1 7s
[ours] doc 17 n=86%: flex=1 7s
[ours] doc 17 n=88%: flex=1 7s
[ours] doc 17 n=90%: flex=1 7s
[ours] doc 18 n=0%: flex=0 7s
[ours] doc 18 n=2%: flex=1 7s
[ours] doc 18 n=4%: flex=0 7s
[ours] doc 18 n=6%: flex=0 7s
[ours] doc 18 n=8%: flex=1 7s
[ours] doc 18 n=10%: flex=1 7s
[ours] doc 18 n=12%: flex=1 7s
[ours] doc 18 n=14%: flex=1 7s
[ours] doc 18 n=16%: flex=1 7s
[ours] doc 18 n=18%: flex=1 7s
[ours] doc 18 n=20%: flex=1 7s
[ours] doc 18 n=22%: flex=1 7s
[ours] doc 18 n=24%: flex=1 7s
[ours] doc 18 n=26%: flex=1 7s
[ours] doc 18 n=28%: flex=1 7s
[ours] doc 18 n=30%: flex=1 7s
[ours] doc 18 n=32%: flex=1 7s
[ours] doc 18 n=34%: flex=1 7s
[ours] doc 18 n=36%: flex=1 7s
[ours] doc 18 n=38%: flex=1 7s
[ours] doc 18 n=40%: flex=1 7s
[ours] doc 18 n=42%: flex=1 7s
[ours] doc 18 n=44%: flex=1 7s
[ours] doc 18 n=46%: flex=1 7s
[ours] doc 18 n=48%: flex=1 7s
[ours] doc 18 n=50%: flex=1 7s
[ours] doc 18 n=52%: flex=1 7s
[ours] doc 18 n=54%: flex=1 7s
[ours] doc 18 n=56%: flex=1 7s
[ours] doc 18 n=58%: flex=1 7s
[ours] doc 18 n=60%: flex=1 7s
[ours] doc 18 n=62%: flex=1 7s
[ours] doc 18 n=64%: flex=1 7s
[ours] doc 18 n=66%: flex=1 7s
[ours] doc 18 n=68%: flex=1 7s
[ours] doc 18 n=70%: flex=1 7s
[ours] doc 18 n=72%: flex=1 7s
[ours] doc 18 n=74%: flex=1 7s
[ours] doc 18 n=76%: flex=1 7s
[ours] doc 18 n=78%: flex=1 7s
[ours] doc 18 n=80%: flex=1 7s
[ours] doc 18 n=82%: flex=1 7s
[ours] doc 18 n=84%: flex=1 7s
[ours] doc 18 n=86%: flex=1 7s
[ours] doc 18 n=88%: flex=1 7s
[ours] doc 18 n=90%: flex=1 7s
[ours] doc 19 n=0%: flex=1 7s
[ours] doc 19 n=2%: flex=0 7s
[ours] doc 19 n=4%: flex=1 7s
[ours] doc 19 n=6%: flex=1 7s
[ours] doc 19 n=8%: flex=0 7s
[ours] doc 19 n=10%: flex=1 7s
[ours] doc 19 n=12%: flex=1 7s
[ours] doc 19 n=14%: flex=1 7s
[ours] doc 19 n=16%: flex=1 7s
[ours] doc 19 n=18%: flex=1 7s
[ours] doc 19 n=20%: flex=1 7s
[ours] doc 19 n=22%: flex=1 7s
[ours] doc 19 n=24%: flex=1 7s
[ours] doc 19 n=26%: flex=1 7s
[ours] doc 19 n=28%: flex=1 7s
[ours] doc 19 n=30%: flex=1 7s
[ours] doc 19 n=32%: flex=1 7s
[ours] doc 19 n=34%: flex=1 7s
[ours] doc 19 n=36%: flex=1 7s
[ours] doc 19 n=38%: flex=1 7s
[ours] doc 19 n=40%: flex=1 7s
[ours] doc 19 n=42%: flex=1 7s
[ours] doc 19 n=44%: flex=1 7s
[ours] doc 19 n=46%: flex=1 7s
[ours] doc 19 n=48%: flex=1 7s
[ours] doc 19 n=50%: flex=1 7s
[ours] doc 19 n=52%: flex=1 7s
[ours] doc 19 n=54%: flex=1 7s
[ours] doc 19 n=56%: flex=1 7s
[ours] doc 19 n=58%: flex=1 7s
[ours] doc 19 n=60%: flex=1 7s
[ours] doc 19 n=62%: flex=1 7s
[ours] doc 19 n=64%: flex=1 7s
[ours] doc 19 n=66%: flex=1 7s
[ours] doc 19 n=68%: flex=1 7s
[ours] doc 19 n=70%: flex=1 7s
[ours] doc 19 n=72%: flex=1 7s
[ours] doc 19 n=74%: flex=1 7s
[ours] doc 19 n=76%: flex=1 7s
[ours] doc 19 n=78%: flex=1 7s
[ours] doc 19 n=80%: flex=1 7s
[ours] doc 19 n=82%: flex=1 7s
[ours] doc 19 n=84%: flex=1 7s
[ours] doc 19 n=86%: flex=1 7s
[ours] doc 19 n=88%: flex=1 7s
[ours] doc 19 n=90%: flex=1 7s
[ours] doc 22 n=0%: flex=1 8s
[ours] doc 22 n=2%: flex=1 8s
[ours] doc 22 n=4%: flex=1 8s
[ours] doc 22 n=6%: flex=1 8s
[ours] doc 22 n=8%: flex=1 8s
[ours] doc 22 n=10%: flex=1 8s
[ours] doc 22 n=12%: flex=1 8s
[ours] doc 22 n=14%: flex=1 8s
[ours] doc 22 n=16%: flex=1 8s
[ours] doc 22 n=18%: flex=1 8s
[ours] doc 22 n=20%: flex=1 8s
[ours] doc 22 n=22%: flex=1 8s
[ours] doc 22 n=24%: flex=1 7s
[ours] doc 22 n=26%: flex=1 8s
[ours] doc 22 n=28%: flex=1 8s
[ours] doc 22 n=30%: flex=1 7s
[ours] doc 22 n=32%: flex=1 8s
[ours] doc 22 n=34%: flex=0 8s
[ours] doc 22 n=36%: flex=1 8s
[ours] doc 22 n=38%: flex=1 8s
[ours] doc 22 n=40%: flex=1 8s
[ours] doc 22 n=42%: flex=1 8s
[ours] doc 22 n=44%: flex=1 8s
[ours] doc 22 n=46%: flex=1 8s
[ours] doc 22 n=48%: flex=1 8s
[ours] doc 22 n=50%: flex=1 8s
[ours] doc 22 n=52%: flex=1 8s
[ours] doc 22 n=54%: flex=1 8s
[ours] doc 22 n=56%: flex=1 8s
[ours] doc 22 n=58%: flex=1 8s
[ours] doc 22 n=60%: flex=1 8s
[ours] doc 22 n=62%: flex=1 8s
[ours] doc 22 n=64%: flex=1 8s
[ours] doc 22 n=66%: flex=1 8s
[ours] doc 22 n=68%: flex=1 8s
[ours] doc 22 n=70%: flex=1 8s
[ours] doc 22 n=72%: flex=1 8s
[ours] doc 22 n=74%: flex=1 8s
[ours] doc 22 n=76%: flex=1 8s
[ours] doc 22 n=78%: flex=1 8s
[ours] doc 22 n=80%: flex=1 8s
[ours] doc 22 n=82%: flex=1 8s
[ours] doc 22 n=84%: flex=1 8s
[ours] doc 22 n=86%: flex=1 8s
[ours] doc 22 n=88%: flex=1 8s
[ours] doc 22 n=90%: flex=1 8s
[ours] doc 23 n=0%: flex=0 7s
[ours] doc 23 n=2%: flex=1 7s
[ours] doc 23 n=4%: flex=1 7s
[ours] doc 23 n=6%: flex=1 7s
[ours] doc 23 n=8%: flex=1 7s
[ours] doc 23 n=10%: flex=1 7s
[ours] doc 23 n=12%: flex=1 7s
[ours] doc 23 n=14%: flex=1 7s
[ours] doc 23 n=16%: flex=1 7s
[ours] doc 23 n=18%: flex=1 7s
[ours] doc 23 n=20%: flex=1 7s
[ours] doc 23 n=22%: flex=1 7s
[ours] doc 23 n=24%: flex=1 7s
[ours] doc 23 n=26%: flex=1 7s
[ours] doc 23 n=28%: flex=1 7s
[ours] doc 23 n=30%: flex=1 7s
[ours] doc 23 n=32%: flex=1 7s
[ours] doc 23 n=34%: flex=1 7s
[ours] doc 23 n=36%: flex=1 7s
[ours] doc 23 n=38%: flex=1 7s
[ours] doc 23 n=40%: flex=1 7s
[ours] doc 23 n=42%: flex=1 7s
[ours] doc 23 n=44%: flex=1 7s
[ours] doc 23 n=46%: flex=1 7s
[ours] doc 23 n=48%: flex=1 7s
[ours] doc 23 n=50%: flex=1 7s
[ours] doc 23 n=52%: flex=1 7s
[ours] doc 23 n=54%: flex=1 7s
[ours] doc 23 n=56%: flex=1 7s
[ours] doc 23 n=58%: flex=1 7s
[ours] doc 23 n=60%: flex=1 7s
[ours] doc 23 n=62%: flex=1 7s
[ours] doc 23 n=64%: flex=1 7s
[ours] doc 23 n=66%: flex=1 7s
[ours] doc 23 n=68%: flex=1 7s
[ours] doc 23 n=70%: flex=1 7s
[ours] doc 23 n=72%: flex=1 7s
[ours] doc 23 n=74%: flex=1 7s
[ours] doc 23 n=76%: flex=1 7s
[ours] doc 23 n=78%: flex=1 7s
[ours] doc 23 n=80%: flex=1 7s
[ours] doc 23 n=82%: flex=1 7s
[ours] doc 23 n=84%: flex=1 7s
[ours] doc 23 n=86%: flex=1 7s
[ours] doc 23 n=88%: flex=1 7s
[ours] doc 23 n=90%: flex=1 7s
[ours] doc 24 n=0%: flex=1 7s
[ours] doc 24 n=2%: flex=1 7s
[ours] doc 24 n=4%: flex=1 7s
[ours] doc 24 n=6%: flex=1 7s
[ours] doc 24 n=8%: flex=1 7s
[ours] doc 24 n=10%: flex=1 7s
[ours] doc 24 n=12%: flex=1 7s
[ours] doc 24 n=14%: flex=1 7s
[ours] doc 24 n=16%: flex=1 7s
[ours] doc 24 n=18%: flex=1 7s
[ours] doc 24 n=20%: flex=1 7s
[ours] doc 24 n=22%: flex=1 7s
[ours] doc 24 n=24%: flex=1 7s
[ours] doc 24 n=26%: flex=1 7s
[ours] doc 24 n=28%: flex=1 7s
[ours] doc 24 n=30%: flex=1 7s
[ours] doc 24 n=32%: flex=1 7s
[ours] doc 24 n=34%: flex=1 7s
[ours] doc 24 n=36%: flex=1 7s
[ours] doc 24 n=38%: flex=1 7s
[ours] doc 24 n=40%: flex=1 7s
[ours] doc 24 n=42%: flex=1 7s
[ours] doc 24 n=44%: flex=1 7s
[ours] doc 24 n=46%: flex=1 7s
[ours] doc 24 n=48%: flex=1 7s
[ours] doc 24 n=50%: flex=1 7s
[ours] doc 24 n=52%: flex=1 7s
[ours] doc 24 n=54%: flex=1 7s
[ours] doc 24 n=56%: flex=1 7s
[ours] doc 24 n=58%: flex=1 7s
[ours] doc 24 n=60%: flex=1 7s
[ours] doc 24 n=62%: flex=1 7s
[ours] doc 24 n=64%: flex=1 7s
[ours] doc 24 n=66%: flex=1 7s
[ours] doc 24 n=68%: flex=1 7s
[ours] doc 24 n=70%: flex=1 7s
[ours] doc 24 n=72%: flex=1 7s
[ours] doc 24 n=74%: flex=1 7s
[ours] doc 24 n=76%: flex=1 7s
[ours] doc 24 n=78%: flex=1 7s
[ours] doc 24 n=80%: flex=1 7s
[ours] doc 24 n=82%: flex=1 7s
[ours] doc 24 n=84%: flex=1 7s
[ours] doc 24 n=86%: flex=1 7s
[ours] doc 24 n=88%: flex=1 7s
[ours] doc 24 n=90%: flex=1 7s
[ours] doc 25 n=0%: flex=1 7s
[ours] doc 25 n=2%: flex=1 7s
[ours] doc 25 n=4%: flex=1 7s
[ours] doc 25 n=6%: flex=1 7s
[ours] doc 25 n=8%: flex=1 7s
[ours] doc 25 n=10%: flex=1 7s
[ours] doc 25 n=12%: flex=1 7s
[ours] doc 25 n=14%: flex=1 7s
[ours] doc 25 n=16%: flex=1 7s
[ours] doc 25 n=18%: flex=1 7s
[ours] doc 25 n=20%: flex=1 7s
[ours] doc 25 n=22%: flex=1 7s
[ours] doc 25 n=24%: flex=1 7s
[ours] doc 25 n=26%: flex=1 7s
[ours] doc 25 n=28%: flex=1 7s
[ours] doc 25 n=30%: flex=1 7s
[ours] doc 25 n=32%: flex=1 7s
[ours] doc 25 n=34%: flex=1 7s
[ours] doc 25 n=36%: flex=1 7s
[ours] doc 25 n=38%: flex=1 7s
[ours] doc 25 n=40%: flex=1 7s
[ours] doc 25 n=42%: flex=1 7s
[ours] doc 25 n=44%: flex=1 7s
[ours] doc 25 n=46%: flex=1 7s
[ours] doc 25 n=48%: flex=1 7s
[ours] doc 25 n=50%: flex=1 7s
[ours] doc 25 n=52%: flex=1 7s
[ours] doc 25 n=54%: flex=1 7s
[ours] doc 25 n=56%: flex=1 7s
[ours] doc 25 n=58%: flex=1 7s
[ours] doc 25 n=60%: flex=1 7s
[ours] doc 25 n=62%: flex=1 7s
[ours] doc 25 n=64%: flex=1 7s
[ours] doc 25 n=66%: flex=1 7s
[ours] doc 25 n=68%: flex=1 7s
[ours] doc 25 n=70%: flex=1 7s
[ours] doc 25 n=72%: flex=1 7s
[ours] doc 25 n=74%: flex=1 7s
[ours] doc 25 n=76%: flex=1 7s
[ours] doc 25 n=78%: flex=1 7s
[ours] doc 25 n=80%: flex=1 7s
[ours] doc 25 n=82%: flex=1 7s
[ours] doc 25 n=84%: flex=1 7s
[ours] doc 25 n=86%: flex=1 7s
[ours] doc 25 n=88%: flex=1 7s
[ours] doc 25 n=90%: flex=1 7s
[ours] doc 26 n=0%: flex=1 7s
[ours] doc 26 n=2%: flex=1 7s
[ours] doc 26 n=4%: flex=1 7s
[ours] doc 26 n=6%: flex=1 7s
[ours] doc 26 n=8%: flex=1 7s
[ours] doc 26 n=10%: flex=1 7s
[ours] doc 26 n=12%: flex=1 7s
[ours] doc 26 n=14%: flex=1 7s
[ours] doc 26 n=16%: flex=1 7s
[ours] doc 26 n=18%: flex=1 7s
[ours] doc 26 n=20%: flex=1 7s
[ours] doc 26 n=22%: flex=1 7s
[ours] doc 26 n=24%: flex=1 7s
[ours] doc 26 n=26%: flex=1 7s
[ours] doc 26 n=28%: flex=1 7s
[ours] doc 26 n=30%: flex=1 7s
[ours] doc 26 n=32%: flex=1 7s
[ours] doc 26 n=34%: flex=1 7s
[ours] doc 26 n=36%: flex=1 7s
[ours] doc 26 n=38%: flex=1 7s
[ours] doc 26 n=40%: flex=1 7s
[ours] doc 26 n=42%: flex=1 7s
[ours] doc 26 n=44%: flex=1 7s
[ours] doc 26 n=46%: flex=1 7s
[ours] doc 26 n=48%: flex=1 7s
[ours] doc 26 n=50%: flex=1 7s
[ours] doc 26 n=52%: flex=1 7s
[ours] doc 26 n=54%: flex=1 7s
[ours] doc 26 n=56%: flex=1 7s
[ours] doc 26 n=58%: flex=1 7s
[ours] doc 26 n=60%: flex=1 7s
[ours] doc 26 n=62%: flex=1 7s
[ours] doc 26 n=64%: flex=1 7s
[ours] doc 26 n=66%: flex=1 7s
[ours] doc 26 n=68%: flex=1 7s
[ours] doc 26 n=70%: flex=1 7s
[ours] doc 26 n=72%: flex=1 7s
[ours] doc 26 n=74%: flex=1 7s
[ours] doc 26 n=76%: flex=1 7s
[ours] doc 26 n=78%: flex=1 7s
[ours] doc 26 n=80%: flex=1 7s
[ours] doc 26 n=82%: flex=1 7s
[ours] doc 26 n=84%: flex=1 7s
[ours] doc 26 n=86%: flex=1 7s
[ours] doc 26 n=88%: flex=1 7s
[ours] doc 26 n=90%: flex=1 7s
[ours] doc 27 n=0%: flex=0 7s
[ours] doc 27 n=2%: flex=0 7s
[ours] doc 27 n=4%: flex=1 7s
[ours] doc 27 n=6%: flex=1 7s
[ours] doc 27 n=8%: flex=1 7s
[ours] doc 27 n=10%: flex=0 7s
[ours] doc 27 n=12%: flex=1 7s
[ours] doc 27 n=14%: flex=1 7s
[ours] doc 27 n=16%: flex=1 7s
[ours] doc 27 n=18%: flex=1 7s
[ours] doc 27 n=20%: flex=1 7s
[ours] doc 27 n=22%: flex=1 7s
[ours] doc 27 n=24%: flex=1 7s
[ours] doc 27 n=26%: flex=1 7s
[ours] doc 27 n=28%: flex=1 7s
[ours] doc 27 n=30%: flex=1 7s
[ours] doc 27 n=32%: flex=1 7s
[ours] doc 27 n=34%: flex=1 7s
[ours] doc 27 n=36%: flex=1 7s
[ours] doc 27 n=38%: flex=1 7s
[ours] doc 27 n=40%: flex=1 7s
[ours] doc 27 n=42%: flex=1 7s
[ours] doc 27 n=44%: flex=1 7s
[ours] doc 27 n=46%: flex=1 7s
[ours] doc 27 n=48%: flex=1 7s
[ours] doc 27 n=50%: flex=1 7s
[ours] doc 27 n=52%: flex=1 7s
[ours] doc 27 n=54%: flex=1 7s
[ours] doc 27 n=56%: flex=1 7s
[ours] doc 27 n=58%: flex=1 7s
[ours] doc 27 n=60%: flex=1 7s
[ours] doc 27 n=62%: flex=1 7s
[ours] doc 27 n=64%: flex=1 7s
[ours] doc 27 n=66%: flex=1 7s
[ours] doc 27 n=68%: flex=1 7s
[ours] doc 27 n=70%: flex=1 7s
[ours] doc 27 n=72%: flex=1 7s
[ours] doc 27 n=74%: flex=1 7s
[ours] doc 27 n=76%: flex=1 7s
[ours] doc 27 n=78%: flex=1 7s
[ours] doc 27 n=80%: flex=1 7s
[ours] doc 27 n=82%: flex=1 7s
[ours] doc 27 n=84%: flex=1 7s
[ours] doc 27 n=86%: flex=1 7s
[ours] doc 27 n=88%: flex=1 7s
[ours] doc 27 n=90%: flex=1 7s
[ours] doc 29 n=0%: flex=1 7s
[ours] doc 29 n=2%: flex=1 7s
[ours] doc 29 n=4%: flex=0 7s
[ours] doc 29 n=6%: flex=1 7s
[ours] doc 29 n=8%: flex=1 7s
[ours] doc 29 n=10%: flex=1 7s
[ours] doc 29 n=12%: flex=1 7s
[ours] doc 29 n=14%: flex=1 7s
[ours] doc 29 n=16%: flex=1 7s
[ours] doc 29 n=18%: flex=1 7s
[ours] doc 29 n=20%: flex=1 7s
[ours] doc 29 n=22%: flex=1 7s
[ours] doc 29 n=24%: flex=1 7s
[ours] doc 29 n=26%: flex=1 7s
[ours] doc 29 n=28%: flex=1 7s
[ours] doc 29 n=30%: flex=1 7s
[ours] doc 29 n=32%: flex=1 7s
[ours] doc 29 n=34%: flex=1 7s
[ours] doc 29 n=36%: flex=1 7s
[ours] doc 29 n=38%: flex=1 7s
[ours] doc 29 n=40%: flex=1 7s
[ours] doc 29 n=42%: flex=1 7s
[ours] doc 29 n=44%: flex=1 7s
[ours] doc 29 n=46%: flex=1 7s
[ours] doc 29 n=48%: flex=1 7s
[ours] doc 29 n=50%: flex=1 7s
[ours] doc 29 n=52%: flex=1 7s
[ours] doc 29 n=54%: flex=1 7s
[ours] doc 29 n=56%: flex=1 7s
[ours] doc 29 n=58%: flex=1 7s
[ours] doc 29 n=60%: flex=1 7s
[ours] doc 29 n=62%: flex=1 7s
[ours] doc 29 n=64%: flex=1 7s
[ours] doc 29 n=66%: flex=1 7s
[ours] doc 29 n=68%: flex=1 7s
[ours] doc 29 n=70%: flex=1 7s
[ours] doc 29 n=72%: flex=1 7s
[ours] doc 29 n=74%: flex=1 7s
[ours] doc 29 n=76%: flex=1 7s
[ours] doc 29 n=78%: flex=1 7s
[ours] doc 29 n=80%: flex=1 7s
[ours] doc 29 n=82%: flex=1 7s
[ours] doc 29 n=84%: flex=1 7s
[ours] doc 29 n=86%: flex=1 7s
[ours] doc 29 n=88%: flex=1 7s
[ours] doc 29 n=90%: flex=1 7s
[ours] doc 30 n=0%: flex=1 7s
[ours] doc 30 n=2%: flex=1 7s
[ours] doc 30 n=4%: flex=1 7s
[ours] doc 30 n=6%: flex=1 7s
[ours] doc 30 n=8%: flex=1 7s
[ours] doc 30 n=10%: flex=1 7s
[ours] doc 30 n=12%: flex=1 7s
[ours] doc 30 n=14%: flex=1 7s
[ours] doc 30 n=16%: flex=1 7s
[ours] doc 30 n=18%: flex=1 7s
[ours] doc 30 n=20%: flex=1 7s
[ours] doc 30 n=22%: flex=1 7s
[ours] doc 30 n=24%: flex=1 7s
[ours] doc 30 n=26%: flex=1 7s
[ours] doc 30 n=28%: flex=1 7s
[ours] doc 30 n=30%: flex=1 7s
[ours] doc 30 n=32%: flex=1 7s
[ours] doc 30 n=34%: flex=1 7s
[ours] doc 30 n=36%: flex=1 7s
[ours] doc 30 n=38%: flex=1 7s
[ours] doc 30 n=40%: flex=1 7s
[ours] doc 30 n=42%: flex=1 7s
[ours] doc 30 n=44%: flex=1 7s
[ours] doc 30 n=46%: flex=1 7s
[ours] doc 30 n=48%: flex=1 7s
[ours] doc 30 n=50%: flex=1 7s
[ours] doc 30 n=52%: flex=1 7s
[ours] doc 30 n=54%: flex=1 7s
[ours] doc 30 n=56%: flex=1 7s
[ours] doc 30 n=58%: flex=1 7s
[ours] doc 30 n=60%: flex=1 7s
[ours] doc 30 n=62%: flex=1 7s
[ours] doc 30 n=64%: flex=1 7s
[ours] doc 30 n=66%: flex=1 7s
[ours] doc 30 n=68%: flex=1 7s
[ours] doc 30 n=70%: flex=1 7s
[ours] doc 30 n=72%: flex=1 7s
[ours] doc 30 n=74%: flex=1 7s
[ours] doc 30 n=76%: flex=1 7s
[ours] doc 30 n=78%: flex=1 7s
[ours] doc 30 n=80%: flex=1 7s
[ours] doc 30 n=82%: flex=1 7s
[ours] doc 30 n=84%: flex=1 7s
[ours] doc 30 n=86%: flex=1 7s
[ours] doc 30 n=88%: flex=1 7s
[ours] doc 30 n=90%: flex=1 7s
[ours] doc 31 n=0%: flex=1 7s
[ours] doc 31 n=2%: flex=1 7s
[ours] doc 31 n=4%: flex=1 7s
[ours] doc 31 n=6%: flex=0 7s
[ours] doc 31 n=8%: flex=0 7s
[ours] doc 31 n=10%: flex=0 7s
[ours] doc 31 n=12%: flex=0 7s
[ours] doc 31 n=14%: flex=0 7s
[ours] doc 31 n=16%: flex=1 7s
[ours] doc 31 n=18%: flex=1 7s
[ours] doc 31 n=20%: flex=1 7s
[ours] doc 31 n=22%: flex=1 7s
[ours] doc 31 n=24%: flex=1 7s
[ours] doc 31 n=26%: flex=1 7s
[ours] doc 31 n=28%: flex=1 7s
[ours] doc 31 n=30%: flex=1 7s
[ours] doc 31 n=32%: flex=1 7s
[ours] doc 31 n=34%: flex=1 7s
[ours] doc 31 n=36%: flex=1 7s
[ours] doc 31 n=38%: flex=1 7s
[ours] doc 31 n=40%: flex=1 7s
[ours] doc 31 n=42%: flex=1 7s
[ours] doc 31 n=44%: flex=1 7s
[ours] doc 31 n=46%: flex=1 7s
[ours] doc 31 n=48%: flex=1 7s
[ours] doc 31 n=50%: flex=1 7s
[ours] doc 31 n=52%: flex=1 7s
[ours] doc 31 n=54%: flex=1 7s
[ours] doc 31 n=56%: flex=1 7s
[ours] doc 31 n=58%: flex=1 7s
[ours] doc 31 n=60%: flex=1 7s
[ours] doc 31 n=62%: flex=1 7s
[ours] doc 31 n=64%: flex=1 7s
[ours] doc 31 n=66%: flex=1 7s
[ours] doc 31 n=68%: flex=1 7s
[ours] doc 31 n=70%: flex=1 7s
[ours] doc 31 n=72%: flex=1 7s
[ours] doc 31 n=74%: flex=1 7s
[ours] doc 31 n=76%: flex=1 7s
[ours] doc 31 n=78%: flex=1 7s
[ours] doc 31 n=80%: flex=1 7s
[ours] doc 31 n=82%: flex=1 7s
[ours] doc 31 n=84%: flex=1 7s
[ours] doc 31 n=86%: flex=1 7s
[ours] doc 31 n=88%: flex=1 7s
[ours] doc 31 n=90%: flex=1 7s
[ours] doc 33 n=0%: flex=1 7s
[ours] doc 33 n=2%: flex=1 7s
[ours] doc 33 n=4%: flex=0 7s
[ours] doc 33 n=6%: flex=0 7s
[ours] doc 33 n=8%: flex=1 7s
[ours] doc 33 n=10%: flex=0 7s
[ours] doc 33 n=12%: flex=0 7s
[ours] doc 33 n=14%: flex=1 7s
[ours] doc 33 n=16%: flex=0 7s
[ours] doc 33 n=18%: flex=0 7s
[ours] doc 33 n=20%: flex=1 7s
[ours] doc 33 n=22%: flex=1 7s
[ours] doc 33 n=24%: flex=1 7s
[ours] doc 33 n=26%: flex=1 7s
[ours] doc 33 n=28%: flex=1 7s
[ours] doc 33 n=30%: flex=1 7s
[ours] doc 33 n=32%: flex=1 7s
[ours] doc 33 n=34%: flex=1 7s
[ours] doc 33 n=36%: flex=0 7s
[ours] doc 33 n=38%: flex=0 7s
[ours] doc 33 n=40%: flex=0 7s
[ours] doc 33 n=42%: flex=0 7s
[ours] doc 33 n=44%: flex=0 7s
[ours] doc 33 n=46%: flex=0 7s
[ours] doc 33 n=48%: flex=1 7s
[ours] doc 33 n=50%: flex=1 7s
[ours] doc 33 n=52%: flex=1 7s
[ours] doc 33 n=54%: flex=1 7s
[ours] doc 33 n=56%: flex=1 7s
[ours] doc 33 n=58%: flex=1 7s
[ours] doc 33 n=60%: flex=1 7s
[ours] doc 33 n=62%: flex=1 7s
[ours] doc 33 n=64%: flex=1 7s
[ours] doc 33 n=66%: flex=1 7s
[ours] doc 33 n=68%: flex=1 7s
[ours] doc 33 n=70%: flex=1 7s
[ours] doc 33 n=72%: flex=1 7s
[ours] doc 33 n=74%: flex=1 7s
[ours] doc 33 n=76%: flex=1 7s
[ours] doc 33 n=78%: flex=1 7s
[ours] doc 33 n=80%: flex=1 7s
[ours] doc 33 n=82%: flex=1 7s
[ours] doc 33 n=84%: flex=1 7s
[ours] doc 33 n=86%: flex=1 7s
[ours] doc 33 n=88%: flex=1 7s
[ours] doc 33 n=90%: flex=1 7s
[ours] doc 34 n=0%: flex=1 7s
[ours] doc 34 n=2%: flex=1 7s
[ours] doc 34 n=4%: flex=1 7s
[ours] doc 34 n=6%: flex=1 7s
[ours] doc 34 n=8%: flex=1 7s
[ours] doc 34 n=10%: flex=1 7s
[ours] doc 34 n=12%: flex=1 7s
[ours] doc 34 n=14%: flex=1 7s
[ours] doc 34 n=16%: flex=1 7s
[ours] doc 34 n=18%: flex=1 7s
[ours] doc 34 n=20%: flex=1 7s
[ours] doc 34 n=22%: flex=1 7s
[ours] doc 34 n=24%: flex=1 7s
[ours] doc 34 n=26%: flex=1 7s
[ours] doc 34 n=28%: flex=1 7s
[ours] doc 34 n=30%: flex=1 7s
[ours] doc 34 n=32%: flex=1 7s
[ours] doc 34 n=34%: flex=1 7s
[ours] doc 34 n=36%: flex=1 7s
[ours] doc 34 n=38%: flex=1 7s
[ours] doc 34 n=40%: flex=1 7s
[ours] doc 34 n=42%: flex=1 7s
[ours] doc 34 n=44%: flex=1 7s
[ours] doc 34 n=46%: flex=1 7s
[ours] doc 34 n=48%: flex=1 7s
[ours] doc 34 n=50%: flex=1 7s
[ours] doc 34 n=52%: flex=1 7s
[ours] doc 34 n=54%: flex=1 7s
[ours] doc 34 n=56%: flex=1 7s
[ours] doc 34 n=58%: flex=1 7s
[ours] doc 34 n=60%: flex=1 7s
[ours] doc 34 n=62%: flex=1 7s
[ours] doc 34 n=64%: flex=1 7s
[ours] doc 34 n=66%: flex=1 7s
[ours] doc 34 n=68%: flex=1 7s
[ours] doc 34 n=70%: flex=1 7s
[ours] doc 34 n=72%: flex=1 7s
[ours] doc 34 n=74%: flex=1 7s
[ours] doc 34 n=76%: flex=1 7s
[ours] doc 34 n=78%: flex=1 7s
[ours] doc 34 n=80%: flex=1 7s
[ours] doc 34 n=82%: flex=1 7s
[ours] doc 34 n=84%: flex=1 7s
[ours] doc 34 n=86%: flex=1 7s
[ours] doc 34 n=88%: flex=1 7s
[ours] doc 34 n=90%: flex=1 7s
[ours] doc 36 n=0%: flex=0 7s
[ours] doc 36 n=2%: flex=1 7s
[ours] doc 36 n=4%: flex=1 7s
[ours] doc 36 n=6%: flex=0 7s
[ours] doc 36 n=8%: flex=1 7s
[ours] doc 36 n=10%: flex=1 7s
[ours] doc 36 n=12%: flex=0 7s
[ours] doc 36 n=14%: flex=1 7s
[ours] doc 36 n=16%: flex=1 7s
[ours] doc 36 n=18%: flex=1 7s
[ours] doc 36 n=20%: flex=1 7s
[ours] doc 36 n=22%: flex=1 7s
[ours] doc 36 n=24%: flex=1 7s
[ours] doc 36 n=26%: flex=1 7s
[ours] doc 36 n=28%: flex=1 7s
[ours] doc 36 n=30%: flex=1 7s
[ours] doc 36 n=32%: flex=1 7s
[ours] doc 36 n=34%: flex=1 7s
[ours] doc 36 n=36%: flex=1 7s
[ours] doc 36 n=38%: flex=1 7s
[ours] doc 36 n=40%: flex=1 7s
[ours] doc 36 n=42%: flex=1 7s
[ours] doc 36 n=44%: flex=1 7s
[ours] doc 36 n=46%: flex=1 7s
[ours] doc 36 n=48%: flex=1 7s
[ours] doc 36 n=50%: flex=1 7s
[ours] doc 36 n=52%: flex=1 7s
[ours] doc 36 n=54%: flex=1 7s
[ours] doc 36 n=56%: flex=1 7s
[ours] doc 36 n=58%: flex=1 7s
[ours] doc 36 n=60%: flex=1 7s
[ours] doc 36 n=62%: flex=1 7s
[ours] doc 36 n=64%: flex=1 7s
[ours] doc 36 n=66%: flex=1 7s
[ours] doc 36 n=68%: flex=1 7s
[ours] doc 36 n=70%: flex=1 7s
[ours] doc 36 n=72%: flex=1 7s
[ours] doc 36 n=74%: flex=1 7s
[ours] doc 36 n=76%: flex=1 7s
[ours] doc 36 n=78%: flex=1 7s
[ours] doc 36 n=80%: flex=1 7s
[ours] doc 36 n=82%: flex=1 7s
[ours] doc 36 n=84%: flex=1 7s
[ours] doc 36 n=86%: flex=1 7s
[ours] doc 36 n=88%: flex=1 7s
[ours] doc 36 n=90%: flex=1 7s
[ours] doc 38 n=0%: flex=0 7s
[ours] doc 38 n=2%: flex=0 7s
[ours] doc 38 n=4%: flex=1 7s
[ours] doc 38 n=6%: flex=1 7s
[ours] doc 38 n=8%: flex=1 7s
[ours] doc 38 n=10%: flex=1 7s
[ours] doc 38 n=12%: flex=1 7s
[ours] doc 38 n=14%: flex=1 7s
[ours] doc 38 n=16%: flex=1 7s
[ours] doc 38 n=18%: flex=0 7s
[ours] doc 38 n=20%: flex=0 7s
[ours] doc 38 n=22%: flex=0 7s
[ours] doc 38 n=24%: flex=0 7s
[ours] doc 38 n=26%: flex=0 7s
[ours] doc 38 n=28%: flex=1 7s
[ours] doc 38 n=30%: flex=1 7s
[ours] doc 38 n=32%: flex=1 7s
[ours] doc 38 n=34%: flex=1 7s
[ours] doc 38 n=36%: flex=1 7s
[ours] doc 38 n=38%: flex=1 7s
[ours] doc 38 n=40%: flex=1 7s
[ours] doc 38 n=42%: flex=1 7s
[ours] doc 38 n=44%: flex=1 7s
[ours] doc 38 n=46%: flex=1 7s
[ours] doc 38 n=48%: flex=1 7s
[ours] doc 38 n=50%: flex=1 7s
[ours] doc 38 n=52%: flex=1 7s
[ours] doc 38 n=54%: flex=1 7s
[ours] doc 38 n=56%: flex=1 7s
[ours] doc 38 n=58%: flex=1 7s
[ours] doc 38 n=60%: flex=1 7s
[ours] doc 38 n=62%: flex=1 7s
[ours] doc 38 n=64%: flex=1 7s
[ours] doc 38 n=66%: flex=1 7s
[ours] doc 38 n=68%: flex=1 7s
[ours] doc 38 n=70%: flex=1 7s
[ours] doc 38 n=72%: flex=1 7s
[ours] doc 38 n=74%: flex=1 7s
[ours] doc 38 n=76%: flex=1 7s
[ours] doc 38 n=78%: flex=1 7s
[ours] doc 38 n=80%: flex=1 7s
[ours] doc 38 n=82%: flex=1 7s
[ours] doc 38 n=84%: flex=1 7s
[ours] doc 38 n=86%: flex=1 7s
[ours] doc 38 n=88%: flex=1 7s
[ours] doc 38 n=90%: flex=1 7s
[ours] doc 40 n=0%: flex=1 7s
[ours] doc 40 n=2%: flex=1 7s
[ours] doc 40 n=4%: flex=1 7s
[ours] doc 40 n=6%: flex=1 7s
[ours] doc 40 n=8%: flex=1 7s
[ours] doc 40 n=10%: flex=0 7s
[ours] doc 40 n=12%: flex=1 7s
[ours] doc 40 n=14%: flex=1 7s
[ours] doc 40 n=16%: flex=1 7s
[ours] doc 40 n=18%: flex=1 7s
[ours] doc 40 n=20%: flex=1 7s
[ours] doc 40 n=22%: flex=1 7s
[ours] doc 40 n=24%: flex=1 7s
[ours] doc 40 n=26%: flex=1 7s
[ours] doc 40 n=28%: flex=1 7s
[ours] doc 40 n=30%: flex=1 7s
[ours] doc 40 n=32%: flex=1 7s
[ours] doc 40 n=34%: flex=1 7s
[ours] doc 40 n=36%: flex=1 7s
[ours] doc 40 n=38%: flex=1 7s
[ours] doc 40 n=40%: flex=1 7s
[ours] doc 40 n=42%: flex=1 7s
[ours] doc 40 n=44%: flex=1 7s
[ours] doc 40 n=46%: flex=1 7s
[ours] doc 40 n=48%: flex=1 7s
[ours] doc 40 n=50%: flex=1 7s
[ours] doc 40 n=52%: flex=1 7s
[ours] doc 40 n=54%: flex=1 7s
[ours] doc 40 n=56%: flex=1 7s
[ours] doc 40 n=58%: flex=1 7s
[ours] doc 40 n=60%: flex=1 7s
[ours] doc 40 n=62%: flex=1 7s
[ours] doc 40 n=64%: flex=1 7s
[ours] doc 40 n=66%: flex=1 7s
[ours] doc 40 n=68%: flex=1 7s
[ours] doc 40 n=70%: flex=1 7s
[ours] doc 40 n=72%: flex=1 7s
[ours] doc 40 n=74%: flex=1 7s
[ours] doc 40 n=76%: flex=1 7s
[ours] doc 40 n=78%: flex=1 7s
[ours] doc 40 n=80%: flex=1 7s
[ours] doc 40 n=82%: flex=1 7s
[ours] doc 40 n=84%: flex=1 7s
[ours] doc 40 n=86%: flex=1 7s
[ours] doc 40 n=88%: flex=1 7s
[ours] doc 40 n=90%: flex=1 7s
[ours] doc 41 n=0%: flex=1 7s
[ours] doc 41 n=2%: flex=0 7s
[ours] doc 41 n=4%: flex=1 7s
[ours] doc 41 n=6%: flex=1 7s
[ours] doc 41 n=8%: flex=1 7s
[ours] doc 41 n=10%: flex=1 7s
[ours] doc 41 n=12%: flex=1 7s
[ours] doc 41 n=14%: flex=1 7s
[ours] doc 41 n=16%: flex=1 7s
[ours] doc 41 n=18%: flex=0 7s
[ours] doc 41 n=20%: flex=0 7s
[ours] doc 41 n=22%: flex=1 7s
[ours] doc 41 n=24%: flex=1 7s
[ours] doc 41 n=26%: flex=1 7s
[ours] doc 41 n=28%: flex=1 7s
[ours] doc 41 n=30%: flex=1 7s
[ours] doc 41 n=32%: flex=1 7s
[ours] doc 41 n=34%: flex=1 7s
[ours] doc 41 n=36%: flex=1 7s
[ours] doc 41 n=38%: flex=1 7s
[ours] doc 41 n=40%: flex=1 7s
[ours] doc 41 n=42%: flex=1 7s
[ours] doc 41 n=44%: flex=1 7s
[ours] doc 41 n=46%: flex=1 7s
[ours] doc 41 n=48%: flex=1 7s
[ours] doc 41 n=50%: flex=1 7s
[ours] doc 41 n=52%: flex=1 7s
[ours] doc 41 n=54%: flex=1 7s
[ours] doc 41 n=56%: flex=1 7s
[ours] doc 41 n=58%: flex=1 7s
[ours] doc 41 n=60%: flex=1 7s
[ours] doc 41 n=62%: flex=1 7s
[ours] doc 41 n=64%: flex=1 7s
[ours] doc 41 n=66%: flex=1 7s
[ours] doc 41 n=68%: flex=1 7s
[ours] doc 41 n=70%: flex=1 7s
[ours] doc 41 n=72%: flex=1 7s
[ours] doc 41 n=74%: flex=1 7s
[ours] doc 41 n=76%: flex=1 7s
[ours] doc 41 n=78%: flex=1 7s
[ours] doc 41 n=80%: flex=1 7s
[ours] doc 41 n=82%: flex=1 7s
[ours] doc 41 n=84%: flex=1 7s
[ours] doc 41 n=86%: flex=1 7s
[ours] doc 41 n=88%: flex=1 7s
[ours] doc 41 n=90%: flex=1 7s
[ours] doc 42 n=0%: flex=1 7s
[ours] doc 42 n=2%: flex=1 7s
[ours] doc 42 n=4%: flex=1 7s
[ours] doc 42 n=6%: flex=1 7s
[ours] doc 42 n=8%: flex=1 7s
[ours] doc 42 n=10%: flex=1 7s
[ours] doc 42 n=12%: flex=1 7s
[ours] doc 42 n=14%: flex=1 7s
[ours] doc 42 n=16%: flex=1 7s
[ours] doc 42 n=18%: flex=0 7s
[ours] doc 42 n=20%: flex=1 7s
[ours] doc 42 n=22%: flex=1 7s
[ours] doc 42 n=24%: flex=1 7s
[ours] doc 42 n=26%: flex=1 7s
[ours] doc 42 n=28%: flex=1 7s
[ours] doc 42 n=30%: flex=1 7s
[ours] doc 42 n=32%: flex=1 7s
[ours] doc 42 n=34%: flex=1 7s
[ours] doc 42 n=36%: flex=1 7s
[ours] doc 42 n=38%: flex=1 7s
[ours] doc 42 n=40%: flex=1 7s
[ours] doc 42 n=42%: flex=1 7s
[ours] doc 42 n=44%: flex=1 7s
[ours] doc 42 n=46%: flex=1 7s
[ours] doc 42 n=48%: flex=1 7s
[ours] doc 42 n=50%: flex=1 7s
[ours] doc 42 n=52%: flex=1 7s
[ours] doc 42 n=54%: flex=1 7s
[ours] doc 42 n=56%: flex=1 7s
[ours] doc 42 n=58%: flex=1 7s
[ours] doc 42 n=60%: flex=1 7s
[ours] doc 42 n=62%: flex=1 7s
[ours] doc 42 n=64%: flex=1 7s
[ours] doc 42 n=66%: flex=1 7s
[ours] doc 42 n=68%: flex=1 7s
[ours] doc 42 n=70%: flex=1 7s
[ours] doc 42 n=72%: flex=1 7s
[ours] doc 42 n=74%: flex=1 7s
[ours] doc 42 n=76%: flex=1 7s
[ours] doc 42 n=78%: flex=1 7s
[ours] doc 42 n=80%: flex=1 7s
[ours] doc 42 n=82%: flex=1 7s
[ours] doc 42 n=84%: flex=1 7s
[ours] doc 42 n=86%: flex=1 7s
[ours] doc 42 n=88%: flex=1 7s
[ours] doc 42 n=90%: flex=1 7s
[ours] doc 45 n=0%: flex=1 7s
[ours] doc 45 n=2%: flex=1 7s
[ours] doc 45 n=4%: flex=1 7s
[ours] doc 45 n=6%: flex=1 7s
[ours] doc 45 n=8%: flex=1 7s
[ours] doc 45 n=10%: flex=1 7s
[ours] doc 45 n=12%: flex=1 7s
[ours] doc 45 n=14%: flex=0 7s
[ours] doc 45 n=16%: flex=1 7s
[ours] doc 45 n=18%: flex=1 7s
[ours] doc 45 n=20%: flex=0 7s
[ours] doc 45 n=22%: flex=1 7s
[ours] doc 45 n=24%: flex=1 7s
[ours] doc 45 n=26%: flex=1 7s
[ours] doc 45 n=28%: flex=1 7s
[ours] doc 45 n=30%: flex=1 7s
[ours] doc 45 n=32%: flex=1 7s
[ours] doc 45 n=34%: flex=1 7s
[ours] doc 45 n=36%: flex=1 7s
[ours] doc 45 n=38%: flex=1 7s
[ours] doc 45 n=40%: flex=1 7s
[ours] doc 45 n=42%: flex=0 7s
[ours] doc 45 n=44%: flex=0 7s
[ours] doc 45 n=46%: flex=0 7s
[ours] doc 45 n=48%: flex=0 7s
[ours] doc 45 n=50%: flex=1 7s
[ours] doc 45 n=52%: flex=1 7s
[ours] doc 45 n=54%: flex=1 7s
[ours] doc 45 n=56%: flex=1 7s
[ours] doc 45 n=58%: flex=1 7s
[ours] doc 45 n=60%: flex=1 7s
[ours] doc 45 n=62%: flex=1 7s
[ours] doc 45 n=64%: flex=1 7s
[ours] doc 45 n=66%: flex=1 7s
[ours] doc 45 n=68%: flex=0 7s
[ours] doc 45 n=70%: flex=1 7s
[ours] doc 45 n=72%: flex=1 7s
[ours] doc 45 n=74%: flex=1 7s
[ours] doc 45 n=76%: flex=1 7s
[ours] doc 45 n=78%: flex=1 7s
[ours] doc 45 n=80%: flex=1 7s
[ours] doc 45 n=82%: flex=1 7s
[ours] doc 45 n=84%: flex=1 7s
[ours] doc 45 n=86%: flex=1 7s
[ours] doc 45 n=88%: flex=1 7s
[ours] doc 45 n=90%: flex=1 7s
[ours] doc 48 n=0%: flex=1 7s
[ours] doc 48 n=2%: flex=1 7s
[ours] doc 48 n=4%: flex=1 7s
[ours] doc 48 n=6%: flex=1 7s
[ours] doc 48 n=8%: flex=1 7s
[ours] doc 48 n=10%: flex=1 7s
[ours] doc 48 n=12%: flex=1 7s
[ours] doc 48 n=14%: flex=1 7s
[ours] doc 48 n=16%: flex=1 7s
[ours] doc 48 n=18%: flex=1 7s
[ours] doc 48 n=20%: flex=1 7s
[ours] doc 48 n=22%: flex=1 7s
[ours] doc 48 n=24%: flex=1 7s
[ours] doc 48 n=26%: flex=1 7s
[ours] doc 48 n=28%: flex=1 7s
[ours] doc 48 n=30%: flex=1 7s
[ours] doc 48 n=32%: flex=1 7s
[ours] doc 48 n=34%: flex=1 7s
[ours] doc 48 n=36%: flex=1 7s
[ours] doc 48 n=38%: flex=1 7s
[ours] doc 48 n=40%: flex=1 7s
[ours] doc 48 n=42%: flex=1 7s
[ours] doc 48 n=44%: flex=1 7s
[ours] doc 48 n=46%: flex=1 7s
[ours] doc 48 n=48%: flex=1 7s
[ours] doc 48 n=50%: flex=1 7s
[ours] doc 48 n=52%: flex=1 7s
[ours] doc 48 n=54%: flex=1 7s
[ours] doc 48 n=56%: flex=1 7s
[ours] doc 48 n=58%: flex=1 7s
[ours] doc 48 n=60%: flex=1 7s
[ours] doc 48 n=62%: flex=1 7s
[ours] doc 48 n=64%: flex=1 7s
[ours] doc 48 n=66%: flex=1 7s
[ours] doc 48 n=68%: flex=1 7s
[ours] doc 48 n=70%: flex=1 7s
[ours] doc 48 n=72%: flex=1 7s
[ours] doc 48 n=74%: flex=1 7s
[ours] doc 48 n=76%: flex=1 7s
[ours] doc 48 n=78%: flex=1 7s
[ours] doc 48 n=80%: flex=1 7s
[ours] doc 48 n=82%: flex=1 7s
[ours] doc 48 n=84%: flex=1 7s
[ours] doc 48 n=86%: flex=1 7s
[ours] doc 48 n=88%: flex=1 7s
[ours] doc 48 n=90%: flex=1 7s
[ours] doc 49 n=0%: flex=1 7s
[ours] doc 49 n=2%: flex=1 7s
[ours] doc 49 n=4%: flex=1 7s
[ours] doc 49 n=6%: flex=1 7s
[ours] doc 49 n=8%: flex=1 7s
[ours] doc 49 n=10%: flex=1 7s
[ours] doc 49 n=12%: flex=1 7s
[ours] doc 49 n=14%: flex=1 7s
[ours] doc 49 n=16%: flex=1 7s
[ours] doc 49 n=18%: flex=1 7s
[ours] doc 49 n=20%: flex=1 7s
[ours] doc 49 n=22%: flex=1 7s
[ours] doc 49 n=24%: flex=1 7s
[ours] doc 49 n=26%: flex=1 7s
[ours] doc 49 n=28%: flex=1 7s
[ours] doc 49 n=30%: flex=1 7s
[ours] doc 49 n=32%: flex=1 7s
[ours] doc 49 n=34%: flex=1 7s
[ours] doc 49 n=36%: flex=1 7s
[ours] doc 49 n=38%: flex=1 7s
[ours] doc 49 n=40%: flex=1 7s
[ours] doc 49 n=42%: flex=1 7s
[ours] doc 49 n=44%: flex=1 7s
[ours] doc 49 n=46%: flex=1 7s
[ours] doc 49 n=48%: flex=1 7s
[ours] doc 49 n=50%: flex=1 7s
[ours] doc 49 n=52%: flex=1 7s
[ours] doc 49 n=54%: flex=1 7s
[ours] doc 49 n=56%: flex=1 7s
[ours] doc 49 n=58%: flex=1 7s
[ours] doc 49 n=60%: flex=1 7s
[ours] doc 49 n=62%: flex=1 7s
[ours] doc 49 n=64%: flex=1 7s
[ours] doc 49 n=66%: flex=1 7s
[ours] doc 49 n=68%: flex=1 7s
[ours] doc 49 n=70%: flex=1 7s
[ours] doc 49 n=72%: flex=1 7s
[ours] doc 49 n=74%: flex=1 7s
[ours] doc 49 n=76%: flex=1 7s
[ours] doc 49 n=78%: flex=1 7s
[ours] doc 49 n=80%: flex=1 7s
[ours] doc 49 n=82%: flex=1 7s
[ours] doc 49 n=84%: flex=1 7s
[ours] doc 49 n=86%: flex=1 7s
[ours] doc 49 n=88%: flex=1 7s
[ours] doc 49 n=90%: flex=1 7s
[ours] doc 50 n=0%: flex=1 7s
[ours] doc 50 n=2%: flex=1 7s
[ours] doc 50 n=4%: flex=1 7s
[ours] doc 50 n=6%: flex=0 7s
[ours] doc 50 n=8%: flex=1 7s
[ours] doc 50 n=10%: flex=0 7s
[ours] doc 50 n=12%: flex=0 7s
[ours] doc 50 n=14%: flex=1 7s
[ours] doc 50 n=16%: flex=0 7s
[ours] doc 50 n=18%: flex=0 7s
[ours] doc 50 n=20%: flex=0 7s
[ours] doc 50 n=22%: flex=1 7s
[ours] doc 50 n=24%: flex=1 7s
[ours] doc 50 n=26%: flex=1 7s
[ours] doc 50 n=28%: flex=1 7s
[ours] doc 50 n=30%: flex=1 7s
[ours] doc 50 n=32%: flex=1 7s
[ours] doc 50 n=34%: flex=1 7s
[ours] doc 50 n=36%: flex=1 7s
[ours] doc 50 n=38%: flex=1 7s
[ours] doc 50 n=40%: flex=1 7s
[ours] doc 50 n=42%: flex=1 7s
[ours] doc 50 n=44%: flex=1 7s
[ours] doc 50 n=46%: flex=1 7s
[ours] doc 50 n=48%: flex=1 7s
[ours] doc 50 n=50%: flex=1 7s
[ours] doc 50 n=52%: flex=1 7s
[ours] doc 50 n=54%: flex=1 7s
[ours] doc 50 n=56%: flex=1 7s
[ours] doc 50 n=58%: flex=1 7s
[ours] doc 50 n=60%: flex=1 7s
[ours] doc 50 n=62%: flex=1 7s
[ours] doc 50 n=64%: flex=1 7s
[ours] doc 50 n=66%: flex=1 7s
[ours] doc 50 n=68%: flex=1 7s
[ours] doc 50 n=70%: flex=1 7s
[ours] doc 50 n=72%: flex=1 7s
[ours] doc 50 n=74%: flex=1 7s
[ours] doc 50 n=76%: flex=1 7s
[ours] doc 50 n=78%: flex=1 7s
[ours] doc 50 n=80%: flex=1 7s
[ours] doc 50 n=82%: flex=1 7s
[ours] doc 50 n=84%: flex=1 7s
[ours] doc 50 n=86%: flex=1 7s
[ours] doc 50 n=88%: flex=1 7s
[ours] doc 50 n=90%: flex=1 7s
[ours] doc 51 n=0%: flex=1 7s
[ours] doc 51 n=2%: flex=1 7s
[ours] doc 51 n=4%: flex=0 7s
[ours] doc 51 n=6%: flex=0 7s
[ours] doc 51 n=8%: flex=0 7s
[ours] doc 51 n=10%: flex=0 7s
[ours] doc 51 n=12%: flex=0 7s
[ours] doc 51 n=14%: flex=0 7s
[ours] doc 51 n=16%: flex=0 7s
[ours] doc 51 n=18%: flex=0 7s
[ours] doc 51 n=20%: flex=0 7s
[ours] doc 51 n=22%: flex=0 7s
[ours] doc 51 n=24%: flex=0 7s
[ours] doc 51 n=26%: flex=1 7s
[ours] doc 51 n=28%: flex=1 7s
[ours] doc 51 n=30%: flex=1 7s
[ours] doc 51 n=32%: flex=1 7s
[ours] doc 51 n=34%: flex=1 7s
[ours] doc 51 n=36%: flex=1 7s
[ours] doc 51 n=38%: flex=1 7s
[ours] doc 51 n=40%: flex=1 7s
[ours] doc 51 n=42%: flex=1 7s
[ours] doc 51 n=44%: flex=1 7s
[ours] doc 51 n=46%: flex=1 7s
[ours] doc 51 n=48%: flex=1 7s
[ours] doc 51 n=50%: flex=1 7s
[ours] doc 51 n=52%: flex=1 7s
[ours] doc 51 n=54%: flex=1 7s
[ours] doc 51 n=56%: flex=1 7s
[ours] doc 51 n=58%: flex=1 7s
[ours] doc 51 n=60%: flex=1 7s
[ours] doc 51 n=62%: flex=1 7s
[ours] doc 51 n=64%: flex=1 7s
[ours] doc 51 n=66%: flex=1 7s
[ours] doc 51 n=68%: flex=1 7s
[ours] doc 51 n=70%: flex=1 7s
[ours] doc 51 n=72%: flex=1 7s
[ours] doc 51 n=74%: flex=1 7s
[ours] doc 51 n=76%: flex=1 7s
[ours] doc 51 n=78%: flex=1 7s
[ours] doc 51 n=80%: flex=1 7s
[ours] doc 51 n=82%: flex=1 7s
[ours] doc 51 n=84%: flex=1 7s
[ours] doc 51 n=86%: flex=1 7s
[ours] doc 51 n=88%: flex=1 7s
[ours] doc 51 n=90%: flex=1 7s
[ours] doc 52 n=0%: flex=0 7s
[ours] doc 52 n=2%: flex=1 7s
[ours] doc 52 n=4%: flex=1 7s
[ours] doc 52 n=6%: flex=1 7s
[ours] doc 52 n=8%: flex=1 7s
[ours] doc 52 n=10%: flex=1 7s
[ours] doc 52 n=12%: flex=1 7s
[ours] doc 52 n=14%: flex=1 7s
[ours] doc 52 n=16%: flex=1 7s
[ours] doc 52 n=18%: flex=1 7s
[ours] doc 52 n=20%: flex=1 7s
[ours] doc 52 n=22%: flex=1 7s
[ours] doc 52 n=24%: flex=1 7s
[ours] doc 52 n=26%: flex=1 7s
[ours] doc 52 n=28%: flex=1 7s
[ours] doc 52 n=30%: flex=1 7s
[ours] doc 52 n=32%: flex=1 7s
[ours] doc 52 n=34%: flex=1 7s
[ours] doc 52 n=36%: flex=1 7s
[ours] doc 52 n=38%: flex=1 7s
[ours] doc 52 n=40%: flex=1 7s
[ours] doc 52 n=42%: flex=1 7s
[ours] doc 52 n=44%: flex=1 7s
[ours] doc 52 n=46%: flex=1 7s
[ours] doc 52 n=48%: flex=1 7s
[ours] doc 52 n=50%: flex=1 7s
[ours] doc 52 n=52%: flex=1 7s
[ours] doc 52 n=54%: flex=1 7s
[ours] doc 52 n=56%: flex=1 7s
[ours] doc 52 n=58%: flex=1 7s
[ours] doc 52 n=60%: flex=1 7s
[ours] doc 52 n=62%: flex=1 7s
[ours] doc 52 n=64%: flex=1 7s
[ours] doc 52 n=66%: flex=1 7s
[ours] doc 52 n=68%: flex=1 7s
[ours] doc 52 n=70%: flex=1 7s
[ours] doc 52 n=72%: flex=1 7s
[ours] doc 52 n=74%: flex=1 7s
[ours] doc 52 n=76%: flex=1 7s
[ours] doc 52 n=78%: flex=1 7s
[ours] doc 52 n=80%: flex=1 7s
[ours] doc 52 n=82%: flex=1 7s
[ours] doc 52 n=84%: flex=1 7s
[ours] doc 52 n=86%: flex=1 7s
[ours] doc 52 n=88%: flex=1 7s
[ours] doc 52 n=90%: flex=1 7s
[ours] doc 53 n=0%: flex=1 8s
[ours] doc 53 n=2%: flex=1 8s
[ours] doc 53 n=4%: flex=1 8s
[ours] doc 53 n=6%: flex=1 8s
[ours] doc 53 n=8%: flex=1 8s
[ours] doc 53 n=10%: flex=1 8s
[ours] doc 53 n=12%: flex=1 8s
[ours] doc 53 n=14%: flex=1 8s
[ours] doc 53 n=16%: flex=0 8s
[ours] doc 53 n=18%: flex=0 8s
[ours] doc 53 n=20%: flex=1 8s
[ours] doc 53 n=22%: flex=0 8s
[ours] doc 53 n=24%: flex=1 8s
[ours] doc 53 n=26%: flex=1 8s
[ours] doc 53 n=28%: flex=1 8s
[ours] doc 53 n=30%: flex=1 8s
[ours] doc 53 n=32%: flex=0 8s
[ours] doc 53 n=34%: flex=1 8s
[ours] doc 53 n=36%: flex=1 8s
[ours] doc 53 n=38%: flex=1 8s
[ours] doc 53 n=40%: flex=1 8s
[ours] doc 53 n=42%: flex=1 8s
[ours] doc 53 n=44%: flex=0 8s
[ours] doc 53 n=46%: flex=1 8s
[ours] doc 53 n=48%: flex=1 8s
[ours] doc 53 n=50%: flex=1 8s
[ours] doc 53 n=52%: flex=0 8s
[ours] doc 53 n=54%: flex=0 8s
[ours] doc 53 n=56%: flex=1 8s
[ours] doc 53 n=58%: flex=1 8s
[ours] doc 53 n=60%: flex=1 8s
[ours] doc 53 n=62%: flex=1 8s
[ours] doc 53 n=64%: flex=1 8s
[ours] doc 53 n=66%: flex=1 8s
[ours] doc 53 n=68%: flex=1 8s
[ours] doc 53 n=70%: flex=1 8s
[ours] doc 53 n=72%: flex=1 8s
[ours] doc 53 n=74%: flex=1 8s
[ours] doc 53 n=76%: flex=1 8s
[ours] doc 53 n=78%: flex=1 8s
[ours] doc 53 n=80%: flex=1 8s
[ours] doc 53 n=82%: flex=1 8s
[ours] doc 53 n=84%: flex=1 8s
[ours] doc 53 n=86%: flex=1 8s
[ours] doc 53 n=88%: flex=1 8s
[ours] doc 53 n=90%: flex=1 8s
[ours] doc 55 n=0%: flex=1 7s
[ours] doc 55 n=2%: flex=1 7s
[ours] doc 55 n=4%: flex=1 7s
[ours] doc 55 n=6%: flex=1 7s
[ours] doc 55 n=8%: flex=1 7s
[ours] doc 55 n=10%: flex=1 7s
[ours] doc 55 n=12%: flex=1 7s
[ours] doc 55 n=14%: flex=1 7s
[ours] doc 55 n=16%: flex=1 7s
[ours] doc 55 n=18%: flex=1 7s
[ours] doc 55 n=20%: flex=1 7s
[ours] doc 55 n=22%: flex=1 7s
[ours] doc 55 n=24%: flex=1 7s
[ours] doc 55 n=26%: flex=1 7s
[ours] doc 55 n=28%: flex=1 7s
[ours] doc 55 n=30%: flex=1 7s
[ours] doc 55 n=32%: flex=1 7s
[ours] doc 55 n=34%: flex=1 7s
[ours] doc 55 n=36%: flex=1 7s
[ours] doc 55 n=38%: flex=1 7s
[ours] doc 55 n=40%: flex=1 7s
[ours] doc 55 n=42%: flex=1 7s
[ours] doc 55 n=44%: flex=1 7s
[ours] doc 55 n=46%: flex=1 7s
[ours] doc 55 n=48%: flex=1 7s
[ours] doc 55 n=50%: flex=1 7s
[ours] doc 55 n=52%: flex=1 7s
[ours] doc 55 n=54%: flex=1 7s
[ours] doc 55 n=56%: flex=1 7s
[ours] doc 55 n=58%: flex=1 7s
[ours] doc 55 n=60%: flex=1 7s
[ours] doc 55 n=62%: flex=1 7s
[ours] doc 55 n=64%: flex=1 7s
[ours] doc 55 n=66%: flex=1 7s
[ours] doc 55 n=68%: flex=1 7s
[ours] doc 55 n=70%: flex=1 7s
[ours] doc 55 n=72%: flex=1 7s
[ours] doc 55 n=74%: flex=1 7s
[ours] doc 55 n=76%: flex=1 7s
[ours] doc 55 n=78%: flex=1 7s
[ours] doc 55 n=80%: flex=1 7s
[ours] doc 55 n=82%: flex=1 7s
[ours] doc 55 n=84%: flex=1 7s
[ours] doc 55 n=86%: flex=1 7s
[ours] doc 55 n=88%: flex=1 7s
[ours] doc 55 n=90%: flex=1 7s
[ours] doc 56 n=0%: flex=1 7s
[ours] doc 56 n=2%: flex=0 7s
[ours] doc 56 n=4%: flex=0 8s
[ours] doc 56 n=6%: flex=0 8s
[ours] doc 56 n=8%: flex=0 8s
[ours] doc 56 n=10%: flex=0 8s
[ours] doc 56 n=12%: flex=1 7s
[ours] doc 56 n=14%: flex=1 7s
[ours] doc 56 n=16%: flex=1 7s
[ours] doc 56 n=18%: flex=1 7s
[ours] doc 56 n=20%: flex=1 7s
[ours] doc 56 n=22%: flex=1 7s
[ours] doc 56 n=24%: flex=1 7s
[ours] doc 56 n=26%: flex=1 7s
[ours] doc 56 n=28%: flex=1 7s
[ours] doc 56 n=30%: flex=1 7s
[ours] doc 56 n=32%: flex=1 7s
[ours] doc 56 n=34%: flex=1 7s
[ours] doc 56 n=36%: flex=1 7s
[ours] doc 56 n=38%: flex=1 7s
[ours] doc 56 n=40%: flex=1 7s
[ours] doc 56 n=42%: flex=1 7s
[ours] doc 56 n=44%: flex=1 7s
[ours] doc 56 n=46%: flex=1 7s
[ours] doc 56 n=48%: flex=1 7s
[ours] doc 56 n=50%: flex=1 7s
[ours] doc 56 n=52%: flex=1 7s
[ours] doc 56 n=54%: flex=1 7s
[ours] doc 56 n=56%: flex=1 7s
[ours] doc 56 n=58%: flex=1 7s
[ours] doc 56 n=60%: flex=1 7s
[ours] doc 56 n=62%: flex=1 7s
[ours] doc 56 n=64%: flex=1 7s
[ours] doc 56 n=66%: flex=1 7s
[ours] doc 56 n=68%: flex=1 7s
[ours] doc 56 n=70%: flex=1 7s
[ours] doc 56 n=72%: flex=1 7s
[ours] doc 56 n=74%: flex=1 7s
[ours] doc 56 n=76%: flex=1 7s
[ours] doc 56 n=78%: flex=1 7s
[ours] doc 56 n=80%: flex=1 7s
[ours] doc 56 n=82%: flex=1 7s
[ours] doc 56 n=84%: flex=1 7s
[ours] doc 56 n=86%: flex=1 7s
[ours] doc 56 n=88%: flex=1 7s
[ours] doc 56 n=90%: flex=1 7s
[ours] doc 57 n=0%: flex=0 7s
[ours] doc 57 n=2%: flex=0 7s
[ours] doc 57 n=4%: flex=0 7s
[ours] doc 57 n=6%: flex=0 7s
[ours] doc 57 n=8%: flex=0 7s
[ours] doc 57 n=10%: flex=1 7s
[ours] doc 57 n=12%: flex=0 7s
[ours] doc 57 n=14%: flex=0 7s
[ours] doc 57 n=16%: flex=1 7s
[ours] doc 57 n=18%: flex=1 7s
[ours] doc 57 n=20%: flex=1 7s
[ours] doc 57 n=22%: flex=1 7s
[ours] doc 57 n=24%: flex=1 7s
[ours] doc 57 n=26%: flex=1 7s
[ours] doc 57 n=28%: flex=1 7s
[ours] doc 57 n=30%: flex=1 7s
[ours] doc 57 n=32%: flex=1 7s
[ours] doc 57 n=34%: flex=1 7s
[ours] doc 57 n=36%: flex=1 7s
[ours] doc 57 n=38%: flex=1 7s
[ours] doc 57 n=40%: flex=1 7s
[ours] doc 57 n=42%: flex=1 7s
[ours] doc 57 n=44%: flex=1 7s
[ours] doc 57 n=46%: flex=1 7s
[ours] doc 57 n=48%: flex=1 7s
[ours] doc 57 n=50%: flex=1 7s
[ours] doc 57 n=52%: flex=1 7s
[ours] doc 57 n=54%: flex=1 7s
[ours] doc 57 n=56%: flex=1 7s
[ours] doc 57 n=58%: flex=1 7s
[ours] doc 57 n=60%: flex=1 7s
[ours] doc 57 n=62%: flex=1 7s
[ours] doc 57 n=64%: flex=1 7s
[ours] doc 57 n=66%: flex=1 7s
[ours] doc 57 n=68%: flex=1 7s
[ours] doc 57 n=70%: flex=1 7s
[ours] doc 57 n=72%: flex=1 7s
[ours] doc 57 n=74%: flex=1 7s
[ours] doc 57 n=76%: flex=1 7s
[ours] doc 57 n=78%: flex=1 7s
[ours] doc 57 n=80%: flex=1 7s
[ours] doc 57 n=82%: flex=1 7s
[ours] doc 57 n=84%: flex=1 7s
[ours] doc 57 n=86%: flex=1 7s
[ours] doc 57 n=88%: flex=1 7s
[ours] doc 57 n=90%: flex=1 7s
[ours] doc 58 n=0%: flex=1 7s
[ours] doc 58 n=2%: flex=1 7s
[ours] doc 58 n=4%: flex=1 7s
[ours] doc 58 n=6%: flex=1 7s
[ours] doc 58 n=8%: flex=1 7s
[ours] doc 58 n=10%: flex=1 7s
[ours] doc 58 n=12%: flex=1 7s
[ours] doc 58 n=14%: flex=1 7s
[ours] doc 58 n=16%: flex=1 7s
[ours] doc 58 n=18%: flex=1 7s
[ours] doc 58 n=20%: flex=1 7s
[ours] doc 58 n=22%: flex=1 7s
[ours] doc 58 n=24%: flex=1 7s
[ours] doc 58 n=26%: flex=0 7s
[ours] doc 58 n=28%: flex=1 7s
[ours] doc 58 n=30%: flex=0 7s
[ours] doc 58 n=32%: flex=1 7s
[ours] doc 58 n=34%: flex=1 7s
[ours] doc 58 n=36%: flex=0 7s
[ours] doc 58 n=38%: flex=1 7s
[ours] doc 58 n=40%: flex=1 7s
[ours] doc 58 n=42%: flex=0 7s
[ours] doc 58 n=44%: flex=0 7s
[ours] doc 58 n=46%: flex=0 7s
[ours] doc 58 n=48%: flex=1 7s
[ours] doc 58 n=50%: flex=0 7s
[ours] doc 58 n=52%: flex=0 7s
[ours] doc 58 n=54%: flex=1 7s
[ours] doc 58 n=56%: flex=1 7s
[ours] doc 58 n=58%: flex=1 7s
[ours] doc 58 n=60%: flex=1 7s
[ours] doc 58 n=62%: flex=1 7s
[ours] doc 58 n=64%: flex=1 7s
[ours] doc 58 n=66%: flex=1 7s
[ours] doc 58 n=68%: flex=1 7s
[ours] doc 58 n=70%: flex=1 7s
[ours] doc 58 n=72%: flex=1 7s
[ours] doc 58 n=74%: flex=1 7s
[ours] doc 58 n=76%: flex=1 7s
[ours] doc 58 n=78%: flex=1 7s
[ours] doc 58 n=80%: flex=1 7s
[ours] doc 58 n=82%: flex=1 7s
[ours] doc 58 n=84%: flex=1 7s
[ours] doc 58 n=86%: flex=1 7s
[ours] doc 58 n=88%: flex=1 7s
[ours] doc 58 n=90%: flex=1 7s
[ours] doc 61 n=0%: flex=1 7s
[ours] doc 61 n=2%: flex=1 7s
[ours] doc 61 n=4%: flex=1 7s
[ours] doc 61 n=6%: flex=1 7s
[ours] doc 61 n=8%: flex=1 7s
[ours] doc 61 n=10%: flex=1 7s
[ours] doc 61 n=12%: flex=1 7s
[ours] doc 61 n=14%: flex=1 7s
[ours] doc 61 n=16%: flex=1 7s
[ours] doc 61 n=18%: flex=1 7s
[ours] doc 61 n=20%: flex=1 7s
[ours] doc 61 n=22%: flex=1 7s
[ours] doc 61 n=24%: flex=1 7s
[ours] doc 61 n=26%: flex=1 7s
[ours] doc 61 n=28%: flex=1 7s
[ours] doc 61 n=30%: flex=1 7s
[ours] doc 61 n=32%: flex=1 7s
[ours] doc 61 n=34%: flex=1 7s
[ours] doc 61 n=36%: flex=1 7s
[ours] doc 61 n=38%: flex=1 7s
[ours] doc 61 n=40%: flex=1 7s
[ours] doc 61 n=42%: flex=1 7s
[ours] doc 61 n=44%: flex=1 7s
[ours] doc 61 n=46%: flex=1 7s
[ours] doc 61 n=48%: flex=1 7s
[ours] doc 61 n=50%: flex=1 7s
[ours] doc 61 n=52%: flex=1 7s
[ours] doc 61 n=54%: flex=1 7s
[ours] doc 61 n=56%: flex=1 7s
[ours] doc 61 n=58%: flex=1 7s
[ours] doc 61 n=60%: flex=1 7s
[ours] doc 61 n=62%: flex=1 7s
[ours] doc 61 n=64%: flex=1 7s
[ours] doc 61 n=66%: flex=1 7s
[ours] doc 61 n=68%: flex=1 7s
[ours] doc 61 n=70%: flex=1 7s
[ours] doc 61 n=72%: flex=1 7s
[ours] doc 61 n=74%: flex=1 7s
[ours] doc 61 n=76%: flex=1 7s
[ours] doc 61 n=78%: flex=1 7s
[ours] doc 61 n=80%: flex=1 7s
[ours] doc 61 n=82%: flex=1 7s
[ours] doc 61 n=84%: flex=1 7s
[ours] doc 61 n=86%: flex=1 7s
[ours] doc 61 n=88%: flex=1 7s
[ours] doc 61 n=90%: flex=1 7s
[ours] doc 63 n=0%: flex=1 7s
[ours] doc 63 n=2%: flex=1 7s
[ours] doc 63 n=4%: flex=1 7s
[ours] doc 63 n=6%: flex=0 7s
[ours] doc 63 n=8%: flex=1 7s
[ours] doc 63 n=10%: flex=1 7s
[ours] doc 63 n=12%: flex=1 7s
[ours] doc 63 n=14%: flex=1 7s
[ours] doc 63 n=16%: flex=1 7s
[ours] doc 63 n=18%: flex=1 7s
[ours] doc 63 n=20%: flex=1 7s
[ours] doc 63 n=22%: flex=1 7s
[ours] doc 63 n=24%: flex=1 7s
[ours] doc 63 n=26%: flex=1 7s
[ours] doc 63 n=28%: flex=1 7s
[ours] doc 63 n=30%: flex=1 7s
[ours] doc 63 n=32%: flex=1 7s
[ours] doc 63 n=34%: flex=1 7s
[ours] doc 63 n=36%: flex=1 7s
[ours] doc 63 n=38%: flex=1 7s
[ours] doc 63 n=40%: flex=1 7s
[ours] doc 63 n=42%: flex=1 7s
[ours] doc 63 n=44%: flex=1 7s
[ours] doc 63 n=46%: flex=1 7s
[ours] doc 63 n=48%: flex=1 7s
[ours] doc 63 n=50%: flex=1 7s
[ours] doc 63 n=52%: flex=1 7s
[ours] doc 63 n=54%: flex=1 7s
[ours] doc 63 n=56%: flex=1 7s
[ours] doc 63 n=58%: flex=1 7s
[ours] doc 63 n=60%: flex=1 7s
[ours] doc 63 n=62%: flex=1 7s
[ours] doc 63 n=64%: flex=1 7s
[ours] doc 63 n=66%: flex=1 7s
[ours] doc 63 n=68%: flex=1 7s
[ours] doc 63 n=70%: flex=1 7s
[ours] doc 63 n=72%: flex=1 7s
[ours] doc 63 n=74%: flex=1 7s
[ours] doc 63 n=76%: flex=1 7s
[ours] doc 63 n=78%: flex=1 7s
[ours] doc 63 n=80%: flex=1 7s
[ours] doc 63 n=82%: flex=1 7s
[ours] doc 63 n=84%: flex=1 7s
[ours] doc 63 n=86%: flex=1 7s
[ours] doc 63 n=88%: flex=1 7s
[ours] doc 63 n=90%: flex=1 7s
[ours] complete -> results_experiment_2_dose/continuations_ours.csv + results_experiment_2_dose/student_trace_ours.npz
The argument `trust_remote_code` is to be used with Auto classes. It has no effect here and is ignored.
[methods] loaded ['ours', 'fastdllm', 'd2cache', 'dllmcache'] from experiment_2_methods.yaml
Loading checkpoint shards:   0%|          | 0/6 [00:00<?, ?it/s]Loading checkpoint shards:  17%|█▋        | 1/6 [00:00<00:00,  5.83it/s]Loading checkpoint shards:  33%|███▎      | 2/6 [00:00<00:00,  6.06it/s]Loading checkpoint shards:  50%|█████     | 3/6 [00:00<00:00,  6.20it/s]Loading checkpoint shards:  67%|██████▋   | 4/6 [00:00<00:00,  6.22it/s]Loading checkpoint shards:  83%|████████▎ | 5/6 [00:00<00:00,  6.24it/s]Loading checkpoint shards: 100%|██████████| 6/6 [00:00<00:00,  6.29it/s]Loading checkpoint shards: 100%|██████████| 6/6 [00:00<00:00,  6.22it/s]
[fastdllm] 41 teacher-correct docs x 46 n-values (410 rows already done, 41 traces on disk)
[fastdllm] doc 0 n=2%: flex=1 6s
[fastdllm] doc 0 n=4%: flex=1 5s
[fastdllm] doc 0 n=6%: flex=1 5s
[fastdllm] doc 0 n=8%: flex=1 5s
[fastdllm] doc 0 n=12%: flex=1 5s
[fastdllm] doc 0 n=14%: flex=1 5s
[fastdllm] doc 0 n=16%: flex=1 5s
[fastdllm] doc 0 n=18%: flex=1 5s
[fastdllm] doc 0 n=22%: flex=1 5s
[fastdllm] doc 0 n=24%: flex=1 4s
[fastdllm] doc 0 n=26%: flex=1 4s
[fastdllm] doc 0 n=28%: flex=1 4s
[fastdllm] doc 0 n=32%: flex=1 4s
[fastdllm] doc 0 n=34%: flex=1 4s
[fastdllm] doc 0 n=36%: flex=1 4s
[fastdllm] doc 0 n=38%: flex=1 4s
[fastdllm] doc 0 n=42%: flex=1 3s
[fastdllm] doc 0 n=44%: flex=1 3s
[fastdllm] doc 0 n=46%: flex=1 3s
[fastdllm] doc 0 n=48%: flex=1 3s
[fastdllm] doc 0 n=52%: flex=1 3s
[fastdllm] doc 0 n=54%: flex=1 3s
[fastdllm] doc 0 n=56%: flex=1 3s
[fastdllm] doc 0 n=58%: flex=1 3s
[fastdllm] doc 0 n=62%: flex=1 2s
[fastdllm] doc 0 n=64%: flex=1 2s
[fastdllm] doc 0 n=66%: flex=1 2s
[fastdllm] doc 0 n=68%: flex=1 2s
[fastdllm] doc 0 n=72%: flex=1 2s
[fastdllm] doc 0 n=74%: flex=1 2s
[fastdllm] doc 0 n=76%: flex=1 2s
[fastdllm] doc 0 n=78%: flex=1 1s
[fastdllm] doc 0 n=82%: flex=1 1s
[fastdllm] doc 0 n=84%: flex=1 1s
[fastdllm] doc 0 n=86%: flex=1 1s
[fastdllm] doc 0 n=88%: flex=1 1s
[fastdllm] doc 1 n=2%: flex=1 6s
[fastdllm] doc 1 n=4%: flex=1 6s
[fastdllm] doc 1 n=6%: flex=1 5s
[fastdllm] doc 1 n=8%: flex=1 5s
[fastdllm] doc 1 n=12%: flex=1 5s
[fastdllm] doc 1 n=14%: flex=1 5s
[fastdllm] doc 1 n=16%: flex=1 5s
[fastdllm] doc 1 n=18%: flex=1 5s
[fastdllm] doc 1 n=22%: flex=1 5s
[fastdllm] doc 1 n=24%: flex=1 4s
[fastdllm] doc 1 n=26%: flex=1 4s
[fastdllm] doc 1 n=28%: flex=1 4s
[fastdllm] doc 1 n=32%: flex=1 4s
[fastdllm] doc 1 n=34%: flex=1 4s
[fastdllm] doc 1 n=36%: flex=1 4s
[fastdllm] doc 1 n=38%: flex=1 4s
[fastdllm] doc 1 n=42%: flex=1 3s
[fastdllm] doc 1 n=44%: flex=1 3s
[fastdllm] doc 1 n=46%: flex=1 3s
[fastdllm] doc 1 n=48%: flex=1 3s
[fastdllm] doc 1 n=52%: flex=1 3s
[fastdllm] doc 1 n=54%: flex=1 3s
[fastdllm] doc 1 n=56%: flex=1 3s
[fastdllm] doc 1 n=58%: flex=1 2s
[fastdllm] doc 1 n=62%: flex=1 2s
[fastdllm] doc 1 n=64%: flex=1 2s
[fastdllm] doc 1 n=66%: flex=1 2s
[fastdllm] doc 1 n=68%: flex=1 2s
[fastdllm] doc 1 n=72%: flex=1 2s
[fastdllm] doc 1 n=74%: flex=1 2s
[fastdllm] doc 1 n=76%: flex=1 1s
[fastdllm] doc 1 n=78%: flex=1 1s
[fastdllm] doc 1 n=82%: flex=1 1s
[fastdllm] doc 1 n=84%: flex=1 1s
[fastdllm] doc 1 n=86%: flex=1 1s
[fastdllm] doc 1 n=88%: flex=1 1s
[fastdllm] doc 3 n=2%: flex=1 5s
[fastdllm] doc 3 n=4%: flex=1 5s
[fastdllm] doc 3 n=6%: flex=1 5s
[fastdllm] doc 3 n=8%: flex=1 5s
[fastdllm] doc 3 n=12%: flex=1 5s
[fastdllm] doc 3 n=14%: flex=1 5s
[fastdllm] doc 3 n=16%: flex=1 5s
[fastdllm] doc 3 n=18%: flex=1 5s
[fastdllm] doc 3 n=22%: flex=1 4s
[fastdllm] doc 3 n=24%: flex=1 4s
[fastdllm] doc 3 n=26%: flex=1 4s
[fastdllm] doc 3 n=28%: flex=1 4s
[fastdllm] doc 3 n=32%: flex=1 4s
[fastdllm] doc 3 n=34%: flex=1 4s
[fastdllm] doc 3 n=36%: flex=1 4s
[fastdllm] doc 3 n=38%: flex=1 4s
[fastdllm] doc 3 n=42%: flex=1 3s
[fastdllm] doc 3 n=44%: flex=1 3s
[fastdllm] doc 3 n=46%: flex=1 3s
[fastdllm] doc 3 n=48%: flex=1 3s
[fastdllm] doc 3 n=52%: flex=1 3s
[fastdllm] doc 3 n=54%: flex=1 3s
[fastdllm] doc 3 n=56%: flex=1 3s
[fastdllm] doc 3 n=58%: flex=1 2s
[fastdllm] doc 3 n=62%: flex=1 2s
[fastdllm] doc 3 n=64%: flex=1 2s
[fastdllm] doc 3 n=66%: flex=1 2s
[fastdllm] doc 3 n=68%: flex=1 2s
[fastdllm] doc 3 n=72%: flex=1 2s
[fastdllm] doc 3 n=74%: flex=1 2s
[fastdllm] doc 3 n=76%: flex=1 1s
[fastdllm] doc 3 n=78%: flex=1 1s
[fastdllm] doc 3 n=82%: flex=1 1s
[fastdllm] doc 3 n=84%: flex=1 1s
[fastdllm] doc 3 n=86%: flex=1 1s
[fastdllm] doc 3 n=88%: flex=1 1s
[fastdllm] doc 4 n=2%: flex=1 6s
[fastdllm] doc 4 n=4%: flex=1 6s
[fastdllm] doc 4 n=6%: flex=0 5s
[fastdllm] doc 4 n=8%: flex=1 5s
[fastdllm] doc 4 n=12%: flex=1 5s
[fastdllm] doc 4 n=14%: flex=1 5s
[fastdllm] doc 4 n=16%: flex=1 5s
[fastdllm] doc 4 n=18%: flex=1 5s
[fastdllm] doc 4 n=22%: flex=1 5s
[fastdllm] doc 4 n=24%: flex=1 4s
[fastdllm] doc 4 n=26%: flex=1 4s
[fastdllm] doc 4 n=28%: flex=1 4s
[fastdllm] doc 4 n=32%: flex=1 4s
[fastdllm] doc 4 n=34%: flex=1 4s
[fastdllm] doc 4 n=36%: flex=1 4s
[fastdllm] doc 4 n=38%: flex=1 4s
[fastdllm] doc 4 n=42%: flex=1 3s
[fastdllm] doc 4 n=44%: flex=1 3s
[fastdllm] doc 4 n=46%: flex=1 3s
[fastdllm] doc 4 n=48%: flex=1 3s
[fastdllm] doc 4 n=52%: flex=1 3s
[fastdllm] doc 4 n=54%: flex=1 3s
[fastdllm] doc 4 n=56%: flex=1 3s
[fastdllm] doc 4 n=58%: flex=1 3s
[fastdllm] doc 4 n=62%: flex=1 2s
[fastdllm] doc 4 n=64%: flex=1 2s
[fastdllm] doc 4 n=66%: flex=1 2s
[fastdllm] doc 4 n=68%: flex=1 2s
[fastdllm] doc 4 n=72%: flex=1 2s
[fastdllm] doc 4 n=74%: flex=1 2s
[fastdllm] doc 4 n=76%: flex=1 1s
[fastdllm] doc 4 n=78%: flex=1 1s
[fastdllm] doc 4 n=82%: flex=1 1s
[fastdllm] doc 4 n=84%: flex=1 1s
[fastdllm] doc 4 n=86%: flex=1 1s
[fastdllm] doc 4 n=88%: flex=1 1s
[fastdllm] doc 6 n=2%: flex=1 5s
[fastdllm] doc 6 n=4%: flex=1 5s
[fastdllm] doc 6 n=6%: flex=1 5s
[fastdllm] doc 6 n=8%: flex=1 5s
[fastdllm] doc 6 n=12%: flex=1 5s
[fastdllm] doc 6 n=14%: flex=1 5s
[fastdllm] doc 6 n=16%: flex=1 5s
[fastdllm] doc 6 n=18%: flex=1 5s
[fastdllm] doc 6 n=22%: flex=1 4s
[fastdllm] doc 6 n=24%: flex=1 4s
[fastdllm] doc 6 n=26%: flex=1 4s
[fastdllm] doc 6 n=28%: flex=1 4s
[fastdllm] doc 6 n=32%: flex=1 4s
[fastdllm] doc 6 n=34%: flex=1 4s
[fastdllm] doc 6 n=36%: flex=1 4s
[fastdllm] doc 6 n=38%: flex=1 3s
[fastdllm] doc 6 n=42%: flex=1 3s
[fastdllm] doc 6 n=44%: flex=1 3s
[fastdllm] doc 6 n=46%: flex=1 3s
[fastdllm] doc 6 n=48%: flex=1 3s
[fastdllm] doc 6 n=52%: flex=1 3s
[fastdllm] doc 6 n=54%: flex=1 3s
[fastdllm] doc 6 n=56%: flex=1 2s
[fastdllm] doc 6 n=58%: flex=1 2s
[fastdllm] doc 6 n=62%: flex=1 2s
[fastdllm] doc 6 n=64%: flex=1 2s
[fastdllm] doc 6 n=66%: flex=1 2s
[fastdllm] doc 6 n=68%: flex=1 2s
[fastdllm] doc 6 n=72%: flex=1 2s
[fastdllm] doc 6 n=74%: flex=1 2s
[fastdllm] doc 6 n=76%: flex=1 1s
[fastdllm] doc 6 n=78%: flex=1 1s
[fastdllm] doc 6 n=82%: flex=1 1s
[fastdllm] doc 6 n=84%: flex=1 1s
[fastdllm] doc 6 n=86%: flex=1 1s
[fastdllm] doc 6 n=88%: flex=1 1s
[fastdllm] doc 9 n=2%: flex=1 5s
[fastdllm] doc 9 n=4%: flex=1 5s
[fastdllm] doc 9 n=6%: flex=1 5s
[fastdllm] doc 9 n=8%: flex=1 5s
[fastdllm] doc 9 n=12%: flex=1 5s
[fastdllm] doc 9 n=14%: flex=1 5s
[fastdllm] doc 9 n=16%: flex=1 5s
[fastdllm] doc 9 n=18%: flex=1 5s
[fastdllm] doc 9 n=22%: flex=1 4s
[fastdllm] doc 9 n=24%: flex=1 4s
[fastdllm] doc 9 n=26%: flex=1 4s
[fastdllm] doc 9 n=28%: flex=1 4s
[fastdllm] doc 9 n=32%: flex=1 4s
[fastdllm] doc 9 n=34%: flex=1 4s
[fastdllm] doc 9 n=36%: flex=1 4s
[fastdllm] doc 9 n=38%: flex=1 3s
[fastdllm] doc 9 n=42%: flex=1 3s
[fastdllm] doc 9 n=44%: flex=1 3s
[fastdllm] doc 9 n=46%: flex=1 3s
[fastdllm] doc 9 n=48%: flex=1 3s
[fastdllm] doc 9 n=52%: flex=1 3s
[fastdllm] doc 9 n=54%: flex=1 3s
[fastdllm] doc 9 n=56%: flex=1 3s
[fastdllm] doc 9 n=58%: flex=1 2s
[fastdllm] doc 9 n=62%: flex=1 2s
[fastdllm] doc 9 n=64%: flex=1 2s
[fastdllm] doc 9 n=66%: flex=1 2s
[fastdllm] doc 9 n=68%: flex=1 2s
[fastdllm] doc 9 n=72%: flex=1 2s
[fastdllm] doc 9 n=74%: flex=1 2s
[fastdllm] doc 9 n=76%: flex=1 1s
[fastdllm] doc 9 n=78%: flex=1 1s
[fastdllm] doc 9 n=82%: flex=1 1s
[fastdllm] doc 9 n=84%: flex=1 1s
[fastdllm] doc 9 n=86%: flex=1 1s
[fastdllm] doc 9 n=88%: flex=1 1s
[fastdllm] doc 10 n=2%: flex=1 5s
[fastdllm] doc 10 n=4%: flex=1 5s
[fastdllm] doc 10 n=6%: flex=1 5s
[fastdllm] doc 10 n=8%: flex=1 5s
[fastdllm] doc 10 n=12%: flex=0 5s
[fastdllm] doc 10 n=14%: flex=1 5s
[fastdllm] doc 10 n=16%: flex=1 5s
[fastdllm] doc 10 n=18%: flex=1 5s
[fastdllm] doc 10 n=22%: flex=1 4s
[fastdllm] doc 10 n=24%: flex=1 4s
[fastdllm] doc 10 n=26%: flex=1 4s
[fastdllm] doc 10 n=28%: flex=1 4s
[fastdllm] doc 10 n=32%: flex=1 4s
[fastdllm] doc 10 n=34%: flex=1 4s
[fastdllm] doc 10 n=36%: flex=1 4s
[fastdllm] doc 10 n=38%: flex=1 4s
[fastdllm] doc 10 n=42%: flex=1 3s
[fastdllm] doc 10 n=44%: flex=1 3s
[fastdllm] doc 10 n=46%: flex=1 3s
[fastdllm] doc 10 n=48%: flex=1 3s
[fastdllm] doc 10 n=52%: flex=1 3s
[fastdllm] doc 10 n=54%: flex=1 3s
[fastdllm] doc 10 n=56%: flex=1 3s
[fastdllm] doc 10 n=58%: flex=1 2s
[fastdllm] doc 10 n=62%: flex=1 2s
[fastdllm] doc 10 n=64%: flex=1 2s
[fastdllm] doc 10 n=66%: flex=1 2s
[fastdllm] doc 10 n=68%: flex=1 2s
[fastdllm] doc 10 n=72%: flex=1 2s
[fastdllm] doc 10 n=74%: flex=1 2s
[fastdllm] doc 10 n=76%: flex=1 1s
[fastdllm] doc 10 n=78%: flex=1 1s
[fastdllm] doc 10 n=82%: flex=1 1s
[fastdllm] doc 10 n=84%: flex=1 1s
[fastdllm] doc 10 n=86%: flex=1 1s
[fastdllm] doc 10 n=88%: flex=1 1s
[fastdllm] doc 11 n=2%: flex=1 6s
[fastdllm] doc 11 n=4%: flex=1 6s
[fastdllm] doc 11 n=6%: flex=1 6s
[fastdllm] doc 11 n=8%: flex=1 6s
[fastdllm] doc 11 n=12%: flex=1 5s
[fastdllm] doc 11 n=14%: flex=1 5s
[fastdllm] doc 11 n=16%: flex=1 5s
[fastdllm] doc 11 n=18%: flex=1 5s
[fastdllm] doc 11 n=22%: flex=1 5s
[fastdllm] doc 11 n=24%: flex=1 5s
[fastdllm] doc 11 n=26%: flex=1 5s
[fastdllm] doc 11 n=28%: flex=1 5s
[fastdllm] doc 11 n=32%: flex=1 4s
[fastdllm] doc 11 n=34%: flex=1 4s
[fastdllm] doc 11 n=36%: flex=1 4s
[fastdllm] doc 11 n=38%: flex=1 4s
[fastdllm] doc 11 n=42%: flex=1 4s
[fastdllm] doc 11 n=44%: flex=1 4s
[fastdllm] doc 11 n=46%: flex=1 4s
[fastdllm] doc 11 n=48%: flex=1 3s
[fastdllm] doc 11 n=52%: flex=1 3s
[fastdllm] doc 11 n=54%: flex=1 3s
[fastdllm] doc 11 n=56%: flex=1 3s
[fastdllm] doc 11 n=58%: flex=1 3s
[fastdllm] doc 11 n=62%: flex=1 2s
[fastdllm] doc 11 n=64%: flex=1 2s
[fastdllm] doc 11 n=66%: flex=1 2s
[fastdllm] doc 11 n=68%: flex=1 2s
[fastdllm] doc 11 n=72%: flex=1 2s
[fastdllm] doc 11 n=74%: flex=1 2s
[fastdllm] doc 11 n=76%: flex=1 2s
[fastdllm] doc 11 n=78%: flex=1 1s
[fastdllm] doc 11 n=82%: flex=1 1s
[fastdllm] doc 11 n=84%: flex=1 1s
[fastdllm] doc 11 n=86%: flex=1 1s
[fastdllm] doc 11 n=88%: flex=1 1s
[fastdllm] doc 14 n=2%: flex=1 5s
[fastdllm] doc 14 n=4%: flex=1 5s
[fastdllm] doc 14 n=6%: flex=1 5s
[fastdllm] doc 14 n=8%: flex=1 5s
[fastdllm] doc 14 n=12%: flex=1 5s
[fastdllm] doc 14 n=14%: flex=1 5s
[fastdllm] doc 14 n=16%: flex=1 5s
[fastdllm] doc 14 n=18%: flex=1 5s
[fastdllm] doc 14 n=22%: flex=1 4s
[fastdllm] doc 14 n=24%: flex=1 4s
[fastdllm] doc 14 n=26%: flex=1 4s
[fastdllm] doc 14 n=28%: flex=1 4s
[fastdllm] doc 14 n=32%: flex=1 4s
[fastdllm] doc 14 n=34%: flex=1 4s
[fastdllm] doc 14 n=36%: flex=1 4s
[fastdllm] doc 14 n=38%: flex=1 4s
[fastdllm] doc 14 n=42%: flex=1 3s
[fastdllm] doc 14 n=44%: flex=1 3s
[fastdllm] doc 14 n=46%: flex=1 3s
[fastdllm] doc 14 n=48%: flex=1 3s
[fastdllm] doc 14 n=52%: flex=1 3s
[fastdllm] doc 14 n=54%: flex=1 3s
[fastdllm] doc 14 n=56%: flex=1 3s
[fastdllm] doc 14 n=58%: flex=1 2s
[fastdllm] doc 14 n=62%: flex=1 2s
[fastdllm] doc 14 n=64%: flex=1 2s
[fastdllm] doc 14 n=66%: flex=1 2s
[fastdllm] doc 14 n=68%: flex=1 2s
[fastdllm] doc 14 n=72%: flex=1 2s
[fastdllm] doc 14 n=74%: flex=1 2s
[fastdllm] doc 14 n=76%: flex=1 1s
[fastdllm] doc 14 n=78%: flex=1 1s
[fastdllm] doc 14 n=82%: flex=1 1s
[fastdllm] doc 14 n=84%: flex=1 1s
[fastdllm] doc 14 n=86%: flex=1 1s
[fastdllm] doc 14 n=88%: flex=1 1s
[fastdllm] doc 17 n=2%: flex=1 5s
[fastdllm] doc 17 n=4%: flex=1 5s
[fastdllm] doc 17 n=6%: flex=1 5s
[fastdllm] doc 17 n=8%: flex=1 5s
[fastdllm] doc 17 n=12%: flex=1 5s
[fastdllm] doc 17 n=14%: flex=1 5s
[fastdllm] doc 17 n=16%: flex=1 5s
[fastdllm] doc 17 n=18%: flex=1 5s
[fastdllm] doc 17 n=22%: flex=1 4s
[fastdllm] doc 17 n=24%: flex=1 4s
[fastdllm] doc 17 n=26%: flex=1 4s
[fastdllm] doc 17 n=28%: flex=1 4s
[fastdllm] doc 17 n=32%: flex=1 4s
[fastdllm] doc 17 n=34%: flex=1 4s
[fastdllm] doc 17 n=36%: flex=1 4s
[fastdllm] doc 17 n=38%: flex=1 4s
[fastdllm] doc 17 n=42%: flex=1 3s
[fastdllm] doc 17 n=44%: flex=1 3s
[fastdllm] doc 17 n=46%: flex=1 3s
[fastdllm] doc 17 n=48%: flex=1 3s
[fastdllm] doc 17 n=52%: flex=1 3s
[fastdllm] doc 17 n=54%: flex=1 3s
[fastdllm] doc 17 n=56%: flex=1 2s
[fastdllm] doc 17 n=58%: flex=1 2s
[fastdllm] doc 17 n=62%: flex=1 2s
[fastdllm] doc 17 n=64%: flex=1 2s
[fastdllm] doc 17 n=66%: flex=1 2s
[fastdllm] doc 17 n=68%: flex=1 2s
[fastdllm] doc 17 n=72%: flex=1 2s
[fastdllm] doc 17 n=74%: flex=1 2s
[fastdllm] doc 17 n=76%: flex=1 1s
[fastdllm] doc 17 n=78%: flex=1 1s
[fastdllm] doc 17 n=82%: flex=1 1s
[fastdllm] doc 17 n=84%: flex=1 1s
[fastdllm] doc 17 n=86%: flex=1 1s
[fastdllm] doc 17 n=88%: flex=1 1s
[fastdllm] doc 18 n=2%: flex=1 5s
[fastdllm] doc 18 n=4%: flex=1 5s
[fastdllm] doc 18 n=6%: flex=1 5s
[fastdllm] doc 18 n=8%: flex=1 5s
[fastdllm] doc 18 n=12%: flex=1 5s
[fastdllm] doc 18 n=14%: flex=1 5s
[fastdllm] doc 18 n=16%: flex=1 5s
[fastdllm] doc 18 n=18%: flex=1 5s
[fastdllm] doc 18 n=22%: flex=1 4s
[fastdllm] doc 18 n=24%: flex=1 4s
[fastdllm] doc 18 n=26%: flex=1 4s
[fastdllm] doc 18 n=28%: flex=1 4s
[fastdllm] doc 18 n=32%: flex=1 4s
[fastdllm] doc 18 n=34%: flex=1 4s
[fastdllm] doc 18 n=36%: flex=1 4s
[fastdllm] doc 18 n=38%: flex=1 3s
[fastdllm] doc 18 n=42%: flex=1 3s
[fastdllm] doc 18 n=44%: flex=1 3s
[fastdllm] doc 18 n=46%: flex=1 3s
[fastdllm] doc 18 n=48%: flex=1 3s
[fastdllm] doc 18 n=52%: flex=1 3s
[fastdllm] doc 18 n=54%: flex=1 3s
[fastdllm] doc 18 n=56%: flex=1 3s
[fastdllm] doc 18 n=58%: flex=1 2s
[fastdllm] doc 18 n=62%: flex=1 2s
[fastdllm] doc 18 n=64%: flex=1 2s
[fastdllm] doc 18 n=66%: flex=1 2s
[fastdllm] doc 18 n=68%: flex=1 2s
[fastdllm] doc 18 n=72%: flex=1 2s
[fastdllm] doc 18 n=74%: flex=1 2s
[fastdllm] doc 18 n=76%: flex=1 1s
[fastdllm] doc 18 n=78%: flex=1 1s
[fastdllm] doc 18 n=82%: flex=1 1s
[fastdllm] doc 18 n=84%: flex=1 1s
[fastdllm] doc 18 n=86%: flex=1 1s
[fastdllm] doc 18 n=88%: flex=1 1s
[fastdllm] doc 19 n=2%: flex=1 5s
[fastdllm] doc 19 n=4%: flex=1 5s
[fastdllm] doc 19 n=6%: flex=1 5s
[fastdllm] doc 19 n=8%: flex=1 5s
[fastdllm] doc 19 n=12%: flex=1 5s
[fastdllm] doc 19 n=14%: flex=1 5s
[fastdllm] doc 19 n=16%: flex=1 5s
[fastdllm] doc 19 n=18%: flex=1 5s
[fastdllm] doc 19 n=22%: flex=1 4s
[fastdllm] doc 19 n=24%: flex=1 4s
[fastdllm] doc 19 n=26%: flex=1 4s
[fastdllm] doc 19 n=28%: flex=1 4s
[fastdllm] doc 19 n=32%: flex=1 4s
[fastdllm] doc 19 n=34%: flex=1 4s
[fastdllm] doc 19 n=36%: flex=1 4s
[fastdllm] doc 19 n=38%: flex=1 3s
[fastdllm] doc 19 n=42%: flex=1 3s
[fastdllm] doc 19 n=44%: flex=1 3s
[fastdllm] doc 19 n=46%: flex=1 3s
[fastdllm] doc 19 n=48%: flex=1 3s
[fastdllm] doc 19 n=52%: flex=1 3s
[fastdllm] doc 19 n=54%: flex=1 3s
[fastdllm] doc 19 n=56%: flex=1 2s
[fastdllm] doc 19 n=58%: flex=1 2s
[fastdllm] doc 19 n=62%: flex=1 2s
[fastdllm] doc 19 n=64%: flex=1 2s
[fastdllm] doc 19 n=66%: flex=1 2s
[fastdllm] doc 19 n=68%: flex=1 2s
[fastdllm] doc 19 n=72%: flex=1 2s
[fastdllm] doc 19 n=74%: flex=1 2s
[fastdllm] doc 19 n=76%: flex=1 1s
[fastdllm] doc 19 n=78%: flex=1 1s
[fastdllm] doc 19 n=82%: flex=1 1s
[fastdllm] doc 19 n=84%: flex=1 1s
[fastdllm] doc 19 n=86%: flex=1 1s
[fastdllm] doc 19 n=88%: flex=1 1s
[fastdllm] doc 22 n=2%: flex=1 6s
[fastdllm] doc 22 n=4%: flex=1 6s
[fastdllm] doc 22 n=6%: flex=1 6s
[fastdllm] doc 22 n=8%: flex=1 5s
[fastdllm] doc 22 n=12%: flex=1 5s
[fastdllm] doc 22 n=14%: flex=1 5s
[fastdllm] doc 22 n=16%: flex=1 5s
[fastdllm] doc 22 n=18%: flex=1 5s
[fastdllm] doc 22 n=22%: flex=1 5s
[fastdllm] doc 22 n=24%: flex=1 5s
[fastdllm] doc 22 n=26%: flex=1 4s
[fastdllm] doc 22 n=28%: flex=1 4s
[fastdllm] doc 22 n=32%: flex=1 4s
[fastdllm] doc 22 n=34%: flex=1 4s
[fastdllm] doc 22 n=36%: flex=1 4s
[fastdllm] doc 22 n=38%: flex=1 4s
[fastdllm] doc 22 n=42%: flex=1 3s
[fastdllm] doc 22 n=44%: flex=1 3s
[fastdllm] doc 22 n=46%: flex=1 3s
[fastdllm] doc 22 n=48%: flex=1 3s
[fastdllm] doc 22 n=52%: flex=1 3s
[fastdllm] doc 22 n=54%: flex=1 3s
[fastdllm] doc 22 n=56%: flex=1 3s
[fastdllm] doc 22 n=58%: flex=1 3s
[fastdllm] doc 22 n=62%: flex=1 2s
[fastdllm] doc 22 n=64%: flex=1 2s
[fastdllm] doc 22 n=66%: flex=1 2s
[fastdllm] doc 22 n=68%: flex=1 2s
[fastdllm] doc 22 n=72%: flex=1 2s
[fastdllm] doc 22 n=74%: flex=1 2s
[fastdllm] doc 22 n=76%: flex=1 2s
[fastdllm] doc 22 n=78%: flex=1 2s
[fastdllm] doc 22 n=82%: flex=1 1s
[fastdllm] doc 22 n=84%: flex=1 1s
[fastdllm] doc 22 n=86%: flex=1 1s
[fastdllm] doc 22 n=88%: flex=1 1s
[fastdllm] doc 23 n=2%: flex=1 5s
[fastdllm] doc 23 n=4%: flex=1 5s
[fastdllm] doc 23 n=6%: flex=1 5s
[fastdllm] doc 23 n=8%: flex=1 5s
[fastdllm] doc 23 n=12%: flex=1 5s
[fastdllm] doc 23 n=14%: flex=1 5s
[fastdllm] doc 23 n=16%: flex=1 5s
[fastdllm] doc 23 n=18%: flex=1 5s
[fastdllm] doc 23 n=22%: flex=1 4s
[fastdllm] doc 23 n=24%: flex=1 4s
[fastdllm] doc 23 n=26%: flex=1 4s
[fastdllm] doc 23 n=28%: flex=1 4s
[fastdllm] doc 23 n=32%: flex=1 4s
[fastdllm] doc 23 n=34%: flex=1 4s
[fastdllm] doc 23 n=36%: flex=1 4s
[fastdllm] doc 23 n=38%: flex=1 4s
[fastdllm] doc 23 n=42%: flex=1 3s
[fastdllm] doc 23 n=44%: flex=1 3s
[fastdllm] doc 23 n=46%: flex=1 3s
[fastdllm] doc 23 n=48%: flex=1 3s
[fastdllm] doc 23 n=52%: flex=1 3s
[fastdllm] doc 23 n=54%: flex=1 3s
[fastdllm] doc 23 n=56%: flex=1 3s
[fastdllm] doc 23 n=58%: flex=1 3s
[fastdllm] doc 23 n=62%: flex=1 2s
[fastdllm] doc 23 n=64%: flex=1 2s
[fastdllm] doc 23 n=66%: flex=1 2s
[fastdllm] doc 23 n=68%: flex=1 2s
[fastdllm] doc 23 n=72%: flex=1 2s
[fastdllm] doc 23 n=74%: flex=1 2s
[fastdllm] doc 23 n=76%: flex=1 2s
[fastdllm] doc 23 n=78%: flex=1 1s
[fastdllm] doc 23 n=82%: flex=1 1s
[fastdllm] doc 23 n=84%: flex=1 1s
[fastdllm] doc 23 n=86%: flex=1 1s
[fastdllm] doc 23 n=88%: flex=1 1s
[fastdllm] doc 24 n=2%: flex=1 6s
[fastdllm] doc 24 n=4%: flex=1 6s
[fastdllm] doc 24 n=6%: flex=1 5s
[fastdllm] doc 24 n=8%: flex=1 5s
[fastdllm] doc 24 n=12%: flex=1 5s
[fastdllm] doc 24 n=14%: flex=1 5s
[fastdllm] doc 24 n=16%: flex=1 5s
[fastdllm] doc 24 n=18%: flex=1 5s
[fastdllm] doc 24 n=22%: flex=1 5s
[fastdllm] doc 24 n=24%: flex=1 4s
[fastdllm] doc 24 n=26%: flex=1 4s
[fastdllm] doc 24 n=28%: flex=1 4s
[fastdllm] doc 24 n=32%: flex=1 4s
[fastdllm] doc 24 n=34%: flex=1 4s
[fastdllm] doc 24 n=36%: flex=1 4s
[fastdllm] doc 24 n=38%: flex=1 4s
[fastdllm] doc 24 n=42%: flex=1 3s
[fastdllm] doc 24 n=44%: flex=1 3s
[fastdllm] doc 24 n=46%: flex=1 3s
[fastdllm] doc 24 n=48%: flex=1 3s
[fastdllm] doc 24 n=52%: flex=1 3s
[fastdllm] doc 24 n=54%: flex=1 3s
[fastdllm] doc 24 n=56%: flex=1 3s
[fastdllm] doc 24 n=58%: flex=1 2s
[fastdllm] doc 24 n=62%: flex=1 2s
[fastdllm] doc 24 n=64%: flex=1 2s
[fastdllm] doc 24 n=66%: flex=1 2s
[fastdllm] doc 24 n=68%: flex=1 2s
[fastdllm] doc 24 n=72%: flex=1 2s
[fastdllm] doc 24 n=74%: flex=1 2s
[fastdllm] doc 24 n=76%: flex=1 1s
[fastdllm] doc 24 n=78%: flex=1 1s
[fastdllm] doc 24 n=82%: flex=1 1s
[fastdllm] doc 24 n=84%: flex=1 1s
[fastdllm] doc 24 n=86%: flex=1 1s
[fastdllm] doc 24 n=88%: flex=1 1s
[fastdllm] doc 25 n=2%: flex=1 6s
[fastdllm] doc 25 n=4%: flex=1 6s
[fastdllm] doc 25 n=6%: flex=1 5s
[fastdllm] doc 25 n=8%: flex=1 5s
[fastdllm] doc 25 n=12%: flex=1 5s
[fastdllm] doc 25 n=14%: flex=1 5s
[fastdllm] doc 25 n=16%: flex=1 5s
[fastdllm] doc 25 n=18%: flex=1 5s
[fastdllm] doc 25 n=22%: flex=1 5s
[fastdllm] doc 25 n=24%: flex=1 5s
[fastdllm] doc 25 n=26%: flex=1 4s
[fastdllm] doc 25 n=28%: flex=1 4s
[fastdllm] doc 25 n=32%: flex=1 4s
[fastdllm] doc 25 n=34%: flex=1 4s
[fastdllm] doc 25 n=36%: flex=1 4s
[fastdllm] doc 25 n=38%: flex=1 4s
[fastdllm] doc 25 n=42%: flex=1 3s
[fastdllm] doc 25 n=44%: flex=1 3s
[fastdllm] doc 25 n=46%: flex=1 3s
[fastdllm] doc 25 n=48%: flex=1 3s
[fastdllm] doc 25 n=52%: flex=1 3s
[fastdllm] doc 25 n=54%: flex=1 3s
[fastdllm] doc 25 n=56%: flex=1 3s
[fastdllm] doc 25 n=58%: flex=1 2s
[fastdllm] doc 25 n=62%: flex=1 2s
[fastdllm] doc 25 n=64%: flex=1 2s
[fastdllm] doc 25 n=66%: flex=1 2s
[fastdllm] doc 25 n=68%: flex=1 2s
[fastdllm] doc 25 n=72%: flex=1 2s
[fastdllm] doc 25 n=74%: flex=1 2s
[fastdllm] doc 25 n=76%: flex=1 1s
[fastdllm] doc 25 n=78%: flex=1 1s
[fastdllm] doc 25 n=82%: flex=1 1s
[fastdllm] doc 25 n=84%: flex=1 1s
[fastdllm] doc 25 n=86%: flex=1 1s
[fastdllm] doc 25 n=88%: flex=1 1s
[fastdllm] doc 26 n=2%: flex=0 5s
[fastdllm] doc 26 n=4%: flex=0 5s
[fastdllm] doc 26 n=6%: flex=0 5s
[fastdllm] doc 26 n=8%: flex=0 5s
[fastdllm] doc 26 n=12%: flex=0 5s
[fastdllm] doc 26 n=14%: flex=0 5s
[fastdllm] doc 26 n=16%: flex=0 5s
[fastdllm] doc 26 n=18%: flex=0 5s
[fastdllm] doc 26 n=22%: flex=0 5s
[fastdllm] doc 26 n=24%: flex=0 4s
[fastdllm] doc 26 n=26%: flex=0 4s
[fastdllm] doc 26 n=28%: flex=0 4s
[fastdllm] doc 26 n=32%: flex=0 4s
[fastdllm] doc 26 n=34%: flex=0 4s
[fastdllm] doc 26 n=36%: flex=0 4s
[fastdllm] doc 26 n=38%: flex=0 4s
[fastdllm] doc 26 n=42%: flex=0 4s
[fastdllm] doc 26 n=44%: flex=0 3s
[fastdllm] doc 26 n=46%: flex=0 3s
[fastdllm] doc 26 n=48%: flex=0 3s
[fastdllm] doc 26 n=52%: flex=0 3s
[fastdllm] doc 26 n=54%: flex=0 3s
[fastdllm] doc 26 n=56%: flex=0 3s
[fastdllm] doc 26 n=58%: flex=0 2s
[fastdllm] doc 26 n=62%: flex=0 2s
[fastdllm] doc 26 n=64%: flex=1 2s
[fastdllm] doc 26 n=66%: flex=1 2s
[fastdllm] doc 26 n=68%: flex=1 2s
[fastdllm] doc 26 n=72%: flex=1 2s
[fastdllm] doc 26 n=74%: flex=1 2s
[fastdllm] doc 26 n=76%: flex=1 1s
[fastdllm] doc 26 n=78%: flex=1 1s
[fastdllm] doc 26 n=82%: flex=1 1s
[fastdllm] doc 26 n=84%: flex=1 1s
[fastdllm] doc 26 n=86%: flex=1 1s
[fastdllm] doc 26 n=88%: flex=1 1s
[fastdllm] doc 27 n=2%: flex=1 5s
[fastdllm] doc 27 n=4%: flex=1 5s
[fastdllm] doc 27 n=6%: flex=1 5s
[fastdllm] doc 27 n=8%: flex=1 5s
[fastdllm] doc 27 n=12%: flex=1 5s
[fastdllm] doc 27 n=14%: flex=1 5s
[fastdllm] doc 27 n=16%: flex=1 5s
[fastdllm] doc 27 n=18%: flex=1 5s
[fastdllm] doc 27 n=22%: flex=1 4s
[fastdllm] doc 27 n=24%: flex=1 4s
[fastdllm] doc 27 n=26%: flex=1 4s
[fastdllm] doc 27 n=28%: flex=1 4s
[fastdllm] doc 27 n=32%: flex=1 4s
[fastdllm] doc 27 n=34%: flex=1 4s
[fastdllm] doc 27 n=36%: flex=1 4s
[fastdllm] doc 27 n=38%: flex=1 4s
[fastdllm] doc 27 n=42%: flex=1 3s
[fastdllm] doc 27 n=44%: flex=1 3s
[fastdllm] doc 27 n=46%: flex=1 3s
[fastdllm] doc 27 n=48%: flex=1 3s
[fastdllm] doc 27 n=52%: flex=1 3s
[fastdllm] doc 27 n=54%: flex=1 3s
[fastdllm] doc 27 n=56%: flex=1 2s
[fastdllm] doc 27 n=58%: flex=1 2s
[fastdllm] doc 27 n=62%: flex=1 2s
[fastdllm] doc 27 n=64%: flex=1 2s
[fastdllm] doc 27 n=66%: flex=1 2s
[fastdllm] doc 27 n=68%: flex=1 2s
[fastdllm] doc 27 n=72%: flex=1 2s
[fastdllm] doc 27 n=74%: flex=1 2s
[fastdllm] doc 27 n=76%: flex=1 1s
[fastdllm] doc 27 n=78%: flex=1 1s
[fastdllm] doc 27 n=82%: flex=1 1s
[fastdllm] doc 27 n=84%: flex=1 1s
[fastdllm] doc 27 n=86%: flex=1 1s
[fastdllm] doc 27 n=88%: flex=1 1s
[fastdllm] doc 29 n=2%: flex=1 5s
[fastdllm] doc 29 n=4%: flex=1 5s
[fastdllm] doc 29 n=6%: flex=1 5s
[fastdllm] doc 29 n=8%: flex=1 5s
[fastdllm] doc 29 n=12%: flex=1 5s
[fastdllm] doc 29 n=14%: flex=1 5s
[fastdllm] doc 29 n=16%: flex=1 5s
[fastdllm] doc 29 n=18%: flex=1 5s
[fastdllm] doc 29 n=22%: flex=1 4s
[fastdllm] doc 29 n=24%: flex=1 4s
[fastdllm] doc 29 n=26%: flex=1 4s
[fastdllm] doc 29 n=28%: flex=1 4s
[fastdllm] doc 29 n=32%: flex=1 4s
[fastdllm] doc 29 n=34%: flex=1 4s
[fastdllm] doc 29 n=36%: flex=0 4s
[fastdllm] doc 29 n=38%: flex=0 4s
[fastdllm] doc 29 n=42%: flex=0 3s
[fastdllm] doc 29 n=44%: flex=0 3s
[fastdllm] doc 29 n=46%: flex=0 3s
[fastdllm] doc 29 n=48%: flex=1 3s
[fastdllm] doc 29 n=52%: flex=1 3s
[fastdllm] doc 29 n=54%: flex=1 3s
[fastdllm] doc 29 n=56%: flex=1 2s
[fastdllm] doc 29 n=58%: flex=1 2s
[fastdllm] doc 29 n=62%: flex=1 2s
[fastdllm] doc 29 n=64%: flex=1 2s
[fastdllm] doc 29 n=66%: flex=1 2s
[fastdllm] doc 29 n=68%: flex=1 2s
[fastdllm] doc 29 n=72%: flex=1 2s
[fastdllm] doc 29 n=74%: flex=1 2s
[fastdllm] doc 29 n=76%: flex=1 1s
[fastdllm] doc 29 n=78%: flex=1 1s
[fastdllm] doc 29 n=82%: flex=1 1s
[fastdllm] doc 29 n=84%: flex=1 1s
[fastdllm] doc 29 n=86%: flex=1 1s
[fastdllm] doc 29 n=88%: flex=1 1s
[fastdllm] doc 30 n=2%: flex=1 5s
[fastdllm] doc 30 n=4%: flex=1 5s
[fastdllm] doc 30 n=6%: flex=1 5s
[fastdllm] doc 30 n=8%: flex=1 5s
[fastdllm] doc 30 n=12%: flex=1 5s
[fastdllm] doc 30 n=14%: flex=1 5s
[fastdllm] doc 30 n=16%: flex=1 5s
[fastdllm] doc 30 n=18%: flex=1 5s
[fastdllm] doc 30 n=22%: flex=1 4s
[fastdllm] doc 30 n=24%: flex=1 4s
[fastdllm] doc 30 n=26%: flex=1 4s
[fastdllm] doc 30 n=28%: flex=1 4s
[fastdllm] doc 30 n=32%: flex=1 4s
[fastdllm] doc 30 n=34%: flex=1 4s
[fastdllm] doc 30 n=36%: flex=1 4s
[fastdllm] doc 30 n=38%: flex=1 4s
[fastdllm] doc 30 n=42%: flex=1 3s
[fastdllm] doc 30 n=44%: flex=1 3s
[fastdllm] doc 30 n=46%: flex=1 3s
[fastdllm] doc 30 n=48%: flex=1 3s
[fastdllm] doc 30 n=52%: flex=1 3s
[fastdllm] doc 30 n=54%: flex=1 3s
[fastdllm] doc 30 n=56%: flex=1 2s
[fastdllm] doc 30 n=58%: flex=1 2s
[fastdllm] doc 30 n=62%: flex=1 2s
[fastdllm] doc 30 n=64%: flex=1 2s
[fastdllm] doc 30 n=66%: flex=1 2s
[fastdllm] doc 30 n=68%: flex=1 2s
[fastdllm] doc 30 n=72%: flex=1 2s
[fastdllm] doc 30 n=74%: flex=1 2s
[fastdllm] doc 30 n=76%: flex=1 2s
[fastdllm] doc 30 n=78%: flex=1 1s
[fastdllm] doc 30 n=82%: flex=1 1s
[fastdllm] doc 30 n=84%: flex=1 1s
[fastdllm] doc 30 n=86%: flex=1 1s
[fastdllm] doc 30 n=88%: flex=1 1s
[fastdllm] doc 31 n=2%: flex=1 6s
[fastdllm] doc 31 n=4%: flex=1 6s
[fastdllm] doc 31 n=6%: flex=1 5s
[fastdllm] doc 31 n=8%: flex=1 5s
[fastdllm] doc 31 n=12%: flex=1 5s
[fastdllm] doc 31 n=14%: flex=1 5s
[fastdllm] doc 31 n=16%: flex=1 5s
[fastdllm] doc 31 n=18%: flex=1 5s
[fastdllm] doc 31 n=22%: flex=1 5s
[fastdllm] doc 31 n=24%: flex=1 4s
[fastdllm] doc 31 n=26%: flex=1 4s
[fastdllm] doc 31 n=28%: flex=1 4s
[fastdllm] doc 31 n=32%: flex=1 4s
[fastdllm] doc 31 n=34%: flex=1 4s
[fastdllm] doc 31 n=36%: flex=1 4s
[fastdllm] doc 31 n=38%: flex=1 4s
[fastdllm] doc 31 n=42%: flex=1 3s
[fastdllm] doc 31 n=44%: flex=1 3s
[fastdllm] doc 31 n=46%: flex=1 3s
[fastdllm] doc 31 n=48%: flex=1 3s
[fastdllm] doc 31 n=52%: flex=1 3s
[fastdllm] doc 31 n=54%: flex=1 3s
[fastdllm] doc 31 n=56%: flex=1 3s
[fastdllm] doc 31 n=58%: flex=1 2s
[fastdllm] doc 31 n=62%: flex=1 2s
[fastdllm] doc 31 n=64%: flex=1 2s
[fastdllm] doc 31 n=66%: flex=1 2s
[fastdllm] doc 31 n=68%: flex=1 2s
[fastdllm] doc 31 n=72%: flex=1 2s
[fastdllm] doc 31 n=74%: flex=1 2s
[fastdllm] doc 31 n=76%: flex=1 1s
[fastdllm] doc 31 n=78%: flex=1 1s
[fastdllm] doc 31 n=82%: flex=1 1s
[fastdllm] doc 31 n=84%: flex=1 1s
[fastdllm] doc 31 n=86%: flex=1 1s
[fastdllm] doc 31 n=88%: flex=1 1s
[fastdllm] doc 33 n=2%: flex=0 5s
[fastdllm] doc 33 n=4%: flex=0 5s
[fastdllm] doc 33 n=6%: flex=0 5s
[fastdllm] doc 33 n=8%: flex=0 5s
[fastdllm] doc 33 n=12%: flex=0 5s
[fastdllm] doc 33 n=14%: flex=0 5s
[fastdllm] doc 33 n=16%: flex=0 5s
[fastdllm] doc 33 n=18%: flex=1 5s
[fastdllm] doc 33 n=22%: flex=1 4s
[fastdllm] doc 33 n=24%: flex=0 4s
[fastdllm] doc 33 n=26%: flex=0 4s
[fastdllm] doc 33 n=28%: flex=0 4s
[fastdllm] doc 33 n=32%: flex=0 4s
[fastdllm] doc 33 n=34%: flex=0 4s
[fastdllm] doc 33 n=36%: flex=0 4s
[fastdllm] doc 33 n=38%: flex=0 4s
[fastdllm] doc 33 n=42%: flex=0 3s
[fastdllm] doc 33 n=44%: flex=1 3s
[fastdllm] doc 33 n=46%: flex=0 3s
[fastdllm] doc 33 n=48%: flex=1 3s
[fastdllm] doc 33 n=52%: flex=1 3s
[fastdllm] doc 33 n=54%: flex=1 3s
[fastdllm] doc 33 n=56%: flex=1 2s
[fastdllm] doc 33 n=58%: flex=1 2s
[fastdllm] doc 33 n=62%: flex=1 2s
[fastdllm] doc 33 n=64%: flex=1 2s
[fastdllm] doc 33 n=66%: flex=1 2s
[fastdllm] doc 33 n=68%: flex=1 2s
[fastdllm] doc 33 n=72%: flex=1 2s
[fastdllm] doc 33 n=74%: flex=1 2s
[fastdllm] doc 33 n=76%: flex=1 1s
[fastdllm] doc 33 n=78%: flex=1 1s
[fastdllm] doc 33 n=82%: flex=1 1s
[fastdllm] doc 33 n=84%: flex=1 1s
[fastdllm] doc 33 n=86%: flex=1 1s
[fastdllm] doc 33 n=88%: flex=1 1s
[fastdllm] doc 34 n=2%: flex=1 6s
[fastdllm] doc 34 n=4%: flex=1 6s
[fastdllm] doc 34 n=6%: flex=1 5s
[fastdllm] doc 34 n=8%: flex=1 5s
[fastdllm] doc 34 n=12%: flex=1 5s
[fastdllm] doc 34 n=14%: flex=1 5s
[fastdllm] doc 34 n=16%: flex=1 5s
[fastdllm] doc 34 n=18%: flex=1 5s
[fastdllm] doc 34 n=22%: flex=1 5s
[fastdllm] doc 34 n=24%: flex=1 4s
[fastdllm] doc 34 n=26%: flex=1 4s
[fastdllm] doc 34 n=28%: flex=1 4s
[fastdllm] doc 34 n=32%: flex=1 4s
[fastdllm] doc 34 n=34%: flex=1 4s
[fastdllm] doc 34 n=36%: flex=1 4s
[fastdllm] doc 34 n=38%: flex=1 4s
[fastdllm] doc 34 n=42%: flex=1 3s
[fastdllm] doc 34 n=44%: flex=1 3s
[fastdllm] doc 34 n=46%: flex=1 3s
[fastdllm] doc 34 n=48%: flex=1 3s
[fastdllm] doc 34 n=52%: flex=1 3s
[fastdllm] doc 34 n=54%: flex=1 3s
[fastdllm] doc 34 n=56%: flex=1 3s
[fastdllm] doc 34 n=58%: flex=1 2s
[fastdllm] doc 34 n=62%: flex=1 2s
[fastdllm] doc 34 n=64%: flex=1 2s
[fastdllm] doc 34 n=66%: flex=1 2s
[fastdllm] doc 34 n=68%: flex=1 2s
[fastdllm] doc 34 n=72%: flex=1 2s
[fastdllm] doc 34 n=74%: flex=1 2s
[fastdllm] doc 34 n=76%: flex=1 2s
[fastdllm] doc 34 n=78%: flex=1 1s
[fastdllm] doc 34 n=82%: flex=1 1s
[fastdllm] doc 34 n=84%: flex=1 1s
[fastdllm] doc 34 n=86%: flex=1 1s
[fastdllm] doc 34 n=88%: flex=1 1s
[fastdllm] doc 36 n=2%: flex=1 5s
[fastdllm] doc 36 n=4%: flex=1 5s
[fastdllm] doc 36 n=6%: flex=1 5s
[fastdllm] doc 36 n=8%: flex=1 5s
[fastdllm] doc 36 n=12%: flex=1 5s
[fastdllm] doc 36 n=14%: flex=1 5s
[fastdllm] doc 36 n=16%: flex=1 5s
[fastdllm] doc 36 n=18%: flex=1 5s
[fastdllm] doc 36 n=22%: flex=1 4s
[fastdllm] doc 36 n=24%: flex=1 4s
[fastdllm] doc 36 n=26%: flex=1 4s
[fastdllm] doc 36 n=28%: flex=1 4s
[fastdllm] doc 36 n=32%: flex=1 4s
[fastdllm] doc 36 n=34%: flex=1 4s
[fastdllm] doc 36 n=36%: flex=1 4s
[fastdllm] doc 36 n=38%: flex=1 4s
[fastdllm] doc 36 n=42%: flex=1 3s
[fastdllm] doc 36 n=44%: flex=1 3s
[fastdllm] doc 36 n=46%: flex=1 3s
[fastdllm] doc 36 n=48%: flex=1 3s
[fastdllm] doc 36 n=52%: flex=1 3s
[fastdllm] doc 36 n=54%: flex=1 3s
[fastdllm] doc 36 n=56%: flex=1 2s
[fastdllm] doc 36 n=58%: flex=1 2s
[fastdllm] doc 36 n=62%: flex=1 2s
[fastdllm] doc 36 n=64%: flex=1 2s
[fastdllm] doc 36 n=66%: flex=1 2s
[fastdllm] doc 36 n=68%: flex=1 2s
[fastdllm] doc 36 n=72%: flex=1 2s
[fastdllm] doc 36 n=74%: flex=1 2s
[fastdllm] doc 36 n=76%: flex=1 1s
[fastdllm] doc 36 n=78%: flex=1 1s
[fastdllm] doc 36 n=82%: flex=1 1s
[fastdllm] doc 36 n=84%: flex=1 1s
[fastdllm] doc 36 n=86%: flex=1 1s
[fastdllm] doc 36 n=88%: flex=1 1s
[fastdllm] doc 38 n=2%: flex=1 5s
[fastdllm] doc 38 n=4%: flex=0 5s
[fastdllm] doc 38 n=6%: flex=0 5s
[fastdllm] doc 38 n=8%: flex=1 5s
[fastdllm] doc 38 n=12%: flex=1 5s
[fastdllm] doc 38 n=14%: flex=1 5s
[fastdllm] doc 38 n=16%: flex=1 5s
[fastdllm] doc 38 n=18%: flex=1 5s
[fastdllm] doc 38 n=22%: flex=1 4s
[fastdllm] doc 38 n=24%: flex=1 4s
[fastdllm] doc 38 n=26%: flex=1 4s
[fastdllm] doc 38 n=28%: flex=1 4s
[fastdllm] doc 38 n=32%: flex=1 4s
[fastdllm] doc 38 n=34%: flex=1 4s
[fastdllm] doc 38 n=36%: flex=1 4s
[fastdllm] doc 38 n=38%: flex=1 3s
[fastdllm] doc 38 n=42%: flex=1 3s
[fastdllm] doc 38 n=44%: flex=1 3s
[fastdllm] doc 38 n=46%: flex=1 3s
[fastdllm] doc 38 n=48%: flex=1 3s
[fastdllm] doc 38 n=52%: flex=1 3s
[fastdllm] doc 38 n=54%: flex=1 3s
[fastdllm] doc 38 n=56%: flex=1 3s
[fastdllm] doc 38 n=58%: flex=1 2s
[fastdllm] doc 38 n=62%: flex=1 2s
[fastdllm] doc 38 n=64%: flex=1 2s
[fastdllm] doc 38 n=66%: flex=1 2s
[fastdllm] doc 38 n=68%: flex=1 2s
[fastdllm] doc 38 n=72%: flex=1 2s
[fastdllm] doc 38 n=74%: flex=1 2s
[fastdllm] doc 38 n=76%: flex=1 1s
[fastdllm] doc 38 n=78%: flex=1 1s
[fastdllm] doc 38 n=82%: flex=1 1s
[fastdllm] doc 38 n=84%: flex=1 1s
[fastdllm] doc 38 n=86%: flex=1 1s
[fastdllm] doc 38 n=88%: flex=1 1s
[fastdllm] doc 40 n=2%: flex=1 6s
[fastdllm] doc 40 n=4%: flex=1 6s
[fastdllm] doc 40 n=6%: flex=1 5s
[fastdllm] doc 40 n=8%: flex=1 5s
[fastdllm] doc 40 n=12%: flex=1 5s
[fastdllm] doc 40 n=14%: flex=1 5s
[fastdllm] doc 40 n=16%: flex=1 5s
[fastdllm] doc 40 n=18%: flex=1 5s
[fastdllm] doc 40 n=22%: flex=1 5s
[fastdllm] doc 40 n=24%: flex=1 4s
[fastdllm] doc 40 n=26%: flex=1 4s
[fastdllm] doc 40 n=28%: flex=1 4s
[fastdllm] doc 40 n=32%: flex=1 4s
[fastdllm] doc 40 n=34%: flex=1 4s
[fastdllm] doc 40 n=36%: flex=1 4s
[fastdllm] doc 40 n=38%: flex=1 4s
[fastdllm] doc 40 n=42%: flex=1 3s
[fastdllm] doc 40 n=44%: flex=1 3s
[fastdllm] doc 40 n=46%: flex=1 3s
[fastdllm] doc 40 n=48%: flex=1 3s
[fastdllm] doc 40 n=52%: flex=1 3s
[fastdllm] doc 40 n=54%: flex=1 3s
[fastdllm] doc 40 n=56%: flex=1 3s
[fastdllm] doc 40 n=58%: flex=1 3s
[fastdllm] doc 40 n=62%: flex=1 2s
[fastdllm] doc 40 n=64%: flex=1 2s
[fastdllm] doc 40 n=66%: flex=1 2s
[fastdllm] doc 40 n=68%: flex=1 2s
[fastdllm] doc 40 n=72%: flex=1 2s
[fastdllm] doc 40 n=74%: flex=1 2s
[fastdllm] doc 40 n=76%: flex=1 2s
[fastdllm] doc 40 n=78%: flex=1 2s
[fastdllm] doc 40 n=82%: flex=1 1s
[fastdllm] doc 40 n=84%: flex=1 1s
[fastdllm] doc 40 n=86%: flex=1 1s
[fastdllm] doc 40 n=88%: flex=1 1s
[fastdllm] doc 41 n=2%: flex=1 6s
[fastdllm] doc 41 n=4%: flex=0 6s
[fastdllm] doc 41 n=6%: flex=1 5s
[fastdllm] doc 41 n=8%: flex=1 5s
[fastdllm] doc 41 n=12%: flex=1 5s
[fastdllm] doc 41 n=14%: flex=1 5s
[fastdllm] doc 41 n=16%: flex=1 5s
[fastdllm] doc 41 n=18%: flex=1 5s
[fastdllm] doc 41 n=22%: flex=1 5s
[fastdllm] doc 41 n=24%: flex=1 4s
[fastdllm] doc 41 n=26%: flex=1 4s
[fastdllm] doc 41 n=28%: flex=1 4s
[fastdllm] doc 41 n=32%: flex=1 4s
[fastdllm] doc 41 n=34%: flex=1 4s
[fastdllm] doc 41 n=36%: flex=1 4s
[fastdllm] doc 41 n=38%: flex=1 4s
[fastdllm] doc 41 n=42%: flex=1 3s
[fastdllm] doc 41 n=44%: flex=1 3s
[fastdllm] doc 41 n=46%: flex=1 3s
[fastdllm] doc 41 n=48%: flex=1 3s
[fastdllm] doc 41 n=52%: flex=1 3s
[fastdllm] doc 41 n=54%: flex=1 3s
[fastdllm] doc 41 n=56%: flex=1 3s
[fastdllm] doc 41 n=58%: flex=1 3s
[fastdllm] doc 41 n=62%: flex=1 2s
[fastdllm] doc 41 n=64%: flex=1 2s
[fastdllm] doc 41 n=66%: flex=1 2s
[fastdllm] doc 41 n=68%: flex=1 2s
[fastdllm] doc 41 n=72%: flex=1 2s
[fastdllm] doc 41 n=74%: flex=1 2s
[fastdllm] doc 41 n=76%: flex=1 2s
[fastdllm] doc 41 n=78%: flex=1 1s
[fastdllm] doc 41 n=82%: flex=1 1s
[fastdllm] doc 41 n=84%: flex=1 1s
[fastdllm] doc 41 n=86%: flex=1 1s
[fastdllm] doc 41 n=88%: flex=1 1s
[fastdllm] doc 42 n=2%: flex=1 5s
[fastdllm] doc 42 n=4%: flex=1 5s
[fastdllm] doc 42 n=6%: flex=1 5s
[fastdllm] doc 42 n=8%: flex=1 5s
[fastdllm] doc 42 n=12%: flex=1 5s
[fastdllm] doc 42 n=14%: flex=1 5s
[fastdllm] doc 42 n=16%: flex=1 5s
[fastdllm] doc 42 n=18%: flex=1 5s
[fastdllm] doc 42 n=22%: flex=1 4s
[fastdllm] doc 42 n=24%: flex=1 4s
[fastdllm] doc 42 n=26%: flex=1 4s
[fastdllm] doc 42 n=28%: flex=1 4s
[fastdllm] doc 42 n=32%: flex=1 4s
[fastdllm] doc 42 n=34%: flex=1 4s
[fastdllm] doc 42 n=36%: flex=1 4s
[fastdllm] doc 42 n=38%: flex=1 4s
[fastdllm] doc 42 n=42%: flex=1 3s
[fastdllm] doc 42 n=44%: flex=1 3s
[fastdllm] doc 42 n=46%: flex=1 3s
[fastdllm] doc 42 n=48%: flex=1 3s
[fastdllm] doc 42 n=52%: flex=1 3s
[fastdllm] doc 42 n=54%: flex=1 3s
[fastdllm] doc 42 n=56%: flex=1 3s
[fastdllm] doc 42 n=58%: flex=1 2s
[fastdllm] doc 42 n=62%: flex=1 2s
[fastdllm] doc 42 n=64%: flex=1 2s
[fastdllm] doc 42 n=66%: flex=1 2s
[fastdllm] doc 42 n=68%: flex=1 2s
[fastdllm] doc 42 n=72%: flex=1 2s
[fastdllm] doc 42 n=74%: flex=1 2s
[fastdllm] doc 42 n=76%: flex=1 1s
[fastdllm] doc 42 n=78%: flex=1 1s
[fastdllm] doc 42 n=82%: flex=1 1s
[fastdllm] doc 42 n=84%: flex=1 1s
[fastdllm] doc 42 n=86%: flex=1 1s
[fastdllm] doc 42 n=88%: flex=1 1s
[fastdllm] doc 45 n=2%: flex=0 6s
[fastdllm] doc 45 n=4%: flex=0 6s
[fastdllm] doc 45 n=6%: flex=0 5s
[fastdllm] doc 45 n=8%: flex=1 5s
[fastdllm] doc 45 n=12%: flex=1 5s
[fastdllm] doc 45 n=14%: flex=0 5s
[fastdllm] doc 45 n=16%: flex=1 5s
[fastdllm] doc 45 n=18%: flex=1 5s
[fastdllm] doc 45 n=22%: flex=1 5s
[fastdllm] doc 45 n=24%: flex=1 4s
[fastdllm] doc 45 n=26%: flex=1 4s
[fastdllm] doc 45 n=28%: flex=1 4s
[fastdllm] doc 45 n=32%: flex=1 4s
[fastdllm] doc 45 n=34%: flex=1 4s
[fastdllm] doc 45 n=36%: flex=1 4s
[fastdllm] doc 45 n=38%: flex=1 4s
[fastdllm] doc 45 n=42%: flex=1 3s
[fastdllm] doc 45 n=44%: flex=1 3s
[fastdllm] doc 45 n=46%: flex=1 3s
[fastdllm] doc 45 n=48%: flex=1 3s
[fastdllm] doc 45 n=52%: flex=1 3s
[fastdllm] doc 45 n=54%: flex=1 3s
[fastdllm] doc 45 n=56%: flex=1 3s
[fastdllm] doc 45 n=58%: flex=1 2s
[fastdllm] doc 45 n=62%: flex=1 2s
[fastdllm] doc 45 n=64%: flex=1 2s
[fastdllm] doc 45 n=66%: flex=1 2s
[fastdllm] doc 45 n=68%: flex=1 2s
[fastdllm] doc 45 n=72%: flex=1 2s
[fastdllm] doc 45 n=74%: flex=1 2s
[fastdllm] doc 45 n=76%: flex=1 1s
[fastdllm] doc 45 n=78%: flex=1 1s
[fastdllm] doc 45 n=82%: flex=1 1s
[fastdllm] doc 45 n=84%: flex=1 1s
[fastdllm] doc 45 n=86%: flex=1 1s
[fastdllm] doc 45 n=88%: flex=1 1s
[fastdllm] doc 48 n=2%: flex=1 5s
[fastdllm] doc 48 n=4%: flex=1 5s
[fastdllm] doc 48 n=6%: flex=1 5s
[fastdllm] doc 48 n=8%: flex=1 5s
[fastdllm] doc 48 n=12%: flex=1 5s
[fastdllm] doc 48 n=14%: flex=1 5s
[fastdllm] doc 48 n=16%: flex=1 5s
[fastdllm] doc 48 n=18%: flex=1 5s
[fastdllm] doc 48 n=22%: flex=1 4s
[fastdllm] doc 48 n=24%: flex=1 4s
[fastdllm] doc 48 n=26%: flex=1 4s
[fastdllm] doc 48 n=28%: flex=1 4s
[fastdllm] doc 48 n=32%: flex=1 4s
[fastdllm] doc 48 n=34%: flex=1 4s
[fastdllm] doc 48 n=36%: flex=1 4s
[fastdllm] doc 48 n=38%: flex=1 3s
[fastdllm] doc 48 n=42%: flex=1 3s
[fastdllm] doc 48 n=44%: flex=1 3s
[fastdllm] doc 48 n=46%: flex=1 3s
[fastdllm] doc 48 n=48%: flex=1 3s
[fastdllm] doc 48 n=52%: flex=1 3s
[fastdllm] doc 48 n=54%: flex=1 3s
[fastdllm] doc 48 n=56%: flex=1 3s
[fastdllm] doc 48 n=58%: flex=1 2s
[fastdllm] doc 48 n=62%: flex=1 2s
[fastdllm] doc 48 n=64%: flex=1 2s
[fastdllm] doc 48 n=66%: flex=1 2s
[fastdllm] doc 48 n=68%: flex=1 2s
[fastdllm] doc 48 n=72%: flex=1 2s
[fastdllm] doc 48 n=74%: flex=1 2s
[fastdllm] doc 48 n=76%: flex=1 1s
[fastdllm] doc 48 n=78%: flex=1 1s
[fastdllm] doc 48 n=82%: flex=1 1s
[fastdllm] doc 48 n=84%: flex=1 1s
[fastdllm] doc 48 n=86%: flex=1 1s
[fastdllm] doc 48 n=88%: flex=1 1s
[fastdllm] doc 49 n=2%: flex=1 5s
[fastdllm] doc 49 n=4%: flex=1 5s
[fastdllm] doc 49 n=6%: flex=1 5s
[fastdllm] doc 49 n=8%: flex=1 5s
[fastdllm] doc 49 n=12%: flex=1 5s
[fastdllm] doc 49 n=14%: flex=1 5s
[fastdllm] doc 49 n=16%: flex=1 5s
[fastdllm] doc 49 n=18%: flex=1 5s
[fastdllm] doc 49 n=22%: flex=1 4s
[fastdllm] doc 49 n=24%: flex=1 4s
[fastdllm] doc 49 n=26%: flex=1 4s
[fastdllm] doc 49 n=28%: flex=1 4s
[fastdllm] doc 49 n=32%: flex=1 4s
[fastdllm] doc 49 n=34%: flex=1 4s
[fastdllm] doc 49 n=36%: flex=1 4s
[fastdllm] doc 49 n=38%: flex=1 4s
[fastdllm] doc 49 n=42%: flex=1 3s
[fastdllm] doc 49 n=44%: flex=1 3s
[fastdllm] doc 49 n=46%: flex=1 3s
[fastdllm] doc 49 n=48%: flex=1 3s
[fastdllm] doc 49 n=52%: flex=1 3s
[fastdllm] doc 49 n=54%: flex=1 3s
[fastdllm] doc 49 n=56%: flex=1 2s
[fastdllm] doc 49 n=58%: flex=1 2s
[fastdllm] doc 49 n=62%: flex=1 2s
[fastdllm] doc 49 n=64%: flex=1 2s
[fastdllm] doc 49 n=66%: flex=1 2s
[fastdllm] doc 49 n=68%: flex=1 2s
[fastdllm] doc 49 n=72%: flex=1 2s
[fastdllm] doc 49 n=74%: flex=1 2s
[fastdllm] doc 49 n=76%: flex=1 1s
[fastdllm] doc 49 n=78%: flex=1 1s
[fastdllm] doc 49 n=82%: flex=1 1s
[fastdllm] doc 49 n=84%: flex=1 1s
[fastdllm] doc 49 n=86%: flex=1 1s
[fastdllm] doc 49 n=88%: flex=1 1s
[fastdllm] doc 50 n=2%: flex=1 5s
[fastdllm] doc 50 n=4%: flex=1 5s
[fastdllm] doc 50 n=6%: flex=1 5s
[fastdllm] doc 50 n=8%: flex=1 5s
[fastdllm] doc 50 n=12%: flex=1 5s
[fastdllm] doc 50 n=14%: flex=1 5s
[fastdllm] doc 50 n=16%: flex=1 5s
[fastdllm] doc 50 n=18%: flex=1 5s
[fastdllm] doc 50 n=22%: flex=1 4s
[fastdllm] doc 50 n=24%: flex=1 4s
[fastdllm] doc 50 n=26%: flex=1 4s
[fastdllm] doc 50 n=28%: flex=1 4s
[fastdllm] doc 50 n=32%: flex=1 4s
[fastdllm] doc 50 n=34%: flex=1 4s
[fastdllm] doc 50 n=36%: flex=1 4s
[fastdllm] doc 50 n=38%: flex=1 3s
[fastdllm] doc 50 n=42%: flex=1 3s
[fastdllm] doc 50 n=44%: flex=1 3s
[fastdllm] doc 50 n=46%: flex=1 3s
[fastdllm] doc 50 n=48%: flex=1 3s
[fastdllm] doc 50 n=52%: flex=1 3s
[fastdllm] doc 50 n=54%: flex=1 3s
[fastdllm] doc 50 n=56%: flex=1 2s
[fastdllm] doc 50 n=58%: flex=1 2s
[fastdllm] doc 50 n=62%: flex=1 2s
[fastdllm] doc 50 n=64%: flex=1 2s
[fastdllm] doc 50 n=66%: flex=1 2s
[fastdllm] doc 50 n=68%: flex=1 2s
[fastdllm] doc 50 n=72%: flex=1 2s
[fastdllm] doc 50 n=74%: flex=1 2s
[fastdllm] doc 50 n=76%: flex=1 1s
[fastdllm] doc 50 n=78%: flex=1 1s
[fastdllm] doc 50 n=82%: flex=1 1s
[fastdllm] doc 50 n=84%: flex=1 1s
[fastdllm] doc 50 n=86%: flex=1 1s
[fastdllm] doc 50 n=88%: flex=1 1s
[fastdllm] doc 51 n=2%: flex=0 5s
[fastdllm] doc 51 n=4%: flex=0 5s
[fastdllm] doc 51 n=6%: flex=0 5s
[fastdllm] doc 51 n=8%: flex=0 5s
[fastdllm] doc 51 n=12%: flex=0 5s
[fastdllm] doc 51 n=14%: flex=0 5s
[fastdllm] doc 51 n=16%: flex=0 5s
[fastdllm] doc 51 n=18%: flex=0 5s
[fastdllm] doc 51 n=22%: flex=0 4s
[fastdllm] doc 51 n=24%: flex=0 4s
[fastdllm] doc 51 n=26%: flex=1 4s
[fastdllm] doc 51 n=28%: flex=1 4s
[fastdllm] doc 51 n=32%: flex=1 4s
[fastdllm] doc 51 n=34%: flex=1 4s
[fastdllm] doc 51 n=36%: flex=1 4s
[fastdllm] doc 51 n=38%: flex=1 4s
[fastdllm] doc 51 n=42%: flex=1 3s
[fastdllm] doc 51 n=44%: flex=1 3s
[fastdllm] doc 51 n=46%: flex=1 3s
[fastdllm] doc 51 n=48%: flex=1 3s
[fastdllm] doc 51 n=52%: flex=1 3s
[fastdllm] doc 51 n=54%: flex=1 3s
[fastdllm] doc 51 n=56%: flex=1 3s
[fastdllm] doc 51 n=58%: flex=1 2s
[fastdllm] doc 51 n=62%: flex=1 2s
[fastdllm] doc 51 n=64%: flex=1 2s
[fastdllm] doc 51 n=66%: flex=1 2s
[fastdllm] doc 51 n=68%: flex=1 2s
[fastdllm] doc 51 n=72%: flex=1 2s
[fastdllm] doc 51 n=74%: flex=1 2s
[fastdllm] doc 51 n=76%: flex=1 2s
[fastdllm] doc 51 n=78%: flex=1 1s
[fastdllm] doc 51 n=82%: flex=1 1s
[fastdllm] doc 51 n=84%: flex=1 1s
[fastdllm] doc 51 n=86%: flex=1 1s
[fastdllm] doc 51 n=88%: flex=1 1s
[fastdllm] doc 52 n=2%: flex=1 5s
[fastdllm] doc 52 n=4%: flex=1 5s
[fastdllm] doc 52 n=6%: flex=1 5s
[fastdllm] doc 52 n=8%: flex=1 5s
[fastdllm] doc 52 n=12%: flex=1 5s
[fastdllm] doc 52 n=14%: flex=1 5s
[fastdllm] doc 52 n=16%: flex=1 5s
[fastdllm] doc 52 n=18%: flex=1 5s
[fastdllm] doc 52 n=22%: flex=1 4s
[fastdllm] doc 52 n=24%: flex=1 4s
[fastdllm] doc 52 n=26%: flex=1 4s
[fastdllm] doc 52 n=28%: flex=1 4s
[fastdllm] doc 52 n=32%: flex=1 4s
[fastdllm] doc 52 n=34%: flex=1 4s
[fastdllm] doc 52 n=36%: flex=1 4s
[fastdllm] doc 52 n=38%: flex=1 4s
[fastdllm] doc 52 n=42%: flex=1 3s
[fastdllm] doc 52 n=44%: flex=1 3s
[fastdllm] doc 52 n=46%: flex=1 3s
[fastdllm] doc 52 n=48%: flex=1 3s
[fastdllm] doc 52 n=52%: flex=1 3s
[fastdllm] doc 52 n=54%: flex=1 3s
[fastdllm] doc 52 n=56%: flex=1 2s
[fastdllm] doc 52 n=58%: flex=1 2s
[fastdllm] doc 52 n=62%: flex=1 2s
[fastdllm] doc 52 n=64%: flex=1 2s
[fastdllm] doc 52 n=66%: flex=1 2s
[fastdllm] doc 52 n=68%: flex=1 2s
[fastdllm] doc 52 n=72%: flex=1 2s
[fastdllm] doc 52 n=74%: flex=1 2s
[fastdllm] doc 52 n=76%: flex=1 1s
[fastdllm] doc 52 n=78%: flex=1 1s
[fastdllm] doc 52 n=82%: flex=1 1s
[fastdllm] doc 52 n=84%: flex=1 1s
[fastdllm] doc 52 n=86%: flex=1 1s
[fastdllm] doc 52 n=88%: flex=1 1s
[fastdllm] doc 53 n=2%: flex=0 6s
[fastdllm] doc 53 n=4%: flex=1 6s
[fastdllm] doc 53 n=6%: flex=0 6s
[fastdllm] doc 53 n=8%: flex=0 6s
[fastdllm] doc 53 n=12%: flex=0 5s
[fastdllm] doc 53 n=14%: flex=0 5s
[fastdllm] doc 53 n=16%: flex=0 5s
[fastdllm] doc 53 n=18%: flex=0 5s
[fastdllm] doc 53 n=22%: flex=0 5s
[fastdllm] doc 53 n=24%: flex=0 5s
[fastdllm] doc 53 n=26%: flex=0 5s
[fastdllm] doc 53 n=28%: flex=0 5s
[fastdllm] doc 53 n=32%: flex=0 4s
[fastdllm] doc 53 n=34%: flex=0 4s
[fastdllm] doc 53 n=36%: flex=0 4s
[fastdllm] doc 53 n=38%: flex=0 4s
[fastdllm] doc 53 n=42%: flex=1 3s
[fastdllm] doc 53 n=44%: flex=0 3s
[fastdllm] doc 53 n=46%: flex=0 3s
[fastdllm] doc 53 n=48%: flex=1 3s
[fastdllm] doc 53 n=52%: flex=1 3s
[fastdllm] doc 53 n=54%: flex=1 3s
[fastdllm] doc 53 n=56%: flex=1 3s
[fastdllm] doc 53 n=58%: flex=1 3s
[fastdllm] doc 53 n=62%: flex=1 2s
[fastdllm] doc 53 n=64%: flex=1 2s
[fastdllm] doc 53 n=66%: flex=1 2s
[fastdllm] doc 53 n=68%: flex=1 2s
[fastdllm] doc 53 n=72%: flex=1 2s
[fastdllm] doc 53 n=74%: flex=1 2s
[fastdllm] doc 53 n=76%: flex=1 1s
[fastdllm] doc 53 n=78%: flex=1 1s
[fastdllm] doc 53 n=82%: flex=1 1s
[fastdllm] doc 53 n=84%: flex=1 1s
[fastdllm] doc 53 n=86%: flex=1 1s
[fastdllm] doc 53 n=88%: flex=1 1s
[fastdllm] doc 55 n=2%: flex=1 6s
[fastdllm] doc 55 n=4%: flex=1 6s
[fastdllm] doc 55 n=6%: flex=1 5s
[fastdllm] doc 55 n=8%: flex=1 5s
[fastdllm] doc 55 n=12%: flex=1 5s
[fastdllm] doc 55 n=14%: flex=1 5s
[fastdllm] doc 55 n=16%: flex=1 5s
[fastdllm] doc 55 n=18%: flex=1 5s
[fastdllm] doc 55 n=22%: flex=1 5s
[fastdllm] doc 55 n=24%: flex=1 4s
[fastdllm] doc 55 n=26%: flex=1 4s
[fastdllm] doc 55 n=28%: flex=1 4s
[fastdllm] doc 55 n=32%: flex=1 4s
[fastdllm] doc 55 n=34%: flex=1 4s
[fastdllm] doc 55 n=36%: flex=1 4s
[fastdllm] doc 55 n=38%: flex=1 4s
[fastdllm] doc 55 n=42%: flex=1 3s
[fastdllm] doc 55 n=44%: flex=1 3s
[fastdllm] doc 55 n=46%: flex=1 3s
[fastdllm] doc 55 n=48%: flex=1 3s
[fastdllm] doc 55 n=52%: flex=1 3s
[fastdllm] doc 55 n=54%: flex=1 3s
[fastdllm] doc 55 n=56%: flex=1 3s
[fastdllm] doc 55 n=58%: flex=1 3s
[fastdllm] doc 55 n=62%: flex=1 2s
[fastdllm] doc 55 n=64%: flex=1 2s
[fastdllm] doc 55 n=66%: flex=1 2s
[fastdllm] doc 55 n=68%: flex=1 2s
[fastdllm] doc 55 n=72%: flex=1 2s
[fastdllm] doc 55 n=74%: flex=1 2s
[fastdllm] doc 55 n=76%: flex=1 2s
[fastdllm] doc 55 n=78%: flex=1 1s
[fastdllm] doc 55 n=82%: flex=1 1s
[fastdllm] doc 55 n=84%: flex=1 1s
[fastdllm] doc 55 n=86%: flex=1 1s
[fastdllm] doc 55 n=88%: flex=1 1s
[fastdllm] doc 56 n=2%: flex=1 6s
[fastdllm] doc 56 n=4%: flex=1 6s
[fastdllm] doc 56 n=6%: flex=1 5s
[fastdllm] doc 56 n=8%: flex=1 5s
[fastdllm] doc 56 n=12%: flex=1 5s
[fastdllm] doc 56 n=14%: flex=1 5s
[fastdllm] doc 56 n=16%: flex=1 5s
[fastdllm] doc 56 n=18%: flex=1 5s
[fastdllm] doc 56 n=22%: flex=1 5s
[fastdllm] doc 56 n=24%: flex=1 4s
[fastdllm] doc 56 n=26%: flex=1 4s
[fastdllm] doc 56 n=28%: flex=1 4s
[fastdllm] doc 56 n=32%: flex=1 4s
[fastdllm] doc 56 n=34%: flex=1 4s
[fastdllm] doc 56 n=36%: flex=1 4s
[fastdllm] doc 56 n=38%: flex=1 4s
[fastdllm] doc 56 n=42%: flex=1 3s
[fastdllm] doc 56 n=44%: flex=1 3s
[fastdllm] doc 56 n=46%: flex=1 3s
[fastdllm] doc 56 n=48%: flex=1 3s
[fastdllm] doc 56 n=52%: flex=1 3s
[fastdllm] doc 56 n=54%: flex=1 3s
[fastdllm] doc 56 n=56%: flex=1 3s
[fastdllm] doc 56 n=58%: flex=1 2s
[fastdllm] doc 56 n=62%: flex=1 2s
[fastdllm] doc 56 n=64%: flex=1 2s
[fastdllm] doc 56 n=66%: flex=1 2s
[fastdllm] doc 56 n=68%: flex=1 2s
[fastdllm] doc 56 n=72%: flex=1 2s
[fastdllm] doc 56 n=74%: flex=1 2s
[fastdllm] doc 56 n=76%: flex=1 1s
[fastdllm] doc 56 n=78%: flex=1 1s
[fastdllm] doc 56 n=82%: flex=1 1s
[fastdllm] doc 56 n=84%: flex=1 1s
[fastdllm] doc 56 n=86%: flex=1 1s
[fastdllm] doc 56 n=88%: flex=1 1s
[fastdllm] doc 57 n=2%: flex=0 6s
[fastdllm] doc 57 n=4%: flex=1 6s
[fastdllm] doc 57 n=6%: flex=1 5s
[fastdllm] doc 57 n=8%: flex=1 5s
[fastdllm] doc 57 n=12%: flex=1 5s
[fastdllm] doc 57 n=14%: flex=1 5s
[fastdllm] doc 57 n=16%: flex=1 5s
[fastdllm] doc 57 n=18%: flex=1 5s
[fastdllm] doc 57 n=22%: flex=1 5s
[fastdllm] doc 57 n=24%: flex=1 4s
[fastdllm] doc 57 n=26%: flex=1 4s
[fastdllm] doc 57 n=28%: flex=1 4s
[fastdllm] doc 57 n=32%: flex=1 4s
[fastdllm] doc 57 n=34%: flex=1 4s
[fastdllm] doc 57 n=36%: flex=1 4s
[fastdllm] doc 57 n=38%: flex=1 4s
[fastdllm] doc 57 n=42%: flex=1 3s
[fastdllm] doc 57 n=44%: flex=1 3s
[fastdllm] doc 57 n=46%: flex=1 3s
[fastdllm] doc 57 n=48%: flex=1 3s
[fastdllm] doc 57 n=52%: flex=1 3s
[fastdllm] doc 57 n=54%: flex=1 3s
[fastdllm] doc 57 n=56%: flex=1 3s
[fastdllm] doc 57 n=58%: flex=1 2s
[fastdllm] doc 57 n=62%: flex=1 2s
[fastdllm] doc 57 n=64%: flex=1 2s
[fastdllm] doc 57 n=66%: flex=1 2s
[fastdllm] doc 57 n=68%: flex=1 2s
[fastdllm] doc 57 n=72%: flex=1 2s
[fastdllm] doc 57 n=74%: flex=1 2s
[fastdllm] doc 57 n=76%: flex=1 1s
[fastdllm] doc 57 n=78%: flex=1 1s
[fastdllm] doc 57 n=82%: flex=1 1s
[fastdllm] doc 57 n=84%: flex=1 1s
[fastdllm] doc 57 n=86%: flex=1 1s
[fastdllm] doc 57 n=88%: flex=1 1s
[fastdllm] doc 58 n=2%: flex=1 6s
[fastdllm] doc 58 n=4%: flex=1 6s
[fastdllm] doc 58 n=6%: flex=1 6s
[fastdllm] doc 58 n=8%: flex=1 5s
[fastdllm] doc 58 n=12%: flex=1 5s
[fastdllm] doc 58 n=14%: flex=1 5s
[fastdllm] doc 58 n=16%: flex=1 5s
[fastdllm] doc 58 n=18%: flex=1 5s
[fastdllm] doc 58 n=22%: flex=1 5s
[fastdllm] doc 58 n=24%: flex=1 5s
[fastdllm] doc 58 n=26%: flex=1 4s
[fastdllm] doc 58 n=28%: flex=1 4s
[fastdllm] doc 58 n=32%: flex=1 4s
[fastdllm] doc 58 n=34%: flex=1 4s
[fastdllm] doc 58 n=36%: flex=1 4s
[fastdllm] doc 58 n=38%: flex=1 4s
[fastdllm] doc 58 n=42%: flex=1 3s
[fastdllm] doc 58 n=44%: flex=1 3s
[fastdllm] doc 58 n=46%: flex=1 3s
[fastdllm] doc 58 n=48%: flex=1 3s
[fastdllm] doc 58 n=52%: flex=1 3s
[fastdllm] doc 58 n=54%: flex=1 3s
[fastdllm] doc 58 n=56%: flex=1 3s
[fastdllm] doc 58 n=58%: flex=1 3s
[fastdllm] doc 58 n=62%: flex=1 2s
[fastdllm] doc 58 n=64%: flex=1 2s
[fastdllm] doc 58 n=66%: flex=1 2s
[fastdllm] doc 58 n=68%: flex=1 2s
[fastdllm] doc 58 n=72%: flex=1 2s
[fastdllm] doc 58 n=74%: flex=1 2s
[fastdllm] doc 58 n=76%: flex=1 1s
[fastdllm] doc 58 n=78%: flex=1 1s
[fastdllm] doc 58 n=82%: flex=1 1s
[fastdllm] doc 58 n=84%: flex=1 1s
[fastdllm] doc 58 n=86%: flex=1 1s
[fastdllm] doc 58 n=88%: flex=1 1s
[fastdllm] doc 61 n=2%: flex=1 5s
[fastdllm] doc 61 n=4%: flex=1 5s
[fastdllm] doc 61 n=6%: flex=1 5s
[fastdllm] doc 61 n=8%: flex=1 5s
[fastdllm] doc 61 n=12%: flex=1 5s
[fastdllm] doc 61 n=14%: flex=1 5s
[fastdllm] doc 61 n=16%: flex=1 5s
[fastdllm] doc 61 n=18%: flex=1 5s
[fastdllm] doc 61 n=22%: flex=1 4s
[fastdllm] doc 61 n=24%: flex=1 4s
[fastdllm] doc 61 n=26%: flex=1 4s
[fastdllm] doc 61 n=28%: flex=1 4s
[fastdllm] doc 61 n=32%: flex=1 4s
[fastdllm] doc 61 n=34%: flex=1 4s
[fastdllm] doc 61 n=36%: flex=1 4s
[fastdllm] doc 61 n=38%: flex=1 4s
[fastdllm] doc 61 n=42%: flex=1 3s
[fastdllm] doc 61 n=44%: flex=1 3s
[fastdllm] doc 61 n=46%: flex=1 3s
[fastdllm] doc 61 n=48%: flex=1 3s
[fastdllm] doc 61 n=52%: flex=1 3s
[fastdllm] doc 61 n=54%: flex=1 3s
[fastdllm] doc 61 n=56%: flex=1 3s
[fastdllm] doc 61 n=58%: flex=1 2s
[fastdllm] doc 61 n=62%: flex=1 2s
[fastdllm] doc 61 n=64%: flex=1 2s
[fastdllm] doc 61 n=66%: flex=1 2s
[fastdllm] doc 61 n=68%: flex=1 2s
[fastdllm] doc 61 n=72%: flex=1 2s
[fastdllm] doc 61 n=74%: flex=1 2s
[fastdllm] doc 61 n=76%: flex=1 1s
[fastdllm] doc 61 n=78%: flex=1 1s
[fastdllm] doc 61 n=82%: flex=1 1s
[fastdllm] doc 61 n=84%: flex=1 1s
[fastdllm] doc 61 n=86%: flex=1 1s
[fastdllm] doc 61 n=88%: flex=1 1s
[fastdllm] doc 63 n=2%: flex=0 5s
[fastdllm] doc 63 n=4%: flex=0 5s
[fastdllm] doc 63 n=6%: flex=0 5s
[fastdllm] doc 63 n=8%: flex=1 5s
[fastdllm] doc 63 n=12%: flex=1 5s
[fastdllm] doc 63 n=14%: flex=1 5s
[fastdllm] doc 63 n=16%: flex=1 5s
[fastdllm] doc 63 n=18%: flex=1 5s
[fastdllm] doc 63 n=22%: flex=1 4s
[fastdllm] doc 63 n=24%: flex=1 4s
[fastdllm] doc 63 n=26%: flex=1 4s
[fastdllm] doc 63 n=28%: flex=1 4s
[fastdllm] doc 63 n=32%: flex=1 4s
[fastdllm] doc 63 n=34%: flex=1 4s
[fastdllm] doc 63 n=36%: flex=1 4s
[fastdllm] doc 63 n=38%: flex=1 4s
[fastdllm] doc 63 n=42%: flex=1 3s
[fastdllm] doc 63 n=44%: flex=1 3s
[fastdllm] doc 63 n=46%: flex=1 3s
[fastdllm] doc 63 n=48%: flex=1 3s
[fastdllm] doc 63 n=52%: flex=1 3s
[fastdllm] doc 63 n=54%: flex=1 3s
[fastdllm] doc 63 n=56%: flex=1 3s
[fastdllm] doc 63 n=58%: flex=1 2s
[fastdllm] doc 63 n=62%: flex=1 2s
[fastdllm] doc 63 n=64%: flex=1 2s
[fastdllm] doc 63 n=66%: flex=1 2s
[fastdllm] doc 63 n=68%: flex=1 2s
[fastdllm] doc 63 n=72%: flex=1 2s
[fastdllm] doc 63 n=74%: flex=1 2s
[fastdllm] doc 63 n=76%: flex=1 1s
[fastdllm] doc 63 n=78%: flex=1 1s
[fastdllm] doc 63 n=82%: flex=1 1s
[fastdllm] doc 63 n=84%: flex=1 1s
[fastdllm] doc 63 n=86%: flex=1 1s
[fastdllm] doc 63 n=88%: flex=1 1s
[fastdllm] complete -> results_experiment_2_dose/continuations_fastdllm.csv + results_experiment_2_dose/student_trace_fastdllm.npz
The argument `trust_remote_code` is to be used with Auto classes. It has no effect here and is ignored.
[methods] loaded ['ours', 'fastdllm', 'd2cache', 'dllmcache'] from experiment_2_methods.yaml
Loading checkpoint shards:   0%|          | 0/6 [00:00<?, ?it/s]Loading checkpoint shards:  17%|█▋        | 1/6 [00:00<00:00,  6.15it/s]Loading checkpoint shards:  33%|███▎      | 2/6 [00:00<00:00,  6.57it/s]Loading checkpoint shards:  50%|█████     | 3/6 [00:00<00:00,  6.79it/s]Loading checkpoint shards:  67%|██████▋   | 4/6 [00:00<00:00,  6.90it/s]Loading checkpoint shards:  83%|████████▎ | 5/6 [00:00<00:00,  7.04it/s]Loading checkpoint shards: 100%|██████████| 6/6 [00:00<00:00,  7.14it/s]Loading checkpoint shards: 100%|██████████| 6/6 [00:00<00:00,  6.95it/s]
[d2cache] 41 teacher-correct docs x 46 n-values (410 rows already done, 41 traces on disk)
[d2cache] doc 0 n=2%: flex=1 7s
[d2cache] doc 0 n=4%: flex=1 6s
[d2cache] doc 0 n=6%: flex=1 6s
[d2cache] doc 0 n=8%: flex=1 6s
[d2cache] doc 0 n=12%: flex=1 6s
[d2cache] doc 0 n=14%: flex=1 5s
[d2cache] doc 0 n=16%: flex=1 5s
[d2cache] doc 0 n=18%: flex=1 5s
[d2cache] doc 0 n=22%: flex=1 5s
[d2cache] doc 0 n=24%: flex=1 5s
[d2cache] doc 0 n=26%: flex=1 5s
[d2cache] doc 0 n=28%: flex=1 5s
[d2cache] doc 0 n=32%: flex=1 4s
[d2cache] doc 0 n=34%: flex=1 4s
[d2cache] doc 0 n=36%: flex=1 4s
[d2cache] doc 0 n=38%: flex=1 4s
[d2cache] doc 0 n=42%: flex=1 4s
[d2cache] doc 0 n=44%: flex=1 4s
[d2cache] doc 0 n=46%: flex=1 3s
[d2cache] doc 0 n=48%: flex=1 3s
[d2cache] doc 0 n=52%: flex=1 3s
[d2cache] doc 0 n=54%: flex=1 3s
[d2cache] doc 0 n=56%: flex=1 3s
[d2cache] doc 0 n=58%: flex=1 3s
[d2cache] doc 0 n=62%: flex=1 2s
[d2cache] doc 0 n=64%: flex=1 2s
[d2cache] doc 0 n=66%: flex=1 2s
[d2cache] doc 0 n=68%: flex=1 2s
[d2cache] doc 0 n=72%: flex=1 2s
[d2cache] doc 0 n=74%: flex=1 2s
[d2cache] doc 0 n=76%: flex=1 2s
[d2cache] doc 0 n=78%: flex=1 1s
[d2cache] doc 0 n=82%: flex=1 1s
[d2cache] doc 0 n=84%: flex=1 1s
[d2cache] doc 0 n=86%: flex=1 1s
[d2cache] doc 0 n=88%: flex=1 1s
[d2cache] doc 1 n=2%: flex=1 7s
[d2cache] doc 1 n=4%: flex=1 6s
[d2cache] doc 1 n=6%: flex=1 6s
[d2cache] doc 1 n=8%: flex=1 6s
[d2cache] doc 1 n=12%: flex=1 6s
[d2cache] doc 1 n=14%: flex=1 6s
[d2cache] doc 1 n=16%: flex=1 6s
[d2cache] doc 1 n=18%: flex=1 5s
[d2cache] doc 1 n=22%: flex=1 5s
[d2cache] doc 1 n=24%: flex=1 5s
[d2cache] doc 1 n=26%: flex=1 5s
[d2cache] doc 1 n=28%: flex=1 5s
[d2cache] doc 1 n=32%: flex=1 5s
[d2cache] doc 1 n=34%: flex=1 4s
[d2cache] doc 1 n=36%: flex=1 4s
[d2cache] doc 1 n=38%: flex=1 4s
[d2cache] doc 1 n=42%: flex=1 4s
[d2cache] doc 1 n=44%: flex=1 4s
[d2cache] doc 1 n=46%: flex=1 4s
[d2cache] doc 1 n=48%: flex=1 4s
[d2cache] doc 1 n=52%: flex=1 3s
[d2cache] doc 1 n=54%: flex=1 3s
[d2cache] doc 1 n=56%: flex=1 3s
[d2cache] doc 1 n=58%: flex=1 3s
[d2cache] doc 1 n=62%: flex=1 3s
[d2cache] doc 1 n=64%: flex=1 2s
[d2cache] doc 1 n=66%: flex=1 2s
[d2cache] doc 1 n=68%: flex=1 2s
[d2cache] doc 1 n=72%: flex=1 2s
[d2cache] doc 1 n=74%: flex=1 2s
[d2cache] doc 1 n=76%: flex=1 2s
[d2cache] doc 1 n=78%: flex=1 2s
[d2cache] doc 1 n=82%: flex=1 1s
[d2cache] doc 1 n=84%: flex=1 1s
[d2cache] doc 1 n=86%: flex=1 1s
[d2cache] doc 1 n=88%: flex=1 1s
[d2cache] doc 3 n=2%: flex=1 6s
[d2cache] doc 3 n=4%: flex=1 6s
[d2cache] doc 3 n=6%: flex=1 6s
[d2cache] doc 3 n=8%: flex=1 6s
[d2cache] doc 3 n=12%: flex=1 5s
[d2cache] doc 3 n=14%: flex=1 5s
[d2cache] doc 3 n=16%: flex=1 5s
[d2cache] doc 3 n=18%: flex=1 5s
[d2cache] doc 3 n=22%: flex=1 5s
[d2cache] doc 3 n=24%: flex=1 5s
[d2cache] doc 3 n=26%: flex=1 5s
[d2cache] doc 3 n=28%: flex=1 4s
[d2cache] doc 3 n=32%: flex=1 4s
[d2cache] doc 3 n=34%: flex=1 4s
[d2cache] doc 3 n=36%: flex=1 4s
[d2cache] doc 3 n=38%: flex=1 4s
[d2cache] doc 3 n=42%: flex=1 4s
[d2cache] doc 3 n=44%: flex=1 3s
[d2cache] doc 3 n=46%: flex=1 3s
[d2cache] doc 3 n=48%: flex=1 3s
[d2cache] doc 3 n=52%: flex=1 3s
[d2cache] doc 3 n=54%: flex=1 3s
[d2cache] doc 3 n=56%: flex=1 3s
[d2cache] doc 3 n=58%: flex=1 3s
[d2cache] doc 3 n=62%: flex=1 2s
[d2cache] doc 3 n=64%: flex=1 2s
[d2cache] doc 3 n=66%: flex=1 2s
[d2cache] doc 3 n=68%: flex=1 2s
[d2cache] doc 3 n=72%: flex=1 2s
[d2cache] doc 3 n=74%: flex=1 2s
[d2cache] doc 3 n=76%: flex=1 2s
[d2cache] doc 3 n=78%: flex=1 1s
[d2cache] doc 3 n=82%: flex=1 1s
[d2cache] doc 3 n=84%: flex=1 1s
[d2cache] doc 3 n=86%: flex=1 1s
[d2cache] doc 3 n=88%: flex=1 1s
[d2cache] doc 4 n=2%: flex=1 6s
[d2cache] doc 4 n=4%: flex=1 6s
[d2cache] doc 4 n=6%: flex=1 6s
[d2cache] doc 4 n=8%: flex=1 6s
[d2cache] doc 4 n=12%: flex=1 6s
[d2cache] doc 4 n=14%: flex=1 6s
[d2cache] doc 4 n=16%: flex=1 5s
[d2cache] doc 4 n=18%: flex=1 5s
[d2cache] doc 4 n=22%: flex=1 5s
[d2cache] doc 4 n=24%: flex=1 5s
[d2cache] doc 4 n=26%: flex=1 5s
[d2cache] doc 4 n=28%: flex=1 5s
[d2cache] doc 4 n=32%: flex=1 4s
[d2cache] doc 4 n=34%: flex=1 4s
[d2cache] doc 4 n=36%: flex=1 4s
[d2cache] doc 4 n=38%: flex=1 4s
[d2cache] doc 4 n=42%: flex=1 4s
[d2cache] doc 4 n=44%: flex=1 4s
[d2cache] doc 4 n=46%: flex=1 3s
[d2cache] doc 4 n=48%: flex=1 3s
[d2cache] doc 4 n=52%: flex=1 3s
[d2cache] doc 4 n=54%: flex=1 3s
[d2cache] doc 4 n=56%: flex=1 3s
[d2cache] doc 4 n=58%: flex=1 3s
[d2cache] doc 4 n=62%: flex=1 2s
[d2cache] doc 4 n=64%: flex=1 2s
[d2cache] doc 4 n=66%: flex=1 2s
[d2cache] doc 4 n=68%: flex=1 2s
[d2cache] doc 4 n=72%: flex=1 2s
[d2cache] doc 4 n=74%: flex=1 2s
[d2cache] doc 4 n=76%: flex=1 2s
[d2cache] doc 4 n=78%: flex=1 1s
[d2cache] doc 4 n=82%: flex=1 1s
[d2cache] doc 4 n=84%: flex=1 1s
[d2cache] doc 4 n=86%: flex=1 1s
[d2cache] doc 4 n=88%: flex=1 1s
[d2cache] doc 6 n=2%: flex=1 6s
[d2cache] doc 6 n=4%: flex=1 6s
[d2cache] doc 6 n=6%: flex=1 6s
[d2cache] doc 6 n=8%: flex=1 6s
[d2cache] doc 6 n=12%: flex=1 6s
[d2cache] doc 6 n=14%: flex=1 5s
[d2cache] doc 6 n=16%: flex=1 5s
[d2cache] doc 6 n=18%: flex=1 5s
[d2cache] doc 6 n=22%: flex=1 5s
[d2cache] doc 6 n=24%: flex=1 5s
[d2cache] doc 6 n=26%: flex=1 5s
[d2cache] doc 6 n=28%: flex=0 5s
[d2cache] doc 6 n=32%: flex=1 4s
[d2cache] doc 6 n=34%: flex=1 4s
[d2cache] doc 6 n=36%: flex=1 4s
[d2cache] doc 6 n=38%: flex=1 4s
[d2cache] doc 6 n=42%: flex=1 4s
[d2cache] doc 6 n=44%: flex=1 3s
[d2cache] doc 6 n=46%: flex=1 3s
[d2cache] doc 6 n=48%: flex=1 3s
[d2cache] doc 6 n=52%: flex=1 3s
[d2cache] doc 6 n=54%: flex=1 3s
[d2cache] doc 6 n=56%: flex=1 3s
[d2cache] doc 6 n=58%: flex=1 3s
[d2cache] doc 6 n=62%: flex=1 2s
[d2cache] doc 6 n=64%: flex=1 2s
[d2cache] doc 6 n=66%: flex=1 2s
[d2cache] doc 6 n=68%: flex=1 2s
[d2cache] doc 6 n=72%: flex=1 2s
[d2cache] doc 6 n=74%: flex=1 2s
[d2cache] doc 6 n=76%: flex=1 2s
[d2cache] doc 6 n=78%: flex=1 1s
[d2cache] doc 6 n=82%: flex=1 1s
[d2cache] doc 6 n=84%: flex=1 1s
[d2cache] doc 6 n=86%: flex=1 1s
[d2cache] doc 6 n=88%: flex=1 1s
[d2cache] doc 9 n=2%: flex=1 6s
[d2cache] doc 9 n=4%: flex=1 6s
[d2cache] doc 9 n=6%: flex=1 6s
[d2cache] doc 9 n=8%: flex=1 5s
[d2cache] doc 9 n=12%: flex=1 5s
[d2cache] doc 9 n=14%: flex=1 5s
[d2cache] doc 9 n=16%: flex=1 5s
[d2cache] doc 9 n=18%: flex=1 5s
[d2cache] doc 9 n=22%: flex=1 5s
[d2cache] doc 9 n=24%: flex=1 5s
[d2cache] doc 9 n=26%: flex=1 4s
[d2cache] doc 9 n=28%: flex=1 4s
[d2cache] doc 9 n=32%: flex=0 4s
[d2cache] doc 9 n=34%: flex=1 4s
[d2cache] doc 9 n=36%: flex=1 4s
[d2cache] doc 9 n=38%: flex=1 4s
[d2cache] doc 9 n=42%: flex=1 3s
[d2cache] doc 9 n=44%: flex=1 3s
[d2cache] doc 9 n=46%: flex=1 3s
[d2cache] doc 9 n=48%: flex=1 3s
[d2cache] doc 9 n=52%: flex=1 3s
[d2cache] doc 9 n=54%: flex=1 3s
[d2cache] doc 9 n=56%: flex=1 3s
[d2cache] doc 9 n=58%: flex=1 3s
[d2cache] doc 9 n=62%: flex=1 2s
[d2cache] doc 9 n=64%: flex=1 2s
[d2cache] doc 9 n=66%: flex=1 2s
[d2cache] doc 9 n=68%: flex=1 2s
[d2cache] doc 9 n=72%: flex=1 2s
[d2cache] doc 9 n=74%: flex=1 2s
[d2cache] doc 9 n=76%: flex=1 1s
[d2cache] doc 9 n=78%: flex=1 1s
[d2cache] doc 9 n=82%: flex=1 1s
[d2cache] doc 9 n=84%: flex=1 1s
[d2cache] doc 9 n=86%: flex=1 1s
[d2cache] doc 9 n=88%: flex=1 1s
[d2cache] doc 10 n=2%: flex=1 6s
[d2cache] doc 10 n=4%: flex=1 6s
[d2cache] doc 10 n=6%: flex=0 6s
[d2cache] doc 10 n=8%: flex=1 6s
[d2cache] doc 10 n=12%: flex=1 6s
[d2cache] doc 10 n=14%: flex=1 6s
[d2cache] doc 10 n=16%: flex=1 5s
[d2cache] doc 10 n=18%: flex=1 5s
[d2cache] doc 10 n=22%: flex=1 5s
[d2cache] doc 10 n=24%: flex=1 5s
[d2cache] doc 10 n=26%: flex=1 5s
[d2cache] doc 10 n=28%: flex=1 5s
[d2cache] doc 10 n=32%: flex=1 4s
[d2cache] doc 10 n=34%: flex=0 4s
[d2cache] doc 10 n=36%: flex=1 4s
[d2cache] doc 10 n=38%: flex=1 4s
[d2cache] doc 10 n=42%: flex=1 4s
[d2cache] doc 10 n=44%: flex=1 4s
[d2cache] doc 10 n=46%: flex=1 3s
[d2cache] doc 10 n=48%: flex=1 3s
[d2cache] doc 10 n=52%: flex=1 3s
[d2cache] doc 10 n=54%: flex=1 3s
[d2cache] doc 10 n=56%: flex=1 3s
[d2cache] doc 10 n=58%: flex=1 3s
[d2cache] doc 10 n=62%: flex=1 2s
[d2cache] doc 10 n=64%: flex=1 2s
[d2cache] doc 10 n=66%: flex=1 2s
[d2cache] doc 10 n=68%: flex=1 2s
[d2cache] doc 10 n=72%: flex=1 2s
[d2cache] doc 10 n=74%: flex=1 2s
[d2cache] doc 10 n=76%: flex=1 2s
[d2cache] doc 10 n=78%: flex=1 1s
[d2cache] doc 10 n=82%: flex=1 1s
[d2cache] doc 10 n=84%: flex=1 1s
[d2cache] doc 10 n=86%: flex=1 1s
[d2cache] doc 10 n=88%: flex=1 1s
[d2cache] doc 11 n=2%: flex=1 7s
[d2cache] doc 11 n=4%: flex=1 7s
[d2cache] doc 11 n=6%: flex=1 7s
[d2cache] doc 11 n=8%: flex=1 6s
[d2cache] doc 11 n=12%: flex=1 6s
[d2cache] doc 11 n=14%: flex=1 6s
[d2cache] doc 11 n=16%: flex=1 6s
[d2cache] doc 11 n=18%: flex=1 6s
[d2cache] doc 11 n=22%: flex=1 5s
[d2cache] doc 11 n=24%: flex=1 5s
[d2cache] doc 11 n=26%: flex=1 5s
[d2cache] doc 11 n=28%: flex=1 5s
[d2cache] doc 11 n=32%: flex=1 5s
[d2cache] doc 11 n=34%: flex=1 5s
[d2cache] doc 11 n=36%: flex=1 4s
[d2cache] doc 11 n=38%: flex=1 4s
[d2cache] doc 11 n=42%: flex=1 4s
[d2cache] doc 11 n=44%: flex=1 4s
[d2cache] doc 11 n=46%: flex=1 4s
[d2cache] doc 11 n=48%: flex=1 4s
[d2cache] doc 11 n=52%: flex=1 3s
[d2cache] doc 11 n=54%: flex=1 3s
[d2cache] doc 11 n=56%: flex=1 3s
[d2cache] doc 11 n=58%: flex=1 3s
[d2cache] doc 11 n=62%: flex=1 3s
[d2cache] doc 11 n=64%: flex=1 3s
[d2cache] doc 11 n=66%: flex=1 2s
[d2cache] doc 11 n=68%: flex=1 2s
[d2cache] doc 11 n=72%: flex=1 2s
[d2cache] doc 11 n=74%: flex=1 2s
[d2cache] doc 11 n=76%: flex=1 2s
[d2cache] doc 11 n=78%: flex=1 2s
[d2cache] doc 11 n=82%: flex=1 1s
[d2cache] doc 11 n=84%: flex=1 1s
[d2cache] doc 11 n=86%: flex=1 1s
[d2cache] doc 11 n=88%: flex=1 1s
[d2cache] doc 14 n=2%: flex=1 6s
[d2cache] doc 14 n=4%: flex=1 6s
[d2cache] doc 14 n=6%: flex=1 6s
[d2cache] doc 14 n=8%: flex=1 6s
[d2cache] doc 14 n=12%: flex=1 5s
[d2cache] doc 14 n=14%: flex=1 5s
[d2cache] doc 14 n=16%: flex=1 5s
[d2cache] doc 14 n=18%: flex=1 5s
[d2cache] doc 14 n=22%: flex=1 5s
[d2cache] doc 14 n=24%: flex=1 5s
[d2cache] doc 14 n=26%: flex=1 5s
[d2cache] doc 14 n=28%: flex=1 4s
[d2cache] doc 14 n=32%: flex=1 4s
[d2cache] doc 14 n=34%: flex=1 4s
[d2cache] doc 14 n=36%: flex=1 4s
[d2cache] doc 14 n=38%: flex=0 4s
[d2cache] doc 14 n=42%: flex=1 4s
[d2cache] doc 14 n=44%: flex=0 4s
[d2cache] doc 14 n=46%: flex=1 3s
[d2cache] doc 14 n=48%: flex=1 3s
[d2cache] doc 14 n=52%: flex=1 3s
[d2cache] doc 14 n=54%: flex=1 3s
[d2cache] doc 14 n=56%: flex=1 3s
[d2cache] doc 14 n=58%: flex=1 3s
[d2cache] doc 14 n=62%: flex=1 2s
[d2cache] doc 14 n=64%: flex=1 2s
[d2cache] doc 14 n=66%: flex=1 2s
[d2cache] doc 14 n=68%: flex=1 2s
[d2cache] doc 14 n=72%: flex=1 2s
[d2cache] doc 14 n=74%: flex=1 2s
[d2cache] doc 14 n=76%: flex=1 2s
[d2cache] doc 14 n=78%: flex=1 1s
[d2cache] doc 14 n=82%: flex=1 1s
[d2cache] doc 14 n=84%: flex=1 1s
[d2cache] doc 14 n=86%: flex=1 1s
[d2cache] doc 14 n=88%: flex=1 1s
[d2cache] doc 17 n=2%: flex=1 6s
[d2cache] doc 17 n=4%: flex=1 6s
[d2cache] doc 17 n=6%: flex=1 6s
[d2cache] doc 17 n=8%: flex=1 6s
[d2cache] doc 17 n=12%: flex=1 5s
[d2cache] doc 17 n=14%: flex=1 5s
[d2cache] doc 17 n=16%: flex=1 5s
[d2cache] doc 17 n=18%: flex=1 5s
[d2cache] doc 17 n=22%: flex=1 5s
[d2cache] doc 17 n=24%: flex=1 5s
[d2cache] doc 17 n=26%: flex=1 4s
[d2cache] doc 17 n=28%: flex=1 4s
[d2cache] doc 17 n=32%: flex=1 4s
[d2cache] doc 17 n=34%: flex=1 4s
[d2cache] doc 17 n=36%: flex=1 4s
[d2cache] doc 17 n=38%: flex=1 4s
[d2cache] doc 17 n=42%: flex=1 4s
[d2cache] doc 17 n=44%: flex=1 3s
[d2cache] doc 17 n=46%: flex=1 3s
[d2cache] doc 17 n=48%: flex=1 3s
[d2cache] doc 17 n=52%: flex=1 3s
[d2cache] doc 17 n=54%: flex=1 3s
[d2cache] doc 17 n=56%: flex=1 3s
[d2cache] doc 17 n=58%: flex=1 3s
[d2cache] doc 17 n=62%: flex=1 2s
[d2cache] doc 17 n=64%: flex=1 2s
[d2cache] doc 17 n=66%: flex=1 2s
[d2cache] doc 17 n=68%: flex=1 2s
[d2cache] doc 17 n=72%: flex=1 2s
[d2cache] doc 17 n=74%: flex=1 2s
[d2cache] doc 17 n=76%: flex=1 1s
[d2cache] doc 17 n=78%: flex=1 1s
[d2cache] doc 17 n=82%: flex=1 1s
[d2cache] doc 17 n=84%: flex=1 1s
[d2cache] doc 17 n=86%: flex=1 1s
[d2cache] doc 17 n=88%: flex=1 1s
[d2cache] doc 18 n=2%: flex=1 6s
[d2cache] doc 18 n=4%: flex=0 6s
[d2cache] doc 18 n=6%: flex=1 6s
[d2cache] doc 18 n=8%: flex=1 6s
[d2cache] doc 18 n=12%: flex=1 5s
[d2cache] doc 18 n=14%: flex=1 5s
[d2cache] doc 18 n=16%: flex=1 5s
[d2cache] doc 18 n=18%: flex=1 5s
[d2cache] doc 18 n=22%: flex=1 5s
[d2cache] doc 18 n=24%: flex=1 5s
[d2cache] doc 18 n=26%: flex=1 5s
[d2cache] doc 18 n=28%: flex=1 4s
[d2cache] doc 18 n=32%: flex=1 4s
[d2cache] doc 18 n=34%: flex=1 4s
[d2cache] doc 18 n=36%: flex=1 4s
[d2cache] doc 18 n=38%: flex=1 4s
[d2cache] doc 18 n=42%: flex=1 4s
[d2cache] doc 18 n=44%: flex=1 3s
[d2cache] doc 18 n=46%: flex=1 3s
[d2cache] doc 18 n=48%: flex=1 3s
[d2cache] doc 18 n=52%: flex=1 3s
[d2cache] doc 18 n=54%: flex=1 3s
[d2cache] doc 18 n=56%: flex=1 3s
[d2cache] doc 18 n=58%: flex=1 3s
[d2cache] doc 18 n=62%: flex=1 2s
[d2cache] doc 18 n=64%: flex=1 2s
[d2cache] doc 18 n=66%: flex=1 2s
[d2cache] doc 18 n=68%: flex=1 2s
[d2cache] doc 18 n=72%: flex=1 2s
[d2cache] doc 18 n=74%: flex=1 2s
[d2cache] doc 18 n=76%: flex=1 2s
[d2cache] doc 18 n=78%: flex=1 1s
[d2cache] doc 18 n=82%: flex=1 1s
[d2cache] doc 18 n=84%: flex=1 1s
[d2cache] doc 18 n=86%: flex=1 1s
[d2cache] doc 18 n=88%: flex=1 1s
[d2cache] doc 19 n=2%: flex=0 6s
[d2cache] doc 19 n=4%: flex=0 6s
[d2cache] doc 19 n=6%: flex=0 6s
[d2cache] doc 19 n=8%: flex=1 6s
[d2cache] doc 19 n=12%: flex=1 6s
[d2cache] doc 19 n=14%: flex=1 5s
[d2cache] doc 19 n=16%: flex=1 5s
[d2cache] doc 19 n=18%: flex=1 5s
[d2cache] doc 19 n=22%: flex=1 5s
[d2cache] doc 19 n=24%: flex=1 5s
[d2cache] doc 19 n=26%: flex=1 5s
[d2cache] doc 19 n=28%: flex=1 5s
[d2cache] doc 19 n=32%: flex=1 4s
[d2cache] doc 19 n=34%: flex=1 4s
[d2cache] doc 19 n=36%: flex=1 4s
[d2cache] doc 19 n=38%: flex=1 4s
[d2cache] doc 19 n=42%: flex=1 4s
[d2cache] doc 19 n=44%: flex=1 4s
[d2cache] doc 19 n=46%: flex=1 3s
[d2cache] doc 19 n=48%: flex=1 3s
[d2cache] doc 19 n=52%: flex=1 3s
[d2cache] doc 19 n=54%: flex=1 3s
[d2cache] doc 19 n=56%: flex=1 3s
[d2cache] doc 19 n=58%: flex=1 3s
[d2cache] doc 19 n=62%: flex=1 2s
[d2cache] doc 19 n=64%: flex=1 2s
[d2cache] doc 19 n=66%: flex=1 2s
[d2cache] doc 19 n=68%: flex=1 2s
[d2cache] doc 19 n=72%: flex=1 2s
[d2cache] doc 19 n=74%: flex=1 2s
[d2cache] doc 19 n=76%: flex=1 2s
[d2cache] doc 19 n=78%: flex=1 1s
[d2cache] doc 19 n=82%: flex=1 1s
[d2cache] doc 19 n=84%: flex=1 1s
[d2cache] doc 19 n=86%: flex=1 1s
[d2cache] doc 19 n=88%: flex=1 1s
[d2cache] doc 22 n=2%: flex=1 7s
[d2cache] doc 22 n=4%: flex=1 7s
[d2cache] doc 22 n=6%: flex=1 6s
[d2cache] doc 22 n=8%: flex=1 6s
[d2cache] doc 22 n=12%: flex=1 6s
[d2cache] doc 22 n=14%: flex=1 6s
[d2cache] doc 22 n=16%: flex=1 6s
[d2cache] doc 22 n=18%: flex=1 6s
[d2cache] doc 22 n=22%: flex=1 5s
[d2cache] doc 22 n=24%: flex=1 5s
[d2cache] doc 22 n=26%: flex=1 5s
[d2cache] doc 22 n=28%: flex=1 5s
[d2cache] doc 22 n=32%: flex=1 5s
[d2cache] doc 22 n=34%: flex=1 5s
[d2cache] doc 22 n=36%: flex=1 4s
[d2cache] doc 22 n=38%: flex=1 4s
[d2cache] doc 22 n=42%: flex=1 4s
[d2cache] doc 22 n=44%: flex=1 4s
[d2cache] doc 22 n=46%: flex=1 4s
[d2cache] doc 22 n=48%: flex=1 4s
[d2cache] doc 22 n=52%: flex=1 3s
[d2cache] doc 22 n=54%: flex=1 3s
[d2cache] doc 22 n=56%: flex=1 3s
[d2cache] doc 22 n=58%: flex=1 3s
[d2cache] doc 22 n=62%: flex=1 3s
[d2cache] doc 22 n=64%: flex=1 3s
[d2cache] doc 22 n=66%: flex=1 2s
[d2cache] doc 22 n=68%: flex=1 2s
[d2cache] doc 22 n=72%: flex=1 2s
[d2cache] doc 22 n=74%: flex=1 2s
[d2cache] doc 22 n=76%: flex=1 2s
[d2cache] doc 22 n=78%: flex=1 2s
[d2cache] doc 22 n=82%: flex=1 1s
[d2cache] doc 22 n=84%: flex=1 1s
[d2cache] doc 22 n=86%: flex=1 1s
[d2cache] doc 22 n=88%: flex=1 1s
[d2cache] doc 23 n=2%: flex=1 6s
[d2cache] doc 23 n=4%: flex=1 6s
[d2cache] doc 23 n=6%: flex=1 6s
[d2cache] doc 23 n=8%: flex=1 6s
[d2cache] doc 23 n=12%: flex=1 6s
[d2cache] doc 23 n=14%: flex=1 6s
[d2cache] doc 23 n=16%: flex=1 5s
[d2cache] doc 23 n=18%: flex=1 5s
[d2cache] doc 23 n=22%: flex=1 5s
[d2cache] doc 23 n=24%: flex=1 5s
[d2cache] doc 23 n=26%: flex=1 5s
[d2cache] doc 23 n=28%: flex=1 5s
[d2cache] doc 23 n=32%: flex=1 4s
[d2cache] doc 23 n=34%: flex=1 4s
[d2cache] doc 23 n=36%: flex=1 4s
[d2cache] doc 23 n=38%: flex=1 4s
[d2cache] doc 23 n=42%: flex=1 4s
[d2cache] doc 23 n=44%: flex=1 4s
[d2cache] doc 23 n=46%: flex=1 4s
[d2cache] doc 23 n=48%: flex=1 3s
[d2cache] doc 23 n=52%: flex=1 3s
[d2cache] doc 23 n=54%: flex=1 3s
[d2cache] doc 23 n=56%: flex=1 3s
[d2cache] doc 23 n=58%: flex=1 3s
[d2cache] doc 23 n=62%: flex=1 3s
[d2cache] doc 23 n=64%: flex=1 2s
[d2cache] doc 23 n=66%: flex=1 2s
[d2cache] doc 23 n=68%: flex=1 2s
[d2cache] doc 23 n=72%: flex=1 2s
[d2cache] doc 23 n=74%: flex=1 2s
[d2cache] doc 23 n=76%: flex=1 2s
[d2cache] doc 23 n=78%: flex=1 2s
[d2cache] doc 23 n=82%: flex=1 1s
[d2cache] doc 23 n=84%: flex=1 1s
[d2cache] doc 23 n=86%: flex=1 1s
[d2cache] doc 23 n=88%: flex=1 1s
[d2cache] doc 24 n=2%: flex=1 7s
[d2cache] doc 24 n=4%: flex=1 6s
[d2cache] doc 24 n=6%: flex=1 6s
[d2cache] doc 24 n=8%: flex=1 6s
[d2cache] doc 24 n=12%: flex=1 6s
[d2cache] doc 24 n=14%: flex=1 6s
[d2cache] doc 24 n=16%: flex=1 6s
[d2cache] doc 24 n=18%: flex=1 6s
[d2cache] doc 24 n=22%: flex=1 5s
[d2cache] doc 24 n=24%: flex=1 5s
[d2cache] doc 24 n=26%: flex=1 5s
[d2cache] doc 24 n=28%: flex=1 5s
[d2cache] doc 24 n=32%: flex=1 5s
[d2cache] doc 24 n=34%: flex=1 4s
[d2cache] doc 24 n=36%: flex=1 4s
[d2cache] doc 24 n=38%: flex=1 4s
[d2cache] doc 24 n=42%: flex=1 4s
[d2cache] doc 24 n=44%: flex=1 4s
[d2cache] doc 24 n=46%: flex=1 4s
[d2cache] doc 24 n=48%: flex=1 4s
[d2cache] doc 24 n=52%: flex=1 3s
[d2cache] doc 24 n=54%: flex=1 3s
[d2cache] doc 24 n=56%: flex=1 3s
[d2cache] doc 24 n=58%: flex=1 3s
[d2cache] doc 24 n=62%: flex=1 3s
[d2cache] doc 24 n=64%: flex=1 3s
[d2cache] doc 24 n=66%: flex=1 2s
[d2cache] doc 24 n=68%: flex=1 2s
[d2cache] doc 24 n=72%: flex=1 2s
[d2cache] doc 24 n=74%: flex=1 2s
[d2cache] doc 24 n=76%: flex=1 2s
[d2cache] doc 24 n=78%: flex=1 2s
[d2cache] doc 24 n=82%: flex=1 1s
[d2cache] doc 24 n=84%: flex=1 1s
[d2cache] doc 24 n=86%: flex=1 1s
[d2cache] doc 24 n=88%: flex=1 1s
[d2cache] doc 25 n=2%: flex=1 7s
[d2cache] doc 25 n=4%: flex=1 6s
[d2cache] doc 25 n=6%: flex=1 6s
[d2cache] doc 25 n=8%: flex=1 6s
[d2cache] doc 25 n=12%: flex=1 6s
[d2cache] doc 25 n=14%: flex=1 6s
[d2cache] doc 25 n=16%: flex=1 6s
[d2cache] doc 25 n=18%: flex=1 5s
[d2cache] doc 25 n=22%: flex=1 5s
[d2cache] doc 25 n=24%: flex=1 5s
[d2cache] doc 25 n=26%: flex=1 5s
[d2cache] doc 25 n=28%: flex=1 5s
[d2cache] doc 25 n=32%: flex=1 5s
[d2cache] doc 25 n=34%: flex=1 4s
[d2cache] doc 25 n=36%: flex=1 4s
[d2cache] doc 25 n=38%: flex=1 4s
[d2cache] doc 25 n=42%: flex=1 4s
[d2cache] doc 25 n=44%: flex=1 4s
[d2cache] doc 25 n=46%: flex=1 4s
[d2cache] doc 25 n=48%: flex=1 4s
[d2cache] doc 25 n=52%: flex=1 3s
[d2cache] doc 25 n=54%: flex=1 3s
[d2cache] doc 25 n=56%: flex=1 3s
[d2cache] doc 25 n=58%: flex=1 3s
[d2cache] doc 25 n=62%: flex=1 3s
[d2cache] doc 25 n=64%: flex=1 2s
[d2cache] doc 25 n=66%: flex=1 2s
[d2cache] doc 25 n=68%: flex=1 2s
[d2cache] doc 25 n=72%: flex=1 2s
[d2cache] doc 25 n=74%: flex=1 2s
[d2cache] doc 25 n=76%: flex=1 2s
[d2cache] doc 25 n=78%: flex=1 2s
[d2cache] doc 25 n=82%: flex=1 1s
[d2cache] doc 25 n=84%: flex=1 1s
[d2cache] doc 25 n=86%: flex=1 1s
[d2cache] doc 25 n=88%: flex=1 1s
[d2cache] doc 26 n=2%: flex=0 6s
[d2cache] doc 26 n=4%: flex=0 6s
[d2cache] doc 26 n=6%: flex=0 6s
[d2cache] doc 26 n=8%: flex=0 6s
[d2cache] doc 26 n=12%: flex=1 6s
[d2cache] doc 26 n=14%: flex=1 6s
[d2cache] doc 26 n=16%: flex=0 5s
[d2cache] doc 26 n=18%: flex=0 5s
[d2cache] doc 26 n=22%: flex=0 5s
[d2cache] doc 26 n=24%: flex=0 5s
[d2cache] doc 26 n=26%: flex=0 5s
[d2cache] doc 26 n=28%: flex=1 5s
[d2cache] doc 26 n=32%: flex=0 4s
[d2cache] doc 26 n=34%: flex=1 4s
[d2cache] doc 26 n=36%: flex=1 4s
[d2cache] doc 26 n=38%: flex=0 4s
[d2cache] doc 26 n=42%: flex=0 4s
[d2cache] doc 26 n=44%: flex=1 4s
[d2cache] doc 26 n=46%: flex=1 4s
[d2cache] doc 26 n=48%: flex=1 3s
[d2cache] doc 26 n=52%: flex=1 3s
[d2cache] doc 26 n=54%: flex=1 3s
[d2cache] doc 26 n=56%: flex=1 3s
[d2cache] doc 26 n=58%: flex=1 3s
[d2cache] doc 26 n=62%: flex=1 3s
[d2cache] doc 26 n=64%: flex=1 2s
[d2cache] doc 26 n=66%: flex=1 2s
[d2cache] doc 26 n=68%: flex=1 2s
[d2cache] doc 26 n=72%: flex=1 2s
[d2cache] doc 26 n=74%: flex=1 2s
[d2cache] doc 26 n=76%: flex=1 2s
[d2cache] doc 26 n=78%: flex=1 2s
[d2cache] doc 26 n=82%: flex=1 1s
[d2cache] doc 26 n=84%: flex=1 1s
[d2cache] doc 26 n=86%: flex=1 1s
[d2cache] doc 26 n=88%: flex=1 1s
[d2cache] doc 27 n=2%: flex=1 6s
[d2cache] doc 27 n=4%: flex=1 6s
[d2cache] doc 27 n=6%: flex=1 6s
[d2cache] doc 27 n=8%: flex=1 5s
[d2cache] doc 27 n=12%: flex=1 5s
[d2cache] doc 27 n=14%: flex=1 5s
[d2cache] doc 27 n=16%: flex=1 5s
[d2cache] doc 27 n=18%: flex=1 5s
[d2cache] doc 27 n=22%: flex=1 5s
[d2cache] doc 27 n=24%: flex=1 5s
[d2cache] doc 27 n=26%: flex=1 4s
[d2cache] doc 27 n=28%: flex=1 4s
[d2cache] doc 27 n=32%: flex=1 4s
[d2cache] doc 27 n=34%: flex=1 4s
[d2cache] doc 27 n=36%: flex=1 4s
[d2cache] doc 27 n=38%: flex=1 4s
[d2cache] doc 27 n=42%: flex=1 3s
[d2cache] doc 27 n=44%: flex=1 3s
[d2cache] doc 27 n=46%: flex=1 3s
[d2cache] doc 27 n=48%: flex=1 3s
[d2cache] doc 27 n=52%: flex=1 3s
[d2cache] doc 27 n=54%: flex=1 3s
[d2cache] doc 27 n=56%: flex=1 3s
[d2cache] doc 27 n=58%: flex=1 3s
[d2cache] doc 27 n=62%: flex=1 2s
[d2cache] doc 27 n=64%: flex=1 2s
[d2cache] doc 27 n=66%: flex=1 2s
[d2cache] doc 27 n=68%: flex=1 2s
[d2cache] doc 27 n=72%: flex=1 2s
[d2cache] doc 27 n=74%: flex=1 2s
[d2cache] doc 27 n=76%: flex=1 1s
[d2cache] doc 27 n=78%: flex=1 1s
[d2cache] doc 27 n=82%: flex=1 1s
[d2cache] doc 27 n=84%: flex=1 1s
[d2cache] doc 27 n=86%: flex=1 1s
[d2cache] doc 27 n=88%: flex=1 1s
[d2cache] doc 29 n=2%: flex=1 6s
[d2cache] doc 29 n=4%: flex=1 6s
[d2cache] doc 29 n=6%: flex=1 6s
[d2cache] doc 29 n=8%: flex=1 6s
[d2cache] doc 29 n=12%: flex=1 5s
[d2cache] doc 29 n=14%: flex=1 5s
[d2cache] doc 29 n=16%: flex=1 5s
[d2cache] doc 29 n=18%: flex=1 5s
[d2cache] doc 29 n=22%: flex=1 5s
[d2cache] doc 29 n=24%: flex=1 5s
[d2cache] doc 29 n=26%: flex=1 5s
[d2cache] doc 29 n=28%: flex=1 4s
[d2cache] doc 29 n=32%: flex=1 4s
[d2cache] doc 29 n=34%: flex=1 4s
[d2cache] doc 29 n=36%: flex=1 4s
[d2cache] doc 29 n=38%: flex=1 4s
[d2cache] doc 29 n=42%: flex=1 4s
[d2cache] doc 29 n=44%: flex=1 3s
[d2cache] doc 29 n=46%: flex=1 3s
[d2cache] doc 29 n=48%: flex=1 3s
[d2cache] doc 29 n=52%: flex=1 3s
[d2cache] doc 29 n=54%: flex=1 3s
[d2cache] doc 29 n=56%: flex=1 3s
[d2cache] doc 29 n=58%: flex=1 3s
[d2cache] doc 29 n=62%: flex=1 2s
[d2cache] doc 29 n=64%: flex=1 2s
[d2cache] doc 29 n=66%: flex=1 2s
[d2cache] doc 29 n=68%: flex=1 2s
[d2cache] doc 29 n=72%: flex=1 2s
[d2cache] doc 29 n=74%: flex=1 2s
[d2cache] doc 29 n=76%: flex=1 2s
[d2cache] doc 29 n=78%: flex=1 1s
[d2cache] doc 29 n=82%: flex=1 1s
[d2cache] doc 29 n=84%: flex=1 1s
[d2cache] doc 29 n=86%: flex=1 1s
[d2cache] doc 29 n=88%: flex=1 1s
[d2cache] doc 30 n=2%: flex=1 6s
[d2cache] doc 30 n=4%: flex=1 6s
[d2cache] doc 30 n=6%: flex=1 6s
[d2cache] doc 30 n=8%: flex=1 6s
[d2cache] doc 30 n=12%: flex=1 6s
[d2cache] doc 30 n=14%: flex=1 5s
[d2cache] doc 30 n=16%: flex=1 5s
[d2cache] doc 30 n=18%: flex=1 5s
[d2cache] doc 30 n=22%: flex=1 5s
[d2cache] doc 30 n=24%: flex=1 5s
[d2cache] doc 30 n=26%: flex=1 5s
[d2cache] doc 30 n=28%: flex=1 5s
[d2cache] doc 30 n=32%: flex=1 4s
[d2cache] doc 30 n=34%: flex=1 4s
[d2cache] doc 30 n=36%: flex=1 4s
[d2cache] doc 30 n=38%: flex=1 4s
[d2cache] doc 30 n=42%: flex=1 4s
[d2cache] doc 30 n=44%: flex=1 4s
[d2cache] doc 30 n=46%: flex=1 3s
[d2cache] doc 30 n=48%: flex=1 3s
[d2cache] doc 30 n=52%: flex=1 3s
[d2cache] doc 30 n=54%: flex=1 3s
[d2cache] doc 30 n=56%: flex=1 3s
[d2cache] doc 30 n=58%: flex=1 3s
[d2cache] doc 30 n=62%: flex=1 2s
[d2cache] doc 30 n=64%: flex=1 2s
[d2cache] doc 30 n=66%: flex=1 2s
[d2cache] doc 30 n=68%: flex=1 2s
[d2cache] doc 30 n=72%: flex=1 2s
[d2cache] doc 30 n=74%: flex=1 2s
[d2cache] doc 30 n=76%: flex=1 2s
[d2cache] doc 30 n=78%: flex=1 1s
[d2cache] doc 30 n=82%: flex=1 1s
[d2cache] doc 30 n=84%: flex=1 1s
[d2cache] doc 30 n=86%: flex=1 1s
[d2cache] doc 30 n=88%: flex=1 1s
[d2cache] doc 31 n=2%: flex=0 6s
[d2cache] doc 31 n=4%: flex=0 6s
[d2cache] doc 31 n=6%: flex=0 6s
[d2cache] doc 31 n=8%: flex=0 6s
[d2cache] doc 31 n=12%: flex=1 6s
[d2cache] doc 31 n=14%: flex=1 5s
[d2cache] doc 31 n=16%: flex=1 5s
[d2cache] doc 31 n=18%: flex=1 5s
[d2cache] doc 31 n=22%: flex=1 5s
[d2cache] doc 31 n=24%: flex=1 5s
[d2cache] doc 31 n=26%: flex=1 5s
[d2cache] doc 31 n=28%: flex=1 5s
[d2cache] doc 31 n=32%: flex=1 4s
[d2cache] doc 31 n=34%: flex=1 4s
[d2cache] doc 31 n=36%: flex=1 4s
[d2cache] doc 31 n=38%: flex=1 4s
[d2cache] doc 31 n=42%: flex=1 4s
[d2cache] doc 31 n=44%: flex=1 4s
[d2cache] doc 31 n=46%: flex=1 4s
[d2cache] doc 31 n=48%: flex=1 3s
[d2cache] doc 31 n=52%: flex=1 3s
[d2cache] doc 31 n=54%: flex=1 3s
[d2cache] doc 31 n=56%: flex=1 3s
[d2cache] doc 31 n=58%: flex=1 3s
[d2cache] doc 31 n=62%: flex=1 3s
[d2cache] doc 31 n=64%: flex=1 2s
[d2cache] doc 31 n=66%: flex=1 2s
[d2cache] doc 31 n=68%: flex=1 2s
[d2cache] doc 31 n=72%: flex=1 2s
[d2cache] doc 31 n=74%: flex=1 2s
[d2cache] doc 31 n=76%: flex=1 2s
[d2cache] doc 31 n=78%: flex=1 2s
[d2cache] doc 31 n=82%: flex=1 1s
[d2cache] doc 31 n=84%: flex=1 1s
[d2cache] doc 31 n=86%: flex=1 1s
[d2cache] doc 31 n=88%: flex=1 1s
[d2cache] doc 33 n=2%: flex=0 6s
[d2cache] doc 33 n=4%: flex=0 6s
[d2cache] doc 33 n=6%: flex=0 6s
[d2cache] doc 33 n=8%: flex=0 6s
[d2cache] doc 33 n=12%: flex=0 6s
[d2cache] doc 33 n=14%: flex=0 5s
[d2cache] doc 33 n=16%: flex=0 5s
[d2cache] doc 33 n=18%: flex=0 5s
[d2cache] doc 33 n=22%: flex=1 5s
[d2cache] doc 33 n=24%: flex=0 5s
[d2cache] doc 33 n=26%: flex=0 5s
[d2cache] doc 33 n=28%: flex=0 5s
[d2cache] doc 33 n=32%: flex=0 4s
[d2cache] doc 33 n=34%: flex=0 4s
[d2cache] doc 33 n=36%: flex=0 4s
[d2cache] doc 33 n=38%: flex=0 4s
[d2cache] doc 33 n=42%: flex=0 4s
[d2cache] doc 33 n=44%: flex=1 4s
[d2cache] doc 33 n=46%: flex=1 3s
[d2cache] doc 33 n=48%: flex=1 3s
[d2cache] doc 33 n=52%: flex=1 3s
[d2cache] doc 33 n=54%: flex=1 3s
[d2cache] doc 33 n=56%: flex=1 3s
[d2cache] doc 33 n=58%: flex=1 3s
[d2cache] doc 33 n=62%: flex=1 2s
[d2cache] doc 33 n=64%: flex=1 2s
[d2cache] doc 33 n=66%: flex=1 2s
[d2cache] doc 33 n=68%: flex=1 2s
[d2cache] doc 33 n=72%: flex=1 2s
[d2cache] doc 33 n=74%: flex=1 2s
[d2cache] doc 33 n=76%: flex=1 2s
[d2cache] doc 33 n=78%: flex=1 1s
[d2cache] doc 33 n=82%: flex=1 1s
[d2cache] doc 33 n=84%: flex=1 1s
[d2cache] doc 33 n=86%: flex=1 1s
[d2cache] doc 33 n=88%: flex=1 1s
[d2cache] doc 34 n=2%: flex=0 6s
[d2cache] doc 34 n=4%: flex=1 6s
[d2cache] doc 34 n=6%: flex=1 6s
[d2cache] doc 34 n=8%: flex=1 6s
[d2cache] doc 34 n=12%: flex=1 6s
[d2cache] doc 34 n=14%: flex=1 6s
[d2cache] doc 34 n=16%: flex=1 6s
[d2cache] doc 34 n=18%: flex=0 5s
[d2cache] doc 34 n=22%: flex=1 5s
[d2cache] doc 34 n=24%: flex=0 5s
[d2cache] doc 34 n=26%: flex=1 5s
[d2cache] doc 34 n=28%: flex=1 5s
[d2cache] doc 34 n=32%: flex=1 5s
[d2cache] doc 34 n=34%: flex=0 4s
[d2cache] doc 34 n=36%: flex=1 4s
[d2cache] doc 34 n=38%: flex=0 4s
[d2cache] doc 34 n=42%: flex=1 4s
[d2cache] doc 34 n=44%: flex=1 4s
[d2cache] doc 34 n=46%: flex=1 4s
[d2cache] doc 34 n=48%: flex=1 3s
[d2cache] doc 34 n=52%: flex=1 3s
[d2cache] doc 34 n=54%: flex=1 3s
[d2cache] doc 34 n=56%: flex=1 3s
[d2cache] doc 34 n=58%: flex=1 3s
[d2cache] doc 34 n=62%: flex=1 3s
[d2cache] doc 34 n=64%: flex=1 2s
[d2cache] doc 34 n=66%: flex=1 2s
[d2cache] doc 34 n=68%: flex=1 2s
[d2cache] doc 34 n=72%: flex=1 2s
[d2cache] doc 34 n=74%: flex=1 2s
[d2cache] doc 34 n=76%: flex=1 2s
[d2cache] doc 34 n=78%: flex=1 2s
[d2cache] doc 34 n=82%: flex=1 1s
[d2cache] doc 34 n=84%: flex=1 1s
[d2cache] doc 34 n=86%: flex=1 1s
[d2cache] doc 34 n=88%: flex=1 1s
[d2cache] doc 36 n=2%: flex=1 6s
[d2cache] doc 36 n=4%: flex=1 6s
[d2cache] doc 36 n=6%: flex=1 6s
[d2cache] doc 36 n=8%: flex=1 6s
[d2cache] doc 36 n=12%: flex=1 6s
[d2cache] doc 36 n=14%: flex=1 5s
[d2cache] doc 36 n=16%: flex=1 5s
[d2cache] doc 36 n=18%: flex=1 5s
[d2cache] doc 36 n=22%: flex=1 5s
[d2cache] doc 36 n=24%: flex=1 5s
[d2cache] doc 36 n=26%: flex=1 5s
[d2cache] doc 36 n=28%: flex=1 5s
[d2cache] doc 36 n=32%: flex=1 4s
[d2cache] doc 36 n=34%: flex=1 4s
[d2cache] doc 36 n=36%: flex=1 4s
[d2cache] doc 36 n=38%: flex=1 4s
[d2cache] doc 36 n=42%: flex=1 4s
[d2cache] doc 36 n=44%: flex=1 4s
[d2cache] doc 36 n=46%: flex=1 3s
[d2cache] doc 36 n=48%: flex=1 3s
[d2cache] doc 36 n=52%: flex=1 3s
[d2cache] doc 36 n=54%: flex=1 3s
[d2cache] doc 36 n=56%: flex=1 3s
[d2cache] doc 36 n=58%: flex=1 3s
[d2cache] doc 36 n=62%: flex=1 2s
[d2cache] doc 36 n=64%: flex=1 2s
[d2cache] doc 36 n=66%: flex=1 2s
[d2cache] doc 36 n=68%: flex=1 2s
[d2cache] doc 36 n=72%: flex=1 2s
[d2cache] doc 36 n=74%: flex=1 2s
[d2cache] doc 36 n=76%: flex=1 2s
[d2cache] doc 36 n=78%: flex=1 1s
[d2cache] doc 36 n=82%: flex=1 1s
[d2cache] doc 36 n=84%: flex=1 1s
[d2cache] doc 36 n=86%: flex=1 1s
[d2cache] doc 36 n=88%: flex=1 1s
[d2cache] doc 38 n=2%: flex=0 6s
[d2cache] doc 38 n=4%: flex=1 6s
[d2cache] doc 38 n=6%: flex=1 6s
[d2cache] doc 38 n=8%: flex=1 5s
[d2cache] doc 38 n=12%: flex=1 5s
[d2cache] doc 38 n=14%: flex=1 5s
[d2cache] doc 38 n=16%: flex=1 5s
[d2cache] doc 38 n=18%: flex=1 5s
[d2cache] doc 38 n=22%: flex=1 5s
[d2cache] doc 38 n=24%: flex=1 5s
[d2cache] doc 38 n=26%: flex=0 4s
[d2cache] doc 38 n=28%: flex=1 4s
[d2cache] doc 38 n=32%: flex=1 4s
[d2cache] doc 38 n=34%: flex=1 4s
[d2cache] doc 38 n=36%: flex=1 4s
[d2cache] doc 38 n=38%: flex=1 4s
[d2cache] doc 38 n=42%: flex=1 3s
[d2cache] doc 38 n=44%: flex=1 3s
[d2cache] doc 38 n=46%: flex=1 3s
[d2cache] doc 38 n=48%: flex=1 3s
[d2cache] doc 38 n=52%: flex=1 3s
[d2cache] doc 38 n=54%: flex=1 3s
[d2cache] doc 38 n=56%: flex=1 3s
[d2cache] doc 38 n=58%: flex=1 3s
[d2cache] doc 38 n=62%: flex=1 2s
[d2cache] doc 38 n=64%: flex=1 2s
[d2cache] doc 38 n=66%: flex=1 2s
[d2cache] doc 38 n=68%: flex=1 2s
[d2cache] doc 38 n=72%: flex=1 2s
[d2cache] doc 38 n=74%: flex=1 2s
[d2cache] doc 38 n=76%: flex=1 2s
[d2cache] doc 38 n=78%: flex=1 1s
[d2cache] doc 38 n=82%: flex=1 1s
[d2cache] doc 38 n=84%: flex=1 1s
[d2cache] doc 38 n=86%: flex=1 1s
[d2cache] doc 38 n=88%: flex=1 1s
[d2cache] doc 40 n=2%: flex=1 6s
[d2cache] doc 40 n=4%: flex=1 6s
[d2cache] doc 40 n=6%: flex=1 6s
[d2cache] doc 40 n=8%: flex=1 6s
[d2cache] doc 40 n=12%: flex=1 6s
[d2cache] doc 40 n=14%: flex=1 5s
[d2cache] doc 40 n=16%: flex=1 5s
[d2cache] doc 40 n=18%: flex=1 5s
[d2cache] doc 40 n=22%: flex=1 5s
[d2cache] doc 40 n=24%: flex=1 5s
[d2cache] doc 40 n=26%: flex=1 5s
[d2cache] doc 40 n=28%: flex=1 5s
[d2cache] doc 40 n=32%: flex=1 4s
[d2cache] doc 40 n=34%: flex=1 4s
[d2cache] doc 40 n=36%: flex=1 4s
[d2cache] doc 40 n=38%: flex=1 4s
[d2cache] doc 40 n=42%: flex=1 4s
[d2cache] doc 40 n=44%: flex=1 4s
[d2cache] doc 40 n=46%: flex=1 3s
[d2cache] doc 40 n=48%: flex=1 3s
[d2cache] doc 40 n=52%: flex=1 3s
[d2cache] doc 40 n=54%: flex=1 3s
[d2cache] doc 40 n=56%: flex=1 3s
[d2cache] doc 40 n=58%: flex=1 3s
[d2cache] doc 40 n=62%: flex=1 2s
[d2cache] doc 40 n=64%: flex=1 2s
[d2cache] doc 40 n=66%: flex=1 2s
[d2cache] doc 40 n=68%: flex=1 2s
[d2cache] doc 40 n=72%: flex=1 2s
[d2cache] doc 40 n=74%: flex=1 2s
[d2cache] doc 40 n=76%: flex=1 2s
[d2cache] doc 40 n=78%: flex=1 1s
[d2cache] doc 40 n=82%: flex=1 1s
[d2cache] doc 40 n=84%: flex=1 1s
[d2cache] doc 40 n=86%: flex=1 1s
[d2cache] doc 40 n=88%: flex=1 1s
[d2cache] doc 41 n=2%: flex=1 7s
[d2cache] doc 41 n=4%: flex=1 6s
[d2cache] doc 41 n=6%: flex=1 6s
[d2cache] doc 41 n=8%: flex=1 6s
[d2cache] doc 41 n=12%: flex=1 6s
[d2cache] doc 41 n=14%: flex=1 6s
[d2cache] doc 41 n=16%: flex=1 6s
[d2cache] doc 41 n=18%: flex=0 6s
[d2cache] doc 41 n=22%: flex=1 5s
[d2cache] doc 41 n=24%: flex=1 5s
[d2cache] doc 41 n=26%: flex=1 5s
[d2cache] doc 41 n=28%: flex=1 5s
[d2cache] doc 41 n=32%: flex=1 5s
[d2cache] doc 41 n=34%: flex=1 4s
[d2cache] doc 41 n=36%: flex=1 4s
[d2cache] doc 41 n=38%: flex=1 4s
[d2cache] doc 41 n=42%: flex=1 4s
[d2cache] doc 41 n=44%: flex=1 4s
[d2cache] doc 41 n=46%: flex=1 4s
[d2cache] doc 41 n=48%: flex=1 4s
[d2cache] doc 41 n=52%: flex=1 3s
[d2cache] doc 41 n=54%: flex=1 3s
[d2cache] doc 41 n=56%: flex=1 3s
[d2cache] doc 41 n=58%: flex=1 3s
[d2cache] doc 41 n=62%: flex=1 3s
[d2cache] doc 41 n=64%: flex=1 2s
[d2cache] doc 41 n=66%: flex=1 2s
[d2cache] doc 41 n=68%: flex=1 2s
[d2cache] doc 41 n=72%: flex=1 2s
[d2cache] doc 41 n=74%: flex=1 2s
[d2cache] doc 41 n=76%: flex=1 2s
[d2cache] doc 41 n=78%: flex=1 2s
[d2cache] doc 41 n=82%: flex=1 1s
[d2cache] doc 41 n=84%: flex=1 1s
[d2cache] doc 41 n=86%: flex=1 1s
[d2cache] doc 41 n=88%: flex=1 1s
[d2cache] doc 42 n=2%: flex=1 6s
[d2cache] doc 42 n=4%: flex=1 6s
[d2cache] doc 42 n=6%: flex=1 6s
[d2cache] doc 42 n=8%: flex=1 6s
[d2cache] doc 42 n=12%: flex=1 5s
[d2cache] doc 42 n=14%: flex=1 5s
[d2cache] doc 42 n=16%: flex=1 5s
[d2cache] doc 42 n=18%: flex=1 5s
[d2cache] doc 42 n=22%: flex=1 5s
[d2cache] doc 42 n=24%: flex=1 5s
[d2cache] doc 42 n=26%: flex=1 5s
[d2cache] doc 42 n=28%: flex=1 4s
[d2cache] doc 42 n=32%: flex=1 4s
[d2cache] doc 42 n=34%: flex=1 4s
[d2cache] doc 42 n=36%: flex=1 4s
[d2cache] doc 42 n=38%: flex=1 4s
[d2cache] doc 42 n=42%: flex=1 4s
[d2cache] doc 42 n=44%: flex=1 3s
[d2cache] doc 42 n=46%: flex=1 3s
[d2cache] doc 42 n=48%: flex=1 3s
[d2cache] doc 42 n=52%: flex=1 3s
[d2cache] doc 42 n=54%: flex=1 3s
[d2cache] doc 42 n=56%: flex=1 3s
[d2cache] doc 42 n=58%: flex=1 3s
[d2cache] doc 42 n=62%: flex=1 2s
[d2cache] doc 42 n=64%: flex=1 2s
[d2cache] doc 42 n=66%: flex=1 2s
[d2cache] doc 42 n=68%: flex=1 2s
[d2cache] doc 42 n=72%: flex=1 2s
[d2cache] doc 42 n=74%: flex=1 2s
[d2cache] doc 42 n=76%: flex=1 2s
[d2cache] doc 42 n=78%: flex=1 1s
[d2cache] doc 42 n=82%: flex=1 1s
[d2cache] doc 42 n=84%: flex=1 1s
[d2cache] doc 42 n=86%: flex=1 1s
[d2cache] doc 42 n=88%: flex=1 1s
[d2cache] doc 45 n=2%: flex=1 7s
[d2cache] doc 45 n=4%: flex=1 6s
[d2cache] doc 45 n=6%: flex=1 6s
[d2cache] doc 45 n=8%: flex=1 6s
[d2cache] doc 45 n=12%: flex=1 6s
[d2cache] doc 45 n=14%: flex=0 6s
[d2cache] doc 45 n=16%: flex=1 6s
[d2cache] doc 45 n=18%: flex=1 6s
[d2cache] doc 45 n=22%: flex=1 5s
[d2cache] doc 45 n=24%: flex=0 5s
[d2cache] doc 45 n=26%: flex=1 5s
[d2cache] doc 45 n=28%: flex=1 5s
[d2cache] doc 45 n=32%: flex=1 5s
[d2cache] doc 45 n=34%: flex=1 4s
[d2cache] doc 45 n=36%: flex=0 4s
[d2cache] doc 45 n=38%: flex=1 4s
[d2cache] doc 45 n=42%: flex=1 4s
[d2cache] doc 45 n=44%: flex=1 4s
[d2cache] doc 45 n=46%: flex=0 4s
[d2cache] doc 45 n=48%: flex=1 4s
[d2cache] doc 45 n=52%: flex=1 3s
[d2cache] doc 45 n=54%: flex=1 3s
[d2cache] doc 45 n=56%: flex=1 3s
[d2cache] doc 45 n=58%: flex=1 3s
[d2cache] doc 45 n=62%: flex=1 3s
[d2cache] doc 45 n=64%: flex=1 2s
[d2cache] doc 45 n=66%: flex=1 2s
[d2cache] doc 45 n=68%: flex=1 2s
[d2cache] doc 45 n=72%: flex=1 2s
[d2cache] doc 45 n=74%: flex=1 2s
[d2cache] doc 45 n=76%: flex=1 2s
[d2cache] doc 45 n=78%: flex=1 2s
[d2cache] doc 45 n=82%: flex=1 1s
[d2cache] doc 45 n=84%: flex=1 1s
[d2cache] doc 45 n=86%: flex=1 1s
[d2cache] doc 45 n=88%: flex=1 1s
[d2cache] doc 48 n=2%: flex=1 6s
[d2cache] doc 48 n=4%: flex=1 6s
[d2cache] doc 48 n=6%: flex=1 6s
[d2cache] doc 48 n=8%: flex=1 6s
[d2cache] doc 48 n=12%: flex=1 5s
[d2cache] doc 48 n=14%: flex=1 5s
[d2cache] doc 48 n=16%: flex=1 5s
[d2cache] doc 48 n=18%: flex=1 5s
[d2cache] doc 48 n=22%: flex=1 5s
[d2cache] doc 48 n=24%: flex=1 5s
[d2cache] doc 48 n=26%: flex=1 5s
[d2cache] doc 48 n=28%: flex=1 4s
[d2cache] doc 48 n=32%: flex=1 4s
[d2cache] doc 48 n=34%: flex=1 4s
[d2cache] doc 48 n=36%: flex=1 4s
[d2cache] doc 48 n=38%: flex=1 4s
[d2cache] doc 48 n=42%: flex=1 4s
[d2cache] doc 48 n=44%: flex=1 3s
[d2cache] doc 48 n=46%: flex=1 3s
[d2cache] doc 48 n=48%: flex=1 3s
[d2cache] doc 48 n=52%: flex=1 3s
[d2cache] doc 48 n=54%: flex=1 3s
[d2cache] doc 48 n=56%: flex=1 3s
[d2cache] doc 48 n=58%: flex=1 3s
[d2cache] doc 48 n=62%: flex=1 2s
[d2cache] doc 48 n=64%: flex=1 2s
[d2cache] doc 48 n=66%: flex=1 2s
[d2cache] doc 48 n=68%: flex=1 2s
[d2cache] doc 48 n=72%: flex=1 2s
[d2cache] doc 48 n=74%: flex=1 2s
[d2cache] doc 48 n=76%: flex=1 2s
[d2cache] doc 48 n=78%: flex=1 1s
[d2cache] doc 48 n=82%: flex=1 1s
[d2cache] doc 48 n=84%: flex=1 1s
[d2cache] doc 48 n=86%: flex=1 1s
[d2cache] doc 48 n=88%: flex=1 1s
[d2cache] doc 49 n=2%: flex=1 6s
[d2cache] doc 49 n=4%: flex=1 6s
[d2cache] doc 49 n=6%: flex=1 6s
[d2cache] doc 49 n=8%: flex=1 6s
[d2cache] doc 49 n=12%: flex=1 6s
[d2cache] doc 49 n=14%: flex=1 5s
[d2cache] doc 49 n=16%: flex=1 5s
[d2cache] doc 49 n=18%: flex=1 5s
[d2cache] doc 49 n=22%: flex=1 5s
[d2cache] doc 49 n=24%: flex=1 5s
[d2cache] doc 49 n=26%: flex=1 5s
[d2cache] doc 49 n=28%: flex=1 5s
[d2cache] doc 49 n=32%: flex=1 4s
[d2cache] doc 49 n=34%: flex=1 4s
[d2cache] doc 49 n=36%: flex=1 4s
[d2cache] doc 49 n=38%: flex=1 4s
[d2cache] doc 49 n=42%: flex=1 4s
[d2cache] doc 49 n=44%: flex=1 4s
[d2cache] doc 49 n=46%: flex=1 3s
[d2cache] doc 49 n=48%: flex=1 3s
[d2cache] doc 49 n=52%: flex=1 3s
[d2cache] doc 49 n=54%: flex=1 3s
[d2cache] doc 49 n=56%: flex=1 3s
[d2cache] doc 49 n=58%: flex=1 3s
[d2cache] doc 49 n=62%: flex=1 2s
[d2cache] doc 49 n=64%: flex=1 2s
[d2cache] doc 49 n=66%: flex=1 2s
[d2cache] doc 49 n=68%: flex=1 2s
[d2cache] doc 49 n=72%: flex=1 2s
[d2cache] doc 49 n=74%: flex=1 2s
[d2cache] doc 49 n=76%: flex=1 2s
[d2cache] doc 49 n=78%: flex=1 1s
[d2cache] doc 49 n=82%: flex=1 1s
[d2cache] doc 49 n=84%: flex=1 1s
[d2cache] doc 49 n=86%: flex=1 1s
[d2cache] doc 49 n=88%: flex=1 1s
[d2cache] doc 50 n=2%: flex=1 6s
[d2cache] doc 50 n=4%: flex=0 6s
[d2cache] doc 50 n=6%: flex=1 6s
[d2cache] doc 50 n=8%: flex=1 6s
[d2cache] doc 50 n=12%: flex=1 5s
[d2cache] doc 50 n=14%: flex=1 5s
[d2cache] doc 50 n=16%: flex=0 5s
[d2cache] doc 50 n=18%: flex=1 5s
[d2cache] doc 50 n=22%: flex=1 5s
[d2cache] doc 50 n=24%: flex=1 5s
[d2cache] doc 50 n=26%: flex=1 5s
[d2cache] doc 50 n=28%: flex=1 5s
[d2cache] doc 50 n=32%: flex=1 4s
[d2cache] doc 50 n=34%: flex=1 4s
[d2cache] doc 50 n=36%: flex=1 4s
[d2cache] doc 50 n=38%: flex=1 4s
[d2cache] doc 50 n=42%: flex=1 4s
[d2cache] doc 50 n=44%: flex=1 3s
[d2cache] doc 50 n=46%: flex=1 3s
[d2cache] doc 50 n=48%: flex=1 3s
[d2cache] doc 50 n=52%: flex=1 3s
[d2cache] doc 50 n=54%: flex=1 3s
[d2cache] doc 50 n=56%: flex=1 3s
[d2cache] doc 50 n=58%: flex=1 3s
[d2cache] doc 50 n=62%: flex=1 2s
[d2cache] doc 50 n=64%: flex=1 2s
[d2cache] doc 50 n=66%: flex=1 2s
[d2cache] doc 50 n=68%: flex=1 2s
[d2cache] doc 50 n=72%: flex=1 2s
[d2cache] doc 50 n=74%: flex=1 2s
[d2cache] doc 50 n=76%: flex=1 2s
[d2cache] doc 50 n=78%: flex=1 1s
[d2cache] doc 50 n=82%: flex=1 1s
[d2cache] doc 50 n=84%: flex=1 1s
[d2cache] doc 50 n=86%: flex=1 1s
[d2cache] doc 50 n=88%: flex=1 1s
[d2cache] doc 51 n=2%: flex=1 6s
[d2cache] doc 51 n=4%: flex=1 6s
[d2cache] doc 51 n=6%: flex=1 6s
[d2cache] doc 51 n=8%: flex=1 6s
[d2cache] doc 51 n=12%: flex=1 6s
[d2cache] doc 51 n=14%: flex=0 5s
[d2cache] doc 51 n=16%: flex=1 5s
[d2cache] doc 51 n=18%: flex=0 5s
[d2cache] doc 51 n=22%: flex=0 5s
[d2cache] doc 51 n=24%: flex=1 5s
[d2cache] doc 51 n=26%: flex=1 5s
[d2cache] doc 51 n=28%: flex=1 4s
[d2cache] doc 51 n=32%: flex=1 4s
[d2cache] doc 51 n=34%: flex=1 4s
[d2cache] doc 51 n=36%: flex=1 4s
[d2cache] doc 51 n=38%: flex=1 4s
[d2cache] doc 51 n=42%: flex=1 4s
[d2cache] doc 51 n=44%: flex=1 3s
[d2cache] doc 51 n=46%: flex=1 3s
[d2cache] doc 51 n=48%: flex=1 3s
[d2cache] doc 51 n=52%: flex=1 3s
[d2cache] doc 51 n=54%: flex=1 3s
[d2cache] doc 51 n=56%: flex=1 3s
[d2cache] doc 51 n=58%: flex=1 3s
[d2cache] doc 51 n=62%: flex=1 2s
[d2cache] doc 51 n=64%: flex=1 2s
[d2cache] doc 51 n=66%: flex=1 2s
[d2cache] doc 51 n=68%: flex=1 2s
[d2cache] doc 51 n=72%: flex=1 2s
[d2cache] doc 51 n=74%: flex=1 2s
[d2cache] doc 51 n=76%: flex=1 2s
[d2cache] doc 51 n=78%: flex=1 1s
[d2cache] doc 51 n=82%: flex=1 1s
[d2cache] doc 51 n=84%: flex=1 1s
[d2cache] doc 51 n=86%: flex=1 1s
[d2cache] doc 51 n=88%: flex=1 1s
[d2cache] doc 52 n=2%: flex=1 6s
[d2cache] doc 52 n=4%: flex=0 6s
[d2cache] doc 52 n=6%: flex=0 6s
[d2cache] doc 52 n=8%: flex=1 6s
[d2cache] doc 52 n=12%: flex=1 6s
[d2cache] doc 52 n=14%: flex=1 5s
[d2cache] doc 52 n=16%: flex=1 5s
[d2cache] doc 52 n=18%: flex=1 5s
[d2cache] doc 52 n=22%: flex=1 5s
[d2cache] doc 52 n=24%: flex=1 5s
[d2cache] doc 52 n=26%: flex=1 5s
[d2cache] doc 52 n=28%: flex=1 5s
[d2cache] doc 52 n=32%: flex=1 4s
[d2cache] doc 52 n=34%: flex=1 4s
[d2cache] doc 52 n=36%: flex=1 4s
[d2cache] doc 52 n=38%: flex=1 4s
[d2cache] doc 52 n=42%: flex=1 4s
[d2cache] doc 52 n=44%: flex=1 4s
[d2cache] doc 52 n=46%: flex=1 3s
[d2cache] doc 52 n=48%: flex=1 3s
[d2cache] doc 52 n=52%: flex=1 3s
[d2cache] doc 52 n=54%: flex=1 3s
[d2cache] doc 52 n=56%: flex=1 3s
[d2cache] doc 52 n=58%: flex=1 3s
[d2cache] doc 52 n=62%: flex=1 2s
[d2cache] doc 52 n=64%: flex=1 2s
[d2cache] doc 52 n=66%: flex=1 2s
[d2cache] doc 52 n=68%: flex=1 2s
[d2cache] doc 52 n=72%: flex=1 2s
[d2cache] doc 52 n=74%: flex=1 2s
[d2cache] doc 52 n=76%: flex=1 2s
[d2cache] doc 52 n=78%: flex=1 1s
[d2cache] doc 52 n=82%: flex=1 1s
[d2cache] doc 52 n=84%: flex=1 1s
[d2cache] doc 52 n=86%: flex=1 1s
[d2cache] doc 52 n=88%: flex=1 1s
[d2cache] doc 53 n=2%: flex=1 7s
[d2cache] doc 53 n=4%: flex=1 6s
[d2cache] doc 53 n=6%: flex=0 6s
[d2cache] doc 53 n=8%: flex=1 6s
[d2cache] doc 53 n=12%: flex=0 6s
[d2cache] doc 53 n=14%: flex=1 6s
[d2cache] doc 53 n=16%: flex=1 6s
[d2cache] doc 53 n=18%: flex=1 6s
[d2cache] doc 53 n=22%: flex=1 5s
[d2cache] doc 53 n=24%: flex=1 5s
[d2cache] doc 53 n=26%: flex=0 5s
[d2cache] doc 53 n=28%: flex=0 5s
[d2cache] doc 53 n=32%: flex=0 5s
[d2cache] doc 53 n=34%: flex=0 4s
[d2cache] doc 53 n=36%: flex=0 4s
[d2cache] doc 53 n=38%: flex=0 4s
[d2cache] doc 53 n=42%: flex=0 4s
[d2cache] doc 53 n=44%: flex=0 4s
[d2cache] doc 53 n=46%: flex=0 4s
[d2cache] doc 53 n=48%: flex=0 4s
[d2cache] doc 53 n=52%: flex=1 3s
[d2cache] doc 53 n=54%: flex=1 3s
[d2cache] doc 53 n=56%: flex=0 3s
[d2cache] doc 53 n=58%: flex=1 3s
[d2cache] doc 53 n=62%: flex=1 3s
[d2cache] doc 53 n=64%: flex=1 3s
[d2cache] doc 53 n=66%: flex=0 2s
[d2cache] doc 53 n=68%: flex=1 2s
[d2cache] doc 53 n=72%: flex=1 2s
[d2cache] doc 53 n=74%: flex=1 2s
[d2cache] doc 53 n=76%: flex=1 2s
[d2cache] doc 53 n=78%: flex=1 2s
[d2cache] doc 53 n=82%: flex=1 1s
[d2cache] doc 53 n=84%: flex=1 1s
[d2cache] doc 53 n=86%: flex=1 1s
[d2cache] doc 53 n=88%: flex=1 1s
[d2cache] doc 55 n=2%: flex=1 6s
[d2cache] doc 55 n=4%: flex=1 6s
[d2cache] doc 55 n=6%: flex=1 6s
[d2cache] doc 55 n=8%: flex=1 6s
[d2cache] doc 55 n=12%: flex=1 6s
[d2cache] doc 55 n=14%: flex=1 6s
[d2cache] doc 55 n=16%: flex=1 6s
[d2cache] doc 55 n=18%: flex=1 5s
[d2cache] doc 55 n=22%: flex=1 5s
[d2cache] doc 55 n=24%: flex=1 5s
[d2cache] doc 55 n=26%: flex=1 5s
[d2cache] doc 55 n=28%: flex=1 5s
[d2cache] doc 55 n=32%: flex=1 5s
[d2cache] doc 55 n=34%: flex=1 4s
[d2cache] doc 55 n=36%: flex=1 4s
[d2cache] doc 55 n=38%: flex=1 4s
[d2cache] doc 55 n=42%: flex=1 4s
[d2cache] doc 55 n=44%: flex=1 4s
[d2cache] doc 55 n=46%: flex=1 4s
[d2cache] doc 55 n=48%: flex=1 4s
[d2cache] doc 55 n=52%: flex=1 3s
[d2cache] doc 55 n=54%: flex=1 3s
[d2cache] doc 55 n=56%: flex=1 3s
[d2cache] doc 55 n=58%: flex=1 3s
[d2cache] doc 55 n=62%: flex=1 3s
[d2cache] doc 55 n=64%: flex=1 2s
[d2cache] doc 55 n=66%: flex=1 2s
[d2cache] doc 55 n=68%: flex=1 2s
[d2cache] doc 55 n=72%: flex=1 2s
[d2cache] doc 55 n=74%: flex=1 2s
[d2cache] doc 55 n=76%: flex=1 2s
[d2cache] doc 55 n=78%: flex=1 2s
[d2cache] doc 55 n=82%: flex=1 1s
[d2cache] doc 55 n=84%: flex=1 1s
[d2cache] doc 55 n=86%: flex=1 1s
[d2cache] doc 55 n=88%: flex=1 1s
[d2cache] doc 56 n=2%: flex=1 7s
[d2cache] doc 56 n=4%: flex=1 6s
[d2cache] doc 56 n=6%: flex=1 6s
[d2cache] doc 56 n=8%: flex=1 6s
[d2cache] doc 56 n=12%: flex=1 6s
[d2cache] doc 56 n=14%: flex=1 6s
[d2cache] doc 56 n=16%: flex=1 6s
[d2cache] doc 56 n=18%: flex=1 5s
[d2cache] doc 56 n=22%: flex=1 5s
[d2cache] doc 56 n=24%: flex=1 5s
[d2cache] doc 56 n=26%: flex=1 5s
[d2cache] doc 56 n=28%: flex=1 5s
[d2cache] doc 56 n=32%: flex=1 5s
[d2cache] doc 56 n=34%: flex=1 4s
[d2cache] doc 56 n=36%: flex=1 4s
[d2cache] doc 56 n=38%: flex=1 4s
[d2cache] doc 56 n=42%: flex=1 4s
[d2cache] doc 56 n=44%: flex=1 4s
[d2cache] doc 56 n=46%: flex=1 4s
[d2cache] doc 56 n=48%: flex=1 4s
[d2cache] doc 56 n=52%: flex=1 3s
[d2cache] doc 56 n=54%: flex=1 3s
[d2cache] doc 56 n=56%: flex=1 3s
[d2cache] doc 56 n=58%: flex=1 3s
[d2cache] doc 56 n=62%: flex=1 3s
[d2cache] doc 56 n=64%: flex=1 2s
[d2cache] doc 56 n=66%: flex=1 2s
[d2cache] doc 56 n=68%: flex=1 2s
[d2cache] doc 56 n=72%: flex=1 2s
[d2cache] doc 56 n=74%: flex=1 2s
[d2cache] doc 56 n=76%: flex=1 2s
[d2cache] doc 56 n=78%: flex=1 2s
[d2cache] doc 56 n=82%: flex=1 1s
[d2cache] doc 56 n=84%: flex=1 1s
[d2cache] doc 56 n=86%: flex=1 1s
[d2cache] doc 56 n=88%: flex=1 1s
[d2cache] doc 57 n=2%: flex=0 7s
[d2cache] doc 57 n=4%: flex=1 6s
[d2cache] doc 57 n=6%: flex=1 6s
[d2cache] doc 57 n=8%: flex=0 6s
[d2cache] doc 57 n=12%: flex=0 6s
[d2cache] doc 57 n=14%: flex=1 6s
[d2cache] doc 57 n=16%: flex=1 6s
[d2cache] doc 57 n=18%: flex=1 6s
[d2cache] doc 57 n=22%: flex=1 5s
[d2cache] doc 57 n=24%: flex=1 5s
[d2cache] doc 57 n=26%: flex=1 5s
[d2cache] doc 57 n=28%: flex=1 5s
[d2cache] doc 57 n=32%: flex=1 5s
[d2cache] doc 57 n=34%: flex=1 4s
[d2cache] doc 57 n=36%: flex=1 4s
[d2cache] doc 57 n=38%: flex=1 4s
[d2cache] doc 57 n=42%: flex=1 4s
[d2cache] doc 57 n=44%: flex=1 4s
[d2cache] doc 57 n=46%: flex=1 4s
[d2cache] doc 57 n=48%: flex=1 4s
[d2cache] doc 57 n=52%: flex=1 3s
[d2cache] doc 57 n=54%: flex=1 3s
[d2cache] doc 57 n=56%: flex=1 3s
[d2cache] doc 57 n=58%: flex=1 3s
[d2cache] doc 57 n=62%: flex=1 3s
[d2cache] doc 57 n=64%: flex=1 3s
[d2cache] doc 57 n=66%: flex=1 2s
[d2cache] doc 57 n=68%: flex=1 2s
[d2cache] doc 57 n=72%: flex=1 2s
[d2cache] doc 57 n=74%: flex=1 2s
[d2cache] doc 57 n=76%: flex=1 2s
[d2cache] doc 57 n=78%: flex=1 2s
[d2cache] doc 57 n=82%: flex=1 1s
[d2cache] doc 57 n=84%: flex=1 1s
[d2cache] doc 57 n=86%: flex=1 1s
[d2cache] doc 57 n=88%: flex=1 1s
[d2cache] doc 58 n=2%: flex=0 6s
[d2cache] doc 58 n=4%: flex=1 6s
[d2cache] doc 58 n=6%: flex=1 6s
[d2cache] doc 58 n=8%: flex=1 6s
[d2cache] doc 58 n=12%: flex=1 6s
[d2cache] doc 58 n=14%: flex=1 6s
[d2cache] doc 58 n=16%: flex=1 5s
[d2cache] doc 58 n=18%: flex=1 5s
[d2cache] doc 58 n=22%: flex=1 5s
[d2cache] doc 58 n=24%: flex=1 5s
[d2cache] doc 58 n=26%: flex=1 5s
[d2cache] doc 58 n=28%: flex=1 5s
[d2cache] doc 58 n=32%: flex=0 4s
[d2cache] doc 58 n=34%: flex=1 4s
[d2cache] doc 58 n=36%: flex=0 4s
[d2cache] doc 58 n=38%: flex=1 4s
[d2cache] doc 58 n=42%: flex=0 4s
[d2cache] doc 58 n=44%: flex=1 4s
[d2cache] doc 58 n=46%: flex=1 4s
[d2cache] doc 58 n=48%: flex=1 3s
[d2cache] doc 58 n=52%: flex=0 3s
[d2cache] doc 58 n=54%: flex=0 3s
[d2cache] doc 58 n=56%: flex=1 3s
[d2cache] doc 58 n=58%: flex=1 3s
[d2cache] doc 58 n=62%: flex=1 3s
[d2cache] doc 58 n=64%: flex=1 2s
[d2cache] doc 58 n=66%: flex=1 2s
[d2cache] doc 58 n=68%: flex=1 2s
[d2cache] doc 58 n=72%: flex=1 2s
[d2cache] doc 58 n=74%: flex=1 2s
[d2cache] doc 58 n=76%: flex=1 2s
[d2cache] doc 58 n=78%: flex=1 2s
[d2cache] doc 58 n=82%: flex=1 1s
[d2cache] doc 58 n=84%: flex=1 1s
[d2cache] doc 58 n=86%: flex=1 1s
[d2cache] doc 58 n=88%: flex=1 1s
[d2cache] doc 61 n=2%: flex=1 6s
[d2cache] doc 61 n=4%: flex=1 6s
[d2cache] doc 61 n=6%: flex=1 6s
[d2cache] doc 61 n=8%: flex=1 6s
[d2cache] doc 61 n=12%: flex=1 5s
[d2cache] doc 61 n=14%: flex=1 5s
[d2cache] doc 61 n=16%: flex=1 5s
[d2cache] doc 61 n=18%: flex=1 5s
[d2cache] doc 61 n=22%: flex=1 5s
[d2cache] doc 61 n=24%: flex=1 5s
[d2cache] doc 61 n=26%: flex=1 5s
[d2cache] doc 61 n=28%: flex=1 5s
[d2cache] doc 61 n=32%: flex=1 4s
[d2cache] doc 61 n=34%: flex=1 4s
[d2cache] doc 61 n=36%: flex=1 4s
[d2cache] doc 61 n=38%: flex=1 4s
[d2cache] doc 61 n=42%: flex=1 4s
[d2cache] doc 61 n=44%: flex=1 3s
[d2cache] doc 61 n=46%: flex=1 3s
[d2cache] doc 61 n=48%: flex=1 3s
[d2cache] doc 61 n=52%: flex=1 3s
[d2cache] doc 61 n=54%: flex=1 3s
[d2cache] doc 61 n=56%: flex=1 3s
[d2cache] doc 61 n=58%: flex=1 3s
[d2cache] doc 61 n=62%: flex=1 2s
[d2cache] doc 61 n=64%: flex=1 2s
[d2cache] doc 61 n=66%: flex=1 2s
[d2cache] doc 61 n=68%: flex=1 2s
[d2cache] doc 61 n=72%: flex=1 2s
[d2cache] doc 61 n=74%: flex=1 2s
[d2cache] doc 61 n=76%: flex=1 2s
[d2cache] doc 61 n=78%: flex=1 1s
[d2cache] doc 61 n=82%: flex=1 1s
[d2cache] doc 61 n=84%: flex=1 1s
[d2cache] doc 61 n=86%: flex=1 1s
[d2cache] doc 61 n=88%: flex=1 1s
[d2cache] doc 63 n=2%: flex=1 6s
[d2cache] doc 63 n=4%: flex=1 6s
[d2cache] doc 63 n=6%: flex=0 6s
[d2cache] doc 63 n=8%: flex=1 6s
[d2cache] doc 63 n=12%: flex=1 5s
[d2cache] doc 63 n=14%: flex=1 5s
[d2cache] doc 63 n=16%: flex=1 5s
[d2cache] doc 63 n=18%: flex=1 5s
[d2cache] doc 63 n=22%: flex=1 5s
[d2cache] doc 63 n=24%: flex=1 5s
[d2cache] doc 63 n=26%: flex=1 4s
[d2cache] doc 63 n=28%: flex=1 4s
[d2cache] doc 63 n=32%: flex=1 4s
[d2cache] doc 63 n=34%: flex=1 4s
[d2cache] doc 63 n=36%: flex=1 4s
[d2cache] doc 63 n=38%: flex=1 4s
[d2cache] doc 63 n=42%: flex=1 4s
[d2cache] doc 63 n=44%: flex=1 3s
[d2cache] doc 63 n=46%: flex=1 3s
[d2cache] doc 63 n=48%: flex=1 3s
[d2cache] doc 63 n=52%: flex=1 3s
[d2cache] doc 63 n=54%: flex=1 3s
[d2cache] doc 63 n=56%: flex=1 3s
[d2cache] doc 63 n=58%: flex=1 3s
[d2cache] doc 63 n=62%: flex=1 2s
[d2cache] doc 63 n=64%: flex=1 2s
[d2cache] doc 63 n=66%: flex=1 2s
[d2cache] doc 63 n=68%: flex=1 2s
[d2cache] doc 63 n=72%: flex=1 2s
[d2cache] doc 63 n=74%: flex=1 2s
[d2cache] doc 63 n=76%: flex=1 2s
[d2cache] doc 63 n=78%: flex=1 1s
[d2cache] doc 63 n=82%: flex=1 1s
[d2cache] doc 63 n=84%: flex=1 1s
[d2cache] doc 63 n=86%: flex=1 1s
[d2cache] doc 63 n=88%: flex=1 1s
[d2cache] complete -> results_experiment_2_dose/continuations_d2cache.csv + results_experiment_2_dose/student_trace_d2cache.npz
The argument `trust_remote_code` is to be used with Auto classes. It has no effect here and is ignored.
[methods] loaded ['ours', 'fastdllm', 'd2cache', 'dllmcache'] from experiment_2_methods.yaml
Loading checkpoint shards:   0%|          | 0/6 [00:00<?, ?it/s]Loading checkpoint shards:  17%|█▋        | 1/6 [00:00<00:00,  6.27it/s]Loading checkpoint shards:  33%|███▎      | 2/6 [00:00<00:00,  6.61it/s]Loading checkpoint shards:  50%|█████     | 3/6 [00:00<00:00,  6.68it/s]Loading checkpoint shards:  67%|██████▋   | 4/6 [00:00<00:00,  6.81it/s]Loading checkpoint shards:  83%|████████▎ | 5/6 [00:00<00:00,  6.86it/s]Loading checkpoint shards: 100%|██████████| 6/6 [00:00<00:00,  6.89it/s]Loading checkpoint shards: 100%|██████████| 6/6 [00:00<00:00,  6.79it/s]
[dllmcache] 41 teacher-correct docs x 46 n-values (410 rows already done, 41 traces on disk)
[dllmcache] doc 0 n=2%: flex=1 11s
[dllmcache] doc 0 n=4%: flex=1 10s
[dllmcache] doc 0 n=6%: flex=1 10s
[dllmcache] doc 0 n=8%: flex=1 10s
[dllmcache] doc 0 n=12%: flex=1 10s
[dllmcache] doc 0 n=14%: flex=1 10s
[dllmcache] doc 0 n=16%: flex=1 10s
[dllmcache] doc 0 n=18%: flex=1 10s
[dllmcache] doc 0 n=22%: flex=1 10s
[dllmcache] doc 0 n=24%: flex=1 10s
[dllmcache] doc 0 n=26%: flex=1 10s
[dllmcache] doc 0 n=28%: flex=1 10s
[dllmcache] doc 0 n=32%: flex=1 11s
[dllmcache] doc 0 n=34%: flex=1 11s
[dllmcache] doc 0 n=36%: flex=1 10s
[dllmcache] doc 0 n=38%: flex=1 10s
[dllmcache] doc 0 n=42%: flex=1 11s
[dllmcache] doc 0 n=44%: flex=1 10s
[dllmcache] doc 0 n=46%: flex=1 10s
[dllmcache] doc 0 n=48%: flex=1 10s
[dllmcache] doc 0 n=52%: flex=1 10s
[dllmcache] doc 0 n=54%: flex=1 10s
[dllmcache] doc 0 n=56%: flex=1 11s
[dllmcache] doc 0 n=58%: flex=1 11s
[dllmcache] doc 0 n=62%: flex=1 10s
[dllmcache] doc 0 n=64%: flex=1 11s
[dllmcache] doc 0 n=66%: flex=1 11s
[dllmcache] doc 0 n=68%: flex=1 10s
[dllmcache] doc 0 n=72%: flex=1 10s
[dllmcache] doc 0 n=74%: flex=1 10s
[dllmcache] doc 0 n=76%: flex=1 10s
[dllmcache] doc 0 n=78%: flex=1 10s
[dllmcache] doc 0 n=82%: flex=1 10s
[dllmcache] doc 0 n=84%: flex=1 10s
[dllmcache] doc 0 n=86%: flex=1 10s
[dllmcache] doc 0 n=88%: flex=1 10s
[dllmcache] doc 1 n=2%: flex=1 11s
[dllmcache] doc 1 n=4%: flex=1 10s
[dllmcache] doc 1 n=6%: flex=1 10s
[dllmcache] doc 1 n=8%: flex=1 11s
[dllmcache] doc 1 n=12%: flex=1 10s
[dllmcache] doc 1 n=14%: flex=1 10s
[dllmcache] doc 1 n=16%: flex=1 10s
[dllmcache] doc 1 n=18%: flex=1 11s
[dllmcache] doc 1 n=22%: flex=1 11s
[dllmcache] doc 1 n=24%: flex=1 10s
[dllmcache] doc 1 n=26%: flex=1 10s
[dllmcache] doc 1 n=28%: flex=1 10s
[dllmcache] doc 1 n=32%: flex=1 10s
[dllmcache] doc 1 n=34%: flex=1 10s
[dllmcache] doc 1 n=36%: flex=1 10s
[dllmcache] doc 1 n=38%: flex=1 10s
[dllmcache] doc 1 n=42%: flex=1 10s
[dllmcache] doc 1 n=44%: flex=1 10s
[dllmcache] doc 1 n=46%: flex=1 10s
[dllmcache] doc 1 n=48%: flex=1 10s
[dllmcache] doc 1 n=52%: flex=1 10s
[dllmcache] doc 1 n=54%: flex=1 10s
[dllmcache] doc 1 n=56%: flex=1 10s
[dllmcache] doc 1 n=58%: flex=1 10s
[dllmcache] doc 1 n=62%: flex=1 10s
[dllmcache] doc 1 n=64%: flex=1 10s
[dllmcache] doc 1 n=66%: flex=1 10s
[dllmcache] doc 1 n=68%: flex=1 10s
[dllmcache] doc 1 n=72%: flex=1 10s
[dllmcache] doc 1 n=74%: flex=1 10s
[dllmcache] doc 1 n=76%: flex=1 10s
[dllmcache] doc 1 n=78%: flex=1 10s
[dllmcache] doc 1 n=82%: flex=1 10s
[dllmcache] doc 1 n=84%: flex=1 10s
[dllmcache] doc 1 n=86%: flex=1 10s
[dllmcache] doc 1 n=88%: flex=1 10s
[dllmcache] doc 3 n=2%: flex=1 9s
[dllmcache] doc 3 n=4%: flex=1 9s
[dllmcache] doc 3 n=6%: flex=1 9s
[dllmcache] doc 3 n=8%: flex=0 9s
[dllmcache] doc 3 n=12%: flex=1 9s
[dllmcache] doc 3 n=14%: flex=1 9s
[dllmcache] doc 3 n=16%: flex=1 9s
[dllmcache] doc 3 n=18%: flex=1 10s
[dllmcache] doc 3 n=22%: flex=1 10s
[dllmcache] doc 3 n=24%: flex=1 10s
[dllmcache] doc 3 n=26%: flex=1 10s
[dllmcache] doc 3 n=28%: flex=1 10s
[dllmcache] doc 3 n=32%: flex=1 10s
[dllmcache] doc 3 n=34%: flex=1 10s
[dllmcache] doc 3 n=36%: flex=1 10s
[dllmcache] doc 3 n=38%: flex=1 10s
[dllmcache] doc 3 n=42%: flex=1 10s
[dllmcache] doc 3 n=44%: flex=1 10s
[dllmcache] doc 3 n=46%: flex=1 10s
[dllmcache] doc 3 n=48%: flex=1 10s
[dllmcache] doc 3 n=52%: flex=1 10s
[dllmcache] doc 3 n=54%: flex=1 10s
[dllmcache] doc 3 n=56%: flex=1 10s
[dllmcache] doc 3 n=58%: flex=1 10s
[dllmcache] doc 3 n=62%: flex=1 10s
[dllmcache] doc 3 n=64%: flex=1 10s
[dllmcache] doc 3 n=66%: flex=1 10s
[dllmcache] doc 3 n=68%: flex=1 10s
[dllmcache] doc 3 n=72%: flex=1 10s
[dllmcache] doc 3 n=74%: flex=1 10s
[dllmcache] doc 3 n=76%: flex=1 10s
[dllmcache] doc 3 n=78%: flex=1 10s
[dllmcache] doc 3 n=82%: flex=1 9s
[dllmcache] doc 3 n=84%: flex=1 9s
[dllmcache] doc 3 n=86%: flex=1 9s
[dllmcache] doc 3 n=88%: flex=1 10s
[dllmcache] doc 4 n=2%: flex=1 11s
[dllmcache] doc 4 n=4%: flex=1 11s
[dllmcache] doc 4 n=6%: flex=1 11s
[dllmcache] doc 4 n=8%: flex=1 11s
[dllmcache] doc 4 n=12%: flex=1 11s
[dllmcache] doc 4 n=14%: flex=1 11s
[dllmcache] doc 4 n=16%: flex=1 11s
[dllmcache] doc 4 n=18%: flex=1 11s
[dllmcache] doc 4 n=22%: flex=1 11s
[dllmcache] doc 4 n=24%: flex=1 11s
[dllmcache] doc 4 n=26%: flex=1 11s
[dllmcache] doc 4 n=28%: flex=1 11s
[dllmcache] doc 4 n=32%: flex=1 11s
[dllmcache] doc 4 n=34%: flex=1 11s
[dllmcache] doc 4 n=36%: flex=1 11s
[dllmcache] doc 4 n=38%: flex=1 11s
[dllmcache] doc 4 n=42%: flex=1 11s
[dllmcache] doc 4 n=44%: flex=1 11s
[dllmcache] doc 4 n=46%: flex=1 11s
[dllmcache] doc 4 n=48%: flex=1 11s
[dllmcache] doc 4 n=52%: flex=1 11s
[dllmcache] doc 4 n=54%: flex=1 11s
[dllmcache] doc 4 n=56%: flex=1 11s
[dllmcache] doc 4 n=58%: flex=1 11s
[dllmcache] doc 4 n=62%: flex=1 11s
[dllmcache] doc 4 n=64%: flex=1 11s
[dllmcache] doc 4 n=66%: flex=1 11s
[dllmcache] doc 4 n=68%: flex=1 11s
[dllmcache] doc 4 n=72%: flex=1 11s
[dllmcache] doc 4 n=74%: flex=1 11s
[dllmcache] doc 4 n=76%: flex=1 11s
[dllmcache] doc 4 n=78%: flex=1 11s
[dllmcache] doc 4 n=82%: flex=1 11s
[dllmcache] doc 4 n=84%: flex=1 11s
[dllmcache] doc 4 n=86%: flex=1 11s
[dllmcache] doc 4 n=88%: flex=1 11s
[dllmcache] doc 6 n=2%: flex=1 10s
[dllmcache] doc 6 n=4%: flex=1 10s
[dllmcache] doc 6 n=6%: flex=1 10s
[dllmcache] doc 6 n=8%: flex=0 10s
[dllmcache] doc 6 n=12%: flex=1 10s
[dllmcache] doc 6 n=14%: flex=1 10s
[dllmcache] doc 6 n=16%: flex=1 10s
[dllmcache] doc 6 n=18%: flex=1 10s
[dllmcache] doc 6 n=22%: flex=1 10s
[dllmcache] doc 6 n=24%: flex=1 10s
[dllmcache] doc 6 n=26%: flex=1 10s
[dllmcache] doc 6 n=28%: flex=1 10s
[dllmcache] doc 6 n=32%: flex=0 10s
[dllmcache] doc 6 n=34%: flex=1 10s
[dllmcache] doc 6 n=36%: flex=1 10s
[dllmcache] doc 6 n=38%: flex=1 10s
[dllmcache] doc 6 n=42%: flex=1 10s
[dllmcache] doc 6 n=44%: flex=1 10s
[dllmcache] doc 6 n=46%: flex=1 10s
[dllmcache] doc 6 n=48%: flex=1 10s
[dllmcache] doc 6 n=52%: flex=1 10s
[dllmcache] doc 6 n=54%: flex=1 10s
[dllmcache] doc 6 n=56%: flex=1 10s
[dllmcache] doc 6 n=58%: flex=1 10s
[dllmcache] doc 6 n=62%: flex=1 10s
[dllmcache] doc 6 n=64%: flex=1 10s
[dllmcache] doc 6 n=66%: flex=1 10s
[dllmcache] doc 6 n=68%: flex=1 10s
[dllmcache] doc 6 n=72%: flex=1 10s
[dllmcache] doc 6 n=74%: flex=1 10s
[dllmcache] doc 6 n=76%: flex=1 10s
[dllmcache] doc 6 n=78%: flex=1 10s
[dllmcache] doc 6 n=82%: flex=1 10s
[dllmcache] doc 6 n=84%: flex=1 10s
[dllmcache] doc 6 n=86%: flex=1 10s
[dllmcache] doc 6 n=88%: flex=1 10s
[dllmcache] doc 9 n=2%: flex=1 9s
[dllmcache] doc 9 n=4%: flex=1 9s
[dllmcache] doc 9 n=6%: flex=1 10s
[dllmcache] doc 9 n=8%: flex=1 9s
[dllmcache] doc 9 n=12%: flex=1 9s
[dllmcache] doc 9 n=14%: flex=0 9s
[dllmcache] doc 9 n=16%: flex=0 9s
[dllmcache] doc 9 n=18%: flex=1 9s
[dllmcache] doc 9 n=22%: flex=0 9s
[dllmcache] doc 9 n=24%: flex=0 9s
[dllmcache] doc 9 n=26%: flex=1 9s
[dllmcache] doc 9 n=28%: flex=1 9s
[dllmcache] doc 9 n=32%: flex=1 9s
[dllmcache] doc 9 n=34%: flex=1 9s
[dllmcache] doc 9 n=36%: flex=1 9s
[dllmcache] doc 9 n=38%: flex=0 9s
[dllmcache] doc 9 n=42%: flex=1 9s
[dllmcache] doc 9 n=44%: flex=1 9s
[dllmcache] doc 9 n=46%: flex=1 9s
[dllmcache] doc 9 n=48%: flex=1 9s
[dllmcache] doc 9 n=52%: flex=1 9s
[dllmcache] doc 9 n=54%: flex=1 9s
[dllmcache] doc 9 n=56%: flex=1 9s
[dllmcache] doc 9 n=58%: flex=0 9s
[dllmcache] doc 9 n=62%: flex=1 9s
[dllmcache] doc 9 n=64%: flex=1 9s
[dllmcache] doc 9 n=66%: flex=1 9s
[dllmcache] doc 9 n=68%: flex=1 9s
[dllmcache] doc 9 n=72%: flex=1 9s
[dllmcache] doc 9 n=74%: flex=1 9s
[dllmcache] doc 9 n=76%: flex=1 9s
[dllmcache] doc 9 n=78%: flex=1 9s
[dllmcache] doc 9 n=82%: flex=1 9s
[dllmcache] doc 9 n=84%: flex=1 9s
[dllmcache] doc 9 n=86%: flex=1 9s
[dllmcache] doc 9 n=88%: flex=1 9s
[dllmcache] doc 10 n=2%: flex=1 10s
[dllmcache] doc 10 n=4%: flex=1 10s
[dllmcache] doc 10 n=6%: flex=1 10s
[dllmcache] doc 10 n=8%: flex=1 10s
[dllmcache] doc 10 n=12%: flex=1 10s
[dllmcache] doc 10 n=14%: flex=1 10s
[dllmcache] doc 10 n=16%: flex=0 10s
[dllmcache] doc 10 n=18%: flex=1 10s
[dllmcache] doc 10 n=22%: flex=1 10s
[dllmcache] doc 10 n=24%: flex=1 10s
[dllmcache] doc 10 n=26%: flex=1 10s
[dllmcache] doc 10 n=28%: flex=1 10s
[dllmcache] doc 10 n=32%: flex=1 10s
[dllmcache] doc 10 n=34%: flex=1 10s
[dllmcache] doc 10 n=36%: flex=1 10s
[dllmcache] doc 10 n=38%: flex=1 10s
[dllmcache] doc 10 n=42%: flex=1 10s
[dllmcache] doc 10 n=44%: flex=1 10s
[dllmcache] doc 10 n=46%: flex=1 10s
[dllmcache] doc 10 n=48%: flex=1 10s
[dllmcache] doc 10 n=52%: flex=1 10s
[dllmcache] doc 10 n=54%: flex=1 10s
[dllmcache] doc 10 n=56%: flex=1 10s
[dllmcache] doc 10 n=58%: flex=1 10s
[dllmcache] doc 10 n=62%: flex=1 10s
[dllmcache] doc 10 n=64%: flex=1 10s
[dllmcache] doc 10 n=66%: flex=1 10s
[dllmcache] doc 10 n=68%: flex=1 10s
[dllmcache] doc 10 n=72%: flex=1 10s
[dllmcache] doc 10 n=74%: flex=1 10s
[dllmcache] doc 10 n=76%: flex=1 10s
[dllmcache] doc 10 n=78%: flex=1 10s
[dllmcache] doc 10 n=82%: flex=1 10s
[dllmcache] doc 10 n=84%: flex=1 10s
[dllmcache] doc 10 n=86%: flex=1 10s
[dllmcache] doc 10 n=88%: flex=1 10s
[dllmcache] doc 11 n=2%: flex=1 11s
[dllmcache] doc 11 n=4%: flex=1 11s
[dllmcache] doc 11 n=6%: flex=1 11s
[dllmcache] doc 11 n=8%: flex=1 11s
[dllmcache] doc 11 n=12%: flex=1 11s
[dllmcache] doc 11 n=14%: flex=1 11s
[dllmcache] doc 11 n=16%: flex=1 11s
[dllmcache] doc 11 n=18%: flex=1 11s
[dllmcache] doc 11 n=22%: flex=1 11s
[dllmcache] doc 11 n=24%: flex=1 11s
[dllmcache] doc 11 n=26%: flex=1 11s
[dllmcache] doc 11 n=28%: flex=1 11s
[dllmcache] doc 11 n=32%: flex=1 11s
[dllmcache] doc 11 n=34%: flex=1 11s
[dllmcache] doc 11 n=36%: flex=1 11s
[dllmcache] doc 11 n=38%: flex=1 11s
[dllmcache] doc 11 n=42%: flex=1 11s
[dllmcache] doc 11 n=44%: flex=1 11s
[dllmcache] doc 11 n=46%: flex=1 11s
[dllmcache] doc 11 n=48%: flex=1 11s
[dllmcache] doc 11 n=52%: flex=1 11s
[dllmcache] doc 11 n=54%: flex=1 11s
[dllmcache] doc 11 n=56%: flex=1 11s
[dllmcache] doc 11 n=58%: flex=1 11s
[dllmcache] doc 11 n=62%: flex=1 11s
[dllmcache] doc 11 n=64%: flex=1 11s
[dllmcache] doc 11 n=66%: flex=1 11s
[dllmcache] doc 11 n=68%: flex=1 11s
[dllmcache] doc 11 n=72%: flex=1 11s
[dllmcache] doc 11 n=74%: flex=1 11s
[dllmcache] doc 11 n=76%: flex=1 11s
[dllmcache] doc 11 n=78%: flex=1 11s
[dllmcache] doc 11 n=82%: flex=1 11s
[dllmcache] doc 11 n=84%: flex=1 11s
[dllmcache] doc 11 n=86%: flex=1 11s
[dllmcache] doc 11 n=88%: flex=1 11s
[dllmcache] doc 14 n=2%: flex=1 9s
[dllmcache] doc 14 n=4%: flex=0 9s
[dllmcache] doc 14 n=6%: flex=0 9s
[dllmcache] doc 14 n=8%: flex=1 9s
[dllmcache] doc 14 n=12%: flex=1 9s
[dllmcache] doc 14 n=14%: flex=1 9s
[dllmcache] doc 14 n=16%: flex=1 9s
[dllmcache] doc 14 n=18%: flex=1 9s
[dllmcache] doc 14 n=22%: flex=1 9s
[dllmcache] doc 14 n=24%: flex=1 9s
[dllmcache] doc 14 n=26%: flex=1 9s
[dllmcache] doc 14 n=28%: flex=1 9s
[dllmcache] doc 14 n=32%: flex=1 9s
[dllmcache] doc 14 n=34%: flex=1 9s
[dllmcache] doc 14 n=36%: flex=1 9s
[dllmcache] doc 14 n=38%: flex=1 9s
[dllmcache] doc 14 n=42%: flex=1 9s
[dllmcache] doc 14 n=44%: flex=1 9s
[dllmcache] doc 14 n=46%: flex=1 9s
[dllmcache] doc 14 n=48%: flex=1 9s
[dllmcache] doc 14 n=52%: flex=1 9s
[dllmcache] doc 14 n=54%: flex=1 9s
[dllmcache] doc 14 n=56%: flex=1 9s
[dllmcache] doc 14 n=58%: flex=1 9s
[dllmcache] doc 14 n=62%: flex=1 9s
[dllmcache] doc 14 n=64%: flex=1 9s
[dllmcache] doc 14 n=66%: flex=1 9s
[dllmcache] doc 14 n=68%: flex=1 9s
[dllmcache] doc 14 n=72%: flex=1 9s
[dllmcache] doc 14 n=74%: flex=1 9s
[dllmcache] doc 14 n=76%: flex=1 10s
[dllmcache] doc 14 n=78%: flex=1 10s
[dllmcache] doc 14 n=82%: flex=1 9s
[dllmcache] doc 14 n=84%: flex=1 9s
[dllmcache] doc 14 n=86%: flex=1 9s
[dllmcache] doc 14 n=88%: flex=1 9s
[dllmcache] doc 17 n=2%: flex=1 10s
[dllmcache] doc 17 n=4%: flex=1 10s
[dllmcache] doc 17 n=6%: flex=1 10s
[dllmcache] doc 17 n=8%: flex=1 10s
[dllmcache] doc 17 n=12%: flex=1 10s
[dllmcache] doc 17 n=14%: flex=1 10s
[dllmcache] doc 17 n=16%: flex=1 10s
[dllmcache] doc 17 n=18%: flex=1 10s
[dllmcache] doc 17 n=22%: flex=1 10s
[dllmcache] doc 17 n=24%: flex=1 10s
[dllmcache] doc 17 n=26%: flex=1 10s
[dllmcache] doc 17 n=28%: flex=1 10s
[dllmcache] doc 17 n=32%: flex=1 10s
[dllmcache] doc 17 n=34%: flex=1 10s
[dllmcache] doc 17 n=36%: flex=1 10s
[dllmcache] doc 17 n=38%: flex=1 10s
[dllmcache] doc 17 n=42%: flex=1 10s
[dllmcache] doc 17 n=44%: flex=1 10s
[dllmcache] doc 17 n=46%: flex=1 10s
[dllmcache] doc 17 n=48%: flex=1 10s
[dllmcache] doc 17 n=52%: flex=1 10s
[dllmcache] doc 17 n=54%: flex=1 10s
[dllmcache] doc 17 n=56%: flex=1 10s
[dllmcache] doc 17 n=58%: flex=1 10s
[dllmcache] doc 17 n=62%: flex=1 10s
[dllmcache] doc 17 n=64%: flex=1 10s
[dllmcache] doc 17 n=66%: flex=1 10s
[dllmcache] doc 17 n=68%: flex=1 10s
[dllmcache] doc 17 n=72%: flex=1 10s
[dllmcache] doc 17 n=74%: flex=1 10s
[dllmcache] doc 17 n=76%: flex=1 10s
[dllmcache] doc 17 n=78%: flex=1 10s
[dllmcache] doc 17 n=82%: flex=1 10s
[dllmcache] doc 17 n=84%: flex=1 10s
[dllmcache] doc 17 n=86%: flex=1 10s
[dllmcache] doc 17 n=88%: flex=1 10s
[dllmcache] doc 18 n=2%: flex=1 9s
[dllmcache] doc 18 n=4%: flex=0 9s
[dllmcache] doc 18 n=6%: flex=0 9s
[dllmcache] doc 18 n=8%: flex=1 9s
[dllmcache] doc 18 n=12%: flex=1 9s
[dllmcache] doc 18 n=14%: flex=1 9s
[dllmcache] doc 18 n=16%: flex=0 9s
[dllmcache] doc 18 n=18%: flex=1 9s
[dllmcache] doc 18 n=22%: flex=1 9s
[dllmcache] doc 18 n=24%: flex=1 9s
[dllmcache] doc 18 n=26%: flex=1 9s
[dllmcache] doc 18 n=28%: flex=1 9s
[dllmcache] doc 18 n=32%: flex=1 9s
[dllmcache] doc 18 n=34%: flex=1 9s
[dllmcache] doc 18 n=36%: flex=1 9s
[dllmcache] doc 18 n=38%: flex=1 9s
[dllmcache] doc 18 n=42%: flex=1 9s
[dllmcache] doc 18 n=44%: flex=1 9s
[dllmcache] doc 18 n=46%: flex=1 9s
[dllmcache] doc 18 n=48%: flex=1 9s
[dllmcache] doc 18 n=52%: flex=1 9s
[dllmcache] doc 18 n=54%: flex=1 9s
[dllmcache] doc 18 n=56%: flex=1 9s
[dllmcache] doc 18 n=58%: flex=1 9s
[dllmcache] doc 18 n=62%: flex=1 9s
[dllmcache] doc 18 n=64%: flex=1 9s
[dllmcache] doc 18 n=66%: flex=1 9s
[dllmcache] doc 18 n=68%: flex=1 9s
[dllmcache] doc 18 n=72%: flex=1 9s
[dllmcache] doc 18 n=74%: flex=1 9s
[dllmcache] doc 18 n=76%: flex=1 9s
[dllmcache] doc 18 n=78%: flex=1 9s
[dllmcache] doc 18 n=82%: flex=1 9s
[dllmcache] doc 18 n=84%: flex=1 9s
[dllmcache] doc 18 n=86%: flex=1 9s
[dllmcache] doc 18 n=88%: flex=1 9s
[dllmcache] doc 19 n=2%: flex=0 10s
[dllmcache] doc 19 n=4%: flex=1 10s
[dllmcache] doc 19 n=6%: flex=0 10s
[dllmcache] doc 19 n=8%: flex=1 10s
[dllmcache] doc 19 n=12%: flex=1 10s
[dllmcache] doc 19 n=14%: flex=1 10s
[dllmcache] doc 19 n=16%: flex=1 10s
[dllmcache] doc 19 n=18%: flex=1 10s
[dllmcache] doc 19 n=22%: flex=1 10s
[dllmcache] doc 19 n=24%: flex=1 10s
[dllmcache] doc 19 n=26%: flex=1 10s
[dllmcache] doc 19 n=28%: flex=1 10s
[dllmcache] doc 19 n=32%: flex=1 10s
[dllmcache] doc 19 n=34%: flex=1 10s
[dllmcache] doc 19 n=36%: flex=1 10s
[dllmcache] doc 19 n=38%: flex=1 10s
[dllmcache] doc 19 n=42%: flex=1 10s
[dllmcache] doc 19 n=44%: flex=1 10s
[dllmcache] doc 19 n=46%: flex=1 10s
[dllmcache] doc 19 n=48%: flex=1 10s
[dllmcache] doc 19 n=52%: flex=1 10s
[dllmcache] doc 19 n=54%: flex=1 10s
[dllmcache] doc 19 n=56%: flex=1 10s
[dllmcache] doc 19 n=58%: flex=1 10s
[dllmcache] doc 19 n=62%: flex=1 10s
[dllmcache] doc 19 n=64%: flex=1 10s
[dllmcache] doc 19 n=66%: flex=1 10s
[dllmcache] doc 19 n=68%: flex=1 10s
[dllmcache] doc 19 n=72%: flex=1 10s
[dllmcache] doc 19 n=74%: flex=1 10s
[dllmcache] doc 19 n=76%: flex=1 10s
[dllmcache] doc 19 n=78%: flex=1 10s
[dllmcache] doc 19 n=82%: flex=1 10s
[dllmcache] doc 19 n=84%: flex=1 10s
[dllmcache] doc 19 n=86%: flex=1 10s
[dllmcache] doc 19 n=88%: flex=1 10s
[dllmcache] doc 22 n=2%: flex=1 11s
[dllmcache] doc 22 n=4%: flex=1 11s
[dllmcache] doc 22 n=6%: flex=1 11s
[dllmcache] doc 22 n=8%: flex=1 11s
[dllmcache] doc 22 n=12%: flex=1 11s
[dllmcache] doc 22 n=14%: flex=1 11s
[dllmcache] doc 22 n=16%: flex=1 11s
[dllmcache] doc 22 n=18%: flex=1 11s
[dllmcache] doc 22 n=22%: flex=1 11s
[dllmcache] doc 22 n=24%: flex=1 11s
[dllmcache] doc 22 n=26%: flex=1 11s
[dllmcache] doc 22 n=28%: flex=1 11s
[dllmcache] doc 22 n=32%: flex=1 11s
[dllmcache] doc 22 n=34%: flex=1 11s
[dllmcache] doc 22 n=36%: flex=1 11s
[dllmcache] doc 22 n=38%: flex=1 11s
[dllmcache] doc 22 n=42%: flex=1 11s
[dllmcache] doc 22 n=44%: flex=1 11s
[dllmcache] doc 22 n=46%: flex=1 11s
[dllmcache] doc 22 n=48%: flex=1 11s
[dllmcache] doc 22 n=52%: flex=1 11s
[dllmcache] doc 22 n=54%: flex=1 11s
[dllmcache] doc 22 n=56%: flex=1 11s
[dllmcache] doc 22 n=58%: flex=1 11s
[dllmcache] doc 22 n=62%: flex=1 11s
[dllmcache] doc 22 n=64%: flex=1 11s
[dllmcache] doc 22 n=66%: flex=1 11s
[dllmcache] doc 22 n=68%: flex=1 11s
[dllmcache] doc 22 n=72%: flex=1 11s
[dllmcache] doc 22 n=74%: flex=1 11s
[dllmcache] doc 22 n=76%: flex=1 11s
[dllmcache] doc 22 n=78%: flex=1 11s
[dllmcache] doc 22 n=82%: flex=1 11s
[dllmcache] doc 22 n=84%: flex=1 11s
[dllmcache] doc 22 n=86%: flex=1 11s
[dllmcache] doc 22 n=88%: flex=1 11s
[dllmcache] doc 23 n=2%: flex=1 10s
[dllmcache] doc 23 n=4%: flex=1 10s
[dllmcache] doc 23 n=6%: flex=1 10s
[dllmcache] doc 23 n=8%: flex=1 10s
[dllmcache] doc 23 n=12%: flex=1 10s
[dllmcache] doc 23 n=14%: flex=0 10s
[dllmcache] doc 23 n=16%: flex=1 10s
[dllmcache] doc 23 n=18%: flex=1 10s
[dllmcache] doc 23 n=22%: flex=1 10s
[dllmcache] doc 23 n=24%: flex=1 10s
[dllmcache] doc 23 n=26%: flex=1 10s
[dllmcache] doc 23 n=28%: flex=1 10s
[dllmcache] doc 23 n=32%: flex=1 10s
[dllmcache] doc 23 n=34%: flex=1 10s
[dllmcache] doc 23 n=36%: flex=1 10s
[dllmcache] doc 23 n=38%: flex=1 10s
[dllmcache] doc 23 n=42%: flex=1 10s
[dllmcache] doc 23 n=44%: flex=1 10s
[dllmcache] doc 23 n=46%: flex=1 10s
[dllmcache] doc 23 n=48%: flex=1 10s
[dllmcache] doc 23 n=52%: flex=1 10s
[dllmcache] doc 23 n=54%: flex=1 10s
[dllmcache] doc 23 n=56%: flex=1 10s
[dllmcache] doc 23 n=58%: flex=1 10s
[dllmcache] doc 23 n=62%: flex=1 10s
[dllmcache] doc 23 n=64%: flex=1 10s
[dllmcache] doc 23 n=66%: flex=1 10s
[dllmcache] doc 23 n=68%: flex=1 10s
[dllmcache] doc 23 n=72%: flex=1 10s
[dllmcache] doc 23 n=74%: flex=1 10s
[dllmcache] doc 23 n=76%: flex=1 10s
[dllmcache] doc 23 n=78%: flex=1 10s
[dllmcache] doc 23 n=82%: flex=1 10s
[dllmcache] doc 23 n=84%: flex=1 10s
[dllmcache] doc 23 n=86%: flex=1 10s
[dllmcache] doc 23 n=88%: flex=1 10s
[dllmcache] doc 24 n=2%: flex=1 11s
[dllmcache] doc 24 n=4%: flex=1 11s
[dllmcache] doc 24 n=6%: flex=1 11s
[dllmcache] doc 24 n=8%: flex=1 11s
[dllmcache] doc 24 n=12%: flex=1 11s
[dllmcache] doc 24 n=14%: flex=1 11s
[dllmcache] doc 24 n=16%: flex=1 11s
[dllmcache] doc 24 n=18%: flex=1 11s
[dllmcache] doc 24 n=22%: flex=1 11s
[dllmcache] doc 24 n=24%: flex=1 11s
[dllmcache] doc 24 n=26%: flex=1 11s
[dllmcache] doc 24 n=28%: flex=1 11s
[dllmcache] doc 24 n=32%: flex=1 11s
[dllmcache] doc 24 n=34%: flex=1 11s
[dllmcache] doc 24 n=36%: flex=1 11s
[dllmcache] doc 24 n=38%: flex=1 11s
[dllmcache] doc 24 n=42%: flex=1 11s
[dllmcache] doc 24 n=44%: flex=1 11s
[dllmcache] doc 24 n=46%: flex=1 11s
[dllmcache] doc 24 n=48%: flex=1 11s
[dllmcache] doc 24 n=52%: flex=1 11s
[dllmcache] doc 24 n=54%: flex=1 11s
[dllmcache] doc 24 n=56%: flex=1 11s
[dllmcache] doc 24 n=58%: flex=1 11s
[dllmcache] doc 24 n=62%: flex=1 11s
[dllmcache] doc 24 n=64%: flex=1 11s
[dllmcache] doc 24 n=66%: flex=1 11s
[dllmcache] doc 24 n=68%: flex=1 11s
[dllmcache] doc 24 n=72%: flex=1 11s
[dllmcache] doc 24 n=74%: flex=1 11s
[dllmcache] doc 24 n=76%: flex=1 11s
[dllmcache] doc 24 n=78%: flex=1 11s
[dllmcache] doc 24 n=82%: flex=1 11s
[dllmcache] doc 24 n=84%: flex=1 11s
[dllmcache] doc 24 n=86%: flex=1 11s
[dllmcache] doc 24 n=88%: flex=1 11s
[dllmcache] doc 25 n=2%: flex=1 11s
[dllmcache] doc 25 n=4%: flex=1 11s
[dllmcache] doc 25 n=6%: flex=1 11s
[dllmcache] doc 25 n=8%: flex=1 11s
[dllmcache] doc 25 n=12%: flex=1 11s
[dllmcache] doc 25 n=14%: flex=1 11s
[dllmcache] doc 25 n=16%: flex=1 11s
[dllmcache] doc 25 n=18%: flex=1 11s
[dllmcache] doc 25 n=22%: flex=1 11s
[dllmcache] doc 25 n=24%: flex=1 11s
[dllmcache] doc 25 n=26%: flex=1 11s
[dllmcache] doc 25 n=28%: flex=1 11s
[dllmcache] doc 25 n=32%: flex=1 11s
[dllmcache] doc 25 n=34%: flex=1 11s
[dllmcache] doc 25 n=36%: flex=1 11s
[dllmcache] doc 25 n=38%: flex=1 11s
[dllmcache] doc 25 n=42%: flex=1 11s
[dllmcache] doc 25 n=44%: flex=1 11s
[dllmcache] doc 25 n=46%: flex=1 11s
[dllmcache] doc 25 n=48%: flex=1 11s
[dllmcache] doc 25 n=52%: flex=1 11s
[dllmcache] doc 25 n=54%: flex=1 11s
[dllmcache] doc 25 n=56%: flex=1 11s
[dllmcache] doc 25 n=58%: flex=1 11s
[dllmcache] doc 25 n=62%: flex=1 11s
[dllmcache] doc 25 n=64%: flex=1 11s
[dllmcache] doc 25 n=66%: flex=1 11s
[dllmcache] doc 25 n=68%: flex=1 11s
[dllmcache] doc 25 n=72%: flex=1 11s
[dllmcache] doc 25 n=74%: flex=1 11s
[dllmcache] doc 25 n=76%: flex=1 11s
[dllmcache] doc 25 n=78%: flex=1 11s
[dllmcache] doc 25 n=82%: flex=1 11s
[dllmcache] doc 25 n=84%: flex=1 11s
[dllmcache] doc 25 n=86%: flex=1 11s
[dllmcache] doc 25 n=88%: flex=1 11s
[dllmcache] doc 26 n=2%: flex=1 10s
[dllmcache] doc 26 n=4%: flex=1 10s
[dllmcache] doc 26 n=6%: flex=1 10s
[dllmcache] doc 26 n=8%: flex=1 10s
[dllmcache] doc 26 n=12%: flex=1 10s
[dllmcache] doc 26 n=14%: flex=1 10s
[dllmcache] doc 26 n=16%: flex=1 10s
[dllmcache] doc 26 n=18%: flex=1 10s
[dllmcache] doc 26 n=22%: flex=1 10s
[dllmcache] doc 26 n=24%: flex=1 10s
[dllmcache] doc 26 n=26%: flex=1 10s
[dllmcache] doc 26 n=28%: flex=1 10s
[dllmcache] doc 26 n=32%: flex=1 10s
[dllmcache] doc 26 n=34%: flex=1 10s
[dllmcache] doc 26 n=36%: flex=1 10s
[dllmcache] doc 26 n=38%: flex=1 10s
[dllmcache] doc 26 n=42%: flex=1 10s
[dllmcache] doc 26 n=44%: flex=1 10s
[dllmcache] doc 26 n=46%: flex=1 10s
[dllmcache] doc 26 n=48%: flex=1 10s
[dllmcache] doc 26 n=52%: flex=1 10s
[dllmcache] doc 26 n=54%: flex=1 10s
[dllmcache] doc 26 n=56%: flex=1 10s
[dllmcache] doc 26 n=58%: flex=1 10s
[dllmcache] doc 26 n=62%: flex=1 10s
[dllmcache] doc 26 n=64%: flex=1 10s
[dllmcache] doc 26 n=66%: flex=1 10s
[dllmcache] doc 26 n=68%: flex=1 10s
[dllmcache] doc 26 n=72%: flex=1 10s
[dllmcache] doc 26 n=74%: flex=1 10s
[dllmcache] doc 26 n=76%: flex=1 10s
[dllmcache] doc 26 n=78%: flex=1 10s
[dllmcache] doc 26 n=82%: flex=1 10s
[dllmcache] doc 26 n=84%: flex=1 10s
[dllmcache] doc 26 n=86%: flex=1 10s
[dllmcache] doc 26 n=88%: flex=1 10s
[dllmcache] doc 27 n=2%: flex=1 9s
[dllmcache] doc 27 n=4%: flex=1 9s
[dllmcache] doc 27 n=6%: flex=1 9s
[dllmcache] doc 27 n=8%: flex=1 9s
[dllmcache] doc 27 n=12%: flex=1 9s
[dllmcache] doc 27 n=14%: flex=1 9s
[dllmcache] doc 27 n=16%: flex=1 9s
[dllmcache] doc 27 n=18%: flex=1 9s
[dllmcache] doc 27 n=22%: flex=1 9s
[dllmcache] doc 27 n=24%: flex=1 9s
[dllmcache] doc 27 n=26%: flex=1 9s
[dllmcache] doc 27 n=28%: flex=1 9s
[dllmcache] doc 27 n=32%: flex=1 9s
[dllmcache] doc 27 n=34%: flex=0 9s
[dllmcache] doc 27 n=36%: flex=1 9s
[dllmcache] doc 27 n=38%: flex=1 9s
[dllmcache] doc 27 n=42%: flex=1 9s
[dllmcache] doc 27 n=44%: flex=1 9s
[dllmcache] doc 27 n=46%: flex=1 9s
[dllmcache] doc 27 n=48%: flex=1 9s
[dllmcache] doc 27 n=52%: flex=1 9s
[dllmcache] doc 27 n=54%: flex=1 9s
[dllmcache] doc 27 n=56%: flex=1 9s
[dllmcache] doc 27 n=58%: flex=1 9s
[dllmcache] doc 27 n=62%: flex=1 9s
[dllmcache] doc 27 n=64%: flex=1 9s
[dllmcache] doc 27 n=66%: flex=1 9s
[dllmcache] doc 27 n=68%: flex=1 9s
[dllmcache] doc 27 n=72%: flex=1 9s
[dllmcache] doc 27 n=74%: flex=1 9s
[dllmcache] doc 27 n=76%: flex=1 9s
[dllmcache] doc 27 n=78%: flex=1 9s
[dllmcache] doc 27 n=82%: flex=1 9s
[dllmcache] doc 27 n=84%: flex=1 9s
[dllmcache] doc 27 n=86%: flex=1 9s
[dllmcache] doc 27 n=88%: flex=1 9s
[dllmcache] doc 29 n=2%: flex=1 10s
[dllmcache] doc 29 n=4%: flex=1 10s
[dllmcache] doc 29 n=6%: flex=1 10s
[dllmcache] doc 29 n=8%: flex=1 10s
[dllmcache] doc 29 n=12%: flex=1 10s
[dllmcache] doc 29 n=14%: flex=1 10s
[dllmcache] doc 29 n=16%: flex=0 10s
[dllmcache] doc 29 n=18%: flex=1 10s
[dllmcache] doc 29 n=22%: flex=1 10s
[dllmcache] doc 29 n=24%: flex=1 10s
[dllmcache] doc 29 n=26%: flex=1 10s
[dllmcache] doc 29 n=28%: flex=1 10s
[dllmcache] doc 29 n=32%: flex=1 10s
[dllmcache] doc 29 n=34%: flex=1 10s
[dllmcache] doc 29 n=36%: flex=1 10s
[dllmcache] doc 29 n=38%: flex=1 10s
[dllmcache] doc 29 n=42%: flex=1 10s
[dllmcache] doc 29 n=44%: flex=1 10s
[dllmcache] doc 29 n=46%: flex=1 10s
[dllmcache] doc 29 n=48%: flex=1 10s
[dllmcache] doc 29 n=52%: flex=1 10s
[dllmcache] doc 29 n=54%: flex=1 10s
[dllmcache] doc 29 n=56%: flex=1 10s
[dllmcache] doc 29 n=58%: flex=1 10s
[dllmcache] doc 29 n=62%: flex=1 10s
[dllmcache] doc 29 n=64%: flex=1 10s
[dllmcache] doc 29 n=66%: flex=1 10s
[dllmcache] doc 29 n=68%: flex=1 10s
[dllmcache] doc 29 n=72%: flex=1 10s
[dllmcache] doc 29 n=74%: flex=1 10s
[dllmcache] doc 29 n=76%: flex=1 10s
[dllmcache] doc 29 n=78%: flex=1 10s
[dllmcache] doc 29 n=82%: flex=1 10s
[dllmcache] doc 29 n=84%: flex=1 10s
[dllmcache] doc 29 n=86%: flex=1 10s
[dllmcache] doc 29 n=88%: flex=1 10s
[dllmcache] doc 30 n=2%: flex=1 10s
[dllmcache] doc 30 n=4%: flex=1 10s
[dllmcache] doc 30 n=6%: flex=1 10s
[dllmcache] doc 30 n=8%: flex=1 10s
[dllmcache] doc 30 n=12%: flex=1 10s
[dllmcache] doc 30 n=14%: flex=1 10s
[dllmcache] doc 30 n=16%: flex=1 10s
[dllmcache] doc 30 n=18%: flex=1 10s
[dllmcache] doc 30 n=22%: flex=1 10s
[dllmcache] doc 30 n=24%: flex=1 10s
[dllmcache] doc 30 n=26%: flex=1 10s
[dllmcache] doc 30 n=28%: flex=1 10s
[dllmcache] doc 30 n=32%: flex=1 10s
[dllmcache] doc 30 n=34%: flex=1 10s
[dllmcache] doc 30 n=36%: flex=1 10s
[dllmcache] doc 30 n=38%: flex=1 10s
[dllmcache] doc 30 n=42%: flex=1 10s
[dllmcache] doc 30 n=44%: flex=1 10s
[dllmcache] doc 30 n=46%: flex=1 10s
[dllmcache] doc 30 n=48%: flex=1 10s
[dllmcache] doc 30 n=52%: flex=1 10s
[dllmcache] doc 30 n=54%: flex=1 10s
[dllmcache] doc 30 n=56%: flex=1 10s
[dllmcache] doc 30 n=58%: flex=1 10s
[dllmcache] doc 30 n=62%: flex=1 10s
[dllmcache] doc 30 n=64%: flex=1 10s
[dllmcache] doc 30 n=66%: flex=1 10s
[dllmcache] doc 30 n=68%: flex=1 10s
[dllmcache] doc 30 n=72%: flex=1 10s
[dllmcache] doc 30 n=74%: flex=1 10s
[dllmcache] doc 30 n=76%: flex=1 10s
[dllmcache] doc 30 n=78%: flex=1 10s
[dllmcache] doc 30 n=82%: flex=1 10s
[dllmcache] doc 30 n=84%: flex=1 10s
[dllmcache] doc 30 n=86%: flex=1 10s
[dllmcache] doc 30 n=88%: flex=1 10s
[dllmcache] doc 31 n=2%: flex=0 11s
[dllmcache] doc 31 n=4%: flex=1 11s
[dllmcache] doc 31 n=6%: flex=1 11s
[dllmcache] doc 31 n=8%: flex=0 11s
[dllmcache] doc 31 n=12%: flex=1 11s
[dllmcache] doc 31 n=14%: flex=1 11s
[dllmcache] doc 31 n=16%: flex=1 11s
[dllmcache] doc 31 n=18%: flex=1 11s
[dllmcache] doc 31 n=22%: flex=1 11s
[dllmcache] doc 31 n=24%: flex=1 11s
[dllmcache] doc 31 n=26%: flex=1 11s
[dllmcache] doc 31 n=28%: flex=1 11s
[dllmcache] doc 31 n=32%: flex=1 11s
[dllmcache] doc 31 n=34%: flex=1 11s
[dllmcache] doc 31 n=36%: flex=1 11s
[dllmcache] doc 31 n=38%: flex=1 11s
[dllmcache] doc 31 n=42%: flex=1 11s
[dllmcache] doc 31 n=44%: flex=1 11s
[dllmcache] doc 31 n=46%: flex=1 11s
[dllmcache] doc 31 n=48%: flex=1 11s
[dllmcache] doc 31 n=52%: flex=1 11s
[dllmcache] doc 31 n=54%: flex=1 11s
[dllmcache] doc 31 n=56%: flex=1 11s
[dllmcache] doc 31 n=58%: flex=1 11s
[dllmcache] doc 31 n=62%: flex=1 11s
[dllmcache] doc 31 n=64%: flex=1 11s
[dllmcache] doc 31 n=66%: flex=1 11s
[dllmcache] doc 31 n=68%: flex=1 11s
[dllmcache] doc 31 n=72%: flex=1 11s
[dllmcache] doc 31 n=74%: flex=1 11s
[dllmcache] doc 31 n=76%: flex=1 11s
[dllmcache] doc 31 n=78%: flex=1 11s
[dllmcache] doc 31 n=82%: flex=1 11s
[dllmcache] doc 31 n=84%: flex=1 11s
[dllmcache] doc 31 n=86%: flex=1 11s
[dllmcache] doc 31 n=88%: flex=1 11s
[dllmcache] doc 33 n=2%: flex=1 10s
[dllmcache] doc 33 n=4%: flex=0 10s
[dllmcache] doc 33 n=6%: flex=1 10s
[dllmcache] doc 33 n=8%: flex=1 10s
[dllmcache] doc 33 n=12%: flex=1 10s
[dllmcache] doc 33 n=14%: flex=1 10s
[dllmcache] doc 33 n=16%: flex=1 10s
[dllmcache] doc 33 n=18%: flex=1 10s
[dllmcache] doc 33 n=22%: flex=1 10s
[dllmcache] doc 33 n=24%: flex=1 10s
[dllmcache] doc 33 n=26%: flex=1 10s
[dllmcache] doc 33 n=28%: flex=1 10s
[dllmcache] doc 33 n=32%: flex=1 10s
[dllmcache] doc 33 n=34%: flex=1 10s
[dllmcache] doc 33 n=36%: flex=1 10s
[dllmcache] doc 33 n=38%: flex=1 10s
[dllmcache] doc 33 n=42%: flex=1 10s
[dllmcache] doc 33 n=44%: flex=1 10s
[dllmcache] doc 33 n=46%: flex=0 10s
[dllmcache] doc 33 n=48%: flex=1 10s
[dllmcache] doc 33 n=52%: flex=1 10s
[dllmcache] doc 33 n=54%: flex=1 10s
[dllmcache] doc 33 n=56%: flex=1 10s
[dllmcache] doc 33 n=58%: flex=1 10s
[dllmcache] doc 33 n=62%: flex=1 10s
[dllmcache] doc 33 n=64%: flex=1 10s
[dllmcache] doc 33 n=66%: flex=1 10s
[dllmcache] doc 33 n=68%: flex=1 10s
[dllmcache] doc 33 n=72%: flex=1 10s
[dllmcache] doc 33 n=74%: flex=1 10s
[dllmcache] doc 33 n=76%: flex=1 10s
[dllmcache] doc 33 n=78%: flex=1 10s
[dllmcache] doc 33 n=82%: flex=1 10s
[dllmcache] doc 33 n=84%: flex=1 10s
[dllmcache] doc 33 n=86%: flex=1 10s
[dllmcache] doc 33 n=88%: flex=1 10s
[dllmcache] doc 34 n=2%: flex=1 10s
[dllmcache] doc 34 n=4%: flex=1 10s
[dllmcache] doc 34 n=6%: flex=1 10s
[dllmcache] doc 34 n=8%: flex=1 10s
[dllmcache] doc 34 n=12%: flex=0 10s
[dllmcache] doc 34 n=14%: flex=1 10s
[dllmcache] doc 34 n=16%: flex=0 10s
[dllmcache] doc 34 n=18%: flex=0 10s
[dllmcache] doc 34 n=22%: flex=1 10s
[dllmcache] doc 34 n=24%: flex=1 10s
[dllmcache] doc 34 n=26%: flex=1 10s
[dllmcache] doc 34 n=28%: flex=1 10s
[dllmcache] doc 34 n=32%: flex=1 10s
[dllmcache] doc 34 n=34%: flex=1 10s
[dllmcache] doc 34 n=36%: flex=1 10s
[dllmcache] doc 34 n=38%: flex=1 10s
[dllmcache] doc 34 n=42%: flex=1 10s
[dllmcache] doc 34 n=44%: flex=1 10s
[dllmcache] doc 34 n=46%: flex=1 10s
[dllmcache] doc 34 n=48%: flex=1 10s
[dllmcache] doc 34 n=52%: flex=1 10s
[dllmcache] doc 34 n=54%: flex=1 10s
[dllmcache] doc 34 n=56%: flex=1 10s
[dllmcache] doc 34 n=58%: flex=1 10s
[dllmcache] doc 34 n=62%: flex=1 10s
[dllmcache] doc 34 n=64%: flex=1 10s
[dllmcache] doc 34 n=66%: flex=1 10s
[dllmcache] doc 34 n=68%: flex=1 10s
[dllmcache] doc 34 n=72%: flex=1 10s
[dllmcache] doc 34 n=74%: flex=1 10s
[dllmcache] doc 34 n=76%: flex=1 10s
[dllmcache] doc 34 n=78%: flex=1 10s
[dllmcache] doc 34 n=82%: flex=1 10s
[dllmcache] doc 34 n=84%: flex=1 10s
[dllmcache] doc 34 n=86%: flex=1 10s
[dllmcache] doc 34 n=88%: flex=1 10s
[dllmcache] doc 36 n=2%: flex=1 10s
[dllmcache] doc 36 n=4%: flex=1 10s
[dllmcache] doc 36 n=6%: flex=1 10s
[dllmcache] doc 36 n=8%: flex=1 10s
[dllmcache] doc 36 n=12%: flex=1 10s
[dllmcache] doc 36 n=14%: flex=1 10s
[dllmcache] doc 36 n=16%: flex=1 10s
[dllmcache] doc 36 n=18%: flex=1 10s
[dllmcache] doc 36 n=22%: flex=1 10s
[dllmcache] doc 36 n=24%: flex=1 10s
[dllmcache] doc 36 n=26%: flex=1 10s
[dllmcache] doc 36 n=28%: flex=1 10s
[dllmcache] doc 36 n=32%: flex=1 10s
[dllmcache] doc 36 n=34%: flex=1 10s
[dllmcache] doc 36 n=36%: flex=1 10s
[dllmcache] doc 36 n=38%: flex=1 10s
[dllmcache] doc 36 n=42%: flex=1 10s
[dllmcache] doc 36 n=44%: flex=1 10s
[dllmcache] doc 36 n=46%: flex=1 10s
[dllmcache] doc 36 n=48%: flex=1 10s
[dllmcache] doc 36 n=52%: flex=1 10s
[dllmcache] doc 36 n=54%: flex=1 10s
[dllmcache] doc 36 n=56%: flex=1 10s
[dllmcache] doc 36 n=58%: flex=0 10s
[dllmcache] doc 36 n=62%: flex=1 10s
[dllmcache] doc 36 n=64%: flex=1 10s
[dllmcache] doc 36 n=66%: flex=1 10s
[dllmcache] doc 36 n=68%: flex=1 10s
[dllmcache] doc 36 n=72%: flex=1 10s
[dllmcache] doc 36 n=74%: flex=1 10s
[dllmcache] doc 36 n=76%: flex=1 10s
[dllmcache] doc 36 n=78%: flex=1 10s
[dllmcache] doc 36 n=82%: flex=1 10s
[dllmcache] doc 36 n=84%: flex=1 10s
[dllmcache] doc 36 n=86%: flex=1 10s
[dllmcache] doc 36 n=88%: flex=1 10s
[dllmcache] doc 38 n=2%: flex=1 9s
[dllmcache] doc 38 n=4%: flex=1 10s
[dllmcache] doc 38 n=6%: flex=1 10s
[dllmcache] doc 38 n=8%: flex=1 10s
[dllmcache] doc 38 n=12%: flex=1 9s
[dllmcache] doc 38 n=14%: flex=1 9s
[dllmcache] doc 38 n=16%: flex=1 9s
[dllmcache] doc 38 n=18%: flex=0 9s
[dllmcache] doc 38 n=22%: flex=1 9s
[dllmcache] doc 38 n=24%: flex=1 10s
[dllmcache] doc 38 n=26%: flex=1 9s
[dllmcache] doc 38 n=28%: flex=1 9s
[dllmcache] doc 38 n=32%: flex=1 10s
[dllmcache] doc 38 n=34%: flex=1 10s
[dllmcache] doc 38 n=36%: flex=1 10s
[dllmcache] doc 38 n=38%: flex=1 10s
[dllmcache] doc 38 n=42%: flex=1 10s
[dllmcache] doc 38 n=44%: flex=1 9s
[dllmcache] doc 38 n=46%: flex=1 10s
[dllmcache] doc 38 n=48%: flex=1 10s
[dllmcache] doc 38 n=52%: flex=1 10s
[dllmcache] doc 38 n=54%: flex=1 9s
[dllmcache] doc 38 n=56%: flex=1 10s
[dllmcache] doc 38 n=58%: flex=1 10s
[dllmcache] doc 38 n=62%: flex=1 10s
[dllmcache] doc 38 n=64%: flex=1 10s
[dllmcache] doc 38 n=66%: flex=1 10s
[dllmcache] doc 38 n=68%: flex=1 10s
[dllmcache] doc 38 n=72%: flex=1 10s
[dllmcache] doc 38 n=74%: flex=1 10s
[dllmcache] doc 38 n=76%: flex=1 10s
[dllmcache] doc 38 n=78%: flex=1 10s
[dllmcache] doc 38 n=82%: flex=1 10s
[dllmcache] doc 38 n=84%: flex=1 9s
[dllmcache] doc 38 n=86%: flex=1 9s
[dllmcache] doc 38 n=88%: flex=1 9s
[dllmcache] doc 40 n=2%: flex=1 10s
[dllmcache] doc 40 n=4%: flex=1 10s
[dllmcache] doc 40 n=6%: flex=1 10s
[dllmcache] doc 40 n=8%: flex=1 11s
[dllmcache] doc 40 n=12%: flex=1 10s
[dllmcache] doc 40 n=14%: flex=1 11s
[dllmcache] doc 40 n=16%: flex=1 11s
[dllmcache] doc 40 n=18%: flex=1 11s
[dllmcache] doc 40 n=22%: flex=1 11s
[dllmcache] doc 40 n=24%: flex=1 11s
[dllmcache] doc 40 n=26%: flex=1 11s
[dllmcache] doc 40 n=28%: flex=1 11s
[dllmcache] doc 40 n=32%: flex=1 11s
[dllmcache] doc 40 n=34%: flex=1 11s
[dllmcache] doc 40 n=36%: flex=1 11s
[dllmcache] doc 40 n=38%: flex=1 11s
[dllmcache] doc 40 n=42%: flex=1 11s
[dllmcache] doc 40 n=44%: flex=1 11s
[dllmcache] doc 40 n=46%: flex=1 11s
[dllmcache] doc 40 n=48%: flex=1 11s
[dllmcache] doc 40 n=52%: flex=1 11s
[dllmcache] doc 40 n=54%: flex=1 11s
[dllmcache] doc 40 n=56%: flex=1 11s
[dllmcache] doc 40 n=58%: flex=1 11s
[dllmcache] doc 40 n=62%: flex=1 11s
[dllmcache] doc 40 n=64%: flex=1 11s
[dllmcache] doc 40 n=66%: flex=1 11s
[dllmcache] doc 40 n=68%: flex=1 11s
[dllmcache] doc 40 n=72%: flex=1 11s
[dllmcache] doc 40 n=74%: flex=1 11s
[dllmcache] doc 40 n=76%: flex=1 11s
[dllmcache] doc 40 n=78%: flex=1 11s
[dllmcache] doc 40 n=82%: flex=1 11s
[dllmcache] doc 40 n=84%: flex=1 11s
[dllmcache] doc 40 n=86%: flex=1 11s
[dllmcache] doc 40 n=88%: flex=1 11s
[dllmcache] doc 41 n=2%: flex=1 11s
[dllmcache] doc 41 n=4%: flex=1 11s
[dllmcache] doc 41 n=6%: flex=1 11s
[dllmcache] doc 41 n=8%: flex=1 11s
[dllmcache] doc 41 n=12%: flex=1 11s
[dllmcache] doc 41 n=14%: flex=1 11s
[dllmcache] doc 41 n=16%: flex=1 11s
[dllmcache] doc 41 n=18%: flex=1 11s
[dllmcache] doc 41 n=22%: flex=1 11s
[dllmcache] doc 41 n=24%: flex=1 11s
[dllmcache] doc 41 n=26%: flex=1 11s
[dllmcache] doc 41 n=28%: flex=1 11s
[dllmcache] doc 41 n=32%: flex=1 11s
[dllmcache] doc 41 n=34%: flex=1 11s
[dllmcache] doc 41 n=36%: flex=1 11s
[dllmcache] doc 41 n=38%: flex=1 11s
[dllmcache] doc 41 n=42%: flex=1 11s
[dllmcache] doc 41 n=44%: flex=1 11s
[dllmcache] doc 41 n=46%: flex=1 11s
[dllmcache] doc 41 n=48%: flex=1 11s
[dllmcache] doc 41 n=52%: flex=1 11s
[dllmcache] doc 41 n=54%: flex=1 11s
[dllmcache] doc 41 n=56%: flex=1 11s
[dllmcache] doc 41 n=58%: flex=1 11s
[dllmcache] doc 41 n=62%: flex=1 11s
[dllmcache] doc 41 n=64%: flex=1 11s
[dllmcache] doc 41 n=66%: flex=1 11s
[dllmcache] doc 41 n=68%: flex=1 11s
[dllmcache] doc 41 n=72%: flex=1 11s
[dllmcache] doc 41 n=74%: flex=1 11s
[dllmcache] doc 41 n=76%: flex=1 11s
[dllmcache] doc 41 n=78%: flex=1 11s
[dllmcache] doc 41 n=82%: flex=1 11s
[dllmcache] doc 41 n=84%: flex=1 11s
[dllmcache] doc 41 n=86%: flex=1 11s
[dllmcache] doc 41 n=88%: flex=1 11s
[dllmcache] doc 42 n=2%: flex=1 10s
[dllmcache] doc 42 n=4%: flex=1 10s
[dllmcache] doc 42 n=6%: flex=1 10s
[dllmcache] doc 42 n=8%: flex=1 10s
[dllmcache] doc 42 n=12%: flex=1 10s
[dllmcache] doc 42 n=14%: flex=1 10s
[dllmcache] doc 42 n=16%: flex=1 10s
[dllmcache] doc 42 n=18%: flex=1 10s
[dllmcache] doc 42 n=22%: flex=1 10s
[dllmcache] doc 42 n=24%: flex=1 10s
[dllmcache] doc 42 n=26%: flex=0 10s
[dllmcache] doc 42 n=28%: flex=1 10s
[dllmcache] doc 42 n=32%: flex=1 10s
[dllmcache] doc 42 n=34%: flex=1 10s
[dllmcache] doc 42 n=36%: flex=1 10s
[dllmcache] doc 42 n=38%: flex=1 10s
[dllmcache] doc 42 n=42%: flex=1 10s
[dllmcache] doc 42 n=44%: flex=1 10s
[dllmcache] doc 42 n=46%: flex=1 10s
[dllmcache] doc 42 n=48%: flex=1 10s
[dllmcache] doc 42 n=52%: flex=1 10s
[dllmcache] doc 42 n=54%: flex=1 10s
[dllmcache] doc 42 n=56%: flex=1 10s
[dllmcache] doc 42 n=58%: flex=1 10s
[dllmcache] doc 42 n=62%: flex=1 10s
[dllmcache] doc 42 n=64%: flex=1 10s
[dllmcache] doc 42 n=66%: flex=1 10s
[dllmcache] doc 42 n=68%: flex=1 10s
[dllmcache] doc 42 n=72%: flex=1 10s
[dllmcache] doc 42 n=74%: flex=1 10s
[dllmcache] doc 42 n=76%: flex=1 10s
[dllmcache] doc 42 n=78%: flex=1 10s
[dllmcache] doc 42 n=82%: flex=1 10s
[dllmcache] doc 42 n=84%: flex=1 10s
[dllmcache] doc 42 n=86%: flex=1 10s
[dllmcache] doc 42 n=88%: flex=1 10s
[dllmcache] doc 45 n=2%: flex=1 11s
[dllmcache] doc 45 n=4%: flex=1 11s
[dllmcache] doc 45 n=6%: flex=1 11s
[dllmcache] doc 45 n=8%: flex=1 11s
[dllmcache] doc 45 n=12%: flex=0 11s
[dllmcache] doc 45 n=14%: flex=0 11s
[dllmcache] doc 45 n=16%: flex=1 11s
[dllmcache] doc 45 n=18%: flex=1 11s
[dllmcache] doc 45 n=22%: flex=1 11s
[dllmcache] doc 45 n=24%: flex=1 11s
[dllmcache] doc 45 n=26%: flex=1 11s
[dllmcache] doc 45 n=28%: flex=1 11s
[dllmcache] doc 45 n=32%: flex=1 11s
[dllmcache] doc 45 n=34%: flex=1 11s
[dllmcache] doc 45 n=36%: flex=1 11s
[dllmcache] doc 45 n=38%: flex=1 11s
[dllmcache] doc 45 n=42%: flex=1 11s
[dllmcache] doc 45 n=44%: flex=1 11s
[dllmcache] doc 45 n=46%: flex=1 11s
[dllmcache] doc 45 n=48%: flex=1 11s
[dllmcache] doc 45 n=52%: flex=1 11s
[dllmcache] doc 45 n=54%: flex=1 11s
[dllmcache] doc 45 n=56%: flex=1 11s
[dllmcache] doc 45 n=58%: flex=1 11s
[dllmcache] doc 45 n=62%: flex=1 11s
[dllmcache] doc 45 n=64%: flex=1 11s
[dllmcache] doc 45 n=66%: flex=1 11s
[dllmcache] doc 45 n=68%: flex=1 11s
[dllmcache] doc 45 n=72%: flex=1 11s
[dllmcache] doc 45 n=74%: flex=1 11s
[dllmcache] doc 45 n=76%: flex=1 11s
[dllmcache] doc 45 n=78%: flex=1 11s
[dllmcache] doc 45 n=82%: flex=1 11s
[dllmcache] doc 45 n=84%: flex=1 11s
[dllmcache] doc 45 n=86%: flex=1 11s
[dllmcache] doc 45 n=88%: flex=1 11s
[dllmcache] doc 48 n=2%: flex=1 10s
[dllmcache] doc 48 n=4%: flex=1 10s
[dllmcache] doc 48 n=6%: flex=1 10s
[dllmcache] doc 48 n=8%: flex=1 10s
[dllmcache] doc 48 n=12%: flex=1 10s
[dllmcache] doc 48 n=14%: flex=1 10s
[dllmcache] doc 48 n=16%: flex=1 10s
[dllmcache] doc 48 n=18%: flex=1 10s
[dllmcache] doc 48 n=22%: flex=1 10s
[dllmcache] doc 48 n=24%: flex=1 10s
[dllmcache] doc 48 n=26%: flex=1 10s
[dllmcache] doc 48 n=28%: flex=1 10s
[dllmcache] doc 48 n=32%: flex=1 10s
[dllmcache] doc 48 n=34%: flex=1 10s
[dllmcache] doc 48 n=36%: flex=1 10s
[dllmcache] doc 48 n=38%: flex=1 10s
[dllmcache] doc 48 n=42%: flex=1 10s
[dllmcache] doc 48 n=44%: flex=1 10s
[dllmcache] doc 48 n=46%: flex=1 10s
[dllmcache] doc 48 n=48%: flex=1 10s
[dllmcache] doc 48 n=52%: flex=1 10s
[dllmcache] doc 48 n=54%: flex=1 10s
[dllmcache] doc 48 n=56%: flex=1 10s
[dllmcache] doc 48 n=58%: flex=1 10s
[dllmcache] doc 48 n=62%: flex=1 10s
[dllmcache] doc 48 n=64%: flex=1 10s
[dllmcache] doc 48 n=66%: flex=1 10s
[dllmcache] doc 48 n=68%: flex=1 10s
[dllmcache] doc 48 n=72%: flex=1 10s
[dllmcache] doc 48 n=74%: flex=1 10s
[dllmcache] doc 48 n=76%: flex=1 10s
[dllmcache] doc 48 n=78%: flex=1 10s
[dllmcache] doc 48 n=82%: flex=1 10s
[dllmcache] doc 48 n=84%: flex=1 10s
[dllmcache] doc 48 n=86%: flex=1 10s
[dllmcache] doc 48 n=88%: flex=1 10s
[dllmcache] doc 49 n=2%: flex=1 10s
[dllmcache] doc 49 n=4%: flex=1 10s
[dllmcache] doc 49 n=6%: flex=1 10s
[dllmcache] doc 49 n=8%: flex=1 10s
[dllmcache] doc 49 n=12%: flex=1 10s
[dllmcache] doc 49 n=14%: flex=1 10s
[dllmcache] doc 49 n=16%: flex=1 10s
[dllmcache] doc 49 n=18%: flex=1 10s
[dllmcache] doc 49 n=22%: flex=1 10s
[dllmcache] doc 49 n=24%: flex=1 10s
[dllmcache] doc 49 n=26%: flex=1 10s
[dllmcache] doc 49 n=28%: flex=1 10s
[dllmcache] doc 49 n=32%: flex=1 10s
[dllmcache] doc 49 n=34%: flex=1 10s
[dllmcache] doc 49 n=36%: flex=1 10s
[dllmcache] doc 49 n=38%: flex=1 10s
[dllmcache] doc 49 n=42%: flex=1 10s
[dllmcache] doc 49 n=44%: flex=1 10s
[dllmcache] doc 49 n=46%: flex=1 10s
[dllmcache] doc 49 n=48%: flex=1 10s
[dllmcache] doc 49 n=52%: flex=1 10s
[dllmcache] doc 49 n=54%: flex=1 10s
[dllmcache] doc 49 n=56%: flex=1 10s
[dllmcache] doc 49 n=58%: flex=1 10s
[dllmcache] doc 49 n=62%: flex=1 10s
[dllmcache] doc 49 n=64%: flex=1 10s
[dllmcache] doc 49 n=66%: flex=1 10s
[dllmcache] doc 49 n=68%: flex=1 10s
[dllmcache] doc 49 n=72%: flex=1 10s
[dllmcache] doc 49 n=74%: flex=1 10s
[dllmcache] doc 49 n=76%: flex=1 10s
[dllmcache] doc 49 n=78%: flex=1 10s
[dllmcache] doc 49 n=82%: flex=1 10s
[dllmcache] doc 49 n=84%: flex=1 10s
[dllmcache] doc 49 n=86%: flex=1 10s
[dllmcache] doc 49 n=88%: flex=1 10s
[dllmcache] doc 50 n=2%: flex=1 10s
[dllmcache] doc 50 n=4%: flex=1 10s
[dllmcache] doc 50 n=6%: flex=1 10s
[dllmcache] doc 50 n=8%: flex=1 10s
[dllmcache] doc 50 n=12%: flex=1 10s
[dllmcache] doc 50 n=14%: flex=1 10s
[dllmcache] doc 50 n=16%: flex=1 10s
[dllmcache] doc 50 n=18%: flex=1 10s
[dllmcache] doc 50 n=22%: flex=1 10s
[dllmcache] doc 50 n=24%: flex=1 10s
[dllmcache] doc 50 n=26%: flex=1 10s
[dllmcache] doc 50 n=28%: flex=1 10s
[dllmcache] doc 50 n=32%: flex=1 10s
[dllmcache] doc 50 n=34%: flex=1 10s
[dllmcache] doc 50 n=36%: flex=1 10s
[dllmcache] doc 50 n=38%: flex=1 10s
[dllmcache] doc 50 n=42%: flex=1 10s
[dllmcache] doc 50 n=44%: flex=1 10s
[dllmcache] doc 50 n=46%: flex=1 10s
[dllmcache] doc 50 n=48%: flex=1 10s
[dllmcache] doc 50 n=52%: flex=1 10s
[dllmcache] doc 50 n=54%: flex=1 10s
[dllmcache] doc 50 n=56%: flex=1 10s
[dllmcache] doc 50 n=58%: flex=1 10s
[dllmcache] doc 50 n=62%: flex=1 10s
[dllmcache] doc 50 n=64%: flex=1 10s
[dllmcache] doc 50 n=66%: flex=1 10s
[dllmcache] doc 50 n=68%: flex=1 10s
[dllmcache] doc 50 n=72%: flex=1 10s
[dllmcache] doc 50 n=74%: flex=1 10s
[dllmcache] doc 50 n=76%: flex=1 10s
[dllmcache] doc 50 n=78%: flex=1 10s
[dllmcache] doc 50 n=82%: flex=1 10s
[dllmcache] doc 50 n=84%: flex=1 10s
[dllmcache] doc 50 n=86%: flex=1 10s
[dllmcache] doc 50 n=88%: flex=1 10s
[dllmcache] doc 51 n=2%: flex=1 9s
[dllmcache] doc 51 n=4%: flex=0 9s
[dllmcache] doc 51 n=6%: flex=1 9s
[dllmcache] doc 51 n=8%: flex=1 9s
[dllmcache] doc 51 n=12%: flex=0 9s
[dllmcache] doc 51 n=14%: flex=0 9s
[dllmcache] doc 51 n=16%: flex=0 10s
[dllmcache] doc 51 n=18%: flex=1 10s
[dllmcache] doc 51 n=22%: flex=1 10s
[dllmcache] doc 51 n=24%: flex=1 10s
[dllmcache] doc 51 n=26%: flex=1 10s
[dllmcache] doc 51 n=28%: flex=1 10s
[dllmcache] doc 51 n=32%: flex=1 10s
[dllmcache] doc 51 n=34%: flex=1 10s
[dllmcache] doc 51 n=36%: flex=1 10s
[dllmcache] doc 51 n=38%: flex=1 10s
[dllmcache] doc 51 n=42%: flex=1 10s
[dllmcache] doc 51 n=44%: flex=1 10s
[dllmcache] doc 51 n=46%: flex=1 10s
[dllmcache] doc 51 n=48%: flex=1 9s
[dllmcache] doc 51 n=52%: flex=1 10s
[dllmcache] doc 51 n=54%: flex=1 9s
[dllmcache] doc 51 n=56%: flex=1 9s
[dllmcache] doc 51 n=58%: flex=1 10s
[dllmcache] doc 51 n=62%: flex=1 10s
[dllmcache] doc 51 n=64%: flex=1 10s
[dllmcache] doc 51 n=66%: flex=1 10s
[dllmcache] doc 51 n=68%: flex=1 10s
[dllmcache] doc 51 n=72%: flex=1 10s
[dllmcache] doc 51 n=74%: flex=1 9s
[dllmcache] doc 51 n=76%: flex=1 10s
[dllmcache] doc 51 n=78%: flex=1 10s
[dllmcache] doc 51 n=82%: flex=1 10s
[dllmcache] doc 51 n=84%: flex=1 10s
[dllmcache] doc 51 n=86%: flex=1 10s
[dllmcache] doc 51 n=88%: flex=1 10s
[dllmcache] doc 52 n=2%: flex=1 10s
[dllmcache] doc 52 n=4%: flex=1 10s
[dllmcache] doc 52 n=6%: flex=0 10s
[dllmcache] doc 52 n=8%: flex=1 10s
[dllmcache] doc 52 n=12%: flex=1 10s
[dllmcache] doc 52 n=14%: flex=1 10s
[dllmcache] doc 52 n=16%: flex=1 10s
[dllmcache] doc 52 n=18%: flex=1 10s
[dllmcache] doc 52 n=22%: flex=1 10s
[dllmcache] doc 52 n=24%: flex=1 10s
[dllmcache] doc 52 n=26%: flex=1 10s
[dllmcache] doc 52 n=28%: flex=1 10s
[dllmcache] doc 52 n=32%: flex=1 10s
[dllmcache] doc 52 n=34%: flex=1 10s
[dllmcache] doc 52 n=36%: flex=1 10s
[dllmcache] doc 52 n=38%: flex=1 10s
[dllmcache] doc 52 n=42%: flex=1 10s
[dllmcache] doc 52 n=44%: flex=1 10s
[dllmcache] doc 52 n=46%: flex=1 10s
[dllmcache] doc 52 n=48%: flex=1 10s
[dllmcache] doc 52 n=52%: flex=1 10s
[dllmcache] doc 52 n=54%: flex=1 10s
[dllmcache] doc 52 n=56%: flex=1 10s
[dllmcache] doc 52 n=58%: flex=1 10s
[dllmcache] doc 52 n=62%: flex=1 10s
[dllmcache] doc 52 n=64%: flex=1 10s
[dllmcache] doc 52 n=66%: flex=1 10s
[dllmcache] doc 52 n=68%: flex=1 10s
[dllmcache] doc 52 n=72%: flex=1 10s
[dllmcache] doc 52 n=74%: flex=1 10s
[dllmcache] doc 52 n=76%: flex=1 10s
[dllmcache] doc 52 n=78%: flex=1 10s
[dllmcache] doc 52 n=82%: flex=1 10s
[dllmcache] doc 52 n=84%: flex=1 10s
[dllmcache] doc 52 n=86%: flex=1 10s
[dllmcache] doc 52 n=88%: flex=1 10s
[dllmcache] doc 53 n=2%: flex=1 11s
[dllmcache] doc 53 n=4%: flex=1 12s
[dllmcache] doc 53 n=6%: flex=1 12s
[dllmcache] doc 53 n=8%: flex=1 12s
[dllmcache] doc 53 n=12%: flex=1 12s
[dllmcache] doc 53 n=14%: flex=1 12s
[dllmcache] doc 53 n=16%: flex=1 12s
[dllmcache] doc 53 n=18%: flex=0 12s
[dllmcache] doc 53 n=22%: flex=0 12s
[dllmcache] doc 53 n=24%: flex=1 12s
[dllmcache] doc 53 n=26%: flex=1 12s
[dllmcache] doc 53 n=28%: flex=1 12s
[dllmcache] doc 53 n=32%: flex=1 12s
[dllmcache] doc 53 n=34%: flex=1 11s
[dllmcache] doc 53 n=36%: flex=1 11s
[dllmcache] doc 53 n=38%: flex=1 11s
[dllmcache] doc 53 n=42%: flex=1 11s
[dllmcache] doc 53 n=44%: flex=1 11s
[dllmcache] doc 53 n=46%: flex=1 11s
[dllmcache] doc 53 n=48%: flex=0 11s
[dllmcache] doc 53 n=52%: flex=1 11s
[dllmcache] doc 53 n=54%: flex=1 11s
[dllmcache] doc 53 n=56%: flex=1 11s
[dllmcache] doc 53 n=58%: flex=1 11s
[dllmcache] doc 53 n=62%: flex=1 11s
[dllmcache] doc 53 n=64%: flex=1 12s
[dllmcache] doc 53 n=66%: flex=1 11s
[dllmcache] doc 53 n=68%: flex=1 11s
[dllmcache] doc 53 n=72%: flex=1 12s
[dllmcache] doc 53 n=74%: flex=1 11s
[dllmcache] doc 53 n=76%: flex=1 11s
[dllmcache] doc 53 n=78%: flex=1 11s
[dllmcache] doc 53 n=82%: flex=1 11s
[dllmcache] doc 53 n=84%: flex=1 11s
[dllmcache] doc 53 n=86%: flex=1 11s
[dllmcache] doc 53 n=88%: flex=1 11s
[dllmcache] doc 55 n=2%: flex=1 10s
[dllmcache] doc 55 n=4%: flex=0 10s
[dllmcache] doc 55 n=6%: flex=1 10s
[dllmcache] doc 55 n=8%: flex=0 10s
[dllmcache] doc 55 n=12%: flex=1 10s
[dllmcache] doc 55 n=14%: flex=1 10s
[dllmcache] doc 55 n=16%: flex=1 10s
[dllmcache] doc 55 n=18%: flex=1 10s
[dllmcache] doc 55 n=22%: flex=1 10s
[dllmcache] doc 55 n=24%: flex=1 10s
[dllmcache] doc 55 n=26%: flex=1 10s
[dllmcache] doc 55 n=28%: flex=1 10s
[dllmcache] doc 55 n=32%: flex=1 10s
[dllmcache] doc 55 n=34%: flex=1 10s
[dllmcache] doc 55 n=36%: flex=1 10s
[dllmcache] doc 55 n=38%: flex=1 10s
[dllmcache] doc 55 n=42%: flex=1 10s
[dllmcache] doc 55 n=44%: flex=1 10s
[dllmcache] doc 55 n=46%: flex=1 10s
[dllmcache] doc 55 n=48%: flex=1 11s
[dllmcache] doc 55 n=52%: flex=1 11s
[dllmcache] doc 55 n=54%: flex=1 10s
[dllmcache] doc 55 n=56%: flex=1 11s
[dllmcache] doc 55 n=58%: flex=1 10s
[dllmcache] doc 55 n=62%: flex=1 10s
[dllmcache] doc 55 n=64%: flex=1 11s
[dllmcache] doc 55 n=66%: flex=1 10s
[dllmcache] doc 55 n=68%: flex=1 11s
[dllmcache] doc 55 n=72%: flex=1 10s
[dllmcache] doc 55 n=74%: flex=1 11s
[dllmcache] doc 55 n=76%: flex=1 10s
[dllmcache] doc 55 n=78%: flex=1 11s
[dllmcache] doc 55 n=82%: flex=1 10s
[dllmcache] doc 55 n=84%: flex=1 10s
[dllmcache] doc 55 n=86%: flex=1 10s
[dllmcache] doc 55 n=88%: flex=1 10s
[dllmcache] doc 56 n=2%: flex=1 11s
[dllmcache] doc 56 n=4%: flex=1 11s
[dllmcache] doc 56 n=6%: flex=1 11s
[dllmcache] doc 56 n=8%: flex=1 11s
[dllmcache] doc 56 n=12%: flex=1 11s
[dllmcache] doc 56 n=14%: flex=0 11s
[dllmcache] doc 56 n=16%: flex=1 11s
[dllmcache] doc 56 n=18%: flex=1 11s
[dllmcache] doc 56 n=22%: flex=1 11s
[dllmcache] doc 56 n=24%: flex=1 11s
[dllmcache] doc 56 n=26%: flex=1 11s
[dllmcache] doc 56 n=28%: flex=1 11s
[dllmcache] doc 56 n=32%: flex=1 11s
[dllmcache] doc 56 n=34%: flex=1 11s
[dllmcache] doc 56 n=36%: flex=1 11s
[dllmcache] doc 56 n=38%: flex=1 11s
[dllmcache] doc 56 n=42%: flex=1 11s
[dllmcache] doc 56 n=44%: flex=1 11s
[dllmcache] doc 56 n=46%: flex=1 11s
[dllmcache] doc 56 n=48%: flex=1 11s
[dllmcache] doc 56 n=52%: flex=1 11s
[dllmcache] doc 56 n=54%: flex=1 11s
[dllmcache] doc 56 n=56%: flex=1 11s
[dllmcache] doc 56 n=58%: flex=1 11s
[dllmcache] doc 56 n=62%: flex=1 11s
[dllmcache] doc 56 n=64%: flex=1 11s
[dllmcache] doc 56 n=66%: flex=1 11s
[dllmcache] doc 56 n=68%: flex=1 11s
[dllmcache] doc 56 n=72%: flex=1 11s
[dllmcache] doc 56 n=74%: flex=1 11s
[dllmcache] doc 56 n=76%: flex=1 11s
[dllmcache] doc 56 n=78%: flex=1 11s
[dllmcache] doc 56 n=82%: flex=1 11s
[dllmcache] doc 56 n=84%: flex=1 11s
[dllmcache] doc 56 n=86%: flex=1 11s
[dllmcache] doc 56 n=88%: flex=1 11s
[dllmcache] doc 57 n=2%: flex=0 11s
[dllmcache] doc 57 n=4%: flex=0 11s
[dllmcache] doc 57 n=6%: flex=0 11s
[dllmcache] doc 57 n=8%: flex=1 11s
[dllmcache] doc 57 n=12%: flex=1 11s
[dllmcache] doc 57 n=14%: flex=1 11s
[dllmcache] doc 57 n=16%: flex=1 11s
[dllmcache] doc 57 n=18%: flex=1 11s
[dllmcache] doc 57 n=22%: flex=1 11s
[dllmcache] doc 57 n=24%: flex=1 11s
[dllmcache] doc 57 n=26%: flex=1 11s
[dllmcache] doc 57 n=28%: flex=1 11s
[dllmcache] doc 57 n=32%: flex=1 11s
[dllmcache] doc 57 n=34%: flex=1 11s
[dllmcache] doc 57 n=36%: flex=1 11s
[dllmcache] doc 57 n=38%: flex=1 11s
[dllmcache] doc 57 n=42%: flex=1 11s
[dllmcache] doc 57 n=44%: flex=1 11s
[dllmcache] doc 57 n=46%: flex=1 11s
[dllmcache] doc 57 n=48%: flex=1 11s
[dllmcache] doc 57 n=52%: flex=1 11s
[dllmcache] doc 57 n=54%: flex=1 11s
[dllmcache] doc 57 n=56%: flex=1 11s
[dllmcache] doc 57 n=58%: flex=1 11s
[dllmcache] doc 57 n=62%: flex=1 11s
[dllmcache] doc 57 n=64%: flex=1 11s
[dllmcache] doc 57 n=66%: flex=1 11s
[dllmcache] doc 57 n=68%: flex=1 11s
[dllmcache] doc 57 n=72%: flex=1 11s
[dllmcache] doc 57 n=74%: flex=1 11s
[dllmcache] doc 57 n=76%: flex=1 11s
[dllmcache] doc 57 n=78%: flex=1 11s
[dllmcache] doc 57 n=82%: flex=1 11s
[dllmcache] doc 57 n=84%: flex=1 11s
[dllmcache] doc 57 n=86%: flex=1 11s
[dllmcache] doc 57 n=88%: flex=1 11s
[dllmcache] doc 58 n=2%: flex=1 11s
[dllmcache] doc 58 n=4%: flex=1 11s
[dllmcache] doc 58 n=6%: flex=1 11s
[dllmcache] doc 58 n=8%: flex=1 11s
[dllmcache] doc 58 n=12%: flex=1 11s
[dllmcache] doc 58 n=14%: flex=1 11s
[dllmcache] doc 58 n=16%: flex=1 11s
[dllmcache] doc 58 n=18%: flex=1 11s
[dllmcache] doc 58 n=22%: flex=1 11s
[dllmcache] doc 58 n=24%: flex=1 11s
[dllmcache] doc 58 n=26%: flex=1 11s
[dllmcache] doc 58 n=28%: flex=1 11s
[dllmcache] doc 58 n=32%: flex=1 11s
[dllmcache] doc 58 n=34%: flex=1 11s
[dllmcache] doc 58 n=36%: flex=1 11s
[dllmcache] doc 58 n=38%: flex=1 11s
[dllmcache] doc 58 n=42%: flex=1 11s
[dllmcache] doc 58 n=44%: flex=1 11s
[dllmcache] doc 58 n=46%: flex=1 11s
[dllmcache] doc 58 n=48%: flex=1 11s
[dllmcache] doc 58 n=52%: flex=1 11s
[dllmcache] doc 58 n=54%: flex=1 11s
[dllmcache] doc 58 n=56%: flex=1 11s
[dllmcache] doc 58 n=58%: flex=1 11s
[dllmcache] doc 58 n=62%: flex=1 11s
[dllmcache] doc 58 n=64%: flex=1 11s
[dllmcache] doc 58 n=66%: flex=1 11s
[dllmcache] doc 58 n=68%: flex=1 11s
[dllmcache] doc 58 n=72%: flex=1 11s
[dllmcache] doc 58 n=74%: flex=1 11s
[dllmcache] doc 58 n=76%: flex=1 11s
[dllmcache] doc 58 n=78%: flex=1 11s
[dllmcache] doc 58 n=82%: flex=1 11s
[dllmcache] doc 58 n=84%: flex=1 11s
[dllmcache] doc 58 n=86%: flex=1 11s
[dllmcache] doc 58 n=88%: flex=1 11s
[dllmcache] doc 61 n=2%: flex=1 10s
[dllmcache] doc 61 n=4%: flex=1 10s
[dllmcache] doc 61 n=6%: flex=1 10s
[dllmcache] doc 61 n=8%: flex=1 10s
[dllmcache] doc 61 n=12%: flex=0 10s
[dllmcache] doc 61 n=14%: flex=1 10s
[dllmcache] doc 61 n=16%: flex=1 10s
[dllmcache] doc 61 n=18%: flex=1 10s
[dllmcache] doc 61 n=22%: flex=1 10s
[dllmcache] doc 61 n=24%: flex=1 10s
[dllmcache] doc 61 n=26%: flex=1 10s
[dllmcache] doc 61 n=28%: flex=1 10s
[dllmcache] doc 61 n=32%: flex=1 10s
[dllmcache] doc 61 n=34%: flex=1 10s
[dllmcache] doc 61 n=36%: flex=1 10s
[dllmcache] doc 61 n=38%: flex=1 10s
[dllmcache] doc 61 n=42%: flex=1 10s
[dllmcache] doc 61 n=44%: flex=1 10s
[dllmcache] doc 61 n=46%: flex=1 10s
[dllmcache] doc 61 n=48%: flex=1 10s
[dllmcache] doc 61 n=52%: flex=1 10s
[dllmcache] doc 61 n=54%: flex=1 10s
[dllmcache] doc 61 n=56%: flex=1 10s
[dllmcache] doc 61 n=58%: flex=1 10s
[dllmcache] doc 61 n=62%: flex=1 10s
[dllmcache] doc 61 n=64%: flex=1 10s
[dllmcache] doc 61 n=66%: flex=1 10s
[dllmcache] doc 61 n=68%: flex=1 10s
[dllmcache] doc 61 n=72%: flex=1 10s
[dllmcache] doc 61 n=74%: flex=1 10s
[dllmcache] doc 61 n=76%: flex=1 10s
[dllmcache] doc 61 n=78%: flex=1 10s
[dllmcache] doc 61 n=82%: flex=1 10s
[dllmcache] doc 61 n=84%: flex=1 10s
[dllmcache] doc 61 n=86%: flex=1 10s
[dllmcache] doc 61 n=88%: flex=1 10s
[dllmcache] doc 63 n=2%: flex=0 10s
[dllmcache] doc 63 n=4%: flex=0 10s
[dllmcache] doc 63 n=6%: flex=0 10s
[dllmcache] doc 63 n=8%: flex=1 10s
[dllmcache] doc 63 n=12%: flex=1 10s
[dllmcache] doc 63 n=14%: flex=1 10s
[dllmcache] doc 63 n=16%: flex=1 10s
[dllmcache] doc 63 n=18%: flex=1 10s
[dllmcache] doc 63 n=22%: flex=1 10s
[dllmcache] doc 63 n=24%: flex=1 10s
[dllmcache] doc 63 n=26%: flex=1 10s
[dllmcache] doc 63 n=28%: flex=1 10s
[dllmcache] doc 63 n=32%: flex=1 10s
[dllmcache] doc 63 n=34%: flex=1 10s
[dllmcache] doc 63 n=36%: flex=1 10s
[dllmcache] doc 63 n=38%: flex=1 10s
[dllmcache] doc 63 n=42%: flex=1 10s
[dllmcache] doc 63 n=44%: flex=1 10s
[dllmcache] doc 63 n=46%: flex=1 10s
[dllmcache] doc 63 n=48%: flex=1 10s
[dllmcache] doc 63 n=52%: flex=1 10s
[dllmcache] doc 63 n=54%: flex=1 10s
[dllmcache] doc 63 n=56%: flex=1 10s
[dllmcache] doc 63 n=58%: flex=1 10s
[dllmcache] doc 63 n=62%: flex=1 10s
[dllmcache] doc 63 n=64%: flex=1 10s
[dllmcache] doc 63 n=66%: flex=1 10s
[dllmcache] doc 63 n=68%: flex=1 10s
[dllmcache] doc 63 n=72%: flex=1 10s
[dllmcache] doc 63 n=74%: flex=1 10s
[dllmcache] doc 63 n=76%: flex=1 10s
[dllmcache] doc 63 n=78%: flex=1 10s
[dllmcache] doc 63 n=82%: flex=1 10s
[dllmcache] doc 63 n=84%: flex=1 10s
[dllmcache] doc 63 n=86%: flex=1 10s
[dllmcache] doc 63 n=88%: flex=1 10s
[dllmcache] complete -> results_experiment_2_dose/continuations_dllmcache.csv + results_experiment_2_dose/student_trace_dllmcache.npz
