[YUKAI][DEBUG][<module>:252] training 48 router versions -> routers_e2e [FILE] /home/exx/Workspace/dllm-meta/run_train_mlp.py
[YUKAI][DEBUG][train_version:200] [feat-attn_last_geo_conf__conf-fresh__norm-rank__loss-decay_within_h__data-gsm8k] epoch 0: loss 2.7519 over 105 blocks [FILE] /home/exx/Workspace/dllm-meta/run_train_mlp.py
[YUKAI][DEBUG][train_version:200] [feat-attn_last_geo_conf__conf-fresh__norm-rank__loss-decay_within_h__data-gsm8k] epoch 1: loss 2.1873 over 105 blocks [FILE] /home/exx/Workspace/dllm-meta/run_train_mlp.py
[YUKAI][DEBUG][train_version:200] [feat-attn_last_geo_conf__conf-fresh__norm-rank__loss-decay_within_h__data-gsm8k] epoch 2: loss 2.1821 over 105 blocks [FILE] /home/exx/Workspace/dllm-meta/run_train_mlp.py
[YUKAI][DEBUG][train_version:200] [feat-attn_last_geo_conf__conf-fresh__norm-rank__loss-decay_within_h__data-gsm8k] epoch 3: loss 2.1799 over 105 blocks [FILE] /home/exx/Workspace/dllm-meta/run_train_mlp.py
[YUKAI][DEBUG][train_version:200] [feat-attn_last_geo_conf__conf-fresh__norm-rank__loss-decay_within_h__data-gsm8k] epoch 4: loss 2.1779 over 105 blocks [FILE] /home/exx/Workspace/dllm-meta/run_train_mlp.py
[YUKAI][DEBUG][train_version:200] [feat-attn_last_geo_conf__conf-fresh__norm-rank__loss-decay_within_h__data-gsm8k] epoch 5: loss 2.1761 over 105 blocks [FILE] /home/exx/Workspace/dllm-meta/run_train_mlp.py
[YUKAI][DEBUG][train_version:200] [feat-attn_last_geo_conf__conf-fresh__norm-rank__loss-decay_within_h__data-gsm8k] epoch 6: loss 2.1742 over 105 blocks [FILE] /home/exx/Workspace/dllm-meta/run_train_mlp.py
[YUKAI][DEBUG][train_version:200] [feat-attn_last_geo_conf__conf-fresh__norm-rank__loss-decay_within_h__data-gsm8k] epoch 7: loss 2.1721 over 105 blocks [FILE] /home/exx/Workspace/dllm-meta/run_train_mlp.py
[YUKAI][DEBUG][train_version:200] [feat-attn_last_geo_conf__conf-fresh__norm-rank__loss-decay_within_h__data-gsm8k] epoch 8: loss 2.1694 over 105 blocks [FILE] /home/exx/Workspace/dllm-meta/run_train_mlp.py
[YUKAI][DEBUG][train_version:200] [feat-attn_last_geo_conf__conf-fresh__norm-rank__loss-decay_within_h__data-gsm8k] epoch 9: loss 2.1657 over 105 blocks [FILE] /home/exx/Workspace/dllm-meta/run_train_mlp.py
[YUKAI][DEBUG][train_version:216] [feat-attn_last_geo_conf__conf-fresh__norm-rank__loss-decay_within_h__data-gsm8k] saved routers_e2e/feat-attn_last_geo_conf__conf-fresh__norm-rank__loss-decay_within_h__data-gsm8k.pt recall_holdout={'gsm8k': '0.724 (n=3198)'} [FILE] /home/exx/Workspace/dllm-meta/run_train_mlp.py
[YUKAI][DEBUG][train_version:200] [feat-attn_last_geo_conf__conf-fresh__norm-rank__loss-decay_within_h__data-ifeval] epoch 0: loss 3.2282 over 87 blocks [FILE] /home/exx/Workspace/dllm-meta/run_train_mlp.py
[YUKAI][DEBUG][train_version:200] [feat-attn_last_geo_conf__conf-fresh__norm-rank__loss-decay_within_h__data-ifeval] epoch 1: loss 2.2636 over 87 blocks [FILE] /home/exx/Workspace/dllm-meta/run_train_mlp.py
[YUKAI][DEBUG][train_version:200] [feat-attn_last_geo_conf__conf-fresh__norm-rank__loss-decay_within_h__data-ifeval] epoch 2: loss 2.2420 over 87 blocks [FILE] /home/exx/Workspace/dllm-meta/run_train_mlp.py
[YUKAI][DEBUG][train_version:200] [feat-attn_last_geo_conf__conf-fresh__norm-rank__loss-decay_within_h__data-ifeval] epoch 3: loss 2.2334 over 87 blocks [FILE] /home/exx/Workspace/dllm-meta/run_train_mlp.py
[YUKAI][DEBUG][train_version:200] [feat-attn_last_geo_conf__conf-fresh__norm-rank__loss-decay_within_h__data-ifeval] epoch 4: loss 2.2297 over 87 blocks [FILE] /home/exx/Workspace/dllm-meta/run_train_mlp.py
[YUKAI][DEBUG][train_version:200] [feat-attn_last_geo_conf__conf-fresh__norm-rank__loss-decay_within_h__data-ifeval] epoch 5: loss 2.2275 over 87 blocks [FILE] /home/exx/Workspace/dllm-meta/run_train_mlp.py
[YUKAI][DEBUG][train_version:200] [feat-attn_last_geo_conf__conf-fresh__norm-rank__loss-decay_within_h__data-ifeval] epoch 6: loss 2.2258 over 87 blocks [FILE] /home/exx/Workspace/dllm-meta/run_train_mlp.py
[YUKAI][DEBUG][train_version:200] [feat-attn_last_geo_conf__conf-fresh__norm-rank__loss-decay_within_h__data-ifeval] epoch 7: loss 2.2242 over 87 blocks [FILE] /home/exx/Workspace/dllm-meta/run_train_mlp.py
[YUKAI][DEBUG][train_version:200] [feat-attn_last_geo_conf__conf-fresh__norm-rank__loss-decay_within_h__data-ifeval] epoch 8: loss 2.2225 over 87 blocks [FILE] /home/exx/Workspace/dllm-meta/run_train_mlp.py
[YUKAI][DEBUG][train_version:200] [feat-attn_last_geo_conf__conf-fresh__norm-rank__loss-decay_within_h__data-ifeval] epoch 9: loss 2.2207 over 87 blocks [FILE] /home/exx/Workspace/dllm-meta/run_train_mlp.py
[YUKAI][DEBUG][train_version:216] [feat-attn_last_geo_conf__conf-fresh__norm-rank__loss-decay_within_h__data-ifeval] saved routers_e2e/feat-attn_last_geo_conf__conf-fresh__norm-rank__loss-decay_within_h__data-ifeval.pt recall_holdout={'ifeval': '0.753 (n=5271)'} [FILE] /home/exx/Workspace/dllm-meta/run_train_mlp.py
[YUKAI][DEBUG][train_version:200] [feat-attn_last_geo_conf__conf-fresh__norm-rank__loss-decay_within_h__data-mix] epoch 0: loss 2.5320 over 192 blocks [FILE] /home/exx/Workspace/dllm-meta/run_train_mlp.py
[YUKAI][DEBUG][train_version:200] [feat-attn_last_geo_conf__conf-fresh__norm-rank__loss-decay_within_h__data-mix] epoch 1: loss 2.2171 over 192 blocks [FILE] /home/exx/Workspace/dllm-meta/run_train_mlp.py
[YUKAI][DEBUG][train_version:200] [feat-attn_last_geo_conf__conf-fresh__norm-rank__loss-decay_within_h__data-mix] epoch 2: loss 2.2134 over 192 blocks [FILE] /home/exx/Workspace/dllm-meta/run_train_mlp.py
[YUKAI][DEBUG][train_version:200] [feat-attn_last_geo_conf__conf-fresh__norm-rank__loss-decay_within_h__data-mix] epoch 3: loss 2.2108 over 192 blocks [FILE] /home/exx/Workspace/dllm-meta/run_train_mlp.py
[YUKAI][DEBUG][train_version:200] [feat-attn_last_geo_conf__conf-fresh__norm-rank__loss-decay_within_h__data-mix] epoch 4: loss 2.2078 over 192 blocks [FILE] /home/exx/Workspace/dllm-meta/run_train_mlp.py
[YUKAI][DEBUG][train_version:200] [feat-attn_last_geo_conf__conf-fresh__norm-rank__loss-decay_within_h__data-mix] epoch 5: loss 2.2044 over 192 blocks [FILE] /home/exx/Workspace/dllm-meta/run_train_mlp.py
[YUKAI][DEBUG][train_version:200] [feat-attn_last_geo_conf__conf-fresh__norm-rank__loss-decay_within_h__data-mix] epoch 6: loss 2.2007 over 192 blocks [FILE] /home/exx/Workspace/dllm-meta/run_train_mlp.py
[YUKAI][DEBUG][train_version:200] [feat-attn_last_geo_conf__conf-fresh__norm-rank__loss-decay_within_h__data-mix] epoch 7: loss 2.1967 over 192 blocks [FILE] /home/exx/Workspace/dllm-meta/run_train_mlp.py
[YUKAI][DEBUG][train_version:200] [feat-attn_last_geo_conf__conf-fresh__norm-rank__loss-decay_within_h__data-mix] epoch 8: loss 2.1923 over 192 blocks [FILE] /home/exx/Workspace/dllm-meta/run_train_mlp.py
[YUKAI][DEBUG][train_version:200] [feat-attn_last_geo_conf__conf-fresh__norm-rank__loss-decay_within_h__data-mix] epoch 9: loss 2.1881 over 192 blocks [FILE] /home/exx/Workspace/dllm-meta/run_train_mlp.py
[YUKAI][DEBUG][train_version:216] [feat-attn_last_geo_conf__conf-fresh__norm-rank__loss-decay_within_h__data-mix] saved routers_e2e/feat-attn_last_geo_conf__conf-fresh__norm-rank__loss-decay_within_h__data-mix.pt recall_holdout={'gsm8k': '0.709 (n=3198)', 'ifeval': '0.755 (n=5271)'} [FILE] /home/exx/Workspace/dllm-meta/run_train_mlp.py
[YUKAI][DEBUG][train_version:200] [feat-attn_last_geo_conf__conf-fresh__norm-rank__loss-plackett_luce__data-gsm8k] epoch 0: loss 2.5276 over 105 blocks [FILE] /home/exx/Workspace/dllm-meta/run_train_mlp.py
[YUKAI][DEBUG][train_version:200] [feat-attn_last_geo_conf__conf-fresh__norm-rank__loss-plackett_luce__data-gsm8k] epoch 1: loss 1.7799 over 105 blocks [FILE] /home/exx/Workspace/dllm-meta/run_train_mlp.py
[YUKAI][DEBUG][train_version:200] [feat-attn_last_geo_conf__conf-fresh__norm-rank__loss-plackett_luce__data-gsm8k] epoch 2: loss 1.7628 over 105 blocks [FILE] /home/exx/Workspace/dllm-meta/run_train_mlp.py
[YUKAI][DEBUG][train_version:200] [feat-attn_last_geo_conf__conf-fresh__norm-rank__loss-plackett_luce__data-gsm8k] epoch 3: loss 1.7525 over 105 blocks [FILE] /home/exx/Workspace/dllm-meta/run_train_mlp.py
[YUKAI][DEBUG][train_version:200] [feat-attn_last_geo_conf__conf-fresh__norm-rank__loss-plackett_luce__data-gsm8k] epoch 4: loss 1.7419 over 105 blocks [FILE] /home/exx/Workspace/dllm-meta/run_train_mlp.py
[YUKAI][DEBUG][train_version:200] [feat-attn_last_geo_conf__conf-fresh__norm-rank__loss-plackett_luce__data-gsm8k] epoch 5: loss 1.7326 over 105 blocks [FILE] /home/exx/Workspace/dllm-meta/run_train_mlp.py
[YUKAI][DEBUG][train_version:200] [feat-attn_last_geo_conf__conf-fresh__norm-rank__loss-plackett_luce__data-gsm8k] epoch 6: loss 1.7241 over 105 blocks [FILE] /home/exx/Workspace/dllm-meta/run_train_mlp.py
[YUKAI][DEBUG][train_version:200] [feat-attn_last_geo_conf__conf-fresh__norm-rank__loss-plackett_luce__data-gsm8k] epoch 7: loss 1.7179 over 105 blocks [FILE] /home/exx/Workspace/dllm-meta/run_train_mlp.py
[YUKAI][DEBUG][train_version:200] [feat-attn_last_geo_conf__conf-fresh__norm-rank__loss-plackett_luce__data-gsm8k] epoch 8: loss 1.7138 over 105 blocks [FILE] /home/exx/Workspace/dllm-meta/run_train_mlp.py
[YUKAI][DEBUG][train_version:200] [feat-attn_last_geo_conf__conf-fresh__norm-rank__loss-plackett_luce__data-gsm8k] epoch 9: loss 1.7106 over 105 blocks [FILE] /home/exx/Workspace/dllm-meta/run_train_mlp.py
[YUKAI][DEBUG][train_version:216] [feat-attn_last_geo_conf__conf-fresh__norm-rank__loss-plackett_luce__data-gsm8k] saved routers_e2e/feat-attn_last_geo_conf__conf-fresh__norm-rank__loss-plackett_luce__data-gsm8k.pt recall_holdout={'gsm8k': '0.732 (n=3198)'} [FILE] /home/exx/Workspace/dllm-meta/run_train_mlp.py
[YUKAI][DEBUG][train_version:200] [feat-attn_last_geo_conf__conf-fresh__norm-rank__loss-plackett_luce__data-ifeval] epoch 0: loss 3.0696 over 87 blocks [FILE] /home/exx/Workspace/dllm-meta/run_train_mlp.py
[YUKAI][DEBUG][train_version:200] [feat-attn_last_geo_conf__conf-fresh__norm-rank__loss-plackett_luce__data-ifeval] epoch 1: loss 1.8578 over 87 blocks [FILE] /home/exx/Workspace/dllm-meta/run_train_mlp.py
[YUKAI][DEBUG][train_version:200] [feat-attn_last_geo_conf__conf-fresh__norm-rank__loss-plackett_luce__data-ifeval] epoch 2: loss 1.8166 over 87 blocks [FILE] /home/exx/Workspace/dllm-meta/run_train_mlp.py
[YUKAI][DEBUG][train_version:200] [feat-attn_last_geo_conf__conf-fresh__norm-rank__loss-plackett_luce__data-ifeval] epoch 3: loss 1.7996 over 87 blocks [FILE] /home/exx/Workspace/dllm-meta/run_train_mlp.py
[YUKAI][DEBUG][train_version:200] [feat-attn_last_geo_conf__conf-fresh__norm-rank__loss-plackett_luce__data-ifeval] epoch 4: loss 1.7899 over 87 blocks [FILE] /home/exx/Workspace/dllm-meta/run_train_mlp.py
[YUKAI][DEBUG][train_version:200] [feat-attn_last_geo_conf__conf-fresh__norm-rank__loss-plackett_luce__data-ifeval] epoch 5: loss 1.7836 over 87 blocks [FILE] /home/exx/Workspace/dllm-meta/run_train_mlp.py
[YUKAI][DEBUG][train_version:200] [feat-attn_last_geo_conf__conf-fresh__norm-rank__loss-plackett_luce__data-ifeval] epoch 6: loss 1.7786 over 87 blocks [FILE] /home/exx/Workspace/dllm-meta/run_train_mlp.py
[YUKAI][DEBUG][train_version:200] [feat-attn_last_geo_conf__conf-fresh__norm-rank__loss-plackett_luce__data-ifeval] epoch 7: loss 1.7740 over 87 blocks [FILE] /home/exx/Workspace/dllm-meta/run_train_mlp.py
[YUKAI][DEBUG][train_version:200] [feat-attn_last_geo_conf__conf-fresh__norm-rank__loss-plackett_luce__data-ifeval] epoch 8: loss 1.7686 over 87 blocks [FILE] /home/exx/Workspace/dllm-meta/run_train_mlp.py
[YUKAI][DEBUG][train_version:200] [feat-attn_last_geo_conf__conf-fresh__norm-rank__loss-plackett_luce__data-ifeval] epoch 9: loss 1.7595 over 87 blocks [FILE] /home/exx/Workspace/dllm-meta/run_train_mlp.py
[YUKAI][DEBUG][train_version:216] [feat-attn_last_geo_conf__conf-fresh__norm-rank__loss-plackett_luce__data-ifeval] saved routers_e2e/feat-attn_last_geo_conf__conf-fresh__norm-rank__loss-plackett_luce__data-ifeval.pt recall_holdout={'ifeval': '0.760 (n=5271)'} [FILE] /home/exx/Workspace/dllm-meta/run_train_mlp.py
[YUKAI][DEBUG][train_version:200] [feat-attn_last_geo_conf__conf-fresh__norm-rank__loss-plackett_luce__data-mix] epoch 0: loss 2.2178 over 192 blocks [FILE] /home/exx/Workspace/dllm-meta/run_train_mlp.py
[YUKAI][DEBUG][train_version:200] [feat-attn_last_geo_conf__conf-fresh__norm-rank__loss-plackett_luce__data-mix] epoch 1: loss 1.7886 over 192 blocks [FILE] /home/exx/Workspace/dllm-meta/run_train_mlp.py
[YUKAI][DEBUG][train_version:200] [feat-attn_last_geo_conf__conf-fresh__norm-rank__loss-plackett_luce__data-mix] epoch 2: loss 1.7715 over 192 blocks [FILE] /home/exx/Workspace/dllm-meta/run_train_mlp.py
[YUKAI][DEBUG][train_version:200] [feat-attn_last_geo_conf__conf-fresh__norm-rank__loss-plackett_luce__data-mix] epoch 3: loss 1.7507 over 192 blocks [FILE] /home/exx/Workspace/dllm-meta/run_train_mlp.py
[YUKAI][DEBUG][train_version:200] [feat-attn_last_geo_conf__conf-fresh__norm-rank__loss-plackett_luce__data-mix] epoch 4: loss 1.7341 over 192 blocks [FILE] /home/exx/Workspace/dllm-meta/run_train_mlp.py
[YUKAI][DEBUG][train_version:200] [feat-attn_last_geo_conf__conf-fresh__norm-rank__loss-plackett_luce__data-mix] epoch 5: loss 1.7226 over 192 blocks [FILE] /home/exx/Workspace/dllm-meta/run_train_mlp.py
[YUKAI][DEBUG][train_version:200] [feat-attn_last_geo_conf__conf-fresh__norm-rank__loss-plackett_luce__data-mix] epoch 6: loss 1.7141 over 192 blocks [FILE] /home/exx/Workspace/dllm-meta/run_train_mlp.py
[YUKAI][DEBUG][train_version:200] [feat-attn_last_geo_conf__conf-fresh__norm-rank__loss-plackett_luce__data-mix] epoch 7: loss 1.7060 over 192 blocks [FILE] /home/exx/Workspace/dllm-meta/run_train_mlp.py
[YUKAI][DEBUG][train_version:200] [feat-attn_last_geo_conf__conf-fresh__norm-rank__loss-plackett_luce__data-mix] epoch 8: loss 1.6977 over 192 blocks [FILE] /home/exx/Workspace/dllm-meta/run_train_mlp.py
[YUKAI][DEBUG][train_version:200] [feat-attn_last_geo_conf__conf-fresh__norm-rank__loss-plackett_luce__data-mix] epoch 9: loss 1.6911 over 192 blocks [FILE] /home/exx/Workspace/dllm-meta/run_train_mlp.py
[YUKAI][DEBUG][train_version:216] [feat-attn_last_geo_conf__conf-fresh__norm-rank__loss-plackett_luce__data-mix] saved routers_e2e/feat-attn_last_geo_conf__conf-fresh__norm-rank__loss-plackett_luce__data-mix.pt recall_holdout={'gsm8k': '0.722 (n=3198)', 'ifeval': '0.768 (n=5271)'} [FILE] /home/exx/Workspace/dllm-meta/run_train_mlp.py
[YUKAI][DEBUG][train_version:200] [feat-attn_last_geo_conf__conf-fresh__norm-softmax_attn__loss-decay_within_h__data-gsm8k] epoch 0: loss 2.8055 over 105 blocks [FILE] /home/exx/Workspace/dllm-meta/run_train_mlp.py
[YUKAI][DEBUG][train_version:200] [feat-attn_last_geo_conf__conf-fresh__norm-softmax_attn__loss-decay_within_h__data-gsm8k] epoch 1: loss 2.1601 over 105 blocks [FILE] /home/exx/Workspace/dllm-meta/run_train_mlp.py
[YUKAI][DEBUG][train_version:200] [feat-attn_last_geo_conf__conf-fresh__norm-softmax_attn__loss-decay_within_h__data-gsm8k] epoch 2: loss 2.1259 over 105 blocks [FILE] /home/exx/Workspace/dllm-meta/run_train_mlp.py
[YUKAI][DEBUG][train_version:200] [feat-attn_last_geo_conf__conf-fresh__norm-softmax_attn__loss-decay_within_h__data-gsm8k] epoch 3: loss 2.0958 over 105 blocks [FILE] /home/exx/Workspace/dllm-meta/run_train_mlp.py
[YUKAI][DEBUG][train_version:200] [feat-attn_last_geo_conf__conf-fresh__norm-softmax_attn__loss-decay_within_h__data-gsm8k] epoch 4: loss 2.0703 over 105 blocks [FILE] /home/exx/Workspace/dllm-meta/run_train_mlp.py
[YUKAI][DEBUG][train_version:200] [feat-attn_last_geo_conf__conf-fresh__norm-softmax_attn__loss-decay_within_h__data-gsm8k] epoch 5: loss 2.0499 over 105 blocks [FILE] /home/exx/Workspace/dllm-meta/run_train_mlp.py
[YUKAI][DEBUG][train_version:200] [feat-attn_last_geo_conf__conf-fresh__norm-softmax_attn__loss-decay_within_h__data-gsm8k] epoch 6: loss 2.0331 over 105 blocks [FILE] /home/exx/Workspace/dllm-meta/run_train_mlp.py
[YUKAI][DEBUG][train_version:200] [feat-attn_last_geo_conf__conf-fresh__norm-softmax_attn__loss-decay_within_h__data-gsm8k] epoch 7: loss 2.0210 over 105 blocks [FILE] /home/exx/Workspace/dllm-meta/run_train_mlp.py
[YUKAI][DEBUG][train_version:200] [feat-attn_last_geo_conf__conf-fresh__norm-softmax_attn__loss-decay_within_h__data-gsm8k] epoch 8: loss 2.0121 over 105 blocks [FILE] /home/exx/Workspace/dllm-meta/run_train_mlp.py
[YUKAI][DEBUG][train_version:200] [feat-attn_last_geo_conf__conf-fresh__norm-softmax_attn__loss-decay_within_h__data-gsm8k] epoch 9: loss 2.0058 over 105 blocks [FILE] /home/exx/Workspace/dllm-meta/run_train_mlp.py
[YUKAI][DEBUG][train_version:216] [feat-attn_last_geo_conf__conf-fresh__norm-softmax_attn__loss-decay_within_h__data-gsm8k] saved routers_e2e/feat-attn_last_geo_conf__conf-fresh__norm-softmax_attn__loss-decay_within_h__data-gsm8k.pt recall_holdout={'gsm8k': '0.732 (n=3198)'} [FILE] /home/exx/Workspace/dllm-meta/run_train_mlp.py
[YUKAI][DEBUG][train_version:200] [feat-attn_last_geo_conf__conf-fresh__norm-softmax_attn__loss-decay_within_h__data-ifeval] epoch 0: loss 3.3564 over 87 blocks [FILE] /home/exx/Workspace/dllm-meta/run_train_mlp.py
[YUKAI][DEBUG][train_version:200] [feat-attn_last_geo_conf__conf-fresh__norm-softmax_attn__loss-decay_within_h__data-ifeval] epoch 1: loss 2.2540 over 87 blocks [FILE] /home/exx/Workspace/dllm-meta/run_train_mlp.py
[YUKAI][DEBUG][train_version:200] [feat-attn_last_geo_conf__conf-fresh__norm-softmax_attn__loss-decay_within_h__data-ifeval] epoch 2: loss 2.2183 over 87 blocks [FILE] /home/exx/Workspace/dllm-meta/run_train_mlp.py
[YUKAI][DEBUG][train_version:200] [feat-attn_last_geo_conf__conf-fresh__norm-softmax_attn__loss-decay_within_h__data-ifeval] epoch 3: loss 2.1937 over 87 blocks [FILE] /home/exx/Workspace/dllm-meta/run_train_mlp.py
[YUKAI][DEBUG][train_version:200] [feat-attn_last_geo_conf__conf-fresh__norm-softmax_attn__loss-decay_within_h__data-ifeval] epoch 4: loss 2.1775 over 87 blocks [FILE] /home/exx/Workspace/dllm-meta/run_train_mlp.py
[YUKAI][DEBUG][train_version:200] [feat-attn_last_geo_conf__conf-fresh__norm-softmax_attn__loss-decay_within_h__data-ifeval] epoch 5: loss 2.1668 over 87 blocks [FILE] /home/exx/Workspace/dllm-meta/run_train_mlp.py
[YUKAI][DEBUG][train_version:200] [feat-attn_last_geo_conf__conf-fresh__norm-softmax_attn__loss-decay_within_h__data-ifeval] epoch 6: loss 2.1580 over 87 blocks [FILE] /home/exx/Workspace/dllm-meta/run_train_mlp.py
[YUKAI][DEBUG][train_version:200] [feat-attn_last_geo_conf__conf-fresh__norm-softmax_attn__loss-decay_within_h__data-ifeval] epoch 7: loss 2.1500 over 87 blocks [FILE] /home/exx/Workspace/dllm-meta/run_train_mlp.py
[YUKAI][DEBUG][train_version:200] [feat-attn_last_geo_conf__conf-fresh__norm-softmax_attn__loss-decay_within_h__data-ifeval] epoch 8: loss 2.1417 over 87 blocks [FILE] /home/exx/Workspace/dllm-meta/run_train_mlp.py
[YUKAI][DEBUG][train_version:200] [feat-attn_last_geo_conf__conf-fresh__norm-softmax_attn__loss-decay_within_h__data-ifeval] epoch 9: loss 2.1323 over 87 blocks [FILE] /home/exx/Workspace/dllm-meta/run_train_mlp.py
[YUKAI][DEBUG][train_version:216] [feat-attn_last_geo_conf__conf-fresh__norm-softmax_attn__loss-decay_within_h__data-ifeval] saved routers_e2e/feat-attn_last_geo_conf__conf-fresh__norm-softmax_attn__loss-decay_within_h__data-ifeval.pt recall_holdout={'ifeval': '0.759 (n=5271)'} [FILE] /home/exx/Workspace/dllm-meta/run_train_mlp.py
[YUKAI][DEBUG][train_version:200] [feat-attn_last_geo_conf__conf-fresh__norm-softmax_attn__loss-decay_within_h__data-mix] epoch 0: loss 2.5593 over 192 blocks [FILE] /home/exx/Workspace/dllm-meta/run_train_mlp.py
[YUKAI][DEBUG][train_version:200] [feat-attn_last_geo_conf__conf-fresh__norm-softmax_attn__loss-decay_within_h__data-mix] epoch 1: loss 2.1699 over 192 blocks [FILE] /home/exx/Workspace/dllm-meta/run_train_mlp.py
[YUKAI][DEBUG][train_version:200] [feat-attn_last_geo_conf__conf-fresh__norm-softmax_attn__loss-decay_within_h__data-mix] epoch 2: loss 2.1331 over 192 blocks [FILE] /home/exx/Workspace/dllm-meta/run_train_mlp.py
[YUKAI][DEBUG][train_version:200] [feat-attn_last_geo_conf__conf-fresh__norm-softmax_attn__loss-decay_within_h__data-mix] epoch 3: loss 2.1052 over 192 blocks [FILE] /home/exx/Workspace/dllm-meta/run_train_mlp.py
[YUKAI][DEBUG][train_version:200] [feat-attn_last_geo_conf__conf-fresh__norm-softmax_attn__loss-decay_within_h__data-mix] epoch 4: loss 2.0797 over 192 blocks [FILE] /home/exx/Workspace/dllm-meta/run_train_mlp.py
[YUKAI][DEBUG][train_version:200] [feat-attn_last_geo_conf__conf-fresh__norm-softmax_attn__loss-decay_within_h__data-mix] epoch 5: loss 2.0574 over 192 blocks [FILE] /home/exx/Workspace/dllm-meta/run_train_mlp.py
[YUKAI][DEBUG][train_version:200] [feat-attn_last_geo_conf__conf-fresh__norm-softmax_attn__loss-decay_within_h__data-mix] epoch 6: loss 2.0371 over 192 blocks [FILE] /home/exx/Workspace/dllm-meta/run_train_mlp.py
[YUKAI][DEBUG][train_version:200] [feat-attn_last_geo_conf__conf-fresh__norm-softmax_attn__loss-decay_within_h__data-mix] epoch 7: loss 2.0227 over 192 blocks [FILE] /home/exx/Workspace/dllm-meta/run_train_mlp.py
[YUKAI][DEBUG][train_version:200] [feat-attn_last_geo_conf__conf-fresh__norm-softmax_attn__loss-decay_within_h__data-mix] epoch 8: loss 2.0110 over 192 blocks [FILE] /home/exx/Workspace/dllm-meta/run_train_mlp.py
[YUKAI][DEBUG][train_version:200] [feat-attn_last_geo_conf__conf-fresh__norm-softmax_attn__loss-decay_within_h__data-mix] epoch 9: loss 2.0028 over 192 blocks [FILE] /home/exx/Workspace/dllm-meta/run_train_mlp.py
[YUKAI][DEBUG][train_version:216] [feat-attn_last_geo_conf__conf-fresh__norm-softmax_attn__loss-decay_within_h__data-mix] saved routers_e2e/feat-attn_last_geo_conf__conf-fresh__norm-softmax_attn__loss-decay_within_h__data-mix.pt recall_holdout={'gsm8k': '0.723 (n=3198)', 'ifeval': '0.767 (n=5271)'} [FILE] /home/exx/Workspace/dllm-meta/run_train_mlp.py
[YUKAI][DEBUG][train_version:200] [feat-attn_last_geo_conf__conf-fresh__norm-softmax_attn__loss-plackett_luce__data-gsm8k] epoch 0: loss 2.6060 over 105 blocks [FILE] /home/exx/Workspace/dllm-meta/run_train_mlp.py
[YUKAI][DEBUG][train_version:200] [feat-attn_last_geo_conf__conf-fresh__norm-softmax_attn__loss-plackett_luce__data-gsm8k] epoch 1: loss 1.7824 over 105 blocks [FILE] /home/exx/Workspace/dllm-meta/run_train_mlp.py
[YUKAI][DEBUG][train_version:200] [feat-attn_last_geo_conf__conf-fresh__norm-softmax_attn__loss-plackett_luce__data-gsm8k] epoch 2: loss 1.7508 over 105 blocks [FILE] /home/exx/Workspace/dllm-meta/run_train_mlp.py
[YUKAI][DEBUG][train_version:200] [feat-attn_last_geo_conf__conf-fresh__norm-softmax_attn__loss-plackett_luce__data-gsm8k] epoch 3: loss 1.7320 over 105 blocks [FILE] /home/exx/Workspace/dllm-meta/run_train_mlp.py
[YUKAI][DEBUG][train_version:200] [feat-attn_last_geo_conf__conf-fresh__norm-softmax_attn__loss-plackett_luce__data-gsm8k] epoch 4: loss 1.7157 over 105 blocks [FILE] /home/exx/Workspace/dllm-meta/run_train_mlp.py
[YUKAI][DEBUG][train_version:200] [feat-attn_last_geo_conf__conf-fresh__norm-softmax_attn__loss-plackett_luce__data-gsm8k] epoch 5: loss 1.7025 over 105 blocks [FILE] /home/exx/Workspace/dllm-meta/run_train_mlp.py
[YUKAI][DEBUG][train_version:200] [feat-attn_last_geo_conf__conf-fresh__norm-softmax_attn__loss-plackett_luce__data-gsm8k] epoch 6: loss 1.6942 over 105 blocks [FILE] /home/exx/Workspace/dllm-meta/run_train_mlp.py
[YUKAI][DEBUG][train_version:200] [feat-attn_last_geo_conf__conf-fresh__norm-softmax_attn__loss-plackett_luce__data-gsm8k] epoch 7: loss 1.6883 over 105 blocks [FILE] /home/exx/Workspace/dllm-meta/run_train_mlp.py
[YUKAI][DEBUG][train_version:200] [feat-attn_last_geo_conf__conf-fresh__norm-softmax_attn__loss-plackett_luce__data-gsm8k] epoch 8: loss 1.6829 over 105 blocks [FILE] /home/exx/Workspace/dllm-meta/run_train_mlp.py
[YUKAI][DEBUG][train_version:200] [feat-attn_last_geo_conf__conf-fresh__norm-softmax_attn__loss-plackett_luce__data-gsm8k] epoch 9: loss 1.6773 over 105 blocks [FILE] /home/exx/Workspace/dllm-meta/run_train_mlp.py
[YUKAI][DEBUG][train_version:216] [feat-attn_last_geo_conf__conf-fresh__norm-softmax_attn__loss-plackett_luce__data-gsm8k] saved routers_e2e/feat-attn_last_geo_conf__conf-fresh__norm-softmax_attn__loss-plackett_luce__data-gsm8k.pt recall_holdout={'gsm8k': '0.734 (n=3198)'} [FILE] /home/exx/Workspace/dllm-meta/run_train_mlp.py
[YUKAI][DEBUG][train_version:200] [feat-attn_last_geo_conf__conf-fresh__norm-softmax_attn__loss-plackett_luce__data-ifeval] epoch 0: loss 3.2263 over 87 blocks [FILE] /home/exx/Workspace/dllm-meta/run_train_mlp.py
[YUKAI][DEBUG][train_version:200] [feat-attn_last_geo_conf__conf-fresh__norm-softmax_attn__loss-plackett_luce__data-ifeval] epoch 1: loss 1.8622 over 87 blocks [FILE] /home/exx/Workspace/dllm-meta/run_train_mlp.py
[YUKAI][DEBUG][train_version:200] [feat-attn_last_geo_conf__conf-fresh__norm-softmax_attn__loss-plackett_luce__data-ifeval] epoch 2: loss 1.8198 over 87 blocks [FILE] /home/exx/Workspace/dllm-meta/run_train_mlp.py
[YUKAI][DEBUG][train_version:200] [feat-attn_last_geo_conf__conf-fresh__norm-softmax_attn__loss-plackett_luce__data-ifeval] epoch 3: loss 1.7961 over 87 blocks [FILE] /home/exx/Workspace/dllm-meta/run_train_mlp.py
[YUKAI][DEBUG][train_version:200] [feat-attn_last_geo_conf__conf-fresh__norm-softmax_attn__loss-plackett_luce__data-ifeval] epoch 4: loss 1.7844 over 87 blocks [FILE] /home/exx/Workspace/dllm-meta/run_train_mlp.py
[YUKAI][DEBUG][train_version:200] [feat-attn_last_geo_conf__conf-fresh__norm-softmax_attn__loss-plackett_luce__data-ifeval] epoch 5: loss 1.7760 over 87 blocks [FILE] /home/exx/Workspace/dllm-meta/run_train_mlp.py
[YUKAI][DEBUG][train_version:200] [feat-attn_last_geo_conf__conf-fresh__norm-softmax_attn__loss-plackett_luce__data-ifeval] epoch 6: loss 1.7658 over 87 blocks [FILE] /home/exx/Workspace/dllm-meta/run_train_mlp.py
[YUKAI][DEBUG][train_version:200] [feat-attn_last_geo_conf__conf-fresh__norm-softmax_attn__loss-plackett_luce__data-ifeval] epoch 7: loss 1.7536 over 87 blocks [FILE] /home/exx/Workspace/dllm-meta/run_train_mlp.py
[YUKAI][DEBUG][train_version:200] [feat-attn_last_geo_conf__conf-fresh__norm-softmax_attn__loss-plackett_luce__data-ifeval] epoch 8: loss 1.7440 over 87 blocks [FILE] /home/exx/Workspace/dllm-meta/run_train_mlp.py
[YUKAI][DEBUG][train_version:200] [feat-attn_last_geo_conf__conf-fresh__norm-softmax_attn__loss-plackett_luce__data-ifeval] epoch 9: loss 1.7362 over 87 blocks [FILE] /home/exx/Workspace/dllm-meta/run_train_mlp.py
[YUKAI][DEBUG][train_version:216] [feat-attn_last_geo_conf__conf-fresh__norm-softmax_attn__loss-plackett_luce__data-ifeval] saved routers_e2e/feat-attn_last_geo_conf__conf-fresh__norm-softmax_attn__loss-plackett_luce__data-ifeval.pt recall_holdout={'ifeval': '0.760 (n=5271)'} [FILE] /home/exx/Workspace/dllm-meta/run_train_mlp.py
[YUKAI][DEBUG][train_version:200] [feat-attn_last_geo_conf__conf-fresh__norm-softmax_attn__loss-plackett_luce__data-mix] epoch 0: loss 2.2695 over 192 blocks [FILE] /home/exx/Workspace/dllm-meta/run_train_mlp.py
[YUKAI][DEBUG][train_version:200] [feat-attn_last_geo_conf__conf-fresh__norm-softmax_attn__loss-plackett_luce__data-mix] epoch 1: loss 1.7842 over 192 blocks [FILE] /home/exx/Workspace/dllm-meta/run_train_mlp.py
[YUKAI][DEBUG][train_version:200] [feat-attn_last_geo_conf__conf-fresh__norm-softmax_attn__loss-plackett_luce__data-mix] epoch 2: loss 1.7544 over 192 blocks [FILE] /home/exx/Workspace/dllm-meta/run_train_mlp.py
[YUKAI][DEBUG][train_version:200] [feat-attn_last_geo_conf__conf-fresh__norm-softmax_attn__loss-plackett_luce__data-mix] epoch 3: loss 1.7305 over 192 blocks [FILE] /home/exx/Workspace/dllm-meta/run_train_mlp.py
[YUKAI][DEBUG][train_version:200] [feat-attn_last_geo_conf__conf-fresh__norm-softmax_attn__loss-plackett_luce__data-mix] epoch 4: loss 1.7174 over 192 blocks [FILE] /home/exx/Workspace/dllm-meta/run_train_mlp.py
[YUKAI][DEBUG][train_version:200] [feat-attn_last_geo_conf__conf-fresh__norm-softmax_attn__loss-plackett_luce__data-mix] epoch 5: loss 1.7061 over 192 blocks [FILE] /home/exx/Workspace/dllm-meta/run_train_mlp.py
[YUKAI][DEBUG][train_version:200] [feat-attn_last_geo_conf__conf-fresh__norm-softmax_attn__loss-plackett_luce__data-mix] epoch 6: loss 1.6931 over 192 blocks [FILE] /home/exx/Workspace/dllm-meta/run_train_mlp.py
[YUKAI][DEBUG][train_version:200] [feat-attn_last_geo_conf__conf-fresh__norm-softmax_attn__loss-plackett_luce__data-mix] epoch 7: loss 1.6779 over 192 blocks [FILE] /home/exx/Workspace/dllm-meta/run_train_mlp.py
[YUKAI][DEBUG][train_version:200] [feat-attn_last_geo_conf__conf-fresh__norm-softmax_attn__loss-plackett_luce__data-mix] epoch 8: loss 1.6639 over 192 blocks [FILE] /home/exx/Workspace/dllm-meta/run_train_mlp.py
[YUKAI][DEBUG][train_version:200] [feat-attn_last_geo_conf__conf-fresh__norm-softmax_attn__loss-plackett_luce__data-mix] epoch 9: loss 1.6544 over 192 blocks [FILE] /home/exx/Workspace/dllm-meta/run_train_mlp.py
[YUKAI][DEBUG][train_version:216] [feat-attn_last_geo_conf__conf-fresh__norm-softmax_attn__loss-plackett_luce__data-mix] saved routers_e2e/feat-attn_last_geo_conf__conf-fresh__norm-softmax_attn__loss-plackett_luce__data-mix.pt recall_holdout={'gsm8k': '0.722 (n=3198)', 'ifeval': '0.767 (n=5271)'} [FILE] /home/exx/Workspace/dllm-meta/run_train_mlp.py
[YUKAI][DEBUG][train_version:200] [feat-attn_last_geo_conf__conf-aged__norm-rank__loss-decay_within_h__data-gsm8k] epoch 0: loss 2.9052 over 105 blocks [FILE] /home/exx/Workspace/dllm-meta/run_train_mlp.py
[YUKAI][DEBUG][train_version:200] [feat-attn_last_geo_conf__conf-aged__norm-rank__loss-decay_within_h__data-gsm8k] epoch 1: loss 2.3971 over 105 blocks [FILE] /home/exx/Workspace/dllm-meta/run_train_mlp.py
[YUKAI][DEBUG][train_version:200] [feat-attn_last_geo_conf__conf-aged__norm-rank__loss-decay_within_h__data-gsm8k] epoch 2: loss 2.3794 over 105 blocks [FILE] /home/exx/Workspace/dllm-meta/run_train_mlp.py
[YUKAI][DEBUG][train_version:200] [feat-attn_last_geo_conf__conf-aged__norm-rank__loss-decay_within_h__data-gsm8k] epoch 3: loss 2.3732 over 105 blocks [FILE] /home/exx/Workspace/dllm-meta/run_train_mlp.py
[YUKAI][DEBUG][train_version:200] [feat-attn_last_geo_conf__conf-aged__norm-rank__loss-decay_within_h__data-gsm8k] epoch 4: loss 2.3674 over 105 blocks [FILE] /home/exx/Workspace/dllm-meta/run_train_mlp.py
[YUKAI][DEBUG][train_version:200] [feat-attn_last_geo_conf__conf-aged__norm-rank__loss-decay_within_h__data-gsm8k] epoch 5: loss 2.3648 over 105 blocks [FILE] /home/exx/Workspace/dllm-meta/run_train_mlp.py
[YUKAI][DEBUG][train_version:200] [feat-attn_last_geo_conf__conf-aged__norm-rank__loss-decay_within_h__data-gsm8k] epoch 6: loss 2.3606 over 105 blocks [FILE] /home/exx/Workspace/dllm-meta/run_train_mlp.py
[YUKAI][DEBUG][train_version:200] [feat-attn_last_geo_conf__conf-aged__norm-rank__loss-decay_within_h__data-gsm8k] epoch 7: loss 2.3566 over 105 blocks [FILE] /home/exx/Workspace/dllm-meta/run_train_mlp.py
[YUKAI][DEBUG][train_version:200] [feat-attn_last_geo_conf__conf-aged__norm-rank__loss-decay_within_h__data-gsm8k] epoch 8: loss 2.3543 over 105 blocks [FILE] /home/exx/Workspace/dllm-meta/run_train_mlp.py
[YUKAI][DEBUG][train_version:200] [feat-attn_last_geo_conf__conf-aged__norm-rank__loss-decay_within_h__data-gsm8k] epoch 9: loss 2.3527 over 105 blocks [FILE] /home/exx/Workspace/dllm-meta/run_train_mlp.py
[YUKAI][DEBUG][train_version:216] [feat-attn_last_geo_conf__conf-aged__norm-rank__loss-decay_within_h__data-gsm8k] saved routers_e2e/feat-attn_last_geo_conf__conf-aged__norm-rank__loss-decay_within_h__data-gsm8k.pt recall_holdout={'gsm8k': '0.629 (n=3198)'} [FILE] /home/exx/Workspace/dllm-meta/run_train_mlp.py
[YUKAI][DEBUG][train_version:200] [feat-attn_last_geo_conf__conf-aged__norm-rank__loss-decay_within_h__data-ifeval] epoch 0: loss 3.4363 over 87 blocks [FILE] /home/exx/Workspace/dllm-meta/run_train_mlp.py
[YUKAI][DEBUG][train_version:200] [feat-attn_last_geo_conf__conf-aged__norm-rank__loss-decay_within_h__data-ifeval] epoch 1: loss 2.5189 over 87 blocks [FILE] /home/exx/Workspace/dllm-meta/run_train_mlp.py
[YUKAI][DEBUG][train_version:200] [feat-attn_last_geo_conf__conf-aged__norm-rank__loss-decay_within_h__data-ifeval] epoch 2: loss 2.4486 over 87 blocks [FILE] /home/exx/Workspace/dllm-meta/run_train_mlp.py
[YUKAI][DEBUG][train_version:200] [feat-attn_last_geo_conf__conf-aged__norm-rank__loss-decay_within_h__data-ifeval] epoch 3: loss 2.4174 over 87 blocks [FILE] /home/exx/Workspace/dllm-meta/run_train_mlp.py
[YUKAI][DEBUG][train_version:200] [feat-attn_last_geo_conf__conf-aged__norm-rank__loss-decay_within_h__data-ifeval] epoch 4: loss 2.4061 over 87 blocks [FILE] /home/exx/Workspace/dllm-meta/run_train_mlp.py
[YUKAI][DEBUG][train_version:200] [feat-attn_last_geo_conf__conf-aged__norm-rank__loss-decay_within_h__data-ifeval] epoch 5: loss 2.3997 over 87 blocks [FILE] /home/exx/Workspace/dllm-meta/run_train_mlp.py
[YUKAI][DEBUG][train_version:200] [feat-attn_last_geo_conf__conf-aged__norm-rank__loss-decay_within_h__data-ifeval] epoch 6: loss 2.3957 over 87 blocks [FILE] /home/exx/Workspace/dllm-meta/run_train_mlp.py
[YUKAI][DEBUG][train_version:200] [feat-attn_last_geo_conf__conf-aged__norm-rank__loss-decay_within_h__data-ifeval] epoch 7: loss 2.3935 over 87 blocks [FILE] /home/exx/Workspace/dllm-meta/run_train_mlp.py
[YUKAI][DEBUG][train_version:200] [feat-attn_last_geo_conf__conf-aged__norm-rank__loss-decay_within_h__data-ifeval] epoch 8: loss 2.3887 over 87 blocks [FILE] /home/exx/Workspace/dllm-meta/run_train_mlp.py
[YUKAI][DEBUG][train_version:200] [feat-attn_last_geo_conf__conf-aged__norm-rank__loss-decay_within_h__data-ifeval] epoch 9: loss 2.3866 over 87 blocks [FILE] /home/exx/Workspace/dllm-meta/run_train_mlp.py
[YUKAI][DEBUG][train_version:216] [feat-attn_last_geo_conf__conf-aged__norm-rank__loss-decay_within_h__data-ifeval] saved routers_e2e/feat-attn_last_geo_conf__conf-aged__norm-rank__loss-decay_within_h__data-ifeval.pt recall_holdout={'ifeval': '0.690 (n=5271)'} [FILE] /home/exx/Workspace/dllm-meta/run_train_mlp.py
[YUKAI][DEBUG][train_version:200] [feat-attn_last_geo_conf__conf-aged__norm-rank__loss-decay_within_h__data-mix] epoch 0: loss 2.7295 over 192 blocks [FILE] /home/exx/Workspace/dllm-meta/run_train_mlp.py
[YUKAI][DEBUG][train_version:200] [feat-attn_last_geo_conf__conf-aged__norm-rank__loss-decay_within_h__data-mix] epoch 1: loss 2.4209 over 192 blocks [FILE] /home/exx/Workspace/dllm-meta/run_train_mlp.py
[YUKAI][DEBUG][train_version:200] [feat-attn_last_geo_conf__conf-aged__norm-rank__loss-decay_within_h__data-mix] epoch 2: loss 2.4116 over 192 blocks [FILE] /home/exx/Workspace/dllm-meta/run_train_mlp.py
[YUKAI][DEBUG][train_version:200] [feat-attn_last_geo_conf__conf-aged__norm-rank__loss-decay_within_h__data-mix] epoch 3: loss 2.4060 over 192 blocks [FILE] /home/exx/Workspace/dllm-meta/run_train_mlp.py
[YUKAI][DEBUG][train_version:200] [feat-attn_last_geo_conf__conf-aged__norm-rank__loss-decay_within_h__data-mix] epoch 4: loss 2.4037 over 192 blocks [FILE] /home/exx/Workspace/dllm-meta/run_train_mlp.py
[YUKAI][DEBUG][train_version:200] [feat-attn_last_geo_conf__conf-aged__norm-rank__loss-decay_within_h__data-mix] epoch 5: loss 2.3978 over 192 blocks [FILE] /home/exx/Workspace/dllm-meta/run_train_mlp.py
[YUKAI][DEBUG][train_version:200] [feat-attn_last_geo_conf__conf-aged__norm-rank__loss-decay_within_h__data-mix] epoch 6: loss 2.3945 over 192 blocks [FILE] /home/exx/Workspace/dllm-meta/run_train_mlp.py
[YUKAI][DEBUG][train_version:200] [feat-attn_last_geo_conf__conf-aged__norm-rank__loss-decay_within_h__data-mix] epoch 7: loss 2.3928 over 192 blocks [FILE] /home/exx/Workspace/dllm-meta/run_train_mlp.py
[YUKAI][DEBUG][train_version:200] [feat-attn_last_geo_conf__conf-aged__norm-rank__loss-decay_within_h__data-mix] epoch 8: loss 2.3899 over 192 blocks [FILE] /home/exx/Workspace/dllm-meta/run_train_mlp.py
[YUKAI][DEBUG][train_version:200] [feat-attn_last_geo_conf__conf-aged__norm-rank__loss-decay_within_h__data-mix] epoch 9: loss 2.3892 over 192 blocks [FILE] /home/exx/Workspace/dllm-meta/run_train_mlp.py
[YUKAI][DEBUG][train_version:216] [feat-attn_last_geo_conf__conf-aged__norm-rank__loss-decay_within_h__data-mix] saved routers_e2e/feat-attn_last_geo_conf__conf-aged__norm-rank__loss-decay_within_h__data-mix.pt recall_holdout={'gsm8k': '0.629 (n=3198)', 'ifeval': '0.690 (n=5271)'} [FILE] /home/exx/Workspace/dllm-meta/run_train_mlp.py
[YUKAI][DEBUG][train_version:200] [feat-attn_last_geo_conf__conf-aged__norm-rank__loss-plackett_luce__data-gsm8k] epoch 0: loss 2.7791 over 105 blocks [FILE] /home/exx/Workspace/dllm-meta/run_train_mlp.py
[YUKAI][DEBUG][train_version:200] [feat-attn_last_geo_conf__conf-aged__norm-rank__loss-plackett_luce__data-gsm8k] epoch 1: loss 2.1655 over 105 blocks [FILE] /home/exx/Workspace/dllm-meta/run_train_mlp.py
[YUKAI][DEBUG][train_version:200] [feat-attn_last_geo_conf__conf-aged__norm-rank__loss-plackett_luce__data-gsm8k] epoch 2: loss 2.1388 over 105 blocks [FILE] /home/exx/Workspace/dllm-meta/run_train_mlp.py
[YUKAI][DEBUG][train_version:200] [feat-attn_last_geo_conf__conf-aged__norm-rank__loss-plackett_luce__data-gsm8k] epoch 3: loss 2.1264 over 105 blocks [FILE] /home/exx/Workspace/dllm-meta/run_train_mlp.py
[YUKAI][DEBUG][train_version:200] [feat-attn_last_geo_conf__conf-aged__norm-rank__loss-plackett_luce__data-gsm8k] epoch 4: loss 2.1205 over 105 blocks [FILE] /home/exx/Workspace/dllm-meta/run_train_mlp.py
[YUKAI][DEBUG][train_version:200] [feat-attn_last_geo_conf__conf-aged__norm-rank__loss-plackett_luce__data-gsm8k] epoch 5: loss 2.1166 over 105 blocks [FILE] /home/exx/Workspace/dllm-meta/run_train_mlp.py
[YUKAI][DEBUG][train_version:200] [feat-attn_last_geo_conf__conf-aged__norm-rank__loss-plackett_luce__data-gsm8k] epoch 6: loss 2.1154 over 105 blocks [FILE] /home/exx/Workspace/dllm-meta/run_train_mlp.py
[YUKAI][DEBUG][train_version:200] [feat-attn_last_geo_conf__conf-aged__norm-rank__loss-plackett_luce__data-gsm8k] epoch 7: loss 2.1112 over 105 blocks [FILE] /home/exx/Workspace/dllm-meta/run_train_mlp.py
[YUKAI][DEBUG][train_version:200] [feat-attn_last_geo_conf__conf-aged__norm-rank__loss-plackett_luce__data-gsm8k] epoch 8: loss 2.1112 over 105 blocks [FILE] /home/exx/Workspace/dllm-meta/run_train_mlp.py
[YUKAI][DEBUG][train_version:200] [feat-attn_last_geo_conf__conf-aged__norm-rank__loss-plackett_luce__data-gsm8k] epoch 9: loss 2.1064 over 105 blocks [FILE] /home/exx/Workspace/dllm-meta/run_train_mlp.py
[YUKAI][DEBUG][train_version:216] [feat-attn_last_geo_conf__conf-aged__norm-rank__loss-plackett_luce__data-gsm8k] saved routers_e2e/feat-attn_last_geo_conf__conf-aged__norm-rank__loss-plackett_luce__data-gsm8k.pt recall_holdout={'gsm8k': '0.632 (n=3198)'} [FILE] /home/exx/Workspace/dllm-meta/run_train_mlp.py
[YUKAI][DEBUG][train_version:200] [feat-attn_last_geo_conf__conf-aged__norm-rank__loss-plackett_luce__data-ifeval] epoch 0: loss 3.3564 over 87 blocks [FILE] /home/exx/Workspace/dllm-meta/run_train_mlp.py
[YUKAI][DEBUG][train_version:200] [feat-attn_last_geo_conf__conf-aged__norm-rank__loss-plackett_luce__data-ifeval] epoch 1: loss 2.2860 over 87 blocks [FILE] /home/exx/Workspace/dllm-meta/run_train_mlp.py
[YUKAI][DEBUG][train_version:200] [feat-attn_last_geo_conf__conf-aged__norm-rank__loss-plackett_luce__data-ifeval] epoch 2: loss 2.1904 over 87 blocks [FILE] /home/exx/Workspace/dllm-meta/run_train_mlp.py
[YUKAI][DEBUG][train_version:200] [feat-attn_last_geo_conf__conf-aged__norm-rank__loss-plackett_luce__data-ifeval] epoch 3: loss 2.1337 over 87 blocks [FILE] /home/exx/Workspace/dllm-meta/run_train_mlp.py
[YUKAI][DEBUG][train_version:200] [feat-attn_last_geo_conf__conf-aged__norm-rank__loss-plackett_luce__data-ifeval] epoch 4: loss 2.1067 over 87 blocks [FILE] /home/exx/Workspace/dllm-meta/run_train_mlp.py
[YUKAI][DEBUG][train_version:200] [feat-attn_last_geo_conf__conf-aged__norm-rank__loss-plackett_luce__data-ifeval] epoch 5: loss 2.0964 over 87 blocks [FILE] /home/exx/Workspace/dllm-meta/run_train_mlp.py
[YUKAI][DEBUG][train_version:200] [feat-attn_last_geo_conf__conf-aged__norm-rank__loss-plackett_luce__data-ifeval] epoch 6: loss 2.0896 over 87 blocks [FILE] /home/exx/Workspace/dllm-meta/run_train_mlp.py
[YUKAI][DEBUG][train_version:200] [feat-attn_last_geo_conf__conf-aged__norm-rank__loss-plackett_luce__data-ifeval] epoch 7: loss 2.0844 over 87 blocks [FILE] /home/exx/Workspace/dllm-meta/run_train_mlp.py
[YUKAI][DEBUG][train_version:200] [feat-attn_last_geo_conf__conf-aged__norm-rank__loss-plackett_luce__data-ifeval] epoch 8: loss 2.0763 over 87 blocks [FILE] /home/exx/Workspace/dllm-meta/run_train_mlp.py
[YUKAI][DEBUG][train_version:200] [feat-attn_last_geo_conf__conf-aged__norm-rank__loss-plackett_luce__data-ifeval] epoch 9: loss 2.0727 over 87 blocks [FILE] /home/exx/Workspace/dllm-meta/run_train_mlp.py
[YUKAI][DEBUG][train_version:216] [feat-attn_last_geo_conf__conf-aged__norm-rank__loss-plackett_luce__data-ifeval] saved routers_e2e/feat-attn_last_geo_conf__conf-aged__norm-rank__loss-plackett_luce__data-ifeval.pt recall_holdout={'ifeval': '0.697 (n=5271)'} [FILE] /home/exx/Workspace/dllm-meta/run_train_mlp.py
[YUKAI][DEBUG][train_version:200] [feat-attn_last_geo_conf__conf-aged__norm-rank__loss-plackett_luce__data-mix] epoch 0: loss 2.5522 over 192 blocks [FILE] /home/exx/Workspace/dllm-meta/run_train_mlp.py
[YUKAI][DEBUG][train_version:200] [feat-attn_last_geo_conf__conf-aged__norm-rank__loss-plackett_luce__data-mix] epoch 1: loss 2.1591 over 192 blocks [FILE] /home/exx/Workspace/dllm-meta/run_train_mlp.py
[YUKAI][DEBUG][train_version:200] [feat-attn_last_geo_conf__conf-aged__norm-rank__loss-plackett_luce__data-mix] epoch 2: loss 2.1343 over 192 blocks [FILE] /home/exx/Workspace/dllm-meta/run_train_mlp.py
[YUKAI][DEBUG][train_version:200] [feat-attn_last_geo_conf__conf-aged__norm-rank__loss-plackett_luce__data-mix] epoch 3: loss 2.1258 over 192 blocks [FILE] /home/exx/Workspace/dllm-meta/run_train_mlp.py
[YUKAI][DEBUG][train_version:200] [feat-attn_last_geo_conf__conf-aged__norm-rank__loss-plackett_luce__data-mix] epoch 4: loss 2.1199 over 192 blocks [FILE] /home/exx/Workspace/dllm-meta/run_train_mlp.py
[YUKAI][DEBUG][train_version:200] [feat-attn_last_geo_conf__conf-aged__norm-rank__loss-plackett_luce__data-mix] epoch 5: loss 2.1131 over 192 blocks [FILE] /home/exx/Workspace/dllm-meta/run_train_mlp.py
[YUKAI][DEBUG][train_version:200] [feat-attn_last_geo_conf__conf-aged__norm-rank__loss-plackett_luce__data-mix] epoch 6: loss 2.1094 over 192 blocks [FILE] /home/exx/Workspace/dllm-meta/run_train_mlp.py
[YUKAI][DEBUG][train_version:200] [feat-attn_last_geo_conf__conf-aged__norm-rank__loss-plackett_luce__data-mix] epoch 7: loss 2.1068 over 192 blocks [FILE] /home/exx/Workspace/dllm-meta/run_train_mlp.py
[YUKAI][DEBUG][train_version:200] [feat-attn_last_geo_conf__conf-aged__norm-rank__loss-plackett_luce__data-mix] epoch 8: loss 2.1027 over 192 blocks [FILE] /home/exx/Workspace/dllm-meta/run_train_mlp.py
[YUKAI][DEBUG][train_version:200] [feat-attn_last_geo_conf__conf-aged__norm-rank__loss-plackett_luce__data-mix] epoch 9: loss 2.1033 over 192 blocks [FILE] /home/exx/Workspace/dllm-meta/run_train_mlp.py
[YUKAI][DEBUG][train_version:216] [feat-attn_last_geo_conf__conf-aged__norm-rank__loss-plackett_luce__data-mix] saved routers_e2e/feat-attn_last_geo_conf__conf-aged__norm-rank__loss-plackett_luce__data-mix.pt recall_holdout={'gsm8k': '0.633 (n=3198)', 'ifeval': '0.699 (n=5271)'} [FILE] /home/exx/Workspace/dllm-meta/run_train_mlp.py
[YUKAI][DEBUG][train_version:200] [feat-attn_last_geo_conf__conf-aged__norm-softmax_attn__loss-decay_within_h__data-gsm8k] epoch 0: loss 2.9572 over 105 blocks [FILE] /home/exx/Workspace/dllm-meta/run_train_mlp.py
[YUKAI][DEBUG][train_version:200] [feat-attn_last_geo_conf__conf-aged__norm-softmax_attn__loss-decay_within_h__data-gsm8k] epoch 1: loss 2.3671 over 105 blocks [FILE] /home/exx/Workspace/dllm-meta/run_train_mlp.py
[YUKAI][DEBUG][train_version:200] [feat-attn_last_geo_conf__conf-aged__norm-softmax_attn__loss-decay_within_h__data-gsm8k] epoch 2: loss 2.3325 over 105 blocks [FILE] /home/exx/Workspace/dllm-meta/run_train_mlp.py
[YUKAI][DEBUG][train_version:200] [feat-attn_last_geo_conf__conf-aged__norm-softmax_attn__loss-decay_within_h__data-gsm8k] epoch 3: loss 2.3061 over 105 blocks [FILE] /home/exx/Workspace/dllm-meta/run_train_mlp.py
[YUKAI][DEBUG][train_version:200] [feat-attn_last_geo_conf__conf-aged__norm-softmax_attn__loss-decay_within_h__data-gsm8k] epoch 4: loss 2.2822 over 105 blocks [FILE] /home/exx/Workspace/dllm-meta/run_train_mlp.py
[YUKAI][DEBUG][train_version:200] [feat-attn_last_geo_conf__conf-aged__norm-softmax_attn__loss-decay_within_h__data-gsm8k] epoch 5: loss 2.2580 over 105 blocks [FILE] /home/exx/Workspace/dllm-meta/run_train_mlp.py
[YUKAI][DEBUG][train_version:200] [feat-attn_last_geo_conf__conf-aged__norm-softmax_attn__loss-decay_within_h__data-gsm8k] epoch 6: loss 2.2425 over 105 blocks [FILE] /home/exx/Workspace/dllm-meta/run_train_mlp.py
[YUKAI][DEBUG][train_version:200] [feat-attn_last_geo_conf__conf-aged__norm-softmax_attn__loss-decay_within_h__data-gsm8k] epoch 7: loss 2.2316 over 105 blocks [FILE] /home/exx/Workspace/dllm-meta/run_train_mlp.py
[YUKAI][DEBUG][train_version:200] [feat-attn_last_geo_conf__conf-aged__norm-softmax_attn__loss-decay_within_h__data-gsm8k] epoch 8: loss 2.2248 over 105 blocks [FILE] /home/exx/Workspace/dllm-meta/run_train_mlp.py
[YUKAI][DEBUG][train_version:200] [feat-attn_last_geo_conf__conf-aged__norm-softmax_attn__loss-decay_within_h__data-gsm8k] epoch 9: loss 2.2177 over 105 blocks [FILE] /home/exx/Workspace/dllm-meta/run_train_mlp.py
[YUKAI][DEBUG][train_version:216] [feat-attn_last_geo_conf__conf-aged__norm-softmax_attn__loss-decay_within_h__data-gsm8k] saved routers_e2e/feat-attn_last_geo_conf__conf-aged__norm-softmax_attn__loss-decay_within_h__data-gsm8k.pt recall_holdout={'gsm8k': '0.635 (n=3198)'} [FILE] /home/exx/Workspace/dllm-meta/run_train_mlp.py
[YUKAI][DEBUG][train_version:200] [feat-attn_last_geo_conf__conf-aged__norm-softmax_attn__loss-decay_within_h__data-ifeval] epoch 0: loss 3.5765 over 87 blocks [FILE] /home/exx/Workspace/dllm-meta/run_train_mlp.py
[YUKAI][DEBUG][train_version:200] [feat-attn_last_geo_conf__conf-aged__norm-softmax_attn__loss-decay_within_h__data-ifeval] epoch 1: loss 2.5601 over 87 blocks [FILE] /home/exx/Workspace/dllm-meta/run_train_mlp.py
[YUKAI][DEBUG][train_version:200] [feat-attn_last_geo_conf__conf-aged__norm-softmax_attn__loss-decay_within_h__data-ifeval] epoch 2: loss 2.4438 over 87 blocks [FILE] /home/exx/Workspace/dllm-meta/run_train_mlp.py
[YUKAI][DEBUG][train_version:200] [feat-attn_last_geo_conf__conf-aged__norm-softmax_attn__loss-decay_within_h__data-ifeval] epoch 3: loss 2.3885 over 87 blocks [FILE] /home/exx/Workspace/dllm-meta/run_train_mlp.py
[YUKAI][DEBUG][train_version:200] [feat-attn_last_geo_conf__conf-aged__norm-softmax_attn__loss-decay_within_h__data-ifeval] epoch 4: loss 2.3646 over 87 blocks [FILE] /home/exx/Workspace/dllm-meta/run_train_mlp.py
[YUKAI][DEBUG][train_version:200] [feat-attn_last_geo_conf__conf-aged__norm-softmax_attn__loss-decay_within_h__data-ifeval] epoch 5: loss 2.3458 over 87 blocks [FILE] /home/exx/Workspace/dllm-meta/run_train_mlp.py
[YUKAI][DEBUG][train_version:200] [feat-attn_last_geo_conf__conf-aged__norm-softmax_attn__loss-decay_within_h__data-ifeval] epoch 6: loss 2.3311 over 87 blocks [FILE] /home/exx/Workspace/dllm-meta/run_train_mlp.py
[YUKAI][DEBUG][train_version:200] [feat-attn_last_geo_conf__conf-aged__norm-softmax_attn__loss-decay_within_h__data-ifeval] epoch 7: loss 2.3174 over 87 blocks [FILE] /home/exx/Workspace/dllm-meta/run_train_mlp.py
[YUKAI][DEBUG][train_version:200] [feat-attn_last_geo_conf__conf-aged__norm-softmax_attn__loss-decay_within_h__data-ifeval] epoch 8: loss 2.3052 over 87 blocks [FILE] /home/exx/Workspace/dllm-meta/run_train_mlp.py
[YUKAI][DEBUG][train_version:200] [feat-attn_last_geo_conf__conf-aged__norm-softmax_attn__loss-decay_within_h__data-ifeval] epoch 9: loss 2.2943 over 87 blocks [FILE] /home/exx/Workspace/dllm-meta/run_train_mlp.py
[YUKAI][DEBUG][train_version:216] [feat-attn_last_geo_conf__conf-aged__norm-softmax_attn__loss-decay_within_h__data-ifeval] saved routers_e2e/feat-attn_last_geo_conf__conf-aged__norm-softmax_attn__loss-decay_within_h__data-ifeval.pt recall_holdout={'ifeval': '0.701 (n=5271)'} [FILE] /home/exx/Workspace/dllm-meta/run_train_mlp.py
[YUKAI][DEBUG][train_version:200] [feat-attn_last_geo_conf__conf-aged__norm-softmax_attn__loss-decay_within_h__data-mix] epoch 0: loss 2.7677 over 192 blocks [FILE] /home/exx/Workspace/dllm-meta/run_train_mlp.py
[YUKAI][DEBUG][train_version:200] [feat-attn_last_geo_conf__conf-aged__norm-softmax_attn__loss-decay_within_h__data-mix] epoch 1: loss 2.3840 over 192 blocks [FILE] /home/exx/Workspace/dllm-meta/run_train_mlp.py
[YUKAI][DEBUG][train_version:200] [feat-attn_last_geo_conf__conf-aged__norm-softmax_attn__loss-decay_within_h__data-mix] epoch 2: loss 2.3449 over 192 blocks [FILE] /home/exx/Workspace/dllm-meta/run_train_mlp.py
[YUKAI][DEBUG][train_version:200] [feat-attn_last_geo_conf__conf-aged__norm-softmax_attn__loss-decay_within_h__data-mix] epoch 3: loss 2.3115 over 192 blocks [FILE] /home/exx/Workspace/dllm-meta/run_train_mlp.py
[YUKAI][DEBUG][train_version:200] [feat-attn_last_geo_conf__conf-aged__norm-softmax_attn__loss-decay_within_h__data-mix] epoch 4: loss 2.2827 over 192 blocks [FILE] /home/exx/Workspace/dllm-meta/run_train_mlp.py
[YUKAI][DEBUG][train_version:200] [feat-attn_last_geo_conf__conf-aged__norm-softmax_attn__loss-decay_within_h__data-mix] epoch 5: loss 2.2633 over 192 blocks [FILE] /home/exx/Workspace/dllm-meta/run_train_mlp.py
[YUKAI][DEBUG][train_version:200] [feat-attn_last_geo_conf__conf-aged__norm-softmax_attn__loss-decay_within_h__data-mix] epoch 6: loss 2.2517 over 192 blocks [FILE] /home/exx/Workspace/dllm-meta/run_train_mlp.py
[YUKAI][DEBUG][train_version:200] [feat-attn_last_geo_conf__conf-aged__norm-softmax_attn__loss-decay_within_h__data-mix] epoch 7: loss 2.2441 over 192 blocks [FILE] /home/exx/Workspace/dllm-meta/run_train_mlp.py
[YUKAI][DEBUG][train_version:200] [feat-attn_last_geo_conf__conf-aged__norm-softmax_attn__loss-decay_within_h__data-mix] epoch 8: loss 2.2382 over 192 blocks [FILE] /home/exx/Workspace/dllm-meta/run_train_mlp.py
[YUKAI][DEBUG][train_version:200] [feat-attn_last_geo_conf__conf-aged__norm-softmax_attn__loss-decay_within_h__data-mix] epoch 9: loss 2.2325 over 192 blocks [FILE] /home/exx/Workspace/dllm-meta/run_train_mlp.py
[YUKAI][DEBUG][train_version:216] [feat-attn_last_geo_conf__conf-aged__norm-softmax_attn__loss-decay_within_h__data-mix] saved routers_e2e/feat-attn_last_geo_conf__conf-aged__norm-softmax_attn__loss-decay_within_h__data-mix.pt recall_holdout={'gsm8k': '0.635 (n=3198)', 'ifeval': '0.702 (n=5271)'} [FILE] /home/exx/Workspace/dllm-meta/run_train_mlp.py
[YUKAI][DEBUG][train_version:200] [feat-attn_last_geo_conf__conf-aged__norm-softmax_attn__loss-plackett_luce__data-gsm8k] epoch 0: loss 2.8440 over 105 blocks [FILE] /home/exx/Workspace/dllm-meta/run_train_mlp.py
[YUKAI][DEBUG][train_version:200] [feat-attn_last_geo_conf__conf-aged__norm-softmax_attn__loss-plackett_luce__data-gsm8k] epoch 1: loss 2.1482 over 105 blocks [FILE] /home/exx/Workspace/dllm-meta/run_train_mlp.py
[YUKAI][DEBUG][train_version:200] [feat-attn_last_geo_conf__conf-aged__norm-softmax_attn__loss-plackett_luce__data-gsm8k] epoch 2: loss 2.1149 over 105 blocks [FILE] /home/exx/Workspace/dllm-meta/run_train_mlp.py
[YUKAI][DEBUG][train_version:200] [feat-attn_last_geo_conf__conf-aged__norm-softmax_attn__loss-plackett_luce__data-gsm8k] epoch 3: loss 2.0958 over 105 blocks [FILE] /home/exx/Workspace/dllm-meta/run_train_mlp.py
[YUKAI][DEBUG][train_version:200] [feat-attn_last_geo_conf__conf-aged__norm-softmax_attn__loss-plackett_luce__data-gsm8k] epoch 4: loss 2.0817 over 105 blocks [FILE] /home/exx/Workspace/dllm-meta/run_train_mlp.py
[YUKAI][DEBUG][train_version:200] [feat-attn_last_geo_conf__conf-aged__norm-softmax_attn__loss-plackett_luce__data-gsm8k] epoch 5: loss 2.0673 over 105 blocks [FILE] /home/exx/Workspace/dllm-meta/run_train_mlp.py
[YUKAI][DEBUG][train_version:200] [feat-attn_last_geo_conf__conf-aged__norm-softmax_attn__loss-plackett_luce__data-gsm8k] epoch 6: loss 2.0572 over 105 blocks [FILE] /home/exx/Workspace/dllm-meta/run_train_mlp.py
[YUKAI][DEBUG][train_version:200] [feat-attn_last_geo_conf__conf-aged__norm-softmax_attn__loss-plackett_luce__data-gsm8k] epoch 7: loss 2.0449 over 105 blocks [FILE] /home/exx/Workspace/dllm-meta/run_train_mlp.py
[YUKAI][DEBUG][train_version:200] [feat-attn_last_geo_conf__conf-aged__norm-softmax_attn__loss-plackett_luce__data-gsm8k] epoch 8: loss 2.0380 over 105 blocks [FILE] /home/exx/Workspace/dllm-meta/run_train_mlp.py
[YUKAI][DEBUG][train_version:200] [feat-attn_last_geo_conf__conf-aged__norm-softmax_attn__loss-plackett_luce__data-gsm8k] epoch 9: loss 2.0302 over 105 blocks [FILE] /home/exx/Workspace/dllm-meta/run_train_mlp.py
[YUKAI][DEBUG][train_version:216] [feat-attn_last_geo_conf__conf-aged__norm-softmax_attn__loss-plackett_luce__data-gsm8k] saved routers_e2e/feat-attn_last_geo_conf__conf-aged__norm-softmax_attn__loss-plackett_luce__data-gsm8k.pt recall_holdout={'gsm8k': '0.635 (n=3198)'} [FILE] /home/exx/Workspace/dllm-meta/run_train_mlp.py
[YUKAI][DEBUG][train_version:200] [feat-attn_last_geo_conf__conf-aged__norm-softmax_attn__loss-plackett_luce__data-ifeval] epoch 0: loss 3.5243 over 87 blocks [FILE] /home/exx/Workspace/dllm-meta/run_train_mlp.py
[YUKAI][DEBUG][train_version:200] [feat-attn_last_geo_conf__conf-aged__norm-softmax_attn__loss-plackett_luce__data-ifeval] epoch 1: loss 2.3486 over 87 blocks [FILE] /home/exx/Workspace/dllm-meta/run_train_mlp.py
[YUKAI][DEBUG][train_version:200] [feat-attn_last_geo_conf__conf-aged__norm-softmax_attn__loss-plackett_luce__data-ifeval] epoch 2: loss 2.1914 over 87 blocks [FILE] /home/exx/Workspace/dllm-meta/run_train_mlp.py
[YUKAI][DEBUG][train_version:200] [feat-attn_last_geo_conf__conf-aged__norm-softmax_attn__loss-plackett_luce__data-ifeval] epoch 3: loss 2.1181 over 87 blocks [FILE] /home/exx/Workspace/dllm-meta/run_train_mlp.py
[YUKAI][DEBUG][train_version:200] [feat-attn_last_geo_conf__conf-aged__norm-softmax_attn__loss-plackett_luce__data-ifeval] epoch 4: loss 2.0874 over 87 blocks [FILE] /home/exx/Workspace/dllm-meta/run_train_mlp.py
[YUKAI][DEBUG][train_version:200] [feat-attn_last_geo_conf__conf-aged__norm-softmax_attn__loss-plackett_luce__data-ifeval] epoch 5: loss 2.0685 over 87 blocks [FILE] /home/exx/Workspace/dllm-meta/run_train_mlp.py
[YUKAI][DEBUG][train_version:200] [feat-attn_last_geo_conf__conf-aged__norm-softmax_attn__loss-plackett_luce__data-ifeval] epoch 6: loss 2.0554 over 87 blocks [FILE] /home/exx/Workspace/dllm-meta/run_train_mlp.py
[YUKAI][DEBUG][train_version:200] [feat-attn_last_geo_conf__conf-aged__norm-softmax_attn__loss-plackett_luce__data-ifeval] epoch 7: loss 2.0459 over 87 blocks [FILE] /home/exx/Workspace/dllm-meta/run_train_mlp.py
[YUKAI][DEBUG][train_version:200] [feat-attn_last_geo_conf__conf-aged__norm-softmax_attn__loss-plackett_luce__data-ifeval] epoch 8: loss 2.0365 over 87 blocks [FILE] /home/exx/Workspace/dllm-meta/run_train_mlp.py
[YUKAI][DEBUG][train_version:200] [feat-attn_last_geo_conf__conf-aged__norm-softmax_attn__loss-plackett_luce__data-ifeval] epoch 9: loss 2.0307 over 87 blocks [FILE] /home/exx/Workspace/dllm-meta/run_train_mlp.py
[YUKAI][DEBUG][train_version:216] [feat-attn_last_geo_conf__conf-aged__norm-softmax_attn__loss-plackett_luce__data-ifeval] saved routers_e2e/feat-attn_last_geo_conf__conf-aged__norm-softmax_attn__loss-plackett_luce__data-ifeval.pt recall_holdout={'ifeval': '0.702 (n=5271)'} [FILE] /home/exx/Workspace/dllm-meta/run_train_mlp.py
[YUKAI][DEBUG][train_version:200] [feat-attn_last_geo_conf__conf-aged__norm-softmax_attn__loss-plackett_luce__data-mix] epoch 0: loss 2.6065 over 192 blocks [FILE] /home/exx/Workspace/dllm-meta/run_train_mlp.py
[YUKAI][DEBUG][train_version:200] [feat-attn_last_geo_conf__conf-aged__norm-softmax_attn__loss-plackett_luce__data-mix] epoch 1: loss 2.1433 over 192 blocks [FILE] /home/exx/Workspace/dllm-meta/run_train_mlp.py
[YUKAI][DEBUG][train_version:200] [feat-attn_last_geo_conf__conf-aged__norm-softmax_attn__loss-plackett_luce__data-mix] epoch 2: loss 2.1103 over 192 blocks [FILE] /home/exx/Workspace/dllm-meta/run_train_mlp.py
[YUKAI][DEBUG][train_version:200] [feat-attn_last_geo_conf__conf-aged__norm-softmax_attn__loss-plackett_luce__data-mix] epoch 3: loss 2.0901 over 192 blocks [FILE] /home/exx/Workspace/dllm-meta/run_train_mlp.py
[YUKAI][DEBUG][train_version:200] [feat-attn_last_geo_conf__conf-aged__norm-softmax_attn__loss-plackett_luce__data-mix] epoch 4: loss 2.0722 over 192 blocks [FILE] /home/exx/Workspace/dllm-meta/run_train_mlp.py
[YUKAI][DEBUG][train_version:200] [feat-attn_last_geo_conf__conf-aged__norm-softmax_attn__loss-plackett_luce__data-mix] epoch 5: loss 2.0558 over 192 blocks [FILE] /home/exx/Workspace/dllm-meta/run_train_mlp.py
[YUKAI][DEBUG][train_version:200] [feat-attn_last_geo_conf__conf-aged__norm-softmax_attn__loss-plackett_luce__data-mix] epoch 6: loss 2.0437 over 192 blocks [FILE] /home/exx/Workspace/dllm-meta/run_train_mlp.py
[YUKAI][DEBUG][train_version:200] [feat-attn_last_geo_conf__conf-aged__norm-softmax_attn__loss-plackett_luce__data-mix] epoch 7: loss 2.0345 over 192 blocks [FILE] /home/exx/Workspace/dllm-meta/run_train_mlp.py
[YUKAI][DEBUG][train_version:200] [feat-attn_last_geo_conf__conf-aged__norm-softmax_attn__loss-plackett_luce__data-mix] epoch 8: loss 2.0254 over 192 blocks [FILE] /home/exx/Workspace/dllm-meta/run_train_mlp.py
[YUKAI][DEBUG][train_version:200] [feat-attn_last_geo_conf__conf-aged__norm-softmax_attn__loss-plackett_luce__data-mix] epoch 9: loss 2.0201 over 192 blocks [FILE] /home/exx/Workspace/dllm-meta/run_train_mlp.py
[YUKAI][DEBUG][train_version:216] [feat-attn_last_geo_conf__conf-aged__norm-softmax_attn__loss-plackett_luce__data-mix] saved routers_e2e/feat-attn_last_geo_conf__conf-aged__norm-softmax_attn__loss-plackett_luce__data-mix.pt recall_holdout={'gsm8k': '0.634 (n=3198)', 'ifeval': '0.705 (n=5271)'} [FILE] /home/exx/Workspace/dllm-meta/run_train_mlp.py
[YUKAI][DEBUG][train_version:200] [feat-attn_last_geo__conf-none__norm-rank__loss-decay_within_h__data-gsm8k] epoch 0: loss 2.9161 over 105 blocks [FILE] /home/exx/Workspace/dllm-meta/run_train_mlp.py
[YUKAI][DEBUG][train_version:200] [feat-attn_last_geo__conf-none__norm-rank__loss-decay_within_h__data-gsm8k] epoch 1: loss 2.4346 over 105 blocks [FILE] /home/exx/Workspace/dllm-meta/run_train_mlp.py
[YUKAI][DEBUG][train_version:200] [feat-attn_last_geo__conf-none__norm-rank__loss-decay_within_h__data-gsm8k] epoch 2: loss 2.4133 over 105 blocks [FILE] /home/exx/Workspace/dllm-meta/run_train_mlp.py
[YUKAI][DEBUG][train_version:200] [feat-attn_last_geo__conf-none__norm-rank__loss-decay_within_h__data-gsm8k] epoch 3: loss 2.4070 over 105 blocks [FILE] /home/exx/Workspace/dllm-meta/run_train_mlp.py
[YUKAI][DEBUG][train_version:200] [feat-attn_last_geo__conf-none__norm-rank__loss-decay_within_h__data-gsm8k] epoch 4: loss 2.4032 over 105 blocks [FILE] /home/exx/Workspace/dllm-meta/run_train_mlp.py
[YUKAI][DEBUG][train_version:200] [feat-attn_last_geo__conf-none__norm-rank__loss-decay_within_h__data-gsm8k] epoch 5: loss 2.4001 over 105 blocks [FILE] /home/exx/Workspace/dllm-meta/run_train_mlp.py
[YUKAI][DEBUG][train_version:200] [feat-attn_last_geo__conf-none__norm-rank__loss-decay_within_h__data-gsm8k] epoch 6: loss 2.3973 over 105 blocks [FILE] /home/exx/Workspace/dllm-meta/run_train_mlp.py
[YUKAI][DEBUG][train_version:200] [feat-attn_last_geo__conf-none__norm-rank__loss-decay_within_h__data-gsm8k] epoch 7: loss 2.3951 over 105 blocks [FILE] /home/exx/Workspace/dllm-meta/run_train_mlp.py
[YUKAI][DEBUG][train_version:200] [feat-attn_last_geo__conf-none__norm-rank__loss-decay_within_h__data-gsm8k] epoch 8: loss 2.3936 over 105 blocks [FILE] /home/exx/Workspace/dllm-meta/run_train_mlp.py
[YUKAI][DEBUG][train_version:200] [feat-attn_last_geo__conf-none__norm-rank__loss-decay_within_h__data-gsm8k] epoch 9: loss 2.3924 over 105 blocks [FILE] /home/exx/Workspace/dllm-meta/run_train_mlp.py
[YUKAI][DEBUG][train_version:216] [feat-attn_last_geo__conf-none__norm-rank__loss-decay_within_h__data-gsm8k] saved routers_e2e/feat-attn_last_geo__conf-none__norm-rank__loss-decay_within_h__data-gsm8k.pt recall_holdout={'gsm8k': '0.619 (n=3198)'} [FILE] /home/exx/Workspace/dllm-meta/run_train_mlp.py
[YUKAI][DEBUG][train_version:200] [feat-attn_last_geo__conf-none__norm-rank__loss-decay_within_h__data-ifeval] epoch 0: loss 3.5338 over 87 blocks [FILE] /home/exx/Workspace/dllm-meta/run_train_mlp.py
[YUKAI][DEBUG][train_version:200] [feat-attn_last_geo__conf-none__norm-rank__loss-decay_within_h__data-ifeval] epoch 1: loss 2.6273 over 87 blocks [FILE] /home/exx/Workspace/dllm-meta/run_train_mlp.py
[YUKAI][DEBUG][train_version:200] [feat-attn_last_geo__conf-none__norm-rank__loss-decay_within_h__data-ifeval] epoch 2: loss 2.5165 over 87 blocks [FILE] /home/exx/Workspace/dllm-meta/run_train_mlp.py
[YUKAI][DEBUG][train_version:200] [feat-attn_last_geo__conf-none__norm-rank__loss-decay_within_h__data-ifeval] epoch 3: loss 2.4988 over 87 blocks [FILE] /home/exx/Workspace/dllm-meta/run_train_mlp.py
[YUKAI][DEBUG][train_version:200] [feat-attn_last_geo__conf-none__norm-rank__loss-decay_within_h__data-ifeval] epoch 4: loss 2.4905 over 87 blocks [FILE] /home/exx/Workspace/dllm-meta/run_train_mlp.py
[YUKAI][DEBUG][train_version:200] [feat-attn_last_geo__conf-none__norm-rank__loss-decay_within_h__data-ifeval] epoch 5: loss 2.4857 over 87 blocks [FILE] /home/exx/Workspace/dllm-meta/run_train_mlp.py
[YUKAI][DEBUG][train_version:200] [feat-attn_last_geo__conf-none__norm-rank__loss-decay_within_h__data-ifeval] epoch 6: loss 2.4827 over 87 blocks [FILE] /home/exx/Workspace/dllm-meta/run_train_mlp.py
[YUKAI][DEBUG][train_version:200] [feat-attn_last_geo__conf-none__norm-rank__loss-decay_within_h__data-ifeval] epoch 7: loss 2.4806 over 87 blocks [FILE] /home/exx/Workspace/dllm-meta/run_train_mlp.py
[YUKAI][DEBUG][train_version:200] [feat-attn_last_geo__conf-none__norm-rank__loss-decay_within_h__data-ifeval] epoch 8: loss 2.4790 over 87 blocks [FILE] /home/exx/Workspace/dllm-meta/run_train_mlp.py
[YUKAI][DEBUG][train_version:200] [feat-attn_last_geo__conf-none__norm-rank__loss-decay_within_h__data-ifeval] epoch 9: loss 2.4778 over 87 blocks [FILE] /home/exx/Workspace/dllm-meta/run_train_mlp.py
[YUKAI][DEBUG][train_version:216] [feat-attn_last_geo__conf-none__norm-rank__loss-decay_within_h__data-ifeval] saved routers_e2e/feat-attn_last_geo__conf-none__norm-rank__loss-decay_within_h__data-ifeval.pt recall_holdout={'ifeval': '0.691 (n=5271)'} [FILE] /home/exx/Workspace/dllm-meta/run_train_mlp.py
[YUKAI][DEBUG][train_version:200] [feat-attn_last_geo__conf-none__norm-rank__loss-decay_within_h__data-mix] epoch 0: loss 2.7715 over 192 blocks [FILE] /home/exx/Workspace/dllm-meta/run_train_mlp.py
[YUKAI][DEBUG][train_version:200] [feat-attn_last_geo__conf-none__norm-rank__loss-decay_within_h__data-mix] epoch 1: loss 2.4734 over 192 blocks [FILE] /home/exx/Workspace/dllm-meta/run_train_mlp.py
[YUKAI][DEBUG][train_version:200] [feat-attn_last_geo__conf-none__norm-rank__loss-decay_within_h__data-mix] epoch 2: loss 2.4637 over 192 blocks [FILE] /home/exx/Workspace/dllm-meta/run_train_mlp.py
[YUKAI][DEBUG][train_version:200] [feat-attn_last_geo__conf-none__norm-rank__loss-decay_within_h__data-mix] epoch 3: loss 2.4585 over 192 blocks [FILE] /home/exx/Workspace/dllm-meta/run_train_mlp.py
[YUKAI][DEBUG][train_version:200] [feat-attn_last_geo__conf-none__norm-rank__loss-decay_within_h__data-mix] epoch 4: loss 2.4557 over 192 blocks [FILE] /home/exx/Workspace/dllm-meta/run_train_mlp.py
[YUKAI][DEBUG][train_version:200] [feat-attn_last_geo__conf-none__norm-rank__loss-decay_within_h__data-mix] epoch 5: loss 2.4540 over 192 blocks [FILE] /home/exx/Workspace/dllm-meta/run_train_mlp.py
[YUKAI][DEBUG][train_version:200] [feat-attn_last_geo__conf-none__norm-rank__loss-decay_within_h__data-mix] epoch 6: loss 2.4528 over 192 blocks [FILE] /home/exx/Workspace/dllm-meta/run_train_mlp.py
[YUKAI][DEBUG][train_version:200] [feat-attn_last_geo__conf-none__norm-rank__loss-decay_within_h__data-mix] epoch 7: loss 2.4518 over 192 blocks [FILE] /home/exx/Workspace/dllm-meta/run_train_mlp.py
[YUKAI][DEBUG][train_version:200] [feat-attn_last_geo__conf-none__norm-rank__loss-decay_within_h__data-mix] epoch 8: loss 2.4510 over 192 blocks [FILE] /home/exx/Workspace/dllm-meta/run_train_mlp.py
[YUKAI][DEBUG][train_version:200] [feat-attn_last_geo__conf-none__norm-rank__loss-decay_within_h__data-mix] epoch 9: loss 2.4501 over 192 blocks [FILE] /home/exx/Workspace/dllm-meta/run_train_mlp.py
[YUKAI][DEBUG][train_version:216] [feat-attn_last_geo__conf-none__norm-rank__loss-decay_within_h__data-mix] saved routers_e2e/feat-attn_last_geo__conf-none__norm-rank__loss-decay_within_h__data-mix.pt recall_holdout={'gsm8k': '0.625 (n=3198)', 'ifeval': '0.690 (n=5271)'} [FILE] /home/exx/Workspace/dllm-meta/run_train_mlp.py
[YUKAI][DEBUG][train_version:200] [feat-attn_last_geo__conf-none__norm-rank__loss-plackett_luce__data-gsm8k] epoch 0: loss 2.8003 over 105 blocks [FILE] /home/exx/Workspace/dllm-meta/run_train_mlp.py
[YUKAI][DEBUG][train_version:200] [feat-attn_last_geo__conf-none__norm-rank__loss-plackett_luce__data-gsm8k] epoch 1: loss 2.2290 over 105 blocks [FILE] /home/exx/Workspace/dllm-meta/run_train_mlp.py
[YUKAI][DEBUG][train_version:200] [feat-attn_last_geo__conf-none__norm-rank__loss-plackett_luce__data-gsm8k] epoch 2: loss 2.1879 over 105 blocks [FILE] /home/exx/Workspace/dllm-meta/run_train_mlp.py
[YUKAI][DEBUG][train_version:200] [feat-attn_last_geo__conf-none__norm-rank__loss-plackett_luce__data-gsm8k] epoch 3: loss 2.1768 over 105 blocks [FILE] /home/exx/Workspace/dllm-meta/run_train_mlp.py
[YUKAI][DEBUG][train_version:200] [feat-attn_last_geo__conf-none__norm-rank__loss-plackett_luce__data-gsm8k] epoch 4: loss 2.1711 over 105 blocks [FILE] /home/exx/Workspace/dllm-meta/run_train_mlp.py
[YUKAI][DEBUG][train_version:200] [feat-attn_last_geo__conf-none__norm-rank__loss-plackett_luce__data-gsm8k] epoch 5: loss 2.1675 over 105 blocks [FILE] /home/exx/Workspace/dllm-meta/run_train_mlp.py
[YUKAI][DEBUG][train_version:200] [feat-attn_last_geo__conf-none__norm-rank__loss-plackett_luce__data-gsm8k] epoch 6: loss 2.1646 over 105 blocks [FILE] /home/exx/Workspace/dllm-meta/run_train_mlp.py
[YUKAI][DEBUG][train_version:200] [feat-attn_last_geo__conf-none__norm-rank__loss-plackett_luce__data-gsm8k] epoch 7: loss 2.1620 over 105 blocks [FILE] /home/exx/Workspace/dllm-meta/run_train_mlp.py
[YUKAI][DEBUG][train_version:200] [feat-attn_last_geo__conf-none__norm-rank__loss-plackett_luce__data-gsm8k] epoch 8: loss 2.1598 over 105 blocks [FILE] /home/exx/Workspace/dllm-meta/run_train_mlp.py
[YUKAI][DEBUG][train_version:200] [feat-attn_last_geo__conf-none__norm-rank__loss-plackett_luce__data-gsm8k] epoch 9: loss 2.1578 over 105 blocks [FILE] /home/exx/Workspace/dllm-meta/run_train_mlp.py
[YUKAI][DEBUG][train_version:216] [feat-attn_last_geo__conf-none__norm-rank__loss-plackett_luce__data-gsm8k] saved routers_e2e/feat-attn_last_geo__conf-none__norm-rank__loss-plackett_luce__data-gsm8k.pt recall_holdout={'gsm8k': '0.627 (n=3198)'} [FILE] /home/exx/Workspace/dllm-meta/run_train_mlp.py
[YUKAI][DEBUG][train_version:200] [feat-attn_last_geo__conf-none__norm-rank__loss-plackett_luce__data-ifeval] epoch 0: loss 3.4885 over 87 blocks [FILE] /home/exx/Workspace/dllm-meta/run_train_mlp.py
[YUKAI][DEBUG][train_version:200] [feat-attn_last_geo__conf-none__norm-rank__loss-plackett_luce__data-ifeval] epoch 1: loss 2.4585 over 87 blocks [FILE] /home/exx/Workspace/dllm-meta/run_train_mlp.py
[YUKAI][DEBUG][train_version:200] [feat-attn_last_geo__conf-none__norm-rank__loss-plackett_luce__data-ifeval] epoch 2: loss 2.2754 over 87 blocks [FILE] /home/exx/Workspace/dllm-meta/run_train_mlp.py
[YUKAI][DEBUG][train_version:200] [feat-attn_last_geo__conf-none__norm-rank__loss-plackett_luce__data-ifeval] epoch 3: loss 2.2400 over 87 blocks [FILE] /home/exx/Workspace/dllm-meta/run_train_mlp.py
[YUKAI][DEBUG][train_version:200] [feat-attn_last_geo__conf-none__norm-rank__loss-plackett_luce__data-ifeval] epoch 4: loss 2.2201 over 87 blocks [FILE] /home/exx/Workspace/dllm-meta/run_train_mlp.py
[YUKAI][DEBUG][train_version:200] [feat-attn_last_geo__conf-none__norm-rank__loss-plackett_luce__data-ifeval] epoch 5: loss 2.2073 over 87 blocks [FILE] /home/exx/Workspace/dllm-meta/run_train_mlp.py
[YUKAI][DEBUG][train_version:200] [feat-attn_last_geo__conf-none__norm-rank__loss-plackett_luce__data-ifeval] epoch 6: loss 2.1990 over 87 blocks [FILE] /home/exx/Workspace/dllm-meta/run_train_mlp.py
[YUKAI][DEBUG][train_version:200] [feat-attn_last_geo__conf-none__norm-rank__loss-plackett_luce__data-ifeval] epoch 7: loss 2.1935 over 87 blocks [FILE] /home/exx/Workspace/dllm-meta/run_train_mlp.py
[YUKAI][DEBUG][train_version:200] [feat-attn_last_geo__conf-none__norm-rank__loss-plackett_luce__data-ifeval] epoch 8: loss 2.1895 over 87 blocks [FILE] /home/exx/Workspace/dllm-meta/run_train_mlp.py
[YUKAI][DEBUG][train_version:200] [feat-attn_last_geo__conf-none__norm-rank__loss-plackett_luce__data-ifeval] epoch 9: loss 2.1863 over 87 blocks [FILE] /home/exx/Workspace/dllm-meta/run_train_mlp.py
[YUKAI][DEBUG][train_version:216] [feat-attn_last_geo__conf-none__norm-rank__loss-plackett_luce__data-ifeval] saved routers_e2e/feat-attn_last_geo__conf-none__norm-rank__loss-plackett_luce__data-ifeval.pt recall_holdout={'ifeval': '0.700 (n=5271)'} [FILE] /home/exx/Workspace/dllm-meta/run_train_mlp.py
[YUKAI][DEBUG][train_version:200] [feat-attn_last_geo__conf-none__norm-rank__loss-plackett_luce__data-mix] epoch 0: loss 2.6200 over 192 blocks [FILE] /home/exx/Workspace/dllm-meta/run_train_mlp.py
[YUKAI][DEBUG][train_version:200] [feat-attn_last_geo__conf-none__norm-rank__loss-plackett_luce__data-mix] epoch 1: loss 2.2302 over 192 blocks [FILE] /home/exx/Workspace/dllm-meta/run_train_mlp.py
[YUKAI][DEBUG][train_version:200] [feat-attn_last_geo__conf-none__norm-rank__loss-plackett_luce__data-mix] epoch 2: loss 2.2093 over 192 blocks [FILE] /home/exx/Workspace/dllm-meta/run_train_mlp.py
[YUKAI][DEBUG][train_version:200] [feat-attn_last_geo__conf-none__norm-rank__loss-plackett_luce__data-mix] epoch 3: loss 2.1999 over 192 blocks [FILE] /home/exx/Workspace/dllm-meta/run_train_mlp.py
[YUKAI][DEBUG][train_version:200] [feat-attn_last_geo__conf-none__norm-rank__loss-plackett_luce__data-mix] epoch 4: loss 2.1951 over 192 blocks [FILE] /home/exx/Workspace/dllm-meta/run_train_mlp.py
[YUKAI][DEBUG][train_version:200] [feat-attn_last_geo__conf-none__norm-rank__loss-plackett_luce__data-mix] epoch 5: loss 2.1921 over 192 blocks [FILE] /home/exx/Workspace/dllm-meta/run_train_mlp.py
[YUKAI][DEBUG][train_version:200] [feat-attn_last_geo__conf-none__norm-rank__loss-plackett_luce__data-mix] epoch 6: loss 2.1899 over 192 blocks [FILE] /home/exx/Workspace/dllm-meta/run_train_mlp.py
[YUKAI][DEBUG][train_version:200] [feat-attn_last_geo__conf-none__norm-rank__loss-plackett_luce__data-mix] epoch 7: loss 2.1882 over 192 blocks [FILE] /home/exx/Workspace/dllm-meta/run_train_mlp.py
[YUKAI][DEBUG][train_version:200] [feat-attn_last_geo__conf-none__norm-rank__loss-plackett_luce__data-mix] epoch 8: loss 2.1869 over 192 blocks [FILE] /home/exx/Workspace/dllm-meta/run_train_mlp.py
[YUKAI][DEBUG][train_version:200] [feat-attn_last_geo__conf-none__norm-rank__loss-plackett_luce__data-mix] epoch 9: loss 2.1858 over 192 blocks [FILE] /home/exx/Workspace/dllm-meta/run_train_mlp.py
[YUKAI][DEBUG][train_version:216] [feat-attn_last_geo__conf-none__norm-rank__loss-plackett_luce__data-mix] saved routers_e2e/feat-attn_last_geo__conf-none__norm-rank__loss-plackett_luce__data-mix.pt recall_holdout={'gsm8k': '0.628 (n=3198)', 'ifeval': '0.700 (n=5271)'} [FILE] /home/exx/Workspace/dllm-meta/run_train_mlp.py
[YUKAI][DEBUG][train_version:200] [feat-attn_last_geo__conf-none__norm-softmax_attn__loss-decay_within_h__data-gsm8k] epoch 0: loss 2.9516 over 105 blocks [FILE] /home/exx/Workspace/dllm-meta/run_train_mlp.py
[YUKAI][DEBUG][train_version:200] [feat-attn_last_geo__conf-none__norm-softmax_attn__loss-decay_within_h__data-gsm8k] epoch 1: loss 2.4265 over 105 blocks [FILE] /home/exx/Workspace/dllm-meta/run_train_mlp.py
[YUKAI][DEBUG][train_version:200] [feat-attn_last_geo__conf-none__norm-softmax_attn__loss-decay_within_h__data-gsm8k] epoch 2: loss 2.3520 over 105 blocks [FILE] /home/exx/Workspace/dllm-meta/run_train_mlp.py
[YUKAI][DEBUG][train_version:200] [feat-attn_last_geo__conf-none__norm-softmax_attn__loss-decay_within_h__data-gsm8k] epoch 3: loss 2.3249 over 105 blocks [FILE] /home/exx/Workspace/dllm-meta/run_train_mlp.py
[YUKAI][DEBUG][train_version:200] [feat-attn_last_geo__conf-none__norm-softmax_attn__loss-decay_within_h__data-gsm8k] epoch 4: loss 2.3020 over 105 blocks [FILE] /home/exx/Workspace/dllm-meta/run_train_mlp.py
[YUKAI][DEBUG][train_version:200] [feat-attn_last_geo__conf-none__norm-softmax_attn__loss-decay_within_h__data-gsm8k] epoch 5: loss 2.2888 over 105 blocks [FILE] /home/exx/Workspace/dllm-meta/run_train_mlp.py
[YUKAI][DEBUG][train_version:200] [feat-attn_last_geo__conf-none__norm-softmax_attn__loss-decay_within_h__data-gsm8k] epoch 6: loss 2.2782 over 105 blocks [FILE] /home/exx/Workspace/dllm-meta/run_train_mlp.py
[YUKAI][DEBUG][train_version:200] [feat-attn_last_geo__conf-none__norm-softmax_attn__loss-decay_within_h__data-gsm8k] epoch 7: loss 2.2709 over 105 blocks [FILE] /home/exx/Workspace/dllm-meta/run_train_mlp.py
[YUKAI][DEBUG][train_version:200] [feat-attn_last_geo__conf-none__norm-softmax_attn__loss-decay_within_h__data-gsm8k] epoch 8: loss 2.2652 over 105 blocks [FILE] /home/exx/Workspace/dllm-meta/run_train_mlp.py
[YUKAI][DEBUG][train_version:200] [feat-attn_last_geo__conf-none__norm-softmax_attn__loss-decay_within_h__data-gsm8k] epoch 9: loss 2.2598 over 105 blocks [FILE] /home/exx/Workspace/dllm-meta/run_train_mlp.py
[YUKAI][DEBUG][train_version:216] [feat-attn_last_geo__conf-none__norm-softmax_attn__loss-decay_within_h__data-gsm8k] saved routers_e2e/feat-attn_last_geo__conf-none__norm-softmax_attn__loss-decay_within_h__data-gsm8k.pt recall_holdout={'gsm8k': '0.625 (n=3198)'} [FILE] /home/exx/Workspace/dllm-meta/run_train_mlp.py
[YUKAI][DEBUG][train_version:200] [feat-attn_last_geo__conf-none__norm-softmax_attn__loss-decay_within_h__data-ifeval] epoch 0: loss 3.5903 over 87 blocks [FILE] /home/exx/Workspace/dllm-meta/run_train_mlp.py
[YUKAI][DEBUG][train_version:200] [feat-attn_last_geo__conf-none__norm-softmax_attn__loss-decay_within_h__data-ifeval] epoch 1: loss 2.7343 over 87 blocks [FILE] /home/exx/Workspace/dllm-meta/run_train_mlp.py
[YUKAI][DEBUG][train_version:200] [feat-attn_last_geo__conf-none__norm-softmax_attn__loss-decay_within_h__data-ifeval] epoch 2: loss 2.5533 over 87 blocks [FILE] /home/exx/Workspace/dllm-meta/run_train_mlp.py
[YUKAI][DEBUG][train_version:200] [feat-attn_last_geo__conf-none__norm-softmax_attn__loss-decay_within_h__data-ifeval] epoch 3: loss 2.4869 over 87 blocks [FILE] /home/exx/Workspace/dllm-meta/run_train_mlp.py
[YUKAI][DEBUG][train_version:200] [feat-attn_last_geo__conf-none__norm-softmax_attn__loss-decay_within_h__data-ifeval] epoch 4: loss 2.4692 over 87 blocks [FILE] /home/exx/Workspace/dllm-meta/run_train_mlp.py
[YUKAI][DEBUG][train_version:200] [feat-attn_last_geo__conf-none__norm-softmax_attn__loss-decay_within_h__data-ifeval] epoch 5: loss 2.4576 over 87 blocks [FILE] /home/exx/Workspace/dllm-meta/run_train_mlp.py
[YUKAI][DEBUG][train_version:200] [feat-attn_last_geo__conf-none__norm-softmax_attn__loss-decay_within_h__data-ifeval] epoch 6: loss 2.4479 over 87 blocks [FILE] /home/exx/Workspace/dllm-meta/run_train_mlp.py
[YUKAI][DEBUG][train_version:200] [feat-attn_last_geo__conf-none__norm-softmax_attn__loss-decay_within_h__data-ifeval] epoch 7: loss 2.4390 over 87 blocks [FILE] /home/exx/Workspace/dllm-meta/run_train_mlp.py
[YUKAI][DEBUG][train_version:200] [feat-attn_last_geo__conf-none__norm-softmax_attn__loss-decay_within_h__data-ifeval] epoch 8: loss 2.4304 over 87 blocks [FILE] /home/exx/Workspace/dllm-meta/run_train_mlp.py
[YUKAI][DEBUG][train_version:200] [feat-attn_last_geo__conf-none__norm-softmax_attn__loss-decay_within_h__data-ifeval] epoch 9: loss 2.4218 over 87 blocks [FILE] /home/exx/Workspace/dllm-meta/run_train_mlp.py
[YUKAI][DEBUG][train_version:216] [feat-attn_last_geo__conf-none__norm-softmax_attn__loss-decay_within_h__data-ifeval] saved routers_e2e/feat-attn_last_geo__conf-none__norm-softmax_attn__loss-decay_within_h__data-ifeval.pt recall_holdout={'ifeval': '0.698 (n=5271)'} [FILE] /home/exx/Workspace/dllm-meta/run_train_mlp.py
[YUKAI][DEBUG][train_version:200] [feat-attn_last_geo__conf-none__norm-softmax_attn__loss-decay_within_h__data-mix] epoch 0: loss 2.8266 over 192 blocks [FILE] /home/exx/Workspace/dllm-meta/run_train_mlp.py
[YUKAI][DEBUG][train_version:200] [feat-attn_last_geo__conf-none__norm-softmax_attn__loss-decay_within_h__data-mix] epoch 1: loss 2.4389 over 192 blocks [FILE] /home/exx/Workspace/dllm-meta/run_train_mlp.py
[YUKAI][DEBUG][train_version:200] [feat-attn_last_geo__conf-none__norm-softmax_attn__loss-decay_within_h__data-mix] epoch 2: loss 2.4112 over 192 blocks [FILE] /home/exx/Workspace/dllm-meta/run_train_mlp.py
[YUKAI][DEBUG][train_version:200] [feat-attn_last_geo__conf-none__norm-softmax_attn__loss-decay_within_h__data-mix] epoch 3: loss 2.3916 over 192 blocks [FILE] /home/exx/Workspace/dllm-meta/run_train_mlp.py
[YUKAI][DEBUG][train_version:200] [feat-attn_last_geo__conf-none__norm-softmax_attn__loss-decay_within_h__data-mix] epoch 4: loss 2.3711 over 192 blocks [FILE] /home/exx/Workspace/dllm-meta/run_train_mlp.py
[YUKAI][DEBUG][train_version:200] [feat-attn_last_geo__conf-none__norm-softmax_attn__loss-decay_within_h__data-mix] epoch 5: loss 2.3531 over 192 blocks [FILE] /home/exx/Workspace/dllm-meta/run_train_mlp.py
[YUKAI][DEBUG][train_version:200] [feat-attn_last_geo__conf-none__norm-softmax_attn__loss-decay_within_h__data-mix] epoch 6: loss 2.3388 over 192 blocks [FILE] /home/exx/Workspace/dllm-meta/run_train_mlp.py
[YUKAI][DEBUG][train_version:200] [feat-attn_last_geo__conf-none__norm-softmax_attn__loss-decay_within_h__data-mix] epoch 7: loss 2.3277 over 192 blocks [FILE] /home/exx/Workspace/dllm-meta/run_train_mlp.py
[YUKAI][DEBUG][train_version:200] [feat-attn_last_geo__conf-none__norm-softmax_attn__loss-decay_within_h__data-mix] epoch 8: loss 2.3188 over 192 blocks [FILE] /home/exx/Workspace/dllm-meta/run_train_mlp.py
[YUKAI][DEBUG][train_version:200] [feat-attn_last_geo__conf-none__norm-softmax_attn__loss-decay_within_h__data-mix] epoch 9: loss 2.3114 over 192 blocks [FILE] /home/exx/Workspace/dllm-meta/run_train_mlp.py
[YUKAI][DEBUG][train_version:216] [feat-attn_last_geo__conf-none__norm-softmax_attn__loss-decay_within_h__data-mix] saved routers_e2e/feat-attn_last_geo__conf-none__norm-softmax_attn__loss-decay_within_h__data-mix.pt recall_holdout={'gsm8k': '0.630 (n=3198)', 'ifeval': '0.700 (n=5271)'} [FILE] /home/exx/Workspace/dllm-meta/run_train_mlp.py
[YUKAI][DEBUG][train_version:200] [feat-attn_last_geo__conf-none__norm-softmax_attn__loss-plackett_luce__data-gsm8k] epoch 0: loss 2.8435 over 105 blocks [FILE] /home/exx/Workspace/dllm-meta/run_train_mlp.py
[YUKAI][DEBUG][train_version:200] [feat-attn_last_geo__conf-none__norm-softmax_attn__loss-plackett_luce__data-gsm8k] epoch 1: loss 2.2498 over 105 blocks [FILE] /home/exx/Workspace/dllm-meta/run_train_mlp.py
[YUKAI][DEBUG][train_version:200] [feat-attn_last_geo__conf-none__norm-softmax_attn__loss-plackett_luce__data-gsm8k] epoch 2: loss 2.1617 over 105 blocks [FILE] /home/exx/Workspace/dllm-meta/run_train_mlp.py
[YUKAI][DEBUG][train_version:200] [feat-attn_last_geo__conf-none__norm-softmax_attn__loss-plackett_luce__data-gsm8k] epoch 3: loss 2.1430 over 105 blocks [FILE] /home/exx/Workspace/dllm-meta/run_train_mlp.py
[YUKAI][DEBUG][train_version:200] [feat-attn_last_geo__conf-none__norm-softmax_attn__loss-plackett_luce__data-gsm8k] epoch 4: loss 2.1305 over 105 blocks [FILE] /home/exx/Workspace/dllm-meta/run_train_mlp.py
[YUKAI][DEBUG][train_version:200] [feat-attn_last_geo__conf-none__norm-softmax_attn__loss-plackett_luce__data-gsm8k] epoch 5: loss 2.1189 over 105 blocks [FILE] /home/exx/Workspace/dllm-meta/run_train_mlp.py
[YUKAI][DEBUG][train_version:200] [feat-attn_last_geo__conf-none__norm-softmax_attn__loss-plackett_luce__data-gsm8k] epoch 6: loss 2.1059 over 105 blocks [FILE] /home/exx/Workspace/dllm-meta/run_train_mlp.py
[YUKAI][DEBUG][train_version:200] [feat-attn_last_geo__conf-none__norm-softmax_attn__loss-plackett_luce__data-gsm8k] epoch 7: loss 2.0931 over 105 blocks [FILE] /home/exx/Workspace/dllm-meta/run_train_mlp.py
[YUKAI][DEBUG][train_version:200] [feat-attn_last_geo__conf-none__norm-softmax_attn__loss-plackett_luce__data-gsm8k] epoch 8: loss 2.0840 over 105 blocks [FILE] /home/exx/Workspace/dllm-meta/run_train_mlp.py
[YUKAI][DEBUG][train_version:200] [feat-attn_last_geo__conf-none__norm-softmax_attn__loss-plackett_luce__data-gsm8k] epoch 9: loss 2.0771 over 105 blocks [FILE] /home/exx/Workspace/dllm-meta/run_train_mlp.py
[YUKAI][DEBUG][train_version:216] [feat-attn_last_geo__conf-none__norm-softmax_attn__loss-plackett_luce__data-gsm8k] saved routers_e2e/feat-attn_last_geo__conf-none__norm-softmax_attn__loss-plackett_luce__data-gsm8k.pt recall_holdout={'gsm8k': '0.629 (n=3198)'} [FILE] /home/exx/Workspace/dllm-meta/run_train_mlp.py
[YUKAI][DEBUG][train_version:200] [feat-attn_last_geo__conf-none__norm-softmax_attn__loss-plackett_luce__data-ifeval] epoch 0: loss 3.5484 over 87 blocks [FILE] /home/exx/Workspace/dllm-meta/run_train_mlp.py
[YUKAI][DEBUG][train_version:200] [feat-attn_last_geo__conf-none__norm-softmax_attn__loss-plackett_luce__data-ifeval] epoch 1: loss 2.6191 over 87 blocks [FILE] /home/exx/Workspace/dllm-meta/run_train_mlp.py
[YUKAI][DEBUG][train_version:200] [feat-attn_last_geo__conf-none__norm-softmax_attn__loss-plackett_luce__data-ifeval] epoch 2: loss 2.3849 over 87 blocks [FILE] /home/exx/Workspace/dllm-meta/run_train_mlp.py
[YUKAI][DEBUG][train_version:200] [feat-attn_last_geo__conf-none__norm-softmax_attn__loss-plackett_luce__data-ifeval] epoch 3: loss 2.2610 over 87 blocks [FILE] /home/exx/Workspace/dllm-meta/run_train_mlp.py
[YUKAI][DEBUG][train_version:200] [feat-attn_last_geo__conf-none__norm-softmax_attn__loss-plackett_luce__data-ifeval] epoch 4: loss 2.2242 over 87 blocks [FILE] /home/exx/Workspace/dllm-meta/run_train_mlp.py
[YUKAI][DEBUG][train_version:200] [feat-attn_last_geo__conf-none__norm-softmax_attn__loss-plackett_luce__data-ifeval] epoch 5: loss 2.2049 over 87 blocks [FILE] /home/exx/Workspace/dllm-meta/run_train_mlp.py
[YUKAI][DEBUG][train_version:200] [feat-attn_last_geo__conf-none__norm-softmax_attn__loss-plackett_luce__data-ifeval] epoch 6: loss 2.1922 over 87 blocks [FILE] /home/exx/Workspace/dllm-meta/run_train_mlp.py
[YUKAI][DEBUG][train_version:200] [feat-attn_last_geo__conf-none__norm-softmax_attn__loss-plackett_luce__data-ifeval] epoch 7: loss 2.1825 over 87 blocks [FILE] /home/exx/Workspace/dllm-meta/run_train_mlp.py
[YUKAI][DEBUG][train_version:200] [feat-attn_last_geo__conf-none__norm-softmax_attn__loss-plackett_luce__data-ifeval] epoch 8: loss 2.1742 over 87 blocks [FILE] /home/exx/Workspace/dllm-meta/run_train_mlp.py
[YUKAI][DEBUG][train_version:200] [feat-attn_last_geo__conf-none__norm-softmax_attn__loss-plackett_luce__data-ifeval] epoch 9: loss 2.1671 over 87 blocks [FILE] /home/exx/Workspace/dllm-meta/run_train_mlp.py
[YUKAI][DEBUG][train_version:216] [feat-attn_last_geo__conf-none__norm-softmax_attn__loss-plackett_luce__data-ifeval] saved routers_e2e/feat-attn_last_geo__conf-none__norm-softmax_attn__loss-plackett_luce__data-ifeval.pt recall_holdout={'ifeval': '0.702 (n=5271)'} [FILE] /home/exx/Workspace/dllm-meta/run_train_mlp.py
[YUKAI][DEBUG][train_version:200] [feat-attn_last_geo__conf-none__norm-softmax_attn__loss-plackett_luce__data-mix] epoch 0: loss 2.7083 over 192 blocks [FILE] /home/exx/Workspace/dllm-meta/run_train_mlp.py
[YUKAI][DEBUG][train_version:200] [feat-attn_last_geo__conf-none__norm-softmax_attn__loss-plackett_luce__data-mix] epoch 1: loss 2.2288 over 192 blocks [FILE] /home/exx/Workspace/dllm-meta/run_train_mlp.py
[YUKAI][DEBUG][train_version:200] [feat-attn_last_geo__conf-none__norm-softmax_attn__loss-plackett_luce__data-mix] epoch 2: loss 2.1892 over 192 blocks [FILE] /home/exx/Workspace/dllm-meta/run_train_mlp.py
[YUKAI][DEBUG][train_version:200] [feat-attn_last_geo__conf-none__norm-softmax_attn__loss-plackett_luce__data-mix] epoch 3: loss 2.1669 over 192 blocks [FILE] /home/exx/Workspace/dllm-meta/run_train_mlp.py
[YUKAI][DEBUG][train_version:200] [feat-attn_last_geo__conf-none__norm-softmax_attn__loss-plackett_luce__data-mix] epoch 4: loss 2.1521 over 192 blocks [FILE] /home/exx/Workspace/dllm-meta/run_train_mlp.py
[YUKAI][DEBUG][train_version:200] [feat-attn_last_geo__conf-none__norm-softmax_attn__loss-plackett_luce__data-mix] epoch 5: loss 2.1407 over 192 blocks [FILE] /home/exx/Workspace/dllm-meta/run_train_mlp.py
[YUKAI][DEBUG][train_version:200] [feat-attn_last_geo__conf-none__norm-softmax_attn__loss-plackett_luce__data-mix] epoch 6: loss 2.1314 over 192 blocks [FILE] /home/exx/Workspace/dllm-meta/run_train_mlp.py
[YUKAI][DEBUG][train_version:200] [feat-attn_last_geo__conf-none__norm-softmax_attn__loss-plackett_luce__data-mix] epoch 7: loss 2.1239 over 192 blocks [FILE] /home/exx/Workspace/dllm-meta/run_train_mlp.py
[YUKAI][DEBUG][train_version:200] [feat-attn_last_geo__conf-none__norm-softmax_attn__loss-plackett_luce__data-mix] epoch 8: loss 2.1177 over 192 blocks [FILE] /home/exx/Workspace/dllm-meta/run_train_mlp.py
[YUKAI][DEBUG][train_version:200] [feat-attn_last_geo__conf-none__norm-softmax_attn__loss-plackett_luce__data-mix] epoch 9: loss 2.1127 over 192 blocks [FILE] /home/exx/Workspace/dllm-meta/run_train_mlp.py
[YUKAI][DEBUG][train_version:216] [feat-attn_last_geo__conf-none__norm-softmax_attn__loss-plackett_luce__data-mix] saved routers_e2e/feat-attn_last_geo__conf-none__norm-softmax_attn__loss-plackett_luce__data-mix.pt recall_holdout={'gsm8k': '0.629 (n=3198)', 'ifeval': '0.703 (n=5271)'} [FILE] /home/exx/Workspace/dllm-meta/run_train_mlp.py
[YUKAI][DEBUG][train_version:200] [feat-attn_all__conf-none__norm-rank__loss-decay_within_h__data-gsm8k] epoch 0: loss 2.7122 over 105 blocks [FILE] /home/exx/Workspace/dllm-meta/run_train_mlp.py
[YUKAI][DEBUG][train_version:200] [feat-attn_all__conf-none__norm-rank__loss-decay_within_h__data-gsm8k] epoch 1: loss 2.4440 over 105 blocks [FILE] /home/exx/Workspace/dllm-meta/run_train_mlp.py
[YUKAI][DEBUG][train_version:200] [feat-attn_all__conf-none__norm-rank__loss-decay_within_h__data-gsm8k] epoch 2: loss 2.4278 over 105 blocks [FILE] /home/exx/Workspace/dllm-meta/run_train_mlp.py
[YUKAI][DEBUG][train_version:200] [feat-attn_all__conf-none__norm-rank__loss-decay_within_h__data-gsm8k] epoch 3: loss 2.4210 over 105 blocks [FILE] /home/exx/Workspace/dllm-meta/run_train_mlp.py
[YUKAI][DEBUG][train_version:200] [feat-attn_all__conf-none__norm-rank__loss-decay_within_h__data-gsm8k] epoch 4: loss 2.4170 over 105 blocks [FILE] /home/exx/Workspace/dllm-meta/run_train_mlp.py
[YUKAI][DEBUG][train_version:200] [feat-attn_all__conf-none__norm-rank__loss-decay_within_h__data-gsm8k] epoch 5: loss 2.4139 over 105 blocks [FILE] /home/exx/Workspace/dllm-meta/run_train_mlp.py
[YUKAI][DEBUG][train_version:200] [feat-attn_all__conf-none__norm-rank__loss-decay_within_h__data-gsm8k] epoch 6: loss 2.4107 over 105 blocks [FILE] /home/exx/Workspace/dllm-meta/run_train_mlp.py
[YUKAI][DEBUG][train_version:200] [feat-attn_all__conf-none__norm-rank__loss-decay_within_h__data-gsm8k] epoch 7: loss 2.4069 over 105 blocks [FILE] /home/exx/Workspace/dllm-meta/run_train_mlp.py
[YUKAI][DEBUG][train_version:200] [feat-attn_all__conf-none__norm-rank__loss-decay_within_h__data-gsm8k] epoch 8: loss 2.4022 over 105 blocks [FILE] /home/exx/Workspace/dllm-meta/run_train_mlp.py
[YUKAI][DEBUG][train_version:200] [feat-attn_all__conf-none__norm-rank__loss-decay_within_h__data-gsm8k] epoch 9: loss 2.3975 over 105 blocks [FILE] /home/exx/Workspace/dllm-meta/run_train_mlp.py
[YUKAI][DEBUG][train_version:216] [feat-attn_all__conf-none__norm-rank__loss-decay_within_h__data-gsm8k] saved routers_e2e/feat-attn_all__conf-none__norm-rank__loss-decay_within_h__data-gsm8k.pt recall_holdout={'gsm8k': '0.624 (n=3198)'} [FILE] /home/exx/Workspace/dllm-meta/run_train_mlp.py
[YUKAI][DEBUG][train_version:200] [feat-attn_all__conf-none__norm-rank__loss-decay_within_h__data-ifeval] epoch 0: loss 3.0795 over 87 blocks [FILE] /home/exx/Workspace/dllm-meta/run_train_mlp.py
[YUKAI][DEBUG][train_version:200] [feat-attn_all__conf-none__norm-rank__loss-decay_within_h__data-ifeval] epoch 1: loss 2.6231 over 87 blocks [FILE] /home/exx/Workspace/dllm-meta/run_train_mlp.py
[YUKAI][DEBUG][train_version:200] [feat-attn_all__conf-none__norm-rank__loss-decay_within_h__data-ifeval] epoch 2: loss 2.6116 over 87 blocks [FILE] /home/exx/Workspace/dllm-meta/run_train_mlp.py
[YUKAI][DEBUG][train_version:200] [feat-attn_all__conf-none__norm-rank__loss-decay_within_h__data-ifeval] epoch 3: loss 2.6046 over 87 blocks [FILE] /home/exx/Workspace/dllm-meta/run_train_mlp.py
[YUKAI][DEBUG][train_version:200] [feat-attn_all__conf-none__norm-rank__loss-decay_within_h__data-ifeval] epoch 4: loss 2.6001 over 87 blocks [FILE] /home/exx/Workspace/dllm-meta/run_train_mlp.py
[YUKAI][DEBUG][train_version:200] [feat-attn_all__conf-none__norm-rank__loss-decay_within_h__data-ifeval] epoch 5: loss 2.5967 over 87 blocks [FILE] /home/exx/Workspace/dllm-meta/run_train_mlp.py
[YUKAI][DEBUG][train_version:200] [feat-attn_all__conf-none__norm-rank__loss-decay_within_h__data-ifeval] epoch 6: loss 2.5939 over 87 blocks [FILE] /home/exx/Workspace/dllm-meta/run_train_mlp.py
[YUKAI][DEBUG][train_version:200] [feat-attn_all__conf-none__norm-rank__loss-decay_within_h__data-ifeval] epoch 7: loss 2.5914 over 87 blocks [FILE] /home/exx/Workspace/dllm-meta/run_train_mlp.py
[YUKAI][DEBUG][train_version:200] [feat-attn_all__conf-none__norm-rank__loss-decay_within_h__data-ifeval] epoch 8: loss 2.5892 over 87 blocks [FILE] /home/exx/Workspace/dllm-meta/run_train_mlp.py
[YUKAI][DEBUG][train_version:200] [feat-attn_all__conf-none__norm-rank__loss-decay_within_h__data-ifeval] epoch 9: loss 2.5873 over 87 blocks [FILE] /home/exx/Workspace/dllm-meta/run_train_mlp.py
[YUKAI][DEBUG][train_version:216] [feat-attn_all__conf-none__norm-rank__loss-decay_within_h__data-ifeval] saved routers_e2e/feat-attn_all__conf-none__norm-rank__loss-decay_within_h__data-ifeval.pt recall_holdout={'ifeval': '0.689 (n=5271)'} [FILE] /home/exx/Workspace/dllm-meta/run_train_mlp.py
[YUKAI][DEBUG][train_version:200] [feat-attn_all__conf-none__norm-rank__loss-decay_within_h__data-mix] epoch 0: loss 2.6769 over 192 blocks [FILE] /home/exx/Workspace/dllm-meta/run_train_mlp.py
[YUKAI][DEBUG][train_version:200] [feat-attn_all__conf-none__norm-rank__loss-decay_within_h__data-mix] epoch 1: loss 2.5270 over 192 blocks [FILE] /home/exx/Workspace/dllm-meta/run_train_mlp.py
[YUKAI][DEBUG][train_version:200] [feat-attn_all__conf-none__norm-rank__loss-decay_within_h__data-mix] epoch 2: loss 2.5197 over 192 blocks [FILE] /home/exx/Workspace/dllm-meta/run_train_mlp.py
[YUKAI][DEBUG][train_version:200] [feat-attn_all__conf-none__norm-rank__loss-decay_within_h__data-mix] epoch 3: loss 2.5151 over 192 blocks [FILE] /home/exx/Workspace/dllm-meta/run_train_mlp.py
[YUKAI][DEBUG][train_version:200] [feat-attn_all__conf-none__norm-rank__loss-decay_within_h__data-mix] epoch 4: loss 2.5116 over 192 blocks [FILE] /home/exx/Workspace/dllm-meta/run_train_mlp.py
[YUKAI][DEBUG][train_version:200] [feat-attn_all__conf-none__norm-rank__loss-decay_within_h__data-mix] epoch 5: loss 2.5086 over 192 blocks [FILE] /home/exx/Workspace/dllm-meta/run_train_mlp.py
[YUKAI][DEBUG][train_version:200] [feat-attn_all__conf-none__norm-rank__loss-decay_within_h__data-mix] epoch 6: loss 2.5057 over 192 blocks [FILE] /home/exx/Workspace/dllm-meta/run_train_mlp.py
[YUKAI][DEBUG][train_version:200] [feat-attn_all__conf-none__norm-rank__loss-decay_within_h__data-mix] epoch 7: loss 2.5020 over 192 blocks [FILE] /home/exx/Workspace/dllm-meta/run_train_mlp.py
[YUKAI][DEBUG][train_version:200] [feat-attn_all__conf-none__norm-rank__loss-decay_within_h__data-mix] epoch 8: loss 2.4968 over 192 blocks [FILE] /home/exx/Workspace/dllm-meta/run_train_mlp.py
[YUKAI][DEBUG][train_version:200] [feat-attn_all__conf-none__norm-rank__loss-decay_within_h__data-mix] epoch 9: loss 2.4922 over 192 blocks [FILE] /home/exx/Workspace/dllm-meta/run_train_mlp.py
[YUKAI][DEBUG][train_version:216] [feat-attn_all__conf-none__norm-rank__loss-decay_within_h__data-mix] saved routers_e2e/feat-attn_all__conf-none__norm-rank__loss-decay_within_h__data-mix.pt recall_holdout={'gsm8k': '0.622 (n=3198)', 'ifeval': '0.687 (n=5271)'} [FILE] /home/exx/Workspace/dllm-meta/run_train_mlp.py
[YUKAI][DEBUG][train_version:200] [feat-attn_all__conf-none__norm-rank__loss-plackett_luce__data-gsm8k] epoch 0: loss 2.5622 over 105 blocks [FILE] /home/exx/Workspace/dllm-meta/run_train_mlp.py
[YUKAI][DEBUG][train_version:200] [feat-attn_all__conf-none__norm-rank__loss-plackett_luce__data-gsm8k] epoch 1: loss 2.2520 over 105 blocks [FILE] /home/exx/Workspace/dllm-meta/run_train_mlp.py
[YUKAI][DEBUG][train_version:200] [feat-attn_all__conf-none__norm-rank__loss-plackett_luce__data-gsm8k] epoch 2: loss 2.2358 over 105 blocks [FILE] /home/exx/Workspace/dllm-meta/run_train_mlp.py
[YUKAI][DEBUG][train_version:200] [feat-attn_all__conf-none__norm-rank__loss-plackett_luce__data-gsm8k] epoch 3: loss 2.2240 over 105 blocks [FILE] /home/exx/Workspace/dllm-meta/run_train_mlp.py
[YUKAI][DEBUG][train_version:200] [feat-attn_all__conf-none__norm-rank__loss-plackett_luce__data-gsm8k] epoch 4: loss 2.2156 over 105 blocks [FILE] /home/exx/Workspace/dllm-meta/run_train_mlp.py
[YUKAI][DEBUG][train_version:200] [feat-attn_all__conf-none__norm-rank__loss-plackett_luce__data-gsm8k] epoch 5: loss 2.2085 over 105 blocks [FILE] /home/exx/Workspace/dllm-meta/run_train_mlp.py
[YUKAI][DEBUG][train_version:200] [feat-attn_all__conf-none__norm-rank__loss-plackett_luce__data-gsm8k] epoch 6: loss 2.2024 over 105 blocks [FILE] /home/exx/Workspace/dllm-meta/run_train_mlp.py
[YUKAI][DEBUG][train_version:200] [feat-attn_all__conf-none__norm-rank__loss-plackett_luce__data-gsm8k] epoch 7: loss 2.1972 over 105 blocks [FILE] /home/exx/Workspace/dllm-meta/run_train_mlp.py
[YUKAI][DEBUG][train_version:200] [feat-attn_all__conf-none__norm-rank__loss-plackett_luce__data-gsm8k] epoch 8: loss 2.1928 over 105 blocks [FILE] /home/exx/Workspace/dllm-meta/run_train_mlp.py
[YUKAI][DEBUG][train_version:200] [feat-attn_all__conf-none__norm-rank__loss-plackett_luce__data-gsm8k] epoch 9: loss 2.1894 over 105 blocks [FILE] /home/exx/Workspace/dllm-meta/run_train_mlp.py
[YUKAI][DEBUG][train_version:216] [feat-attn_all__conf-none__norm-rank__loss-plackett_luce__data-gsm8k] saved routers_e2e/feat-attn_all__conf-none__norm-rank__loss-plackett_luce__data-gsm8k.pt recall_holdout={'gsm8k': '0.626 (n=3198)'} [FILE] /home/exx/Workspace/dllm-meta/run_train_mlp.py
[YUKAI][DEBUG][train_version:200] [feat-attn_all__conf-none__norm-rank__loss-plackett_luce__data-ifeval] epoch 0: loss 2.9580 over 87 blocks [FILE] /home/exx/Workspace/dllm-meta/run_train_mlp.py
[YUKAI][DEBUG][train_version:200] [feat-attn_all__conf-none__norm-rank__loss-plackett_luce__data-ifeval] epoch 1: loss 2.4499 over 87 blocks [FILE] /home/exx/Workspace/dllm-meta/run_train_mlp.py
[YUKAI][DEBUG][train_version:200] [feat-attn_all__conf-none__norm-rank__loss-plackett_luce__data-ifeval] epoch 2: loss 2.4347 over 87 blocks [FILE] /home/exx/Workspace/dllm-meta/run_train_mlp.py
[YUKAI][DEBUG][train_version:200] [feat-attn_all__conf-none__norm-rank__loss-plackett_luce__data-ifeval] epoch 3: loss 2.4262 over 87 blocks [FILE] /home/exx/Workspace/dllm-meta/run_train_mlp.py
[YUKAI][DEBUG][train_version:200] [feat-attn_all__conf-none__norm-rank__loss-plackett_luce__data-ifeval] epoch 4: loss 2.4204 over 87 blocks [FILE] /home/exx/Workspace/dllm-meta/run_train_mlp.py
[YUKAI][DEBUG][train_version:200] [feat-attn_all__conf-none__norm-rank__loss-plackett_luce__data-ifeval] epoch 5: loss 2.4161 over 87 blocks [FILE] /home/exx/Workspace/dllm-meta/run_train_mlp.py
[YUKAI][DEBUG][train_version:200] [feat-attn_all__conf-none__norm-rank__loss-plackett_luce__data-ifeval] epoch 6: loss 2.4125 over 87 blocks [FILE] /home/exx/Workspace/dllm-meta/run_train_mlp.py
[YUKAI][DEBUG][train_version:200] [feat-attn_all__conf-none__norm-rank__loss-plackett_luce__data-ifeval] epoch 7: loss 2.4095 over 87 blocks [FILE] /home/exx/Workspace/dllm-meta/run_train_mlp.py
[YUKAI][DEBUG][train_version:200] [feat-attn_all__conf-none__norm-rank__loss-plackett_luce__data-ifeval] epoch 8: loss 2.4069 over 87 blocks [FILE] /home/exx/Workspace/dllm-meta/run_train_mlp.py
[YUKAI][DEBUG][train_version:200] [feat-attn_all__conf-none__norm-rank__loss-plackett_luce__data-ifeval] epoch 9: loss 2.4045 over 87 blocks [FILE] /home/exx/Workspace/dllm-meta/run_train_mlp.py
[YUKAI][DEBUG][train_version:216] [feat-attn_all__conf-none__norm-rank__loss-plackett_luce__data-ifeval] saved routers_e2e/feat-attn_all__conf-none__norm-rank__loss-plackett_luce__data-ifeval.pt recall_holdout={'ifeval': '0.690 (n=5271)'} [FILE] /home/exx/Workspace/dllm-meta/run_train_mlp.py
[YUKAI][DEBUG][train_version:200] [feat-attn_all__conf-none__norm-rank__loss-plackett_luce__data-mix] epoch 0: loss 2.5204 over 192 blocks [FILE] /home/exx/Workspace/dllm-meta/run_train_mlp.py
[YUKAI][DEBUG][train_version:200] [feat-attn_all__conf-none__norm-rank__loss-plackett_luce__data-mix] epoch 1: loss 2.3409 over 192 blocks [FILE] /home/exx/Workspace/dllm-meta/run_train_mlp.py
[YUKAI][DEBUG][train_version:200] [feat-attn_all__conf-none__norm-rank__loss-plackett_luce__data-mix] epoch 2: loss 2.3320 over 192 blocks [FILE] /home/exx/Workspace/dllm-meta/run_train_mlp.py
[YUKAI][DEBUG][train_version:200] [feat-attn_all__conf-none__norm-rank__loss-plackett_luce__data-mix] epoch 3: loss 2.3260 over 192 blocks [FILE] /home/exx/Workspace/dllm-meta/run_train_mlp.py
[YUKAI][DEBUG][train_version:200] [feat-attn_all__conf-none__norm-rank__loss-plackett_luce__data-mix] epoch 4: loss 2.3210 over 192 blocks [FILE] /home/exx/Workspace/dllm-meta/run_train_mlp.py
[YUKAI][DEBUG][train_version:200] [feat-attn_all__conf-none__norm-rank__loss-plackett_luce__data-mix] epoch 5: loss 2.3164 over 192 blocks [FILE] /home/exx/Workspace/dllm-meta/run_train_mlp.py
[YUKAI][DEBUG][train_version:200] [feat-attn_all__conf-none__norm-rank__loss-plackett_luce__data-mix] epoch 6: loss 2.3113 over 192 blocks [FILE] /home/exx/Workspace/dllm-meta/run_train_mlp.py
[YUKAI][DEBUG][train_version:200] [feat-attn_all__conf-none__norm-rank__loss-plackett_luce__data-mix] epoch 7: loss 2.3052 over 192 blocks [FILE] /home/exx/Workspace/dllm-meta/run_train_mlp.py
[YUKAI][DEBUG][train_version:200] [feat-attn_all__conf-none__norm-rank__loss-plackett_luce__data-mix] epoch 8: loss 2.2993 over 192 blocks [FILE] /home/exx/Workspace/dllm-meta/run_train_mlp.py
[YUKAI][DEBUG][train_version:200] [feat-attn_all__conf-none__norm-rank__loss-plackett_luce__data-mix] epoch 9: loss 2.2938 over 192 blocks [FILE] /home/exx/Workspace/dllm-meta/run_train_mlp.py
[YUKAI][DEBUG][train_version:216] [feat-attn_all__conf-none__norm-rank__loss-plackett_luce__data-mix] saved routers_e2e/feat-attn_all__conf-none__norm-rank__loss-plackett_luce__data-mix.pt recall_holdout={'gsm8k': '0.625 (n=3198)', 'ifeval': '0.688 (n=5271)'} [FILE] /home/exx/Workspace/dllm-meta/run_train_mlp.py
[YUKAI][DEBUG][train_version:200] [feat-attn_all__conf-none__norm-softmax_attn__loss-decay_within_h__data-gsm8k] epoch 0: loss 3.8584 over 105 blocks [FILE] /home/exx/Workspace/dllm-meta/run_train_mlp.py
[YUKAI][DEBUG][train_version:200] [feat-attn_all__conf-none__norm-softmax_attn__loss-decay_within_h__data-gsm8k] epoch 1: loss 3.3700 over 105 blocks [FILE] /home/exx/Workspace/dllm-meta/run_train_mlp.py
[YUKAI][DEBUG][train_version:200] [feat-attn_all__conf-none__norm-softmax_attn__loss-decay_within_h__data-gsm8k] epoch 2: loss 3.0537 over 105 blocks [FILE] /home/exx/Workspace/dllm-meta/run_train_mlp.py
[YUKAI][DEBUG][train_version:200] [feat-attn_all__conf-none__norm-softmax_attn__loss-decay_within_h__data-gsm8k] epoch 3: loss 3.0265 over 105 blocks [FILE] /home/exx/Workspace/dllm-meta/run_train_mlp.py
[YUKAI][DEBUG][train_version:200] [feat-attn_all__conf-none__norm-softmax_attn__loss-decay_within_h__data-gsm8k] epoch 4: loss 3.0055 over 105 blocks [FILE] /home/exx/Workspace/dllm-meta/run_train_mlp.py
[YUKAI][DEBUG][train_version:200] [feat-attn_all__conf-none__norm-softmax_attn__loss-decay_within_h__data-gsm8k] epoch 5: loss 2.9871 over 105 blocks [FILE] /home/exx/Workspace/dllm-meta/run_train_mlp.py
[YUKAI][DEBUG][train_version:200] [feat-attn_all__conf-none__norm-softmax_attn__loss-decay_within_h__data-gsm8k] epoch 6: loss 2.9673 over 105 blocks [FILE] /home/exx/Workspace/dllm-meta/run_train_mlp.py
[YUKAI][DEBUG][train_version:200] [feat-attn_all__conf-none__norm-softmax_attn__loss-decay_within_h__data-gsm8k] epoch 7: loss 2.9469 over 105 blocks [FILE] /home/exx/Workspace/dllm-meta/run_train_mlp.py
[YUKAI][DEBUG][train_version:200] [feat-attn_all__conf-none__norm-softmax_attn__loss-decay_within_h__data-gsm8k] epoch 8: loss 2.9257 over 105 blocks [FILE] /home/exx/Workspace/dllm-meta/run_train_mlp.py
[YUKAI][DEBUG][train_version:200] [feat-attn_all__conf-none__norm-softmax_attn__loss-decay_within_h__data-gsm8k] epoch 9: loss 2.9042 over 105 blocks [FILE] /home/exx/Workspace/dllm-meta/run_train_mlp.py
[YUKAI][DEBUG][train_version:216] [feat-attn_all__conf-none__norm-softmax_attn__loss-decay_within_h__data-gsm8k] saved routers_e2e/feat-attn_all__conf-none__norm-softmax_attn__loss-decay_within_h__data-gsm8k.pt recall_holdout={'gsm8k': '0.611 (n=3198)'} [FILE] /home/exx/Workspace/dllm-meta/run_train_mlp.py
[YUKAI][DEBUG][train_version:200] [feat-attn_all__conf-none__norm-softmax_attn__loss-decay_within_h__data-ifeval] epoch 0: loss 4.5528 over 87 blocks [FILE] /home/exx/Workspace/dllm-meta/run_train_mlp.py
[YUKAI][DEBUG][train_version:200] [feat-attn_all__conf-none__norm-softmax_attn__loss-decay_within_h__data-ifeval] epoch 1: loss 4.2584 over 87 blocks [FILE] /home/exx/Workspace/dllm-meta/run_train_mlp.py
[YUKAI][DEBUG][train_version:200] [feat-attn_all__conf-none__norm-softmax_attn__loss-decay_within_h__data-ifeval] epoch 2: loss 3.8817 over 87 blocks [FILE] /home/exx/Workspace/dllm-meta/run_train_mlp.py
[YUKAI][DEBUG][train_version:200] [feat-attn_all__conf-none__norm-softmax_attn__loss-decay_within_h__data-ifeval] epoch 3: loss 3.5776 over 87 blocks [FILE] /home/exx/Workspace/dllm-meta/run_train_mlp.py
[YUKAI][DEBUG][train_version:200] [feat-attn_all__conf-none__norm-softmax_attn__loss-decay_within_h__data-ifeval] epoch 4: loss 3.4316 over 87 blocks [FILE] /home/exx/Workspace/dllm-meta/run_train_mlp.py
[YUKAI][DEBUG][train_version:200] [feat-attn_all__conf-none__norm-softmax_attn__loss-decay_within_h__data-ifeval] epoch 5: loss 3.3836 over 87 blocks [FILE] /home/exx/Workspace/dllm-meta/run_train_mlp.py
[YUKAI][DEBUG][train_version:200] [feat-attn_all__conf-none__norm-softmax_attn__loss-decay_within_h__data-ifeval] epoch 6: loss 3.3358 over 87 blocks [FILE] /home/exx/Workspace/dllm-meta/run_train_mlp.py
[YUKAI][DEBUG][train_version:200] [feat-attn_all__conf-none__norm-softmax_attn__loss-decay_within_h__data-ifeval] epoch 7: loss 3.2948 over 87 blocks [FILE] /home/exx/Workspace/dllm-meta/run_train_mlp.py
[YUKAI][DEBUG][train_version:200] [feat-attn_all__conf-none__norm-softmax_attn__loss-decay_within_h__data-ifeval] epoch 8: loss 3.2539 over 87 blocks [FILE] /home/exx/Workspace/dllm-meta/run_train_mlp.py
[YUKAI][DEBUG][train_version:200] [feat-attn_all__conf-none__norm-softmax_attn__loss-decay_within_h__data-ifeval] epoch 9: loss 3.2158 over 87 blocks [FILE] /home/exx/Workspace/dllm-meta/run_train_mlp.py
[YUKAI][DEBUG][train_version:216] [feat-attn_all__conf-none__norm-softmax_attn__loss-decay_within_h__data-ifeval] saved routers_e2e/feat-attn_all__conf-none__norm-softmax_attn__loss-decay_within_h__data-ifeval.pt recall_holdout={'ifeval': '0.663 (n=5271)'} [FILE] /home/exx/Workspace/dllm-meta/run_train_mlp.py
[YUKAI][DEBUG][train_version:200] [feat-attn_all__conf-none__norm-softmax_attn__loss-decay_within_h__data-mix] epoch 0: loss 3.9984 over 192 blocks [FILE] /home/exx/Workspace/dllm-meta/run_train_mlp.py
[YUKAI][DEBUG][train_version:200] [feat-attn_all__conf-none__norm-softmax_attn__loss-decay_within_h__data-mix] epoch 1: loss 3.2661 over 192 blocks [FILE] /home/exx/Workspace/dllm-meta/run_train_mlp.py
[YUKAI][DEBUG][train_version:200] [feat-attn_all__conf-none__norm-softmax_attn__loss-decay_within_h__data-mix] epoch 2: loss 3.1919 over 192 blocks [FILE] /home/exx/Workspace/dllm-meta/run_train_mlp.py
[YUKAI][DEBUG][train_version:200] [feat-attn_all__conf-none__norm-softmax_attn__loss-decay_within_h__data-mix] epoch 3: loss 3.1390 over 192 blocks [FILE] /home/exx/Workspace/dllm-meta/run_train_mlp.py
[YUKAI][DEBUG][train_version:200] [feat-attn_all__conf-none__norm-softmax_attn__loss-decay_within_h__data-mix] epoch 4: loss 3.0853 over 192 blocks [FILE] /home/exx/Workspace/dllm-meta/run_train_mlp.py
[YUKAI][DEBUG][train_version:200] [feat-attn_all__conf-none__norm-softmax_attn__loss-decay_within_h__data-mix] epoch 5: loss 3.0375 over 192 blocks [FILE] /home/exx/Workspace/dllm-meta/run_train_mlp.py
[YUKAI][DEBUG][train_version:200] [feat-attn_all__conf-none__norm-softmax_attn__loss-decay_within_h__data-mix] epoch 6: loss 3.0016 over 192 blocks [FILE] /home/exx/Workspace/dllm-meta/run_train_mlp.py
[YUKAI][DEBUG][train_version:200] [feat-attn_all__conf-none__norm-softmax_attn__loss-decay_within_h__data-mix] epoch 7: loss 2.9780 over 192 blocks [FILE] /home/exx/Workspace/dllm-meta/run_train_mlp.py
[YUKAI][DEBUG][train_version:200] [feat-attn_all__conf-none__norm-softmax_attn__loss-decay_within_h__data-mix] epoch 8: loss 2.9619 over 192 blocks [FILE] /home/exx/Workspace/dllm-meta/run_train_mlp.py
[YUKAI][DEBUG][train_version:200] [feat-attn_all__conf-none__norm-softmax_attn__loss-decay_within_h__data-mix] epoch 9: loss 2.9496 over 192 blocks [FILE] /home/exx/Workspace/dllm-meta/run_train_mlp.py
[YUKAI][DEBUG][train_version:216] [feat-attn_all__conf-none__norm-softmax_attn__loss-decay_within_h__data-mix] saved routers_e2e/feat-attn_all__conf-none__norm-softmax_attn__loss-decay_within_h__data-mix.pt recall_holdout={'gsm8k': '0.612 (n=3198)', 'ifeval': '0.684 (n=5271)'} [FILE] /home/exx/Workspace/dllm-meta/run_train_mlp.py
[YUKAI][DEBUG][train_version:200] [feat-attn_all__conf-none__norm-softmax_attn__loss-plackett_luce__data-gsm8k] epoch 0: loss 3.8769 over 105 blocks [FILE] /home/exx/Workspace/dllm-meta/run_train_mlp.py
[YUKAI][DEBUG][train_version:200] [feat-attn_all__conf-none__norm-softmax_attn__loss-plackett_luce__data-gsm8k] epoch 1: loss 3.4232 over 105 blocks [FILE] /home/exx/Workspace/dllm-meta/run_train_mlp.py
[YUKAI][DEBUG][train_version:200] [feat-attn_all__conf-none__norm-softmax_attn__loss-plackett_luce__data-gsm8k] epoch 2: loss 3.0083 over 105 blocks [FILE] /home/exx/Workspace/dllm-meta/run_train_mlp.py
[YUKAI][DEBUG][train_version:200] [feat-attn_all__conf-none__norm-softmax_attn__loss-plackett_luce__data-gsm8k] epoch 3: loss 2.9659 over 105 blocks [FILE] /home/exx/Workspace/dllm-meta/run_train_mlp.py
[YUKAI][DEBUG][train_version:200] [feat-attn_all__conf-none__norm-softmax_attn__loss-plackett_luce__data-gsm8k] epoch 4: loss 2.9393 over 105 blocks [FILE] /home/exx/Workspace/dllm-meta/run_train_mlp.py
[YUKAI][DEBUG][train_version:200] [feat-attn_all__conf-none__norm-softmax_attn__loss-plackett_luce__data-gsm8k] epoch 5: loss 2.9107 over 105 blocks [FILE] /home/exx/Workspace/dllm-meta/run_train_mlp.py
[YUKAI][DEBUG][train_version:200] [feat-attn_all__conf-none__norm-softmax_attn__loss-plackett_luce__data-gsm8k] epoch 6: loss 2.8807 over 105 blocks [FILE] /home/exx/Workspace/dllm-meta/run_train_mlp.py
[YUKAI][DEBUG][train_version:200] [feat-attn_all__conf-none__norm-softmax_attn__loss-plackett_luce__data-gsm8k] epoch 7: loss 2.8485 over 105 blocks [FILE] /home/exx/Workspace/dllm-meta/run_train_mlp.py
[YUKAI][DEBUG][train_version:200] [feat-attn_all__conf-none__norm-softmax_attn__loss-plackett_luce__data-gsm8k] epoch 8: loss 2.8164 over 105 blocks [FILE] /home/exx/Workspace/dllm-meta/run_train_mlp.py
[YUKAI][DEBUG][train_version:200] [feat-attn_all__conf-none__norm-softmax_attn__loss-plackett_luce__data-gsm8k] epoch 9: loss 2.7894 over 105 blocks [FILE] /home/exx/Workspace/dllm-meta/run_train_mlp.py
[YUKAI][DEBUG][train_version:216] [feat-attn_all__conf-none__norm-softmax_attn__loss-plackett_luce__data-gsm8k] saved routers_e2e/feat-attn_all__conf-none__norm-softmax_attn__loss-plackett_luce__data-gsm8k.pt recall_holdout={'gsm8k': '0.611 (n=3198)'} [FILE] /home/exx/Workspace/dllm-meta/run_train_mlp.py
[YUKAI][DEBUG][train_version:200] [feat-attn_all__conf-none__norm-softmax_attn__loss-plackett_luce__data-ifeval] epoch 0: loss 4.5640 over 87 blocks [FILE] /home/exx/Workspace/dllm-meta/run_train_mlp.py
[YUKAI][DEBUG][train_version:200] [feat-attn_all__conf-none__norm-softmax_attn__loss-plackett_luce__data-ifeval] epoch 1: loss 4.3292 over 87 blocks [FILE] /home/exx/Workspace/dllm-meta/run_train_mlp.py
[YUKAI][DEBUG][train_version:200] [feat-attn_all__conf-none__norm-softmax_attn__loss-plackett_luce__data-ifeval] epoch 2: loss 3.8845 over 87 blocks [FILE] /home/exx/Workspace/dllm-meta/run_train_mlp.py
[YUKAI][DEBUG][train_version:200] [feat-attn_all__conf-none__norm-softmax_attn__loss-plackett_luce__data-ifeval] epoch 3: loss 3.6961 over 87 blocks [FILE] /home/exx/Workspace/dllm-meta/run_train_mlp.py
[YUKAI][DEBUG][train_version:200] [feat-attn_all__conf-none__norm-softmax_attn__loss-plackett_luce__data-ifeval] epoch 4: loss 3.5211 over 87 blocks [FILE] /home/exx/Workspace/dllm-meta/run_train_mlp.py
[YUKAI][DEBUG][train_version:200] [feat-attn_all__conf-none__norm-softmax_attn__loss-plackett_luce__data-ifeval] epoch 5: loss 3.3615 over 87 blocks [FILE] /home/exx/Workspace/dllm-meta/run_train_mlp.py
[YUKAI][DEBUG][train_version:200] [feat-attn_all__conf-none__norm-softmax_attn__loss-plackett_luce__data-ifeval] epoch 6: loss 3.2750 over 87 blocks [FILE] /home/exx/Workspace/dllm-meta/run_train_mlp.py
[YUKAI][DEBUG][train_version:200] [feat-attn_all__conf-none__norm-softmax_attn__loss-plackett_luce__data-ifeval] epoch 7: loss 3.2162 over 87 blocks [FILE] /home/exx/Workspace/dllm-meta/run_train_mlp.py
[YUKAI][DEBUG][train_version:200] [feat-attn_all__conf-none__norm-softmax_attn__loss-plackett_luce__data-ifeval] epoch 8: loss 3.1675 over 87 blocks [FILE] /home/exx/Workspace/dllm-meta/run_train_mlp.py
[YUKAI][DEBUG][train_version:200] [feat-attn_all__conf-none__norm-softmax_attn__loss-plackett_luce__data-ifeval] epoch 9: loss 3.1220 over 87 blocks [FILE] /home/exx/Workspace/dllm-meta/run_train_mlp.py
[YUKAI][DEBUG][train_version:216] [feat-attn_all__conf-none__norm-softmax_attn__loss-plackett_luce__data-ifeval] saved routers_e2e/feat-attn_all__conf-none__norm-softmax_attn__loss-plackett_luce__data-ifeval.pt recall_holdout={'ifeval': '0.664 (n=5271)'} [FILE] /home/exx/Workspace/dllm-meta/run_train_mlp.py
[YUKAI][DEBUG][train_version:200] [feat-attn_all__conf-none__norm-softmax_attn__loss-plackett_luce__data-mix] epoch 0: loss 4.0489 over 192 blocks [FILE] /home/exx/Workspace/dllm-meta/run_train_mlp.py
[YUKAI][DEBUG][train_version:200] [feat-attn_all__conf-none__norm-softmax_attn__loss-plackett_luce__data-mix] epoch 1: loss 3.2743 over 192 blocks [FILE] /home/exx/Workspace/dllm-meta/run_train_mlp.py
[YUKAI][DEBUG][train_version:200] [feat-attn_all__conf-none__norm-softmax_attn__loss-plackett_luce__data-mix] epoch 2: loss 3.1383 over 192 blocks [FILE] /home/exx/Workspace/dllm-meta/run_train_mlp.py
[YUKAI][DEBUG][train_version:200] [feat-attn_all__conf-none__norm-softmax_attn__loss-plackett_luce__data-mix] epoch 3: loss 3.0449 over 192 blocks [FILE] /home/exx/Workspace/dllm-meta/run_train_mlp.py
[YUKAI][DEBUG][train_version:200] [feat-attn_all__conf-none__norm-softmax_attn__loss-plackett_luce__data-mix] epoch 4: loss 2.9552 over 192 blocks [FILE] /home/exx/Workspace/dllm-meta/run_train_mlp.py
[YUKAI][DEBUG][train_version:200] [feat-attn_all__conf-none__norm-softmax_attn__loss-plackett_luce__data-mix] epoch 5: loss 2.8926 over 192 blocks [FILE] /home/exx/Workspace/dllm-meta/run_train_mlp.py
[YUKAI][DEBUG][train_version:200] [feat-attn_all__conf-none__norm-softmax_attn__loss-plackett_luce__data-mix] epoch 6: loss 2.8554 over 192 blocks [FILE] /home/exx/Workspace/dllm-meta/run_train_mlp.py
[YUKAI][DEBUG][train_version:200] [feat-attn_all__conf-none__norm-softmax_attn__loss-plackett_luce__data-mix] epoch 7: loss 2.8290 over 192 blocks [FILE] /home/exx/Workspace/dllm-meta/run_train_mlp.py
[YUKAI][DEBUG][train_version:200] [feat-attn_all__conf-none__norm-softmax_attn__loss-plackett_luce__data-mix] epoch 8: loss 2.8090 over 192 blocks [FILE] /home/exx/Workspace/dllm-meta/run_train_mlp.py
[YUKAI][DEBUG][train_version:200] [feat-attn_all__conf-none__norm-softmax_attn__loss-plackett_luce__data-mix] epoch 9: loss 2.7936 over 192 blocks [FILE] /home/exx/Workspace/dllm-meta/run_train_mlp.py
[YUKAI][DEBUG][train_version:216] [feat-attn_all__conf-none__norm-softmax_attn__loss-plackett_luce__data-mix] saved routers_e2e/feat-attn_all__conf-none__norm-softmax_attn__loss-plackett_luce__data-mix.pt recall_holdout={'gsm8k': '0.605 (n=3198)', 'ifeval': '0.681 (n=5271)'} [FILE] /home/exx/Workspace/dllm-meta/run_train_mlp.py
