[YUKAI][DEBUG][<module>:252] training 48 router versions -> routers_e2e_instruct [FILE] /home/exx/Workspace/dllm-meta/run_train_mlp.py
[YUKAI][DEBUG][train_version:200] [feat-attn_last_geo_conf__conf-fresh__norm-rank__loss-decay_within_h__data-gsm8k] epoch 0: loss 2.6770 over 105 blocks [FILE] /home/exx/Workspace/dllm-meta/run_train_mlp.py
[YUKAI][DEBUG][train_version:200] [feat-attn_last_geo_conf__conf-fresh__norm-rank__loss-decay_within_h__data-gsm8k] epoch 1: loss 1.9521 over 105 blocks [FILE] /home/exx/Workspace/dllm-meta/run_train_mlp.py
[YUKAI][DEBUG][train_version:200] [feat-attn_last_geo_conf__conf-fresh__norm-rank__loss-decay_within_h__data-gsm8k] epoch 2: loss 1.9421 over 105 blocks [FILE] /home/exx/Workspace/dllm-meta/run_train_mlp.py
[YUKAI][DEBUG][train_version:200] [feat-attn_last_geo_conf__conf-fresh__norm-rank__loss-decay_within_h__data-gsm8k] epoch 3: loss 1.9353 over 105 blocks [FILE] /home/exx/Workspace/dllm-meta/run_train_mlp.py
[YUKAI][DEBUG][train_version:200] [feat-attn_last_geo_conf__conf-fresh__norm-rank__loss-decay_within_h__data-gsm8k] epoch 4: loss 1.9300 over 105 blocks [FILE] /home/exx/Workspace/dllm-meta/run_train_mlp.py
[YUKAI][DEBUG][train_version:200] [feat-attn_last_geo_conf__conf-fresh__norm-rank__loss-decay_within_h__data-gsm8k] epoch 5: loss 1.9248 over 105 blocks [FILE] /home/exx/Workspace/dllm-meta/run_train_mlp.py
[YUKAI][DEBUG][train_version:200] [feat-attn_last_geo_conf__conf-fresh__norm-rank__loss-decay_within_h__data-gsm8k] epoch 6: loss 1.9181 over 105 blocks [FILE] /home/exx/Workspace/dllm-meta/run_train_mlp.py
[YUKAI][DEBUG][train_version:200] [feat-attn_last_geo_conf__conf-fresh__norm-rank__loss-decay_within_h__data-gsm8k] epoch 7: loss 1.8978 over 105 blocks [FILE] /home/exx/Workspace/dllm-meta/run_train_mlp.py
[YUKAI][DEBUG][train_version:200] [feat-attn_last_geo_conf__conf-fresh__norm-rank__loss-decay_within_h__data-gsm8k] epoch 8: loss 1.8791 over 105 blocks [FILE] /home/exx/Workspace/dllm-meta/run_train_mlp.py
[YUKAI][DEBUG][train_version:200] [feat-attn_last_geo_conf__conf-fresh__norm-rank__loss-decay_within_h__data-gsm8k] epoch 9: loss 1.8645 over 105 blocks [FILE] /home/exx/Workspace/dllm-meta/run_train_mlp.py
[YUKAI][DEBUG][train_version:216] [feat-attn_last_geo_conf__conf-fresh__norm-rank__loss-decay_within_h__data-gsm8k] saved routers_e2e_instruct/feat-attn_last_geo_conf__conf-fresh__norm-rank__loss-decay_within_h__data-gsm8k.pt recall_holdout={'gsm8k': '0.973 (n=6526)'} [FILE] /home/exx/Workspace/dllm-meta/run_train_mlp.py
[YUKAI][DEBUG][train_version:200] [feat-attn_last_geo_conf__conf-fresh__norm-rank__loss-decay_within_h__data-ifeval] epoch 0: loss 3.0259 over 87 blocks [FILE] /home/exx/Workspace/dllm-meta/run_train_mlp.py
[YUKAI][DEBUG][train_version:200] [feat-attn_last_geo_conf__conf-fresh__norm-rank__loss-decay_within_h__data-ifeval] epoch 1: loss 2.2302 over 87 blocks [FILE] /home/exx/Workspace/dllm-meta/run_train_mlp.py
[YUKAI][DEBUG][train_version:200] [feat-attn_last_geo_conf__conf-fresh__norm-rank__loss-decay_within_h__data-ifeval] epoch 2: loss 2.2066 over 87 blocks [FILE] /home/exx/Workspace/dllm-meta/run_train_mlp.py
[YUKAI][DEBUG][train_version:200] [feat-attn_last_geo_conf__conf-fresh__norm-rank__loss-decay_within_h__data-ifeval] epoch 3: loss 2.1924 over 87 blocks [FILE] /home/exx/Workspace/dllm-meta/run_train_mlp.py
[YUKAI][DEBUG][train_version:200] [feat-attn_last_geo_conf__conf-fresh__norm-rank__loss-decay_within_h__data-ifeval] epoch 4: loss 2.1818 over 87 blocks [FILE] /home/exx/Workspace/dllm-meta/run_train_mlp.py
[YUKAI][DEBUG][train_version:200] [feat-attn_last_geo_conf__conf-fresh__norm-rank__loss-decay_within_h__data-ifeval] epoch 5: loss 2.1747 over 87 blocks [FILE] /home/exx/Workspace/dllm-meta/run_train_mlp.py
[YUKAI][DEBUG][train_version:200] [feat-attn_last_geo_conf__conf-fresh__norm-rank__loss-decay_within_h__data-ifeval] epoch 6: loss 2.1700 over 87 blocks [FILE] /home/exx/Workspace/dllm-meta/run_train_mlp.py
[YUKAI][DEBUG][train_version:200] [feat-attn_last_geo_conf__conf-fresh__norm-rank__loss-decay_within_h__data-ifeval] epoch 7: loss 2.1668 over 87 blocks [FILE] /home/exx/Workspace/dllm-meta/run_train_mlp.py
[YUKAI][DEBUG][train_version:200] [feat-attn_last_geo_conf__conf-fresh__norm-rank__loss-decay_within_h__data-ifeval] epoch 8: loss 2.1642 over 87 blocks [FILE] /home/exx/Workspace/dllm-meta/run_train_mlp.py
[YUKAI][DEBUG][train_version:200] [feat-attn_last_geo_conf__conf-fresh__norm-rank__loss-decay_within_h__data-ifeval] epoch 9: loss 2.1620 over 87 blocks [FILE] /home/exx/Workspace/dllm-meta/run_train_mlp.py
[YUKAI][DEBUG][train_version:216] [feat-attn_last_geo_conf__conf-fresh__norm-rank__loss-decay_within_h__data-ifeval] saved routers_e2e_instruct/feat-attn_last_geo_conf__conf-fresh__norm-rank__loss-decay_within_h__data-ifeval.pt recall_holdout={'ifeval': '0.786 (n=5271)'} [FILE] /home/exx/Workspace/dllm-meta/run_train_mlp.py
[YUKAI][DEBUG][train_version:200] [feat-attn_last_geo_conf__conf-fresh__norm-rank__loss-decay_within_h__data-mix] epoch 0: loss 2.4817 over 192 blocks [FILE] /home/exx/Workspace/dllm-meta/run_train_mlp.py
[YUKAI][DEBUG][train_version:200] [feat-attn_last_geo_conf__conf-fresh__norm-rank__loss-decay_within_h__data-mix] epoch 1: loss 2.0634 over 192 blocks [FILE] /home/exx/Workspace/dllm-meta/run_train_mlp.py
[YUKAI][DEBUG][train_version:200] [feat-attn_last_geo_conf__conf-fresh__norm-rank__loss-decay_within_h__data-mix] epoch 2: loss 2.0497 over 192 blocks [FILE] /home/exx/Workspace/dllm-meta/run_train_mlp.py
[YUKAI][DEBUG][train_version:200] [feat-attn_last_geo_conf__conf-fresh__norm-rank__loss-decay_within_h__data-mix] epoch 3: loss 2.0416 over 192 blocks [FILE] /home/exx/Workspace/dllm-meta/run_train_mlp.py
[YUKAI][DEBUG][train_version:200] [feat-attn_last_geo_conf__conf-fresh__norm-rank__loss-decay_within_h__data-mix] epoch 4: loss 2.0365 over 192 blocks [FILE] /home/exx/Workspace/dllm-meta/run_train_mlp.py
[YUKAI][DEBUG][train_version:200] [feat-attn_last_geo_conf__conf-fresh__norm-rank__loss-decay_within_h__data-mix] epoch 5: loss 2.0322 over 192 blocks [FILE] /home/exx/Workspace/dllm-meta/run_train_mlp.py
[YUKAI][DEBUG][train_version:200] [feat-attn_last_geo_conf__conf-fresh__norm-rank__loss-decay_within_h__data-mix] epoch 6: loss 2.0241 over 192 blocks [FILE] /home/exx/Workspace/dllm-meta/run_train_mlp.py
[YUKAI][DEBUG][train_version:200] [feat-attn_last_geo_conf__conf-fresh__norm-rank__loss-decay_within_h__data-mix] epoch 7: loss 2.0028 over 192 blocks [FILE] /home/exx/Workspace/dllm-meta/run_train_mlp.py
[YUKAI][DEBUG][train_version:200] [feat-attn_last_geo_conf__conf-fresh__norm-rank__loss-decay_within_h__data-mix] epoch 8: loss 1.9875 over 192 blocks [FILE] /home/exx/Workspace/dllm-meta/run_train_mlp.py
[YUKAI][DEBUG][train_version:200] [feat-attn_last_geo_conf__conf-fresh__norm-rank__loss-decay_within_h__data-mix] epoch 9: loss 1.9762 over 192 blocks [FILE] /home/exx/Workspace/dllm-meta/run_train_mlp.py
[YUKAI][DEBUG][train_version:216] [feat-attn_last_geo_conf__conf-fresh__norm-rank__loss-decay_within_h__data-mix] saved routers_e2e_instruct/feat-attn_last_geo_conf__conf-fresh__norm-rank__loss-decay_within_h__data-mix.pt recall_holdout={'gsm8k': '0.970 (n=6526)', 'ifeval': '0.812 (n=5271)'} [FILE] /home/exx/Workspace/dllm-meta/run_train_mlp.py
[YUKAI][DEBUG][train_version:200] [feat-attn_last_geo_conf__conf-fresh__norm-rank__loss-plackett_luce__data-gsm8k] epoch 0: loss 1.8323 over 105 blocks [FILE] /home/exx/Workspace/dllm-meta/run_train_mlp.py
[YUKAI][DEBUG][train_version:200] [feat-attn_last_geo_conf__conf-fresh__norm-rank__loss-plackett_luce__data-gsm8k] epoch 1: loss 0.4382 over 105 blocks [FILE] /home/exx/Workspace/dllm-meta/run_train_mlp.py
[YUKAI][DEBUG][train_version:200] [feat-attn_last_geo_conf__conf-fresh__norm-rank__loss-plackett_luce__data-gsm8k] epoch 2: loss 0.4040 over 105 blocks [FILE] /home/exx/Workspace/dllm-meta/run_train_mlp.py
[YUKAI][DEBUG][train_version:200] [feat-attn_last_geo_conf__conf-fresh__norm-rank__loss-plackett_luce__data-gsm8k] epoch 3: loss 0.3903 over 105 blocks [FILE] /home/exx/Workspace/dllm-meta/run_train_mlp.py
[YUKAI][DEBUG][train_version:200] [feat-attn_last_geo_conf__conf-fresh__norm-rank__loss-plackett_luce__data-gsm8k] epoch 4: loss 0.3785 over 105 blocks [FILE] /home/exx/Workspace/dllm-meta/run_train_mlp.py
[YUKAI][DEBUG][train_version:200] [feat-attn_last_geo_conf__conf-fresh__norm-rank__loss-plackett_luce__data-gsm8k] epoch 5: loss 0.3683 over 105 blocks [FILE] /home/exx/Workspace/dllm-meta/run_train_mlp.py
[YUKAI][DEBUG][train_version:200] [feat-attn_last_geo_conf__conf-fresh__norm-rank__loss-plackett_luce__data-gsm8k] epoch 6: loss 0.3596 over 105 blocks [FILE] /home/exx/Workspace/dllm-meta/run_train_mlp.py
[YUKAI][DEBUG][train_version:200] [feat-attn_last_geo_conf__conf-fresh__norm-rank__loss-plackett_luce__data-gsm8k] epoch 7: loss 0.3526 over 105 blocks [FILE] /home/exx/Workspace/dllm-meta/run_train_mlp.py
[YUKAI][DEBUG][train_version:200] [feat-attn_last_geo_conf__conf-fresh__norm-rank__loss-plackett_luce__data-gsm8k] epoch 8: loss 0.3473 over 105 blocks [FILE] /home/exx/Workspace/dllm-meta/run_train_mlp.py
[YUKAI][DEBUG][train_version:200] [feat-attn_last_geo_conf__conf-fresh__norm-rank__loss-plackett_luce__data-gsm8k] epoch 9: loss 0.3433 over 105 blocks [FILE] /home/exx/Workspace/dllm-meta/run_train_mlp.py
[YUKAI][DEBUG][train_version:216] [feat-attn_last_geo_conf__conf-fresh__norm-rank__loss-plackett_luce__data-gsm8k] saved routers_e2e_instruct/feat-attn_last_geo_conf__conf-fresh__norm-rank__loss-plackett_luce__data-gsm8k.pt recall_holdout={'gsm8k': '0.979 (n=6526)'} [FILE] /home/exx/Workspace/dllm-meta/run_train_mlp.py
[YUKAI][DEBUG][train_version:200] [feat-attn_last_geo_conf__conf-fresh__norm-rank__loss-plackett_luce__data-ifeval] epoch 0: loss 2.6076 over 87 blocks [FILE] /home/exx/Workspace/dllm-meta/run_train_mlp.py
[YUKAI][DEBUG][train_version:200] [feat-attn_last_geo_conf__conf-fresh__norm-rank__loss-plackett_luce__data-ifeval] epoch 1: loss 1.4464 over 87 blocks [FILE] /home/exx/Workspace/dllm-meta/run_train_mlp.py
[YUKAI][DEBUG][train_version:200] [feat-attn_last_geo_conf__conf-fresh__norm-rank__loss-plackett_luce__data-ifeval] epoch 2: loss 1.4108 over 87 blocks [FILE] /home/exx/Workspace/dllm-meta/run_train_mlp.py
[YUKAI][DEBUG][train_version:200] [feat-attn_last_geo_conf__conf-fresh__norm-rank__loss-plackett_luce__data-ifeval] epoch 3: loss 1.3718 over 87 blocks [FILE] /home/exx/Workspace/dllm-meta/run_train_mlp.py
[YUKAI][DEBUG][train_version:200] [feat-attn_last_geo_conf__conf-fresh__norm-rank__loss-plackett_luce__data-ifeval] epoch 4: loss 1.3354 over 87 blocks [FILE] /home/exx/Workspace/dllm-meta/run_train_mlp.py
[YUKAI][DEBUG][train_version:200] [feat-attn_last_geo_conf__conf-fresh__norm-rank__loss-plackett_luce__data-ifeval] epoch 5: loss 1.3169 over 87 blocks [FILE] /home/exx/Workspace/dllm-meta/run_train_mlp.py
[YUKAI][DEBUG][train_version:200] [feat-attn_last_geo_conf__conf-fresh__norm-rank__loss-plackett_luce__data-ifeval] epoch 6: loss 1.3045 over 87 blocks [FILE] /home/exx/Workspace/dllm-meta/run_train_mlp.py
[YUKAI][DEBUG][train_version:200] [feat-attn_last_geo_conf__conf-fresh__norm-rank__loss-plackett_luce__data-ifeval] epoch 7: loss 1.2936 over 87 blocks [FILE] /home/exx/Workspace/dllm-meta/run_train_mlp.py
[YUKAI][DEBUG][train_version:200] [feat-attn_last_geo_conf__conf-fresh__norm-rank__loss-plackett_luce__data-ifeval] epoch 8: loss 1.2829 over 87 blocks [FILE] /home/exx/Workspace/dllm-meta/run_train_mlp.py
[YUKAI][DEBUG][train_version:200] [feat-attn_last_geo_conf__conf-fresh__norm-rank__loss-plackett_luce__data-ifeval] epoch 9: loss 1.2725 over 87 blocks [FILE] /home/exx/Workspace/dllm-meta/run_train_mlp.py
[YUKAI][DEBUG][train_version:216] [feat-attn_last_geo_conf__conf-fresh__norm-rank__loss-plackett_luce__data-ifeval] saved routers_e2e_instruct/feat-attn_last_geo_conf__conf-fresh__norm-rank__loss-plackett_luce__data-ifeval.pt recall_holdout={'ifeval': '0.820 (n=5271)'} [FILE] /home/exx/Workspace/dllm-meta/run_train_mlp.py
[YUKAI][DEBUG][train_version:200] [feat-attn_last_geo_conf__conf-fresh__norm-rank__loss-plackett_luce__data-mix] epoch 0: loss 1.7714 over 192 blocks [FILE] /home/exx/Workspace/dllm-meta/run_train_mlp.py
[YUKAI][DEBUG][train_version:200] [feat-attn_last_geo_conf__conf-fresh__norm-rank__loss-plackett_luce__data-mix] epoch 1: loss 0.9937 over 192 blocks [FILE] /home/exx/Workspace/dllm-meta/run_train_mlp.py
[YUKAI][DEBUG][train_version:200] [feat-attn_last_geo_conf__conf-fresh__norm-rank__loss-plackett_luce__data-mix] epoch 2: loss 0.9554 over 192 blocks [FILE] /home/exx/Workspace/dllm-meta/run_train_mlp.py
[YUKAI][DEBUG][train_version:200] [feat-attn_last_geo_conf__conf-fresh__norm-rank__loss-plackett_luce__data-mix] epoch 3: loss 0.9255 over 192 blocks [FILE] /home/exx/Workspace/dllm-meta/run_train_mlp.py
[YUKAI][DEBUG][train_version:200] [feat-attn_last_geo_conf__conf-fresh__norm-rank__loss-plackett_luce__data-mix] epoch 4: loss 0.9013 over 192 blocks [FILE] /home/exx/Workspace/dllm-meta/run_train_mlp.py
[YUKAI][DEBUG][train_version:200] [feat-attn_last_geo_conf__conf-fresh__norm-rank__loss-plackett_luce__data-mix] epoch 5: loss 0.8826 over 192 blocks [FILE] /home/exx/Workspace/dllm-meta/run_train_mlp.py
[YUKAI][DEBUG][train_version:200] [feat-attn_last_geo_conf__conf-fresh__norm-rank__loss-plackett_luce__data-mix] epoch 6: loss 0.8684 over 192 blocks [FILE] /home/exx/Workspace/dllm-meta/run_train_mlp.py
[YUKAI][DEBUG][train_version:200] [feat-attn_last_geo_conf__conf-fresh__norm-rank__loss-plackett_luce__data-mix] epoch 7: loss 0.8561 over 192 blocks [FILE] /home/exx/Workspace/dllm-meta/run_train_mlp.py
[YUKAI][DEBUG][train_version:200] [feat-attn_last_geo_conf__conf-fresh__norm-rank__loss-plackett_luce__data-mix] epoch 8: loss 0.8445 over 192 blocks [FILE] /home/exx/Workspace/dllm-meta/run_train_mlp.py
[YUKAI][DEBUG][train_version:200] [feat-attn_last_geo_conf__conf-fresh__norm-rank__loss-plackett_luce__data-mix] epoch 9: loss 0.8331 over 192 blocks [FILE] /home/exx/Workspace/dllm-meta/run_train_mlp.py
[YUKAI][DEBUG][train_version:216] [feat-attn_last_geo_conf__conf-fresh__norm-rank__loss-plackett_luce__data-mix] saved routers_e2e_instruct/feat-attn_last_geo_conf__conf-fresh__norm-rank__loss-plackett_luce__data-mix.pt recall_holdout={'gsm8k': '0.974 (n=6526)', 'ifeval': '0.821 (n=5271)'} [FILE] /home/exx/Workspace/dllm-meta/run_train_mlp.py
[YUKAI][DEBUG][train_version:200] [feat-attn_last_geo_conf__conf-fresh__norm-softmax_attn__loss-decay_within_h__data-gsm8k] epoch 0: loss 2.8294 over 105 blocks [FILE] /home/exx/Workspace/dllm-meta/run_train_mlp.py
[YUKAI][DEBUG][train_version:200] [feat-attn_last_geo_conf__conf-fresh__norm-softmax_attn__loss-decay_within_h__data-gsm8k] epoch 1: loss 1.9392 over 105 blocks [FILE] /home/exx/Workspace/dllm-meta/run_train_mlp.py
[YUKAI][DEBUG][train_version:200] [feat-attn_last_geo_conf__conf-fresh__norm-softmax_attn__loss-decay_within_h__data-gsm8k] epoch 2: loss 1.8939 over 105 blocks [FILE] /home/exx/Workspace/dllm-meta/run_train_mlp.py
[YUKAI][DEBUG][train_version:200] [feat-attn_last_geo_conf__conf-fresh__norm-softmax_attn__loss-decay_within_h__data-gsm8k] epoch 3: loss 1.8482 over 105 blocks [FILE] /home/exx/Workspace/dllm-meta/run_train_mlp.py
[YUKAI][DEBUG][train_version:200] [feat-attn_last_geo_conf__conf-fresh__norm-softmax_attn__loss-decay_within_h__data-gsm8k] epoch 4: loss 1.8072 over 105 blocks [FILE] /home/exx/Workspace/dllm-meta/run_train_mlp.py
[YUKAI][DEBUG][train_version:200] [feat-attn_last_geo_conf__conf-fresh__norm-softmax_attn__loss-decay_within_h__data-gsm8k] epoch 5: loss 1.7689 over 105 blocks [FILE] /home/exx/Workspace/dllm-meta/run_train_mlp.py
[YUKAI][DEBUG][train_version:200] [feat-attn_last_geo_conf__conf-fresh__norm-softmax_attn__loss-decay_within_h__data-gsm8k] epoch 6: loss 1.7332 over 105 blocks [FILE] /home/exx/Workspace/dllm-meta/run_train_mlp.py
[YUKAI][DEBUG][train_version:200] [feat-attn_last_geo_conf__conf-fresh__norm-softmax_attn__loss-decay_within_h__data-gsm8k] epoch 7: loss 1.7103 over 105 blocks [FILE] /home/exx/Workspace/dllm-meta/run_train_mlp.py
[YUKAI][DEBUG][train_version:200] [feat-attn_last_geo_conf__conf-fresh__norm-softmax_attn__loss-decay_within_h__data-gsm8k] epoch 8: loss 1.6865 over 105 blocks [FILE] /home/exx/Workspace/dllm-meta/run_train_mlp.py
[YUKAI][DEBUG][train_version:200] [feat-attn_last_geo_conf__conf-fresh__norm-softmax_attn__loss-decay_within_h__data-gsm8k] epoch 9: loss 1.6775 over 105 blocks [FILE] /home/exx/Workspace/dllm-meta/run_train_mlp.py
[YUKAI][DEBUG][train_version:216] [feat-attn_last_geo_conf__conf-fresh__norm-softmax_attn__loss-decay_within_h__data-gsm8k] saved routers_e2e_instruct/feat-attn_last_geo_conf__conf-fresh__norm-softmax_attn__loss-decay_within_h__data-gsm8k.pt recall_holdout={'gsm8k': '0.980 (n=6526)'} [FILE] /home/exx/Workspace/dllm-meta/run_train_mlp.py
[YUKAI][DEBUG][train_version:200] [feat-attn_last_geo_conf__conf-fresh__norm-softmax_attn__loss-decay_within_h__data-ifeval] epoch 0: loss 3.2086 over 87 blocks [FILE] /home/exx/Workspace/dllm-meta/run_train_mlp.py
[YUKAI][DEBUG][train_version:200] [feat-attn_last_geo_conf__conf-fresh__norm-softmax_attn__loss-decay_within_h__data-ifeval] epoch 1: loss 2.2403 over 87 blocks [FILE] /home/exx/Workspace/dllm-meta/run_train_mlp.py
[YUKAI][DEBUG][train_version:200] [feat-attn_last_geo_conf__conf-fresh__norm-softmax_attn__loss-decay_within_h__data-ifeval] epoch 2: loss 2.1882 over 87 blocks [FILE] /home/exx/Workspace/dllm-meta/run_train_mlp.py
[YUKAI][DEBUG][train_version:200] [feat-attn_last_geo_conf__conf-fresh__norm-softmax_attn__loss-decay_within_h__data-ifeval] epoch 3: loss 2.1504 over 87 blocks [FILE] /home/exx/Workspace/dllm-meta/run_train_mlp.py
[YUKAI][DEBUG][train_version:200] [feat-attn_last_geo_conf__conf-fresh__norm-softmax_attn__loss-decay_within_h__data-ifeval] epoch 4: loss 2.1219 over 87 blocks [FILE] /home/exx/Workspace/dllm-meta/run_train_mlp.py
[YUKAI][DEBUG][train_version:200] [feat-attn_last_geo_conf__conf-fresh__norm-softmax_attn__loss-decay_within_h__data-ifeval] epoch 5: loss 2.0985 over 87 blocks [FILE] /home/exx/Workspace/dllm-meta/run_train_mlp.py
[YUKAI][DEBUG][train_version:200] [feat-attn_last_geo_conf__conf-fresh__norm-softmax_attn__loss-decay_within_h__data-ifeval] epoch 6: loss 2.0791 over 87 blocks [FILE] /home/exx/Workspace/dllm-meta/run_train_mlp.py
[YUKAI][DEBUG][train_version:200] [feat-attn_last_geo_conf__conf-fresh__norm-softmax_attn__loss-decay_within_h__data-ifeval] epoch 7: loss 2.0621 over 87 blocks [FILE] /home/exx/Workspace/dllm-meta/run_train_mlp.py
[YUKAI][DEBUG][train_version:200] [feat-attn_last_geo_conf__conf-fresh__norm-softmax_attn__loss-decay_within_h__data-ifeval] epoch 8: loss 2.0459 over 87 blocks [FILE] /home/exx/Workspace/dllm-meta/run_train_mlp.py
[YUKAI][DEBUG][train_version:200] [feat-attn_last_geo_conf__conf-fresh__norm-softmax_attn__loss-decay_within_h__data-ifeval] epoch 9: loss 2.0294 over 87 blocks [FILE] /home/exx/Workspace/dllm-meta/run_train_mlp.py
[YUKAI][DEBUG][train_version:216] [feat-attn_last_geo_conf__conf-fresh__norm-softmax_attn__loss-decay_within_h__data-ifeval] saved routers_e2e_instruct/feat-attn_last_geo_conf__conf-fresh__norm-softmax_attn__loss-decay_within_h__data-ifeval.pt recall_holdout={'ifeval': '0.815 (n=5271)'} [FILE] /home/exx/Workspace/dllm-meta/run_train_mlp.py
[YUKAI][DEBUG][train_version:200] [feat-attn_last_geo_conf__conf-fresh__norm-softmax_attn__loss-decay_within_h__data-mix] epoch 0: loss 2.5675 over 192 blocks [FILE] /home/exx/Workspace/dllm-meta/run_train_mlp.py
[YUKAI][DEBUG][train_version:200] [feat-attn_last_geo_conf__conf-fresh__norm-softmax_attn__loss-decay_within_h__data-mix] epoch 1: loss 2.0248 over 192 blocks [FILE] /home/exx/Workspace/dllm-meta/run_train_mlp.py
[YUKAI][DEBUG][train_version:200] [feat-attn_last_geo_conf__conf-fresh__norm-softmax_attn__loss-decay_within_h__data-mix] epoch 2: loss 1.9627 over 192 blocks [FILE] /home/exx/Workspace/dllm-meta/run_train_mlp.py
[YUKAI][DEBUG][train_version:200] [feat-attn_last_geo_conf__conf-fresh__norm-softmax_attn__loss-decay_within_h__data-mix] epoch 3: loss 1.9171 over 192 blocks [FILE] /home/exx/Workspace/dllm-meta/run_train_mlp.py
[YUKAI][DEBUG][train_version:200] [feat-attn_last_geo_conf__conf-fresh__norm-softmax_attn__loss-decay_within_h__data-mix] epoch 4: loss 1.8776 over 192 blocks [FILE] /home/exx/Workspace/dllm-meta/run_train_mlp.py
[YUKAI][DEBUG][train_version:200] [feat-attn_last_geo_conf__conf-fresh__norm-softmax_attn__loss-decay_within_h__data-mix] epoch 5: loss 1.8405 over 192 blocks [FILE] /home/exx/Workspace/dllm-meta/run_train_mlp.py
[YUKAI][DEBUG][train_version:200] [feat-attn_last_geo_conf__conf-fresh__norm-softmax_attn__loss-decay_within_h__data-mix] epoch 6: loss 1.8199 over 192 blocks [FILE] /home/exx/Workspace/dllm-meta/run_train_mlp.py
[YUKAI][DEBUG][train_version:200] [feat-attn_last_geo_conf__conf-fresh__norm-softmax_attn__loss-decay_within_h__data-mix] epoch 7: loss 1.8050 over 192 blocks [FILE] /home/exx/Workspace/dllm-meta/run_train_mlp.py
[YUKAI][DEBUG][train_version:200] [feat-attn_last_geo_conf__conf-fresh__norm-softmax_attn__loss-decay_within_h__data-mix] epoch 8: loss 1.7934 over 192 blocks [FILE] /home/exx/Workspace/dllm-meta/run_train_mlp.py
[YUKAI][DEBUG][train_version:200] [feat-attn_last_geo_conf__conf-fresh__norm-softmax_attn__loss-decay_within_h__data-mix] epoch 9: loss 1.7849 over 192 blocks [FILE] /home/exx/Workspace/dllm-meta/run_train_mlp.py
[YUKAI][DEBUG][train_version:216] [feat-attn_last_geo_conf__conf-fresh__norm-softmax_attn__loss-decay_within_h__data-mix] saved routers_e2e_instruct/feat-attn_last_geo_conf__conf-fresh__norm-softmax_attn__loss-decay_within_h__data-mix.pt recall_holdout={'gsm8k': '0.971 (n=6526)', 'ifeval': '0.834 (n=5271)'} [FILE] /home/exx/Workspace/dllm-meta/run_train_mlp.py
[YUKAI][DEBUG][train_version:200] [feat-attn_last_geo_conf__conf-fresh__norm-softmax_attn__loss-plackett_luce__data-gsm8k] epoch 0: loss 2.0657 over 105 blocks [FILE] /home/exx/Workspace/dllm-meta/run_train_mlp.py
[YUKAI][DEBUG][train_version:200] [feat-attn_last_geo_conf__conf-fresh__norm-softmax_attn__loss-plackett_luce__data-gsm8k] epoch 1: loss 0.4061 over 105 blocks [FILE] /home/exx/Workspace/dllm-meta/run_train_mlp.py
[YUKAI][DEBUG][train_version:200] [feat-attn_last_geo_conf__conf-fresh__norm-softmax_attn__loss-plackett_luce__data-gsm8k] epoch 2: loss 0.3833 over 105 blocks [FILE] /home/exx/Workspace/dllm-meta/run_train_mlp.py
[YUKAI][DEBUG][train_version:200] [feat-attn_last_geo_conf__conf-fresh__norm-softmax_attn__loss-plackett_luce__data-gsm8k] epoch 3: loss 0.3757 over 105 blocks [FILE] /home/exx/Workspace/dllm-meta/run_train_mlp.py
[YUKAI][DEBUG][train_version:200] [feat-attn_last_geo_conf__conf-fresh__norm-softmax_attn__loss-plackett_luce__data-gsm8k] epoch 4: loss 0.3685 over 105 blocks [FILE] /home/exx/Workspace/dllm-meta/run_train_mlp.py
[YUKAI][DEBUG][train_version:200] [feat-attn_last_geo_conf__conf-fresh__norm-softmax_attn__loss-plackett_luce__data-gsm8k] epoch 5: loss 0.3618 over 105 blocks [FILE] /home/exx/Workspace/dllm-meta/run_train_mlp.py
[YUKAI][DEBUG][train_version:200] [feat-attn_last_geo_conf__conf-fresh__norm-softmax_attn__loss-plackett_luce__data-gsm8k] epoch 6: loss 0.3558 over 105 blocks [FILE] /home/exx/Workspace/dllm-meta/run_train_mlp.py
[YUKAI][DEBUG][train_version:200] [feat-attn_last_geo_conf__conf-fresh__norm-softmax_attn__loss-plackett_luce__data-gsm8k] epoch 7: loss 0.3505 over 105 blocks [FILE] /home/exx/Workspace/dllm-meta/run_train_mlp.py
[YUKAI][DEBUG][train_version:200] [feat-attn_last_geo_conf__conf-fresh__norm-softmax_attn__loss-plackett_luce__data-gsm8k] epoch 8: loss 0.3461 over 105 blocks [FILE] /home/exx/Workspace/dllm-meta/run_train_mlp.py
[YUKAI][DEBUG][train_version:200] [feat-attn_last_geo_conf__conf-fresh__norm-softmax_attn__loss-plackett_luce__data-gsm8k] epoch 9: loss 0.3422 over 105 blocks [FILE] /home/exx/Workspace/dllm-meta/run_train_mlp.py
[YUKAI][DEBUG][train_version:216] [feat-attn_last_geo_conf__conf-fresh__norm-softmax_attn__loss-plackett_luce__data-gsm8k] saved routers_e2e_instruct/feat-attn_last_geo_conf__conf-fresh__norm-softmax_attn__loss-plackett_luce__data-gsm8k.pt recall_holdout={'gsm8k': '0.981 (n=6526)'} [FILE] /home/exx/Workspace/dllm-meta/run_train_mlp.py
[YUKAI][DEBUG][train_version:200] [feat-attn_last_geo_conf__conf-fresh__norm-softmax_attn__loss-plackett_luce__data-ifeval] epoch 0: loss 2.8603 over 87 blocks [FILE] /home/exx/Workspace/dllm-meta/run_train_mlp.py
[YUKAI][DEBUG][train_version:200] [feat-attn_last_geo_conf__conf-fresh__norm-softmax_attn__loss-plackett_luce__data-ifeval] epoch 1: loss 1.4502 over 87 blocks [FILE] /home/exx/Workspace/dllm-meta/run_train_mlp.py
[YUKAI][DEBUG][train_version:200] [feat-attn_last_geo_conf__conf-fresh__norm-softmax_attn__loss-plackett_luce__data-ifeval] epoch 2: loss 1.4146 over 87 blocks [FILE] /home/exx/Workspace/dllm-meta/run_train_mlp.py
[YUKAI][DEBUG][train_version:200] [feat-attn_last_geo_conf__conf-fresh__norm-softmax_attn__loss-plackett_luce__data-ifeval] epoch 3: loss 1.3703 over 87 blocks [FILE] /home/exx/Workspace/dllm-meta/run_train_mlp.py
[YUKAI][DEBUG][train_version:200] [feat-attn_last_geo_conf__conf-fresh__norm-softmax_attn__loss-plackett_luce__data-ifeval] epoch 4: loss 1.3312 over 87 blocks [FILE] /home/exx/Workspace/dllm-meta/run_train_mlp.py
[YUKAI][DEBUG][train_version:200] [feat-attn_last_geo_conf__conf-fresh__norm-softmax_attn__loss-plackett_luce__data-ifeval] epoch 5: loss 1.3055 over 87 blocks [FILE] /home/exx/Workspace/dllm-meta/run_train_mlp.py
[YUKAI][DEBUG][train_version:200] [feat-attn_last_geo_conf__conf-fresh__norm-softmax_attn__loss-plackett_luce__data-ifeval] epoch 6: loss 1.2850 over 87 blocks [FILE] /home/exx/Workspace/dllm-meta/run_train_mlp.py
[YUKAI][DEBUG][train_version:200] [feat-attn_last_geo_conf__conf-fresh__norm-softmax_attn__loss-plackett_luce__data-ifeval] epoch 7: loss 1.2672 over 87 blocks [FILE] /home/exx/Workspace/dllm-meta/run_train_mlp.py
[YUKAI][DEBUG][train_version:200] [feat-attn_last_geo_conf__conf-fresh__norm-softmax_attn__loss-plackett_luce__data-ifeval] epoch 8: loss 1.2518 over 87 blocks [FILE] /home/exx/Workspace/dllm-meta/run_train_mlp.py
[YUKAI][DEBUG][train_version:200] [feat-attn_last_geo_conf__conf-fresh__norm-softmax_attn__loss-plackett_luce__data-ifeval] epoch 9: loss 1.2388 over 87 blocks [FILE] /home/exx/Workspace/dllm-meta/run_train_mlp.py
[YUKAI][DEBUG][train_version:216] [feat-attn_last_geo_conf__conf-fresh__norm-softmax_attn__loss-plackett_luce__data-ifeval] saved routers_e2e_instruct/feat-attn_last_geo_conf__conf-fresh__norm-softmax_attn__loss-plackett_luce__data-ifeval.pt recall_holdout={'ifeval': '0.831 (n=5271)'} [FILE] /home/exx/Workspace/dllm-meta/run_train_mlp.py
[YUKAI][DEBUG][train_version:200] [feat-attn_last_geo_conf__conf-fresh__norm-softmax_attn__loss-plackett_luce__data-mix] epoch 0: loss 1.8794 over 192 blocks [FILE] /home/exx/Workspace/dllm-meta/run_train_mlp.py
[YUKAI][DEBUG][train_version:200] [feat-attn_last_geo_conf__conf-fresh__norm-softmax_attn__loss-plackett_luce__data-mix] epoch 1: loss 0.9772 over 192 blocks [FILE] /home/exx/Workspace/dllm-meta/run_train_mlp.py
[YUKAI][DEBUG][train_version:200] [feat-attn_last_geo_conf__conf-fresh__norm-softmax_attn__loss-plackett_luce__data-mix] epoch 2: loss 0.9529 over 192 blocks [FILE] /home/exx/Workspace/dllm-meta/run_train_mlp.py
[YUKAI][DEBUG][train_version:200] [feat-attn_last_geo_conf__conf-fresh__norm-softmax_attn__loss-plackett_luce__data-mix] epoch 3: loss 0.9301 over 192 blocks [FILE] /home/exx/Workspace/dllm-meta/run_train_mlp.py
[YUKAI][DEBUG][train_version:200] [feat-attn_last_geo_conf__conf-fresh__norm-softmax_attn__loss-plackett_luce__data-mix] epoch 4: loss 0.9062 over 192 blocks [FILE] /home/exx/Workspace/dllm-meta/run_train_mlp.py
[YUKAI][DEBUG][train_version:200] [feat-attn_last_geo_conf__conf-fresh__norm-softmax_attn__loss-plackett_luce__data-mix] epoch 5: loss 0.8829 over 192 blocks [FILE] /home/exx/Workspace/dllm-meta/run_train_mlp.py
[YUKAI][DEBUG][train_version:200] [feat-attn_last_geo_conf__conf-fresh__norm-softmax_attn__loss-plackett_luce__data-mix] epoch 6: loss 0.8575 over 192 blocks [FILE] /home/exx/Workspace/dllm-meta/run_train_mlp.py
[YUKAI][DEBUG][train_version:200] [feat-attn_last_geo_conf__conf-fresh__norm-softmax_attn__loss-plackett_luce__data-mix] epoch 7: loss 0.8311 over 192 blocks [FILE] /home/exx/Workspace/dllm-meta/run_train_mlp.py
[YUKAI][DEBUG][train_version:200] [feat-attn_last_geo_conf__conf-fresh__norm-softmax_attn__loss-plackett_luce__data-mix] epoch 8: loss 0.8126 over 192 blocks [FILE] /home/exx/Workspace/dllm-meta/run_train_mlp.py
[YUKAI][DEBUG][train_version:200] [feat-attn_last_geo_conf__conf-fresh__norm-softmax_attn__loss-plackett_luce__data-mix] epoch 9: loss 0.7982 over 192 blocks [FILE] /home/exx/Workspace/dllm-meta/run_train_mlp.py
[YUKAI][DEBUG][train_version:216] [feat-attn_last_geo_conf__conf-fresh__norm-softmax_attn__loss-plackett_luce__data-mix] saved routers_e2e_instruct/feat-attn_last_geo_conf__conf-fresh__norm-softmax_attn__loss-plackett_luce__data-mix.pt recall_holdout={'gsm8k': '0.978 (n=6526)', 'ifeval': '0.835 (n=5271)'} [FILE] /home/exx/Workspace/dllm-meta/run_train_mlp.py
[YUKAI][DEBUG][train_version:200] [feat-attn_last_geo_conf__conf-aged__norm-rank__loss-decay_within_h__data-gsm8k] epoch 0: loss 2.7162 over 105 blocks [FILE] /home/exx/Workspace/dllm-meta/run_train_mlp.py
[YUKAI][DEBUG][train_version:200] [feat-attn_last_geo_conf__conf-aged__norm-rank__loss-decay_within_h__data-gsm8k] epoch 1: loss 1.9836 over 105 blocks [FILE] /home/exx/Workspace/dllm-meta/run_train_mlp.py
[YUKAI][DEBUG][train_version:200] [feat-attn_last_geo_conf__conf-aged__norm-rank__loss-decay_within_h__data-gsm8k] epoch 2: loss 1.9648 over 105 blocks [FILE] /home/exx/Workspace/dllm-meta/run_train_mlp.py
[YUKAI][DEBUG][train_version:200] [feat-attn_last_geo_conf__conf-aged__norm-rank__loss-decay_within_h__data-gsm8k] epoch 3: loss 1.9564 over 105 blocks [FILE] /home/exx/Workspace/dllm-meta/run_train_mlp.py
[YUKAI][DEBUG][train_version:200] [feat-attn_last_geo_conf__conf-aged__norm-rank__loss-decay_within_h__data-gsm8k] epoch 4: loss 1.9475 over 105 blocks [FILE] /home/exx/Workspace/dllm-meta/run_train_mlp.py
[YUKAI][DEBUG][train_version:200] [feat-attn_last_geo_conf__conf-aged__norm-rank__loss-decay_within_h__data-gsm8k] epoch 5: loss 1.9371 over 105 blocks [FILE] /home/exx/Workspace/dllm-meta/run_train_mlp.py
[YUKAI][DEBUG][train_version:200] [feat-attn_last_geo_conf__conf-aged__norm-rank__loss-decay_within_h__data-gsm8k] epoch 6: loss 1.9289 over 105 blocks [FILE] /home/exx/Workspace/dllm-meta/run_train_mlp.py
[YUKAI][DEBUG][train_version:200] [feat-attn_last_geo_conf__conf-aged__norm-rank__loss-decay_within_h__data-gsm8k] epoch 7: loss 1.9185 over 105 blocks [FILE] /home/exx/Workspace/dllm-meta/run_train_mlp.py
[YUKAI][DEBUG][train_version:200] [feat-attn_last_geo_conf__conf-aged__norm-rank__loss-decay_within_h__data-gsm8k] epoch 8: loss 1.9087 over 105 blocks [FILE] /home/exx/Workspace/dllm-meta/run_train_mlp.py
[YUKAI][DEBUG][train_version:200] [feat-attn_last_geo_conf__conf-aged__norm-rank__loss-decay_within_h__data-gsm8k] epoch 9: loss 1.8953 over 105 blocks [FILE] /home/exx/Workspace/dllm-meta/run_train_mlp.py
[YUKAI][DEBUG][train_version:216] [feat-attn_last_geo_conf__conf-aged__norm-rank__loss-decay_within_h__data-gsm8k] saved routers_e2e_instruct/feat-attn_last_geo_conf__conf-aged__norm-rank__loss-decay_within_h__data-gsm8k.pt recall_holdout={'gsm8k': '0.953 (n=6526)'} [FILE] /home/exx/Workspace/dllm-meta/run_train_mlp.py
[YUKAI][DEBUG][train_version:200] [feat-attn_last_geo_conf__conf-aged__norm-rank__loss-decay_within_h__data-ifeval] epoch 0: loss 3.0746 over 87 blocks [FILE] /home/exx/Workspace/dllm-meta/run_train_mlp.py
[YUKAI][DEBUG][train_version:200] [feat-attn_last_geo_conf__conf-aged__norm-rank__loss-decay_within_h__data-ifeval] epoch 1: loss 2.2749 over 87 blocks [FILE] /home/exx/Workspace/dllm-meta/run_train_mlp.py
[YUKAI][DEBUG][train_version:200] [feat-attn_last_geo_conf__conf-aged__norm-rank__loss-decay_within_h__data-ifeval] epoch 2: loss 2.2477 over 87 blocks [FILE] /home/exx/Workspace/dllm-meta/run_train_mlp.py
[YUKAI][DEBUG][train_version:200] [feat-attn_last_geo_conf__conf-aged__norm-rank__loss-decay_within_h__data-ifeval] epoch 3: loss 2.2248 over 87 blocks [FILE] /home/exx/Workspace/dllm-meta/run_train_mlp.py
[YUKAI][DEBUG][train_version:200] [feat-attn_last_geo_conf__conf-aged__norm-rank__loss-decay_within_h__data-ifeval] epoch 4: loss 2.2023 over 87 blocks [FILE] /home/exx/Workspace/dllm-meta/run_train_mlp.py
[YUKAI][DEBUG][train_version:200] [feat-attn_last_geo_conf__conf-aged__norm-rank__loss-decay_within_h__data-ifeval] epoch 5: loss 2.1901 over 87 blocks [FILE] /home/exx/Workspace/dllm-meta/run_train_mlp.py
[YUKAI][DEBUG][train_version:200] [feat-attn_last_geo_conf__conf-aged__norm-rank__loss-decay_within_h__data-ifeval] epoch 6: loss 2.1845 over 87 blocks [FILE] /home/exx/Workspace/dllm-meta/run_train_mlp.py
[YUKAI][DEBUG][train_version:200] [feat-attn_last_geo_conf__conf-aged__norm-rank__loss-decay_within_h__data-ifeval] epoch 7: loss 2.1783 over 87 blocks [FILE] /home/exx/Workspace/dllm-meta/run_train_mlp.py
[YUKAI][DEBUG][train_version:200] [feat-attn_last_geo_conf__conf-aged__norm-rank__loss-decay_within_h__data-ifeval] epoch 8: loss 2.1725 over 87 blocks [FILE] /home/exx/Workspace/dllm-meta/run_train_mlp.py
[YUKAI][DEBUG][train_version:200] [feat-attn_last_geo_conf__conf-aged__norm-rank__loss-decay_within_h__data-ifeval] epoch 9: loss 2.1680 over 87 blocks [FILE] /home/exx/Workspace/dllm-meta/run_train_mlp.py
[YUKAI][DEBUG][train_version:216] [feat-attn_last_geo_conf__conf-aged__norm-rank__loss-decay_within_h__data-ifeval] saved routers_e2e_instruct/feat-attn_last_geo_conf__conf-aged__norm-rank__loss-decay_within_h__data-ifeval.pt recall_holdout={'ifeval': '0.776 (n=5271)'} [FILE] /home/exx/Workspace/dllm-meta/run_train_mlp.py
[YUKAI][DEBUG][train_version:200] [feat-attn_last_geo_conf__conf-aged__norm-rank__loss-decay_within_h__data-mix] epoch 0: loss 2.5230 over 192 blocks [FILE] /home/exx/Workspace/dllm-meta/run_train_mlp.py
[YUKAI][DEBUG][train_version:200] [feat-attn_last_geo_conf__conf-aged__norm-rank__loss-decay_within_h__data-mix] epoch 1: loss 2.0981 over 192 blocks [FILE] /home/exx/Workspace/dllm-meta/run_train_mlp.py
[YUKAI][DEBUG][train_version:200] [feat-attn_last_geo_conf__conf-aged__norm-rank__loss-decay_within_h__data-mix] epoch 2: loss 2.0696 over 192 blocks [FILE] /home/exx/Workspace/dllm-meta/run_train_mlp.py
[YUKAI][DEBUG][train_version:200] [feat-attn_last_geo_conf__conf-aged__norm-rank__loss-decay_within_h__data-mix] epoch 3: loss 2.0491 over 192 blocks [FILE] /home/exx/Workspace/dllm-meta/run_train_mlp.py
[YUKAI][DEBUG][train_version:200] [feat-attn_last_geo_conf__conf-aged__norm-rank__loss-decay_within_h__data-mix] epoch 4: loss 2.0371 over 192 blocks [FILE] /home/exx/Workspace/dllm-meta/run_train_mlp.py
[YUKAI][DEBUG][train_version:200] [feat-attn_last_geo_conf__conf-aged__norm-rank__loss-decay_within_h__data-mix] epoch 5: loss 2.0273 over 192 blocks [FILE] /home/exx/Workspace/dllm-meta/run_train_mlp.py
[YUKAI][DEBUG][train_version:200] [feat-attn_last_geo_conf__conf-aged__norm-rank__loss-decay_within_h__data-mix] epoch 6: loss 2.0151 over 192 blocks [FILE] /home/exx/Workspace/dllm-meta/run_train_mlp.py
[YUKAI][DEBUG][train_version:200] [feat-attn_last_geo_conf__conf-aged__norm-rank__loss-decay_within_h__data-mix] epoch 7: loss 2.0002 over 192 blocks [FILE] /home/exx/Workspace/dllm-meta/run_train_mlp.py
[YUKAI][DEBUG][train_version:200] [feat-attn_last_geo_conf__conf-aged__norm-rank__loss-decay_within_h__data-mix] epoch 8: loss 1.9841 over 192 blocks [FILE] /home/exx/Workspace/dllm-meta/run_train_mlp.py
[YUKAI][DEBUG][train_version:200] [feat-attn_last_geo_conf__conf-aged__norm-rank__loss-decay_within_h__data-mix] epoch 9: loss 1.9688 over 192 blocks [FILE] /home/exx/Workspace/dllm-meta/run_train_mlp.py
[YUKAI][DEBUG][train_version:216] [feat-attn_last_geo_conf__conf-aged__norm-rank__loss-decay_within_h__data-mix] saved routers_e2e_instruct/feat-attn_last_geo_conf__conf-aged__norm-rank__loss-decay_within_h__data-mix.pt recall_holdout={'gsm8k': '0.961 (n=6526)', 'ifeval': '0.806 (n=5271)'} [FILE] /home/exx/Workspace/dllm-meta/run_train_mlp.py
[YUKAI][DEBUG][train_version:200] [feat-attn_last_geo_conf__conf-aged__norm-rank__loss-plackett_luce__data-gsm8k] epoch 0: loss 1.9950 over 105 blocks [FILE] /home/exx/Workspace/dllm-meta/run_train_mlp.py
[YUKAI][DEBUG][train_version:200] [feat-attn_last_geo_conf__conf-aged__norm-rank__loss-plackett_luce__data-gsm8k] epoch 1: loss 0.6009 over 105 blocks [FILE] /home/exx/Workspace/dllm-meta/run_train_mlp.py
[YUKAI][DEBUG][train_version:200] [feat-attn_last_geo_conf__conf-aged__norm-rank__loss-plackett_luce__data-gsm8k] epoch 2: loss 0.5137 over 105 blocks [FILE] /home/exx/Workspace/dllm-meta/run_train_mlp.py
[YUKAI][DEBUG][train_version:200] [feat-attn_last_geo_conf__conf-aged__norm-rank__loss-plackett_luce__data-gsm8k] epoch 3: loss 0.4866 over 105 blocks [FILE] /home/exx/Workspace/dllm-meta/run_train_mlp.py
[YUKAI][DEBUG][train_version:200] [feat-attn_last_geo_conf__conf-aged__norm-rank__loss-plackett_luce__data-gsm8k] epoch 4: loss 0.4699 over 105 blocks [FILE] /home/exx/Workspace/dllm-meta/run_train_mlp.py
[YUKAI][DEBUG][train_version:200] [feat-attn_last_geo_conf__conf-aged__norm-rank__loss-plackett_luce__data-gsm8k] epoch 5: loss 0.4588 over 105 blocks [FILE] /home/exx/Workspace/dllm-meta/run_train_mlp.py
[YUKAI][DEBUG][train_version:200] [feat-attn_last_geo_conf__conf-aged__norm-rank__loss-plackett_luce__data-gsm8k] epoch 6: loss 0.4505 over 105 blocks [FILE] /home/exx/Workspace/dllm-meta/run_train_mlp.py
[YUKAI][DEBUG][train_version:200] [feat-attn_last_geo_conf__conf-aged__norm-rank__loss-plackett_luce__data-gsm8k] epoch 7: loss 0.4432 over 105 blocks [FILE] /home/exx/Workspace/dllm-meta/run_train_mlp.py
[YUKAI][DEBUG][train_version:200] [feat-attn_last_geo_conf__conf-aged__norm-rank__loss-plackett_luce__data-gsm8k] epoch 8: loss 0.4363 over 105 blocks [FILE] /home/exx/Workspace/dllm-meta/run_train_mlp.py
[YUKAI][DEBUG][train_version:200] [feat-attn_last_geo_conf__conf-aged__norm-rank__loss-plackett_luce__data-gsm8k] epoch 9: loss 0.4308 over 105 blocks [FILE] /home/exx/Workspace/dllm-meta/run_train_mlp.py
[YUKAI][DEBUG][train_version:216] [feat-attn_last_geo_conf__conf-aged__norm-rank__loss-plackett_luce__data-gsm8k] saved routers_e2e_instruct/feat-attn_last_geo_conf__conf-aged__norm-rank__loss-plackett_luce__data-gsm8k.pt recall_holdout={'gsm8k': '0.979 (n=6526)'} [FILE] /home/exx/Workspace/dllm-meta/run_train_mlp.py
[YUKAI][DEBUG][train_version:200] [feat-attn_last_geo_conf__conf-aged__norm-rank__loss-plackett_luce__data-ifeval] epoch 0: loss 2.7337 over 87 blocks [FILE] /home/exx/Workspace/dllm-meta/run_train_mlp.py
[YUKAI][DEBUG][train_version:200] [feat-attn_last_geo_conf__conf-aged__norm-rank__loss-plackett_luce__data-ifeval] epoch 1: loss 1.5798 over 87 blocks [FILE] /home/exx/Workspace/dllm-meta/run_train_mlp.py
[YUKAI][DEBUG][train_version:200] [feat-attn_last_geo_conf__conf-aged__norm-rank__loss-plackett_luce__data-ifeval] epoch 2: loss 1.5311 over 87 blocks [FILE] /home/exx/Workspace/dllm-meta/run_train_mlp.py
[YUKAI][DEBUG][train_version:200] [feat-attn_last_geo_conf__conf-aged__norm-rank__loss-plackett_luce__data-ifeval] epoch 3: loss 1.4978 over 87 blocks [FILE] /home/exx/Workspace/dllm-meta/run_train_mlp.py
[YUKAI][DEBUG][train_version:200] [feat-attn_last_geo_conf__conf-aged__norm-rank__loss-plackett_luce__data-ifeval] epoch 4: loss 1.4564 over 87 blocks [FILE] /home/exx/Workspace/dllm-meta/run_train_mlp.py
[YUKAI][DEBUG][train_version:200] [feat-attn_last_geo_conf__conf-aged__norm-rank__loss-plackett_luce__data-ifeval] epoch 5: loss 1.4134 over 87 blocks [FILE] /home/exx/Workspace/dllm-meta/run_train_mlp.py
[YUKAI][DEBUG][train_version:200] [feat-attn_last_geo_conf__conf-aged__norm-rank__loss-plackett_luce__data-ifeval] epoch 6: loss 1.3796 over 87 blocks [FILE] /home/exx/Workspace/dllm-meta/run_train_mlp.py
[YUKAI][DEBUG][train_version:200] [feat-attn_last_geo_conf__conf-aged__norm-rank__loss-plackett_luce__data-ifeval] epoch 7: loss 1.3521 over 87 blocks [FILE] /home/exx/Workspace/dllm-meta/run_train_mlp.py
[YUKAI][DEBUG][train_version:200] [feat-attn_last_geo_conf__conf-aged__norm-rank__loss-plackett_luce__data-ifeval] epoch 8: loss 1.3310 over 87 blocks [FILE] /home/exx/Workspace/dllm-meta/run_train_mlp.py
[YUKAI][DEBUG][train_version:200] [feat-attn_last_geo_conf__conf-aged__norm-rank__loss-plackett_luce__data-ifeval] epoch 9: loss 1.3172 over 87 blocks [FILE] /home/exx/Workspace/dllm-meta/run_train_mlp.py
[YUKAI][DEBUG][train_version:216] [feat-attn_last_geo_conf__conf-aged__norm-rank__loss-plackett_luce__data-ifeval] saved routers_e2e_instruct/feat-attn_last_geo_conf__conf-aged__norm-rank__loss-plackett_luce__data-ifeval.pt recall_holdout={'ifeval': '0.825 (n=5271)'} [FILE] /home/exx/Workspace/dllm-meta/run_train_mlp.py
[YUKAI][DEBUG][train_version:200] [feat-attn_last_geo_conf__conf-aged__norm-rank__loss-plackett_luce__data-mix] epoch 0: loss 1.8338 over 192 blocks [FILE] /home/exx/Workspace/dllm-meta/run_train_mlp.py
[YUKAI][DEBUG][train_version:200] [feat-attn_last_geo_conf__conf-aged__norm-rank__loss-plackett_luce__data-mix] epoch 1: loss 1.0590 over 192 blocks [FILE] /home/exx/Workspace/dllm-meta/run_train_mlp.py
[YUKAI][DEBUG][train_version:200] [feat-attn_last_geo_conf__conf-aged__norm-rank__loss-plackett_luce__data-mix] epoch 2: loss 1.0085 over 192 blocks [FILE] /home/exx/Workspace/dllm-meta/run_train_mlp.py
[YUKAI][DEBUG][train_version:200] [feat-attn_last_geo_conf__conf-aged__norm-rank__loss-plackett_luce__data-mix] epoch 3: loss 0.9751 over 192 blocks [FILE] /home/exx/Workspace/dllm-meta/run_train_mlp.py
[YUKAI][DEBUG][train_version:200] [feat-attn_last_geo_conf__conf-aged__norm-rank__loss-plackett_luce__data-mix] epoch 4: loss 0.9451 over 192 blocks [FILE] /home/exx/Workspace/dllm-meta/run_train_mlp.py
[YUKAI][DEBUG][train_version:200] [feat-attn_last_geo_conf__conf-aged__norm-rank__loss-plackett_luce__data-mix] epoch 5: loss 0.9151 over 192 blocks [FILE] /home/exx/Workspace/dllm-meta/run_train_mlp.py
[YUKAI][DEBUG][train_version:200] [feat-attn_last_geo_conf__conf-aged__norm-rank__loss-plackett_luce__data-mix] epoch 6: loss 0.8910 over 192 blocks [FILE] /home/exx/Workspace/dllm-meta/run_train_mlp.py
[YUKAI][DEBUG][train_version:200] [feat-attn_last_geo_conf__conf-aged__norm-rank__loss-plackett_luce__data-mix] epoch 7: loss 0.8702 over 192 blocks [FILE] /home/exx/Workspace/dllm-meta/run_train_mlp.py
[YUKAI][DEBUG][train_version:200] [feat-attn_last_geo_conf__conf-aged__norm-rank__loss-plackett_luce__data-mix] epoch 8: loss 0.8543 over 192 blocks [FILE] /home/exx/Workspace/dllm-meta/run_train_mlp.py
[YUKAI][DEBUG][train_version:200] [feat-attn_last_geo_conf__conf-aged__norm-rank__loss-plackett_luce__data-mix] epoch 9: loss 0.8407 over 192 blocks [FILE] /home/exx/Workspace/dllm-meta/run_train_mlp.py
[YUKAI][DEBUG][train_version:216] [feat-attn_last_geo_conf__conf-aged__norm-rank__loss-plackett_luce__data-mix] saved routers_e2e_instruct/feat-attn_last_geo_conf__conf-aged__norm-rank__loss-plackett_luce__data-mix.pt recall_holdout={'gsm8k': '0.980 (n=6526)', 'ifeval': '0.846 (n=5271)'} [FILE] /home/exx/Workspace/dllm-meta/run_train_mlp.py
[YUKAI][DEBUG][train_version:200] [feat-attn_last_geo_conf__conf-aged__norm-softmax_attn__loss-decay_within_h__data-gsm8k] epoch 0: loss 2.8996 over 105 blocks [FILE] /home/exx/Workspace/dllm-meta/run_train_mlp.py
[YUKAI][DEBUG][train_version:200] [feat-attn_last_geo_conf__conf-aged__norm-softmax_attn__loss-decay_within_h__data-gsm8k] epoch 1: loss 1.9864 over 105 blocks [FILE] /home/exx/Workspace/dllm-meta/run_train_mlp.py
[YUKAI][DEBUG][train_version:200] [feat-attn_last_geo_conf__conf-aged__norm-softmax_attn__loss-decay_within_h__data-gsm8k] epoch 2: loss 1.9135 over 105 blocks [FILE] /home/exx/Workspace/dllm-meta/run_train_mlp.py
[YUKAI][DEBUG][train_version:200] [feat-attn_last_geo_conf__conf-aged__norm-softmax_attn__loss-decay_within_h__data-gsm8k] epoch 3: loss 1.8514 over 105 blocks [FILE] /home/exx/Workspace/dllm-meta/run_train_mlp.py
[YUKAI][DEBUG][train_version:200] [feat-attn_last_geo_conf__conf-aged__norm-softmax_attn__loss-decay_within_h__data-gsm8k] epoch 4: loss 1.7796 over 105 blocks [FILE] /home/exx/Workspace/dllm-meta/run_train_mlp.py
[YUKAI][DEBUG][train_version:200] [feat-attn_last_geo_conf__conf-aged__norm-softmax_attn__loss-decay_within_h__data-gsm8k] epoch 5: loss 1.7479 over 105 blocks [FILE] /home/exx/Workspace/dllm-meta/run_train_mlp.py
[YUKAI][DEBUG][train_version:200] [feat-attn_last_geo_conf__conf-aged__norm-softmax_attn__loss-decay_within_h__data-gsm8k] epoch 6: loss 1.7230 over 105 blocks [FILE] /home/exx/Workspace/dllm-meta/run_train_mlp.py
[YUKAI][DEBUG][train_version:200] [feat-attn_last_geo_conf__conf-aged__norm-softmax_attn__loss-decay_within_h__data-gsm8k] epoch 7: loss 1.7007 over 105 blocks [FILE] /home/exx/Workspace/dllm-meta/run_train_mlp.py
[YUKAI][DEBUG][train_version:200] [feat-attn_last_geo_conf__conf-aged__norm-softmax_attn__loss-decay_within_h__data-gsm8k] epoch 8: loss 1.6799 over 105 blocks [FILE] /home/exx/Workspace/dllm-meta/run_train_mlp.py
[YUKAI][DEBUG][train_version:200] [feat-attn_last_geo_conf__conf-aged__norm-softmax_attn__loss-decay_within_h__data-gsm8k] epoch 9: loss 1.6586 over 105 blocks [FILE] /home/exx/Workspace/dllm-meta/run_train_mlp.py
[YUKAI][DEBUG][train_version:216] [feat-attn_last_geo_conf__conf-aged__norm-softmax_attn__loss-decay_within_h__data-gsm8k] saved routers_e2e_instruct/feat-attn_last_geo_conf__conf-aged__norm-softmax_attn__loss-decay_within_h__data-gsm8k.pt recall_holdout={'gsm8k': '0.981 (n=6526)'} [FILE] /home/exx/Workspace/dllm-meta/run_train_mlp.py
[YUKAI][DEBUG][train_version:200] [feat-attn_last_geo_conf__conf-aged__norm-softmax_attn__loss-decay_within_h__data-ifeval] epoch 0: loss 3.2815 over 87 blocks [FILE] /home/exx/Workspace/dllm-meta/run_train_mlp.py
[YUKAI][DEBUG][train_version:200] [feat-attn_last_geo_conf__conf-aged__norm-softmax_attn__loss-decay_within_h__data-ifeval] epoch 1: loss 2.3158 over 87 blocks [FILE] /home/exx/Workspace/dllm-meta/run_train_mlp.py
[YUKAI][DEBUG][train_version:200] [feat-attn_last_geo_conf__conf-aged__norm-softmax_attn__loss-decay_within_h__data-ifeval] epoch 2: loss 2.2606 over 87 blocks [FILE] /home/exx/Workspace/dllm-meta/run_train_mlp.py
[YUKAI][DEBUG][train_version:200] [feat-attn_last_geo_conf__conf-aged__norm-softmax_attn__loss-decay_within_h__data-ifeval] epoch 3: loss 2.2026 over 87 blocks [FILE] /home/exx/Workspace/dllm-meta/run_train_mlp.py
[YUKAI][DEBUG][train_version:200] [feat-attn_last_geo_conf__conf-aged__norm-softmax_attn__loss-decay_within_h__data-ifeval] epoch 4: loss 2.1472 over 87 blocks [FILE] /home/exx/Workspace/dllm-meta/run_train_mlp.py
[YUKAI][DEBUG][train_version:200] [feat-attn_last_geo_conf__conf-aged__norm-softmax_attn__loss-decay_within_h__data-ifeval] epoch 5: loss 2.1094 over 87 blocks [FILE] /home/exx/Workspace/dllm-meta/run_train_mlp.py
[YUKAI][DEBUG][train_version:200] [feat-attn_last_geo_conf__conf-aged__norm-softmax_attn__loss-decay_within_h__data-ifeval] epoch 6: loss 2.0840 over 87 blocks [FILE] /home/exx/Workspace/dllm-meta/run_train_mlp.py
[YUKAI][DEBUG][train_version:200] [feat-attn_last_geo_conf__conf-aged__norm-softmax_attn__loss-decay_within_h__data-ifeval] epoch 7: loss 2.0641 over 87 blocks [FILE] /home/exx/Workspace/dllm-meta/run_train_mlp.py
[YUKAI][DEBUG][train_version:200] [feat-attn_last_geo_conf__conf-aged__norm-softmax_attn__loss-decay_within_h__data-ifeval] epoch 8: loss 2.0480 over 87 blocks [FILE] /home/exx/Workspace/dllm-meta/run_train_mlp.py
[YUKAI][DEBUG][train_version:200] [feat-attn_last_geo_conf__conf-aged__norm-softmax_attn__loss-decay_within_h__data-ifeval] epoch 9: loss 2.0335 over 87 blocks [FILE] /home/exx/Workspace/dllm-meta/run_train_mlp.py
[YUKAI][DEBUG][train_version:216] [feat-attn_last_geo_conf__conf-aged__norm-softmax_attn__loss-decay_within_h__data-ifeval] saved routers_e2e_instruct/feat-attn_last_geo_conf__conf-aged__norm-softmax_attn__loss-decay_within_h__data-ifeval.pt recall_holdout={'ifeval': '0.820 (n=5271)'} [FILE] /home/exx/Workspace/dllm-meta/run_train_mlp.py
[YUKAI][DEBUG][train_version:200] [feat-attn_last_geo_conf__conf-aged__norm-softmax_attn__loss-decay_within_h__data-mix] epoch 0: loss 2.6378 over 192 blocks [FILE] /home/exx/Workspace/dllm-meta/run_train_mlp.py
[YUKAI][DEBUG][train_version:200] [feat-attn_last_geo_conf__conf-aged__norm-softmax_attn__loss-decay_within_h__data-mix] epoch 1: loss 2.0678 over 192 blocks [FILE] /home/exx/Workspace/dllm-meta/run_train_mlp.py
[YUKAI][DEBUG][train_version:200] [feat-attn_last_geo_conf__conf-aged__norm-softmax_attn__loss-decay_within_h__data-mix] epoch 2: loss 1.9688 over 192 blocks [FILE] /home/exx/Workspace/dllm-meta/run_train_mlp.py
[YUKAI][DEBUG][train_version:200] [feat-attn_last_geo_conf__conf-aged__norm-softmax_attn__loss-decay_within_h__data-mix] epoch 3: loss 1.9034 over 192 blocks [FILE] /home/exx/Workspace/dllm-meta/run_train_mlp.py
[YUKAI][DEBUG][train_version:200] [feat-attn_last_geo_conf__conf-aged__norm-softmax_attn__loss-decay_within_h__data-mix] epoch 4: loss 1.8717 over 192 blocks [FILE] /home/exx/Workspace/dllm-meta/run_train_mlp.py
[YUKAI][DEBUG][train_version:200] [feat-attn_last_geo_conf__conf-aged__norm-softmax_attn__loss-decay_within_h__data-mix] epoch 5: loss 1.8501 over 192 blocks [FILE] /home/exx/Workspace/dllm-meta/run_train_mlp.py
[YUKAI][DEBUG][train_version:200] [feat-attn_last_geo_conf__conf-aged__norm-softmax_attn__loss-decay_within_h__data-mix] epoch 6: loss 1.8303 over 192 blocks [FILE] /home/exx/Workspace/dllm-meta/run_train_mlp.py
[YUKAI][DEBUG][train_version:200] [feat-attn_last_geo_conf__conf-aged__norm-softmax_attn__loss-decay_within_h__data-mix] epoch 7: loss 1.8118 over 192 blocks [FILE] /home/exx/Workspace/dllm-meta/run_train_mlp.py
[YUKAI][DEBUG][train_version:200] [feat-attn_last_geo_conf__conf-aged__norm-softmax_attn__loss-decay_within_h__data-mix] epoch 8: loss 1.7950 over 192 blocks [FILE] /home/exx/Workspace/dllm-meta/run_train_mlp.py
[YUKAI][DEBUG][train_version:200] [feat-attn_last_geo_conf__conf-aged__norm-softmax_attn__loss-decay_within_h__data-mix] epoch 9: loss 1.7806 over 192 blocks [FILE] /home/exx/Workspace/dllm-meta/run_train_mlp.py
[YUKAI][DEBUG][train_version:216] [feat-attn_last_geo_conf__conf-aged__norm-softmax_attn__loss-decay_within_h__data-mix] saved routers_e2e_instruct/feat-attn_last_geo_conf__conf-aged__norm-softmax_attn__loss-decay_within_h__data-mix.pt recall_holdout={'gsm8k': '0.964 (n=6526)', 'ifeval': '0.827 (n=5271)'} [FILE] /home/exx/Workspace/dllm-meta/run_train_mlp.py
[YUKAI][DEBUG][train_version:200] [feat-attn_last_geo_conf__conf-aged__norm-softmax_attn__loss-plackett_luce__data-gsm8k] epoch 0: loss 2.3422 over 105 blocks [FILE] /home/exx/Workspace/dllm-meta/run_train_mlp.py
[YUKAI][DEBUG][train_version:200] [feat-attn_last_geo_conf__conf-aged__norm-softmax_attn__loss-plackett_luce__data-gsm8k] epoch 1: loss 0.6497 over 105 blocks [FILE] /home/exx/Workspace/dllm-meta/run_train_mlp.py
[YUKAI][DEBUG][train_version:200] [feat-attn_last_geo_conf__conf-aged__norm-softmax_attn__loss-plackett_luce__data-gsm8k] epoch 2: loss 0.4817 over 105 blocks [FILE] /home/exx/Workspace/dllm-meta/run_train_mlp.py
[YUKAI][DEBUG][train_version:200] [feat-attn_last_geo_conf__conf-aged__norm-softmax_attn__loss-plackett_luce__data-gsm8k] epoch 3: loss 0.4472 over 105 blocks [FILE] /home/exx/Workspace/dllm-meta/run_train_mlp.py
[YUKAI][DEBUG][train_version:200] [feat-attn_last_geo_conf__conf-aged__norm-softmax_attn__loss-plackett_luce__data-gsm8k] epoch 4: loss 0.4319 over 105 blocks [FILE] /home/exx/Workspace/dllm-meta/run_train_mlp.py
[YUKAI][DEBUG][train_version:200] [feat-attn_last_geo_conf__conf-aged__norm-softmax_attn__loss-plackett_luce__data-gsm8k] epoch 5: loss 0.4215 over 105 blocks [FILE] /home/exx/Workspace/dllm-meta/run_train_mlp.py
[YUKAI][DEBUG][train_version:200] [feat-attn_last_geo_conf__conf-aged__norm-softmax_attn__loss-plackett_luce__data-gsm8k] epoch 6: loss 0.4136 over 105 blocks [FILE] /home/exx/Workspace/dllm-meta/run_train_mlp.py
[YUKAI][DEBUG][train_version:200] [feat-attn_last_geo_conf__conf-aged__norm-softmax_attn__loss-plackett_luce__data-gsm8k] epoch 7: loss 0.4079 over 105 blocks [FILE] /home/exx/Workspace/dllm-meta/run_train_mlp.py
[YUKAI][DEBUG][train_version:200] [feat-attn_last_geo_conf__conf-aged__norm-softmax_attn__loss-plackett_luce__data-gsm8k] epoch 8: loss 0.4018 over 105 blocks [FILE] /home/exx/Workspace/dllm-meta/run_train_mlp.py
[YUKAI][DEBUG][train_version:200] [feat-attn_last_geo_conf__conf-aged__norm-softmax_attn__loss-plackett_luce__data-gsm8k] epoch 9: loss 0.3966 over 105 blocks [FILE] /home/exx/Workspace/dllm-meta/run_train_mlp.py
[YUKAI][DEBUG][train_version:216] [feat-attn_last_geo_conf__conf-aged__norm-softmax_attn__loss-plackett_luce__data-gsm8k] saved routers_e2e_instruct/feat-attn_last_geo_conf__conf-aged__norm-softmax_attn__loss-plackett_luce__data-gsm8k.pt recall_holdout={'gsm8k': '0.981 (n=6526)'} [FILE] /home/exx/Workspace/dllm-meta/run_train_mlp.py
[YUKAI][DEBUG][train_version:200] [feat-attn_last_geo_conf__conf-aged__norm-softmax_attn__loss-plackett_luce__data-ifeval] epoch 0: loss 3.0386 over 87 blocks [FILE] /home/exx/Workspace/dllm-meta/run_train_mlp.py
[YUKAI][DEBUG][train_version:200] [feat-attn_last_geo_conf__conf-aged__norm-softmax_attn__loss-plackett_luce__data-ifeval] epoch 1: loss 1.6326 over 87 blocks [FILE] /home/exx/Workspace/dllm-meta/run_train_mlp.py
[YUKAI][DEBUG][train_version:200] [feat-attn_last_geo_conf__conf-aged__norm-softmax_attn__loss-plackett_luce__data-ifeval] epoch 2: loss 1.4932 over 87 blocks [FILE] /home/exx/Workspace/dllm-meta/run_train_mlp.py
[YUKAI][DEBUG][train_version:200] [feat-attn_last_geo_conf__conf-aged__norm-softmax_attn__loss-plackett_luce__data-ifeval] epoch 3: loss 1.4272 over 87 blocks [FILE] /home/exx/Workspace/dllm-meta/run_train_mlp.py
[YUKAI][DEBUG][train_version:200] [feat-attn_last_geo_conf__conf-aged__norm-softmax_attn__loss-plackett_luce__data-ifeval] epoch 4: loss 1.3851 over 87 blocks [FILE] /home/exx/Workspace/dllm-meta/run_train_mlp.py
[YUKAI][DEBUG][train_version:200] [feat-attn_last_geo_conf__conf-aged__norm-softmax_attn__loss-plackett_luce__data-ifeval] epoch 5: loss 1.3607 over 87 blocks [FILE] /home/exx/Workspace/dllm-meta/run_train_mlp.py
[YUKAI][DEBUG][train_version:200] [feat-attn_last_geo_conf__conf-aged__norm-softmax_attn__loss-plackett_luce__data-ifeval] epoch 6: loss 1.3437 over 87 blocks [FILE] /home/exx/Workspace/dllm-meta/run_train_mlp.py
[YUKAI][DEBUG][train_version:200] [feat-attn_last_geo_conf__conf-aged__norm-softmax_attn__loss-plackett_luce__data-ifeval] epoch 7: loss 1.3276 over 87 blocks [FILE] /home/exx/Workspace/dllm-meta/run_train_mlp.py
[YUKAI][DEBUG][train_version:200] [feat-attn_last_geo_conf__conf-aged__norm-softmax_attn__loss-plackett_luce__data-ifeval] epoch 8: loss 1.3106 over 87 blocks [FILE] /home/exx/Workspace/dllm-meta/run_train_mlp.py
[YUKAI][DEBUG][train_version:200] [feat-attn_last_geo_conf__conf-aged__norm-softmax_attn__loss-plackett_luce__data-ifeval] epoch 9: loss 1.2929 over 87 blocks [FILE] /home/exx/Workspace/dllm-meta/run_train_mlp.py
[YUKAI][DEBUG][train_version:216] [feat-attn_last_geo_conf__conf-aged__norm-softmax_attn__loss-plackett_luce__data-ifeval] saved routers_e2e_instruct/feat-attn_last_geo_conf__conf-aged__norm-softmax_attn__loss-plackett_luce__data-ifeval.pt recall_holdout={'ifeval': '0.843 (n=5271)'} [FILE] /home/exx/Workspace/dllm-meta/run_train_mlp.py
[YUKAI][DEBUG][train_version:200] [feat-attn_last_geo_conf__conf-aged__norm-softmax_attn__loss-plackett_luce__data-mix] epoch 0: loss 2.0303 over 192 blocks [FILE] /home/exx/Workspace/dllm-meta/run_train_mlp.py
[YUKAI][DEBUG][train_version:200] [feat-attn_last_geo_conf__conf-aged__norm-softmax_attn__loss-plackett_luce__data-mix] epoch 1: loss 1.0185 over 192 blocks [FILE] /home/exx/Workspace/dllm-meta/run_train_mlp.py
[YUKAI][DEBUG][train_version:200] [feat-attn_last_geo_conf__conf-aged__norm-softmax_attn__loss-plackett_luce__data-mix] epoch 2: loss 0.9592 over 192 blocks [FILE] /home/exx/Workspace/dllm-meta/run_train_mlp.py
[YUKAI][DEBUG][train_version:200] [feat-attn_last_geo_conf__conf-aged__norm-softmax_attn__loss-plackett_luce__data-mix] epoch 3: loss 0.9160 over 192 blocks [FILE] /home/exx/Workspace/dllm-meta/run_train_mlp.py
[YUKAI][DEBUG][train_version:200] [feat-attn_last_geo_conf__conf-aged__norm-softmax_attn__loss-plackett_luce__data-mix] epoch 4: loss 0.8823 over 192 blocks [FILE] /home/exx/Workspace/dllm-meta/run_train_mlp.py
[YUKAI][DEBUG][train_version:200] [feat-attn_last_geo_conf__conf-aged__norm-softmax_attn__loss-plackett_luce__data-mix] epoch 5: loss 0.8486 over 192 blocks [FILE] /home/exx/Workspace/dllm-meta/run_train_mlp.py
[YUKAI][DEBUG][train_version:200] [feat-attn_last_geo_conf__conf-aged__norm-softmax_attn__loss-plackett_luce__data-mix] epoch 6: loss 0.8200 over 192 blocks [FILE] /home/exx/Workspace/dllm-meta/run_train_mlp.py
[YUKAI][DEBUG][train_version:200] [feat-attn_last_geo_conf__conf-aged__norm-softmax_attn__loss-plackett_luce__data-mix] epoch 7: loss 0.8015 over 192 blocks [FILE] /home/exx/Workspace/dllm-meta/run_train_mlp.py
[YUKAI][DEBUG][train_version:200] [feat-attn_last_geo_conf__conf-aged__norm-softmax_attn__loss-plackett_luce__data-mix] epoch 8: loss 0.7884 over 192 blocks [FILE] /home/exx/Workspace/dllm-meta/run_train_mlp.py
[YUKAI][DEBUG][train_version:200] [feat-attn_last_geo_conf__conf-aged__norm-softmax_attn__loss-plackett_luce__data-mix] epoch 9: loss 0.7766 over 192 blocks [FILE] /home/exx/Workspace/dllm-meta/run_train_mlp.py
[YUKAI][DEBUG][train_version:216] [feat-attn_last_geo_conf__conf-aged__norm-softmax_attn__loss-plackett_luce__data-mix] saved routers_e2e_instruct/feat-attn_last_geo_conf__conf-aged__norm-softmax_attn__loss-plackett_luce__data-mix.pt recall_holdout={'gsm8k': '0.981 (n=6526)', 'ifeval': '0.839 (n=5271)'} [FILE] /home/exx/Workspace/dllm-meta/run_train_mlp.py
[YUKAI][DEBUG][train_version:200] [feat-attn_last_geo__conf-none__norm-rank__loss-decay_within_h__data-gsm8k] epoch 0: loss 2.7709 over 105 blocks [FILE] /home/exx/Workspace/dllm-meta/run_train_mlp.py
[YUKAI][DEBUG][train_version:200] [feat-attn_last_geo__conf-none__norm-rank__loss-decay_within_h__data-gsm8k] epoch 1: loss 1.9876 over 105 blocks [FILE] /home/exx/Workspace/dllm-meta/run_train_mlp.py
[YUKAI][DEBUG][train_version:200] [feat-attn_last_geo__conf-none__norm-rank__loss-decay_within_h__data-gsm8k] epoch 2: loss 1.9785 over 105 blocks [FILE] /home/exx/Workspace/dllm-meta/run_train_mlp.py
[YUKAI][DEBUG][train_version:200] [feat-attn_last_geo__conf-none__norm-rank__loss-decay_within_h__data-gsm8k] epoch 3: loss 1.9734 over 105 blocks [FILE] /home/exx/Workspace/dllm-meta/run_train_mlp.py
[YUKAI][DEBUG][train_version:200] [feat-attn_last_geo__conf-none__norm-rank__loss-decay_within_h__data-gsm8k] epoch 4: loss 1.9685 over 105 blocks [FILE] /home/exx/Workspace/dllm-meta/run_train_mlp.py
[YUKAI][DEBUG][train_version:200] [feat-attn_last_geo__conf-none__norm-rank__loss-decay_within_h__data-gsm8k] epoch 5: loss 1.9617 over 105 blocks [FILE] /home/exx/Workspace/dllm-meta/run_train_mlp.py
[YUKAI][DEBUG][train_version:200] [feat-attn_last_geo__conf-none__norm-rank__loss-decay_within_h__data-gsm8k] epoch 6: loss 1.9520 over 105 blocks [FILE] /home/exx/Workspace/dllm-meta/run_train_mlp.py
[YUKAI][DEBUG][train_version:200] [feat-attn_last_geo__conf-none__norm-rank__loss-decay_within_h__data-gsm8k] epoch 7: loss 1.9449 over 105 blocks [FILE] /home/exx/Workspace/dllm-meta/run_train_mlp.py
[YUKAI][DEBUG][train_version:200] [feat-attn_last_geo__conf-none__norm-rank__loss-decay_within_h__data-gsm8k] epoch 8: loss 1.9342 over 105 blocks [FILE] /home/exx/Workspace/dllm-meta/run_train_mlp.py
[YUKAI][DEBUG][train_version:200] [feat-attn_last_geo__conf-none__norm-rank__loss-decay_within_h__data-gsm8k] epoch 9: loss 1.9180 over 105 blocks [FILE] /home/exx/Workspace/dllm-meta/run_train_mlp.py
[YUKAI][DEBUG][train_version:216] [feat-attn_last_geo__conf-none__norm-rank__loss-decay_within_h__data-gsm8k] saved routers_e2e_instruct/feat-attn_last_geo__conf-none__norm-rank__loss-decay_within_h__data-gsm8k.pt recall_holdout={'gsm8k': '0.944 (n=6526)'} [FILE] /home/exx/Workspace/dllm-meta/run_train_mlp.py
[YUKAI][DEBUG][train_version:200] [feat-attn_last_geo__conf-none__norm-rank__loss-decay_within_h__data-ifeval] epoch 0: loss 3.1217 over 87 blocks [FILE] /home/exx/Workspace/dllm-meta/run_train_mlp.py
[YUKAI][DEBUG][train_version:200] [feat-attn_last_geo__conf-none__norm-rank__loss-decay_within_h__data-ifeval] epoch 1: loss 2.2883 over 87 blocks [FILE] /home/exx/Workspace/dllm-meta/run_train_mlp.py
[YUKAI][DEBUG][train_version:200] [feat-attn_last_geo__conf-none__norm-rank__loss-decay_within_h__data-ifeval] epoch 2: loss 2.2471 over 87 blocks [FILE] /home/exx/Workspace/dllm-meta/run_train_mlp.py
[YUKAI][DEBUG][train_version:200] [feat-attn_last_geo__conf-none__norm-rank__loss-decay_within_h__data-ifeval] epoch 3: loss 2.2201 over 87 blocks [FILE] /home/exx/Workspace/dllm-meta/run_train_mlp.py
[YUKAI][DEBUG][train_version:200] [feat-attn_last_geo__conf-none__norm-rank__loss-decay_within_h__data-ifeval] epoch 4: loss 2.2097 over 87 blocks [FILE] /home/exx/Workspace/dllm-meta/run_train_mlp.py
[YUKAI][DEBUG][train_version:200] [feat-attn_last_geo__conf-none__norm-rank__loss-decay_within_h__data-ifeval] epoch 5: loss 2.2051 over 87 blocks [FILE] /home/exx/Workspace/dllm-meta/run_train_mlp.py
[YUKAI][DEBUG][train_version:200] [feat-attn_last_geo__conf-none__norm-rank__loss-decay_within_h__data-ifeval] epoch 6: loss 2.2020 over 87 blocks [FILE] /home/exx/Workspace/dllm-meta/run_train_mlp.py
[YUKAI][DEBUG][train_version:200] [feat-attn_last_geo__conf-none__norm-rank__loss-decay_within_h__data-ifeval] epoch 7: loss 2.1993 over 87 blocks [FILE] /home/exx/Workspace/dllm-meta/run_train_mlp.py
[YUKAI][DEBUG][train_version:200] [feat-attn_last_geo__conf-none__norm-rank__loss-decay_within_h__data-ifeval] epoch 8: loss 2.1969 over 87 blocks [FILE] /home/exx/Workspace/dllm-meta/run_train_mlp.py
[YUKAI][DEBUG][train_version:200] [feat-attn_last_geo__conf-none__norm-rank__loss-decay_within_h__data-ifeval] epoch 9: loss 2.1945 over 87 blocks [FILE] /home/exx/Workspace/dllm-meta/run_train_mlp.py
[YUKAI][DEBUG][train_version:216] [feat-attn_last_geo__conf-none__norm-rank__loss-decay_within_h__data-ifeval] saved routers_e2e_instruct/feat-attn_last_geo__conf-none__norm-rank__loss-decay_within_h__data-ifeval.pt recall_holdout={'ifeval': '0.785 (n=5271)'} [FILE] /home/exx/Workspace/dllm-meta/run_train_mlp.py
[YUKAI][DEBUG][train_version:200] [feat-attn_last_geo__conf-none__norm-rank__loss-decay_within_h__data-mix] epoch 0: loss 2.5593 over 192 blocks [FILE] /home/exx/Workspace/dllm-meta/run_train_mlp.py
[YUKAI][DEBUG][train_version:200] [feat-attn_last_geo__conf-none__norm-rank__loss-decay_within_h__data-mix] epoch 1: loss 2.1031 over 192 blocks [FILE] /home/exx/Workspace/dllm-meta/run_train_mlp.py
[YUKAI][DEBUG][train_version:200] [feat-attn_last_geo__conf-none__norm-rank__loss-decay_within_h__data-mix] epoch 2: loss 2.0786 over 192 blocks [FILE] /home/exx/Workspace/dllm-meta/run_train_mlp.py
[YUKAI][DEBUG][train_version:200] [feat-attn_last_geo__conf-none__norm-rank__loss-decay_within_h__data-mix] epoch 3: loss 2.0705 over 192 blocks [FILE] /home/exx/Workspace/dllm-meta/run_train_mlp.py
[YUKAI][DEBUG][train_version:200] [feat-attn_last_geo__conf-none__norm-rank__loss-decay_within_h__data-mix] epoch 4: loss 2.0667 over 192 blocks [FILE] /home/exx/Workspace/dllm-meta/run_train_mlp.py
[YUKAI][DEBUG][train_version:200] [feat-attn_last_geo__conf-none__norm-rank__loss-decay_within_h__data-mix] epoch 5: loss 2.0629 over 192 blocks [FILE] /home/exx/Workspace/dllm-meta/run_train_mlp.py
[YUKAI][DEBUG][train_version:200] [feat-attn_last_geo__conf-none__norm-rank__loss-decay_within_h__data-mix] epoch 6: loss 2.0566 over 192 blocks [FILE] /home/exx/Workspace/dllm-meta/run_train_mlp.py
[YUKAI][DEBUG][train_version:200] [feat-attn_last_geo__conf-none__norm-rank__loss-decay_within_h__data-mix] epoch 7: loss 2.0393 over 192 blocks [FILE] /home/exx/Workspace/dllm-meta/run_train_mlp.py
[YUKAI][DEBUG][train_version:200] [feat-attn_last_geo__conf-none__norm-rank__loss-decay_within_h__data-mix] epoch 8: loss 2.0120 over 192 blocks [FILE] /home/exx/Workspace/dllm-meta/run_train_mlp.py
[YUKAI][DEBUG][train_version:200] [feat-attn_last_geo__conf-none__norm-rank__loss-decay_within_h__data-mix] epoch 9: loss 1.9943 over 192 blocks [FILE] /home/exx/Workspace/dllm-meta/run_train_mlp.py
[YUKAI][DEBUG][train_version:216] [feat-attn_last_geo__conf-none__norm-rank__loss-decay_within_h__data-mix] saved routers_e2e_instruct/feat-attn_last_geo__conf-none__norm-rank__loss-decay_within_h__data-mix.pt recall_holdout={'gsm8k': '0.970 (n=6526)', 'ifeval': '0.819 (n=5271)'} [FILE] /home/exx/Workspace/dllm-meta/run_train_mlp.py
[YUKAI][DEBUG][train_version:200] [feat-attn_last_geo__conf-none__norm-rank__loss-plackett_luce__data-gsm8k] epoch 0: loss 2.0648 over 105 blocks [FILE] /home/exx/Workspace/dllm-meta/run_train_mlp.py
[YUKAI][DEBUG][train_version:200] [feat-attn_last_geo__conf-none__norm-rank__loss-plackett_luce__data-gsm8k] epoch 1: loss 0.5552 over 105 blocks [FILE] /home/exx/Workspace/dllm-meta/run_train_mlp.py
[YUKAI][DEBUG][train_version:200] [feat-attn_last_geo__conf-none__norm-rank__loss-plackett_luce__data-gsm8k] epoch 2: loss 0.5003 over 105 blocks [FILE] /home/exx/Workspace/dllm-meta/run_train_mlp.py
[YUKAI][DEBUG][train_version:200] [feat-attn_last_geo__conf-none__norm-rank__loss-plackett_luce__data-gsm8k] epoch 3: loss 0.4785 over 105 blocks [FILE] /home/exx/Workspace/dllm-meta/run_train_mlp.py
[YUKAI][DEBUG][train_version:200] [feat-attn_last_geo__conf-none__norm-rank__loss-plackett_luce__data-gsm8k] epoch 4: loss 0.4647 over 105 blocks [FILE] /home/exx/Workspace/dllm-meta/run_train_mlp.py
[YUKAI][DEBUG][train_version:200] [feat-attn_last_geo__conf-none__norm-rank__loss-plackett_luce__data-gsm8k] epoch 5: loss 0.4557 over 105 blocks [FILE] /home/exx/Workspace/dllm-meta/run_train_mlp.py
[YUKAI][DEBUG][train_version:200] [feat-attn_last_geo__conf-none__norm-rank__loss-plackett_luce__data-gsm8k] epoch 6: loss 0.4491 over 105 blocks [FILE] /home/exx/Workspace/dllm-meta/run_train_mlp.py
[YUKAI][DEBUG][train_version:200] [feat-attn_last_geo__conf-none__norm-rank__loss-plackett_luce__data-gsm8k] epoch 7: loss 0.4436 over 105 blocks [FILE] /home/exx/Workspace/dllm-meta/run_train_mlp.py
[YUKAI][DEBUG][train_version:200] [feat-attn_last_geo__conf-none__norm-rank__loss-plackett_luce__data-gsm8k] epoch 8: loss 0.4386 over 105 blocks [FILE] /home/exx/Workspace/dllm-meta/run_train_mlp.py
[YUKAI][DEBUG][train_version:200] [feat-attn_last_geo__conf-none__norm-rank__loss-plackett_luce__data-gsm8k] epoch 9: loss 0.4337 over 105 blocks [FILE] /home/exx/Workspace/dllm-meta/run_train_mlp.py
[YUKAI][DEBUG][train_version:216] [feat-attn_last_geo__conf-none__norm-rank__loss-plackett_luce__data-gsm8k] saved routers_e2e_instruct/feat-attn_last_geo__conf-none__norm-rank__loss-plackett_luce__data-gsm8k.pt recall_holdout={'gsm8k': '0.981 (n=6526)'} [FILE] /home/exx/Workspace/dllm-meta/run_train_mlp.py
[YUKAI][DEBUG][train_version:200] [feat-attn_last_geo__conf-none__norm-rank__loss-plackett_luce__data-ifeval] epoch 0: loss 2.7780 over 87 blocks [FILE] /home/exx/Workspace/dllm-meta/run_train_mlp.py
[YUKAI][DEBUG][train_version:200] [feat-attn_last_geo__conf-none__norm-rank__loss-plackett_luce__data-ifeval] epoch 1: loss 1.5517 over 87 blocks [FILE] /home/exx/Workspace/dllm-meta/run_train_mlp.py
[YUKAI][DEBUG][train_version:200] [feat-attn_last_geo__conf-none__norm-rank__loss-plackett_luce__data-ifeval] epoch 2: loss 1.5011 over 87 blocks [FILE] /home/exx/Workspace/dllm-meta/run_train_mlp.py
[YUKAI][DEBUG][train_version:200] [feat-attn_last_geo__conf-none__norm-rank__loss-plackett_luce__data-ifeval] epoch 3: loss 1.4377 over 87 blocks [FILE] /home/exx/Workspace/dllm-meta/run_train_mlp.py
[YUKAI][DEBUG][train_version:200] [feat-attn_last_geo__conf-none__norm-rank__loss-plackett_luce__data-ifeval] epoch 4: loss 1.3932 over 87 blocks [FILE] /home/exx/Workspace/dllm-meta/run_train_mlp.py
[YUKAI][DEBUG][train_version:200] [feat-attn_last_geo__conf-none__norm-rank__loss-plackett_luce__data-ifeval] epoch 5: loss 1.3598 over 87 blocks [FILE] /home/exx/Workspace/dllm-meta/run_train_mlp.py
[YUKAI][DEBUG][train_version:200] [feat-attn_last_geo__conf-none__norm-rank__loss-plackett_luce__data-ifeval] epoch 6: loss 1.3358 over 87 blocks [FILE] /home/exx/Workspace/dllm-meta/run_train_mlp.py
[YUKAI][DEBUG][train_version:200] [feat-attn_last_geo__conf-none__norm-rank__loss-plackett_luce__data-ifeval] epoch 7: loss 1.3207 over 87 blocks [FILE] /home/exx/Workspace/dllm-meta/run_train_mlp.py
[YUKAI][DEBUG][train_version:200] [feat-attn_last_geo__conf-none__norm-rank__loss-plackett_luce__data-ifeval] epoch 8: loss 1.3115 over 87 blocks [FILE] /home/exx/Workspace/dllm-meta/run_train_mlp.py
[YUKAI][DEBUG][train_version:200] [feat-attn_last_geo__conf-none__norm-rank__loss-plackett_luce__data-ifeval] epoch 9: loss 1.3053 over 87 blocks [FILE] /home/exx/Workspace/dllm-meta/run_train_mlp.py
[YUKAI][DEBUG][train_version:216] [feat-attn_last_geo__conf-none__norm-rank__loss-plackett_luce__data-ifeval] saved routers_e2e_instruct/feat-attn_last_geo__conf-none__norm-rank__loss-plackett_luce__data-ifeval.pt recall_holdout={'ifeval': '0.825 (n=5271)'} [FILE] /home/exx/Workspace/dllm-meta/run_train_mlp.py
[YUKAI][DEBUG][train_version:200] [feat-attn_last_geo__conf-none__norm-rank__loss-plackett_luce__data-mix] epoch 0: loss 1.9118 over 192 blocks [FILE] /home/exx/Workspace/dllm-meta/run_train_mlp.py
[YUKAI][DEBUG][train_version:200] [feat-attn_last_geo__conf-none__norm-rank__loss-plackett_luce__data-mix] epoch 1: loss 1.0614 over 192 blocks [FILE] /home/exx/Workspace/dllm-meta/run_train_mlp.py
[YUKAI][DEBUG][train_version:200] [feat-attn_last_geo__conf-none__norm-rank__loss-plackett_luce__data-mix] epoch 2: loss 1.0146 over 192 blocks [FILE] /home/exx/Workspace/dllm-meta/run_train_mlp.py
[YUKAI][DEBUG][train_version:200] [feat-attn_last_geo__conf-none__norm-rank__loss-plackett_luce__data-mix] epoch 3: loss 0.9756 over 192 blocks [FILE] /home/exx/Workspace/dllm-meta/run_train_mlp.py
[YUKAI][DEBUG][train_version:200] [feat-attn_last_geo__conf-none__norm-rank__loss-plackett_luce__data-mix] epoch 4: loss 0.9454 over 192 blocks [FILE] /home/exx/Workspace/dllm-meta/run_train_mlp.py
[YUKAI][DEBUG][train_version:200] [feat-attn_last_geo__conf-none__norm-rank__loss-plackett_luce__data-mix] epoch 5: loss 0.9223 over 192 blocks [FILE] /home/exx/Workspace/dllm-meta/run_train_mlp.py
[YUKAI][DEBUG][train_version:200] [feat-attn_last_geo__conf-none__norm-rank__loss-plackett_luce__data-mix] epoch 6: loss 0.9037 over 192 blocks [FILE] /home/exx/Workspace/dllm-meta/run_train_mlp.py
[YUKAI][DEBUG][train_version:200] [feat-attn_last_geo__conf-none__norm-rank__loss-plackett_luce__data-mix] epoch 7: loss 0.8871 over 192 blocks [FILE] /home/exx/Workspace/dllm-meta/run_train_mlp.py
[YUKAI][DEBUG][train_version:200] [feat-attn_last_geo__conf-none__norm-rank__loss-plackett_luce__data-mix] epoch 8: loss 0.8726 over 192 blocks [FILE] /home/exx/Workspace/dllm-meta/run_train_mlp.py
[YUKAI][DEBUG][train_version:200] [feat-attn_last_geo__conf-none__norm-rank__loss-plackett_luce__data-mix] epoch 9: loss 0.8586 over 192 blocks [FILE] /home/exx/Workspace/dllm-meta/run_train_mlp.py
[YUKAI][DEBUG][train_version:216] [feat-attn_last_geo__conf-none__norm-rank__loss-plackett_luce__data-mix] saved routers_e2e_instruct/feat-attn_last_geo__conf-none__norm-rank__loss-plackett_luce__data-mix.pt recall_holdout={'gsm8k': '0.967 (n=6526)', 'ifeval': '0.826 (n=5271)'} [FILE] /home/exx/Workspace/dllm-meta/run_train_mlp.py
[YUKAI][DEBUG][train_version:200] [feat-attn_last_geo__conf-none__norm-softmax_attn__loss-decay_within_h__data-gsm8k] epoch 0: loss 2.9518 over 105 blocks [FILE] /home/exx/Workspace/dllm-meta/run_train_mlp.py
[YUKAI][DEBUG][train_version:200] [feat-attn_last_geo__conf-none__norm-softmax_attn__loss-decay_within_h__data-gsm8k] epoch 1: loss 1.9555 over 105 blocks [FILE] /home/exx/Workspace/dllm-meta/run_train_mlp.py
[YUKAI][DEBUG][train_version:200] [feat-attn_last_geo__conf-none__norm-softmax_attn__loss-decay_within_h__data-gsm8k] epoch 2: loss 1.8981 over 105 blocks [FILE] /home/exx/Workspace/dllm-meta/run_train_mlp.py
[YUKAI][DEBUG][train_version:200] [feat-attn_last_geo__conf-none__norm-softmax_attn__loss-decay_within_h__data-gsm8k] epoch 3: loss 1.8432 over 105 blocks [FILE] /home/exx/Workspace/dllm-meta/run_train_mlp.py
[YUKAI][DEBUG][train_version:200] [feat-attn_last_geo__conf-none__norm-softmax_attn__loss-decay_within_h__data-gsm8k] epoch 4: loss 1.7823 over 105 blocks [FILE] /home/exx/Workspace/dllm-meta/run_train_mlp.py
[YUKAI][DEBUG][train_version:200] [feat-attn_last_geo__conf-none__norm-softmax_attn__loss-decay_within_h__data-gsm8k] epoch 5: loss 1.7217 over 105 blocks [FILE] /home/exx/Workspace/dllm-meta/run_train_mlp.py
[YUKAI][DEBUG][train_version:200] [feat-attn_last_geo__conf-none__norm-softmax_attn__loss-decay_within_h__data-gsm8k] epoch 6: loss 1.6780 over 105 blocks [FILE] /home/exx/Workspace/dllm-meta/run_train_mlp.py
[YUKAI][DEBUG][train_version:200] [feat-attn_last_geo__conf-none__norm-softmax_attn__loss-decay_within_h__data-gsm8k] epoch 7: loss 1.6528 over 105 blocks [FILE] /home/exx/Workspace/dllm-meta/run_train_mlp.py
[YUKAI][DEBUG][train_version:200] [feat-attn_last_geo__conf-none__norm-softmax_attn__loss-decay_within_h__data-gsm8k] epoch 8: loss 1.6306 over 105 blocks [FILE] /home/exx/Workspace/dllm-meta/run_train_mlp.py
[YUKAI][DEBUG][train_version:200] [feat-attn_last_geo__conf-none__norm-softmax_attn__loss-decay_within_h__data-gsm8k] epoch 9: loss 1.6280 over 105 blocks [FILE] /home/exx/Workspace/dllm-meta/run_train_mlp.py
[YUKAI][DEBUG][train_version:216] [feat-attn_last_geo__conf-none__norm-softmax_attn__loss-decay_within_h__data-gsm8k] saved routers_e2e_instruct/feat-attn_last_geo__conf-none__norm-softmax_attn__loss-decay_within_h__data-gsm8k.pt recall_holdout={'gsm8k': '0.982 (n=6526)'} [FILE] /home/exx/Workspace/dllm-meta/run_train_mlp.py
[YUKAI][DEBUG][train_version:200] [feat-attn_last_geo__conf-none__norm-softmax_attn__loss-decay_within_h__data-ifeval] epoch 0: loss 3.3494 over 87 blocks [FILE] /home/exx/Workspace/dllm-meta/run_train_mlp.py
[YUKAI][DEBUG][train_version:200] [feat-attn_last_geo__conf-none__norm-softmax_attn__loss-decay_within_h__data-ifeval] epoch 1: loss 2.3226 over 87 blocks [FILE] /home/exx/Workspace/dllm-meta/run_train_mlp.py
[YUKAI][DEBUG][train_version:200] [feat-attn_last_geo__conf-none__norm-softmax_attn__loss-decay_within_h__data-ifeval] epoch 2: loss 2.2571 over 87 blocks [FILE] /home/exx/Workspace/dllm-meta/run_train_mlp.py
[YUKAI][DEBUG][train_version:200] [feat-attn_last_geo__conf-none__norm-softmax_attn__loss-decay_within_h__data-ifeval] epoch 3: loss 2.2118 over 87 blocks [FILE] /home/exx/Workspace/dllm-meta/run_train_mlp.py
[YUKAI][DEBUG][train_version:200] [feat-attn_last_geo__conf-none__norm-softmax_attn__loss-decay_within_h__data-ifeval] epoch 4: loss 2.1720 over 87 blocks [FILE] /home/exx/Workspace/dllm-meta/run_train_mlp.py
[YUKAI][DEBUG][train_version:200] [feat-attn_last_geo__conf-none__norm-softmax_attn__loss-decay_within_h__data-ifeval] epoch 5: loss 2.1325 over 87 blocks [FILE] /home/exx/Workspace/dllm-meta/run_train_mlp.py
[YUKAI][DEBUG][train_version:200] [feat-attn_last_geo__conf-none__norm-softmax_attn__loss-decay_within_h__data-ifeval] epoch 6: loss 2.0945 over 87 blocks [FILE] /home/exx/Workspace/dllm-meta/run_train_mlp.py
[YUKAI][DEBUG][train_version:200] [feat-attn_last_geo__conf-none__norm-softmax_attn__loss-decay_within_h__data-ifeval] epoch 7: loss 2.0670 over 87 blocks [FILE] /home/exx/Workspace/dllm-meta/run_train_mlp.py
[YUKAI][DEBUG][train_version:200] [feat-attn_last_geo__conf-none__norm-softmax_attn__loss-decay_within_h__data-ifeval] epoch 8: loss 2.0529 over 87 blocks [FILE] /home/exx/Workspace/dllm-meta/run_train_mlp.py
[YUKAI][DEBUG][train_version:200] [feat-attn_last_geo__conf-none__norm-softmax_attn__loss-decay_within_h__data-ifeval] epoch 9: loss 2.0422 over 87 blocks [FILE] /home/exx/Workspace/dllm-meta/run_train_mlp.py
[YUKAI][DEBUG][train_version:216] [feat-attn_last_geo__conf-none__norm-softmax_attn__loss-decay_within_h__data-ifeval] saved routers_e2e_instruct/feat-attn_last_geo__conf-none__norm-softmax_attn__loss-decay_within_h__data-ifeval.pt recall_holdout={'ifeval': '0.824 (n=5271)'} [FILE] /home/exx/Workspace/dllm-meta/run_train_mlp.py
[YUKAI][DEBUG][train_version:200] [feat-attn_last_geo__conf-none__norm-softmax_attn__loss-decay_within_h__data-mix] epoch 0: loss 2.6623 over 192 blocks [FILE] /home/exx/Workspace/dllm-meta/run_train_mlp.py
[YUKAI][DEBUG][train_version:200] [feat-attn_last_geo__conf-none__norm-softmax_attn__loss-decay_within_h__data-mix] epoch 1: loss 2.0568 over 192 blocks [FILE] /home/exx/Workspace/dllm-meta/run_train_mlp.py
[YUKAI][DEBUG][train_version:200] [feat-attn_last_geo__conf-none__norm-softmax_attn__loss-decay_within_h__data-mix] epoch 2: loss 1.9751 over 192 blocks [FILE] /home/exx/Workspace/dllm-meta/run_train_mlp.py
[YUKAI][DEBUG][train_version:200] [feat-attn_last_geo__conf-none__norm-softmax_attn__loss-decay_within_h__data-mix] epoch 3: loss 1.9045 over 192 blocks [FILE] /home/exx/Workspace/dllm-meta/run_train_mlp.py
[YUKAI][DEBUG][train_version:200] [feat-attn_last_geo__conf-none__norm-softmax_attn__loss-decay_within_h__data-mix] epoch 4: loss 1.8635 over 192 blocks [FILE] /home/exx/Workspace/dllm-meta/run_train_mlp.py
[YUKAI][DEBUG][train_version:200] [feat-attn_last_geo__conf-none__norm-softmax_attn__loss-decay_within_h__data-mix] epoch 5: loss 1.8403 over 192 blocks [FILE] /home/exx/Workspace/dllm-meta/run_train_mlp.py
[YUKAI][DEBUG][train_version:200] [feat-attn_last_geo__conf-none__norm-softmax_attn__loss-decay_within_h__data-mix] epoch 6: loss 1.8217 over 192 blocks [FILE] /home/exx/Workspace/dllm-meta/run_train_mlp.py
[YUKAI][DEBUG][train_version:200] [feat-attn_last_geo__conf-none__norm-softmax_attn__loss-decay_within_h__data-mix] epoch 7: loss 1.8068 over 192 blocks [FILE] /home/exx/Workspace/dllm-meta/run_train_mlp.py
[YUKAI][DEBUG][train_version:200] [feat-attn_last_geo__conf-none__norm-softmax_attn__loss-decay_within_h__data-mix] epoch 8: loss 1.7959 over 192 blocks [FILE] /home/exx/Workspace/dllm-meta/run_train_mlp.py
[YUKAI][DEBUG][train_version:200] [feat-attn_last_geo__conf-none__norm-softmax_attn__loss-decay_within_h__data-mix] epoch 9: loss 1.7852 over 192 blocks [FILE] /home/exx/Workspace/dllm-meta/run_train_mlp.py
[YUKAI][DEBUG][train_version:216] [feat-attn_last_geo__conf-none__norm-softmax_attn__loss-decay_within_h__data-mix] saved routers_e2e_instruct/feat-attn_last_geo__conf-none__norm-softmax_attn__loss-decay_within_h__data-mix.pt recall_holdout={'gsm8k': '0.965 (n=6526)', 'ifeval': '0.831 (n=5271)'} [FILE] /home/exx/Workspace/dllm-meta/run_train_mlp.py
[YUKAI][DEBUG][train_version:200] [feat-attn_last_geo__conf-none__norm-softmax_attn__loss-plackett_luce__data-gsm8k] epoch 0: loss 2.2514 over 105 blocks [FILE] /home/exx/Workspace/dllm-meta/run_train_mlp.py
[YUKAI][DEBUG][train_version:200] [feat-attn_last_geo__conf-none__norm-softmax_attn__loss-plackett_luce__data-gsm8k] epoch 1: loss 0.5323 over 105 blocks [FILE] /home/exx/Workspace/dllm-meta/run_train_mlp.py
[YUKAI][DEBUG][train_version:200] [feat-attn_last_geo__conf-none__norm-softmax_attn__loss-plackett_luce__data-gsm8k] epoch 2: loss 0.4615 over 105 blocks [FILE] /home/exx/Workspace/dllm-meta/run_train_mlp.py
[YUKAI][DEBUG][train_version:200] [feat-attn_last_geo__conf-none__norm-softmax_attn__loss-plackett_luce__data-gsm8k] epoch 3: loss 0.4412 over 105 blocks [FILE] /home/exx/Workspace/dllm-meta/run_train_mlp.py
[YUKAI][DEBUG][train_version:200] [feat-attn_last_geo__conf-none__norm-softmax_attn__loss-plackett_luce__data-gsm8k] epoch 4: loss 0.4306 over 105 blocks [FILE] /home/exx/Workspace/dllm-meta/run_train_mlp.py
[YUKAI][DEBUG][train_version:200] [feat-attn_last_geo__conf-none__norm-softmax_attn__loss-plackett_luce__data-gsm8k] epoch 5: loss 0.4215 over 105 blocks [FILE] /home/exx/Workspace/dllm-meta/run_train_mlp.py
[YUKAI][DEBUG][train_version:200] [feat-attn_last_geo__conf-none__norm-softmax_attn__loss-plackett_luce__data-gsm8k] epoch 6: loss 0.4157 over 105 blocks [FILE] /home/exx/Workspace/dllm-meta/run_train_mlp.py
[YUKAI][DEBUG][train_version:200] [feat-attn_last_geo__conf-none__norm-softmax_attn__loss-plackett_luce__data-gsm8k] epoch 7: loss 0.4100 over 105 blocks [FILE] /home/exx/Workspace/dllm-meta/run_train_mlp.py
[YUKAI][DEBUG][train_version:200] [feat-attn_last_geo__conf-none__norm-softmax_attn__loss-plackett_luce__data-gsm8k] epoch 8: loss 0.4050 over 105 blocks [FILE] /home/exx/Workspace/dllm-meta/run_train_mlp.py
[YUKAI][DEBUG][train_version:200] [feat-attn_last_geo__conf-none__norm-softmax_attn__loss-plackett_luce__data-gsm8k] epoch 9: loss 0.4001 over 105 blocks [FILE] /home/exx/Workspace/dllm-meta/run_train_mlp.py
[YUKAI][DEBUG][train_version:216] [feat-attn_last_geo__conf-none__norm-softmax_attn__loss-plackett_luce__data-gsm8k] saved routers_e2e_instruct/feat-attn_last_geo__conf-none__norm-softmax_attn__loss-plackett_luce__data-gsm8k.pt recall_holdout={'gsm8k': '0.982 (n=6526)'} [FILE] /home/exx/Workspace/dllm-meta/run_train_mlp.py
[YUKAI][DEBUG][train_version:200] [feat-attn_last_geo__conf-none__norm-softmax_attn__loss-plackett_luce__data-ifeval] epoch 0: loss 3.0892 over 87 blocks [FILE] /home/exx/Workspace/dllm-meta/run_train_mlp.py
[YUKAI][DEBUG][train_version:200] [feat-attn_last_geo__conf-none__norm-softmax_attn__loss-plackett_luce__data-ifeval] epoch 1: loss 1.5540 over 87 blocks [FILE] /home/exx/Workspace/dllm-meta/run_train_mlp.py
[YUKAI][DEBUG][train_version:200] [feat-attn_last_geo__conf-none__norm-softmax_attn__loss-plackett_luce__data-ifeval] epoch 2: loss 1.4848 over 87 blocks [FILE] /home/exx/Workspace/dllm-meta/run_train_mlp.py
[YUKAI][DEBUG][train_version:200] [feat-attn_last_geo__conf-none__norm-softmax_attn__loss-plackett_luce__data-ifeval] epoch 3: loss 1.4429 over 87 blocks [FILE] /home/exx/Workspace/dllm-meta/run_train_mlp.py
[YUKAI][DEBUG][train_version:200] [feat-attn_last_geo__conf-none__norm-softmax_attn__loss-plackett_luce__data-ifeval] epoch 4: loss 1.3960 over 87 blocks [FILE] /home/exx/Workspace/dllm-meta/run_train_mlp.py
[YUKAI][DEBUG][train_version:200] [feat-attn_last_geo__conf-none__norm-softmax_attn__loss-plackett_luce__data-ifeval] epoch 5: loss 1.3470 over 87 blocks [FILE] /home/exx/Workspace/dllm-meta/run_train_mlp.py
[YUKAI][DEBUG][train_version:200] [feat-attn_last_geo__conf-none__norm-softmax_attn__loss-plackett_luce__data-ifeval] epoch 6: loss 1.3070 over 87 blocks [FILE] /home/exx/Workspace/dllm-meta/run_train_mlp.py
[YUKAI][DEBUG][train_version:200] [feat-attn_last_geo__conf-none__norm-softmax_attn__loss-plackett_luce__data-ifeval] epoch 7: loss 1.2764 over 87 blocks [FILE] /home/exx/Workspace/dllm-meta/run_train_mlp.py
[YUKAI][DEBUG][train_version:200] [feat-attn_last_geo__conf-none__norm-softmax_attn__loss-plackett_luce__data-ifeval] epoch 8: loss 1.2516 over 87 blocks [FILE] /home/exx/Workspace/dllm-meta/run_train_mlp.py
[YUKAI][DEBUG][train_version:200] [feat-attn_last_geo__conf-none__norm-softmax_attn__loss-plackett_luce__data-ifeval] epoch 9: loss 1.2320 over 87 blocks [FILE] /home/exx/Workspace/dllm-meta/run_train_mlp.py
[YUKAI][DEBUG][train_version:216] [feat-attn_last_geo__conf-none__norm-softmax_attn__loss-plackett_luce__data-ifeval] saved routers_e2e_instruct/feat-attn_last_geo__conf-none__norm-softmax_attn__loss-plackett_luce__data-ifeval.pt recall_holdout={'ifeval': '0.829 (n=5271)'} [FILE] /home/exx/Workspace/dllm-meta/run_train_mlp.py
[YUKAI][DEBUG][train_version:200] [feat-attn_last_geo__conf-none__norm-softmax_attn__loss-plackett_luce__data-mix] epoch 0: loss 2.0328 over 192 blocks [FILE] /home/exx/Workspace/dllm-meta/run_train_mlp.py
[YUKAI][DEBUG][train_version:200] [feat-attn_last_geo__conf-none__norm-softmax_attn__loss-plackett_luce__data-mix] epoch 1: loss 1.0214 over 192 blocks [FILE] /home/exx/Workspace/dllm-meta/run_train_mlp.py
[YUKAI][DEBUG][train_version:200] [feat-attn_last_geo__conf-none__norm-softmax_attn__loss-plackett_luce__data-mix] epoch 2: loss 0.9744 over 192 blocks [FILE] /home/exx/Workspace/dllm-meta/run_train_mlp.py
[YUKAI][DEBUG][train_version:200] [feat-attn_last_geo__conf-none__norm-softmax_attn__loss-plackett_luce__data-mix] epoch 3: loss 0.9393 over 192 blocks [FILE] /home/exx/Workspace/dllm-meta/run_train_mlp.py
[YUKAI][DEBUG][train_version:200] [feat-attn_last_geo__conf-none__norm-softmax_attn__loss-plackett_luce__data-mix] epoch 4: loss 0.8981 over 192 blocks [FILE] /home/exx/Workspace/dllm-meta/run_train_mlp.py
[YUKAI][DEBUG][train_version:200] [feat-attn_last_geo__conf-none__norm-softmax_attn__loss-plackett_luce__data-mix] epoch 5: loss 0.8599 over 192 blocks [FILE] /home/exx/Workspace/dllm-meta/run_train_mlp.py
[YUKAI][DEBUG][train_version:200] [feat-attn_last_geo__conf-none__norm-softmax_attn__loss-plackett_luce__data-mix] epoch 6: loss 0.8279 over 192 blocks [FILE] /home/exx/Workspace/dllm-meta/run_train_mlp.py
[YUKAI][DEBUG][train_version:200] [feat-attn_last_geo__conf-none__norm-softmax_attn__loss-plackett_luce__data-mix] epoch 7: loss 0.8017 over 192 blocks [FILE] /home/exx/Workspace/dllm-meta/run_train_mlp.py
[YUKAI][DEBUG][train_version:200] [feat-attn_last_geo__conf-none__norm-softmax_attn__loss-plackett_luce__data-mix] epoch 8: loss 0.7811 over 192 blocks [FILE] /home/exx/Workspace/dllm-meta/run_train_mlp.py
[YUKAI][DEBUG][train_version:200] [feat-attn_last_geo__conf-none__norm-softmax_attn__loss-plackett_luce__data-mix] epoch 9: loss 0.7663 over 192 blocks [FILE] /home/exx/Workspace/dllm-meta/run_train_mlp.py
[YUKAI][DEBUG][train_version:216] [feat-attn_last_geo__conf-none__norm-softmax_attn__loss-plackett_luce__data-mix] saved routers_e2e_instruct/feat-attn_last_geo__conf-none__norm-softmax_attn__loss-plackett_luce__data-mix.pt recall_holdout={'gsm8k': '0.972 (n=6526)', 'ifeval': '0.831 (n=5271)'} [FILE] /home/exx/Workspace/dllm-meta/run_train_mlp.py
[YUKAI][DEBUG][train_version:200] [feat-attn_all__conf-none__norm-rank__loss-decay_within_h__data-gsm8k] epoch 0: loss 2.4970 over 105 blocks [FILE] /home/exx/Workspace/dllm-meta/run_train_mlp.py
[YUKAI][DEBUG][train_version:200] [feat-attn_all__conf-none__norm-rank__loss-decay_within_h__data-gsm8k] epoch 1: loss 1.7960 over 105 blocks [FILE] /home/exx/Workspace/dllm-meta/run_train_mlp.py
[YUKAI][DEBUG][train_version:200] [feat-attn_all__conf-none__norm-rank__loss-decay_within_h__data-gsm8k] epoch 2: loss 1.7721 over 105 blocks [FILE] /home/exx/Workspace/dllm-meta/run_train_mlp.py
[YUKAI][DEBUG][train_version:200] [feat-attn_all__conf-none__norm-rank__loss-decay_within_h__data-gsm8k] epoch 3: loss 1.7574 over 105 blocks [FILE] /home/exx/Workspace/dllm-meta/run_train_mlp.py
[YUKAI][DEBUG][train_version:200] [feat-attn_all__conf-none__norm-rank__loss-decay_within_h__data-gsm8k] epoch 4: loss 1.7479 over 105 blocks [FILE] /home/exx/Workspace/dllm-meta/run_train_mlp.py
[YUKAI][DEBUG][train_version:200] [feat-attn_all__conf-none__norm-rank__loss-decay_within_h__data-gsm8k] epoch 5: loss 1.7406 over 105 blocks [FILE] /home/exx/Workspace/dllm-meta/run_train_mlp.py
[YUKAI][DEBUG][train_version:200] [feat-attn_all__conf-none__norm-rank__loss-decay_within_h__data-gsm8k] epoch 6: loss 1.7347 over 105 blocks [FILE] /home/exx/Workspace/dllm-meta/run_train_mlp.py
[YUKAI][DEBUG][train_version:200] [feat-attn_all__conf-none__norm-rank__loss-decay_within_h__data-gsm8k] epoch 7: loss 1.7298 over 105 blocks [FILE] /home/exx/Workspace/dllm-meta/run_train_mlp.py
[YUKAI][DEBUG][train_version:200] [feat-attn_all__conf-none__norm-rank__loss-decay_within_h__data-gsm8k] epoch 8: loss 1.7255 over 105 blocks [FILE] /home/exx/Workspace/dllm-meta/run_train_mlp.py
[YUKAI][DEBUG][train_version:200] [feat-attn_all__conf-none__norm-rank__loss-decay_within_h__data-gsm8k] epoch 9: loss 1.7216 over 105 blocks [FILE] /home/exx/Workspace/dllm-meta/run_train_mlp.py
[YUKAI][DEBUG][train_version:216] [feat-attn_all__conf-none__norm-rank__loss-decay_within_h__data-gsm8k] saved routers_e2e_instruct/feat-attn_all__conf-none__norm-rank__loss-decay_within_h__data-gsm8k.pt recall_holdout={'gsm8k': '0.975 (n=6526)'} [FILE] /home/exx/Workspace/dllm-meta/run_train_mlp.py
[YUKAI][DEBUG][train_version:200] [feat-attn_all__conf-none__norm-rank__loss-decay_within_h__data-ifeval] epoch 0: loss 2.9626 over 87 blocks [FILE] /home/exx/Workspace/dllm-meta/run_train_mlp.py
[YUKAI][DEBUG][train_version:200] [feat-attn_all__conf-none__norm-rank__loss-decay_within_h__data-ifeval] epoch 1: loss 2.2850 over 87 blocks [FILE] /home/exx/Workspace/dllm-meta/run_train_mlp.py
[YUKAI][DEBUG][train_version:200] [feat-attn_all__conf-none__norm-rank__loss-decay_within_h__data-ifeval] epoch 2: loss 2.2391 over 87 blocks [FILE] /home/exx/Workspace/dllm-meta/run_train_mlp.py
[YUKAI][DEBUG][train_version:200] [feat-attn_all__conf-none__norm-rank__loss-decay_within_h__data-ifeval] epoch 3: loss 2.2198 over 87 blocks [FILE] /home/exx/Workspace/dllm-meta/run_train_mlp.py
[YUKAI][DEBUG][train_version:200] [feat-attn_all__conf-none__norm-rank__loss-decay_within_h__data-ifeval] epoch 4: loss 2.2060 over 87 blocks [FILE] /home/exx/Workspace/dllm-meta/run_train_mlp.py
[YUKAI][DEBUG][train_version:200] [feat-attn_all__conf-none__norm-rank__loss-decay_within_h__data-ifeval] epoch 5: loss 2.1928 over 87 blocks [FILE] /home/exx/Workspace/dllm-meta/run_train_mlp.py
[YUKAI][DEBUG][train_version:200] [feat-attn_all__conf-none__norm-rank__loss-decay_within_h__data-ifeval] epoch 6: loss 2.1777 over 87 blocks [FILE] /home/exx/Workspace/dllm-meta/run_train_mlp.py
[YUKAI][DEBUG][train_version:200] [feat-attn_all__conf-none__norm-rank__loss-decay_within_h__data-ifeval] epoch 7: loss 2.1584 over 87 blocks [FILE] /home/exx/Workspace/dllm-meta/run_train_mlp.py
[YUKAI][DEBUG][train_version:200] [feat-attn_all__conf-none__norm-rank__loss-decay_within_h__data-ifeval] epoch 8: loss 2.1374 over 87 blocks [FILE] /home/exx/Workspace/dllm-meta/run_train_mlp.py
[YUKAI][DEBUG][train_version:200] [feat-attn_all__conf-none__norm-rank__loss-decay_within_h__data-ifeval] epoch 9: loss 2.1214 over 87 blocks [FILE] /home/exx/Workspace/dllm-meta/run_train_mlp.py
[YUKAI][DEBUG][train_version:216] [feat-attn_all__conf-none__norm-rank__loss-decay_within_h__data-ifeval] saved routers_e2e_instruct/feat-attn_all__conf-none__norm-rank__loss-decay_within_h__data-ifeval.pt recall_holdout={'ifeval': '0.825 (n=5271)'} [FILE] /home/exx/Workspace/dllm-meta/run_train_mlp.py
[YUKAI][DEBUG][train_version:200] [feat-attn_all__conf-none__norm-rank__loss-decay_within_h__data-mix] epoch 0: loss 2.4432 over 192 blocks [FILE] /home/exx/Workspace/dllm-meta/run_train_mlp.py
[YUKAI][DEBUG][train_version:200] [feat-attn_all__conf-none__norm-rank__loss-decay_within_h__data-mix] epoch 1: loss 2.0212 over 192 blocks [FILE] /home/exx/Workspace/dllm-meta/run_train_mlp.py
[YUKAI][DEBUG][train_version:200] [feat-attn_all__conf-none__norm-rank__loss-decay_within_h__data-mix] epoch 2: loss 2.0024 over 192 blocks [FILE] /home/exx/Workspace/dllm-meta/run_train_mlp.py
[YUKAI][DEBUG][train_version:200] [feat-attn_all__conf-none__norm-rank__loss-decay_within_h__data-mix] epoch 3: loss 1.9918 over 192 blocks [FILE] /home/exx/Workspace/dllm-meta/run_train_mlp.py
[YUKAI][DEBUG][train_version:200] [feat-attn_all__conf-none__norm-rank__loss-decay_within_h__data-mix] epoch 4: loss 1.9841 over 192 blocks [FILE] /home/exx/Workspace/dllm-meta/run_train_mlp.py
[YUKAI][DEBUG][train_version:200] [feat-attn_all__conf-none__norm-rank__loss-decay_within_h__data-mix] epoch 5: loss 1.9772 over 192 blocks [FILE] /home/exx/Workspace/dllm-meta/run_train_mlp.py
[YUKAI][DEBUG][train_version:200] [feat-attn_all__conf-none__norm-rank__loss-decay_within_h__data-mix] epoch 6: loss 1.9712 over 192 blocks [FILE] /home/exx/Workspace/dllm-meta/run_train_mlp.py
[YUKAI][DEBUG][train_version:200] [feat-attn_all__conf-none__norm-rank__loss-decay_within_h__data-mix] epoch 7: loss 1.9645 over 192 blocks [FILE] /home/exx/Workspace/dllm-meta/run_train_mlp.py
[YUKAI][DEBUG][train_version:200] [feat-attn_all__conf-none__norm-rank__loss-decay_within_h__data-mix] epoch 8: loss 1.9578 over 192 blocks [FILE] /home/exx/Workspace/dllm-meta/run_train_mlp.py
[YUKAI][DEBUG][train_version:200] [feat-attn_all__conf-none__norm-rank__loss-decay_within_h__data-mix] epoch 9: loss 1.9502 over 192 blocks [FILE] /home/exx/Workspace/dllm-meta/run_train_mlp.py
[YUKAI][DEBUG][train_version:216] [feat-attn_all__conf-none__norm-rank__loss-decay_within_h__data-mix] saved routers_e2e_instruct/feat-attn_all__conf-none__norm-rank__loss-decay_within_h__data-mix.pt recall_holdout={'gsm8k': '0.978 (n=6526)', 'ifeval': '0.823 (n=5271)'} [FILE] /home/exx/Workspace/dllm-meta/run_train_mlp.py
[YUKAI][DEBUG][train_version:200] [feat-attn_all__conf-none__norm-rank__loss-plackett_luce__data-gsm8k] epoch 0: loss 1.8653 over 105 blocks [FILE] /home/exx/Workspace/dllm-meta/run_train_mlp.py
[YUKAI][DEBUG][train_version:200] [feat-attn_all__conf-none__norm-rank__loss-plackett_luce__data-gsm8k] epoch 1: loss 0.7845 over 105 blocks [FILE] /home/exx/Workspace/dllm-meta/run_train_mlp.py
[YUKAI][DEBUG][train_version:200] [feat-attn_all__conf-none__norm-rank__loss-plackett_luce__data-gsm8k] epoch 2: loss 0.7038 over 105 blocks [FILE] /home/exx/Workspace/dllm-meta/run_train_mlp.py
[YUKAI][DEBUG][train_version:200] [feat-attn_all__conf-none__norm-rank__loss-plackett_luce__data-gsm8k] epoch 3: loss 0.6882 over 105 blocks [FILE] /home/exx/Workspace/dllm-meta/run_train_mlp.py
[YUKAI][DEBUG][train_version:200] [feat-attn_all__conf-none__norm-rank__loss-plackett_luce__data-gsm8k] epoch 4: loss 0.6769 over 105 blocks [FILE] /home/exx/Workspace/dllm-meta/run_train_mlp.py
[YUKAI][DEBUG][train_version:200] [feat-attn_all__conf-none__norm-rank__loss-plackett_luce__data-gsm8k] epoch 5: loss 0.6675 over 105 blocks [FILE] /home/exx/Workspace/dllm-meta/run_train_mlp.py
[YUKAI][DEBUG][train_version:200] [feat-attn_all__conf-none__norm-rank__loss-plackett_luce__data-gsm8k] epoch 6: loss 0.6591 over 105 blocks [FILE] /home/exx/Workspace/dllm-meta/run_train_mlp.py
[YUKAI][DEBUG][train_version:200] [feat-attn_all__conf-none__norm-rank__loss-plackett_luce__data-gsm8k] epoch 7: loss 0.6513 over 105 blocks [FILE] /home/exx/Workspace/dllm-meta/run_train_mlp.py
[YUKAI][DEBUG][train_version:200] [feat-attn_all__conf-none__norm-rank__loss-plackett_luce__data-gsm8k] epoch 8: loss 0.6438 over 105 blocks [FILE] /home/exx/Workspace/dllm-meta/run_train_mlp.py
[YUKAI][DEBUG][train_version:200] [feat-attn_all__conf-none__norm-rank__loss-plackett_luce__data-gsm8k] epoch 9: loss 0.6365 over 105 blocks [FILE] /home/exx/Workspace/dllm-meta/run_train_mlp.py
[YUKAI][DEBUG][train_version:216] [feat-attn_all__conf-none__norm-rank__loss-plackett_luce__data-gsm8k] saved routers_e2e_instruct/feat-attn_all__conf-none__norm-rank__loss-plackett_luce__data-gsm8k.pt recall_holdout={'gsm8k': '0.973 (n=6526)'} [FILE] /home/exx/Workspace/dllm-meta/run_train_mlp.py
[YUKAI][DEBUG][train_version:200] [feat-attn_all__conf-none__norm-rank__loss-plackett_luce__data-ifeval] epoch 0: loss 2.6738 over 87 blocks [FILE] /home/exx/Workspace/dllm-meta/run_train_mlp.py
[YUKAI][DEBUG][train_version:200] [feat-attn_all__conf-none__norm-rank__loss-plackett_luce__data-ifeval] epoch 1: loss 1.6501 over 87 blocks [FILE] /home/exx/Workspace/dllm-meta/run_train_mlp.py
[YUKAI][DEBUG][train_version:200] [feat-attn_all__conf-none__norm-rank__loss-plackett_luce__data-ifeval] epoch 2: loss 1.5836 over 87 blocks [FILE] /home/exx/Workspace/dllm-meta/run_train_mlp.py
[YUKAI][DEBUG][train_version:200] [feat-attn_all__conf-none__norm-rank__loss-plackett_luce__data-ifeval] epoch 3: loss 1.5563 over 87 blocks [FILE] /home/exx/Workspace/dllm-meta/run_train_mlp.py
[YUKAI][DEBUG][train_version:200] [feat-attn_all__conf-none__norm-rank__loss-plackett_luce__data-ifeval] epoch 4: loss 1.5383 over 87 blocks [FILE] /home/exx/Workspace/dllm-meta/run_train_mlp.py
[YUKAI][DEBUG][train_version:200] [feat-attn_all__conf-none__norm-rank__loss-plackett_luce__data-ifeval] epoch 5: loss 1.5221 over 87 blocks [FILE] /home/exx/Workspace/dllm-meta/run_train_mlp.py
[YUKAI][DEBUG][train_version:200] [feat-attn_all__conf-none__norm-rank__loss-plackett_luce__data-ifeval] epoch 6: loss 1.5031 over 87 blocks [FILE] /home/exx/Workspace/dllm-meta/run_train_mlp.py
[YUKAI][DEBUG][train_version:200] [feat-attn_all__conf-none__norm-rank__loss-plackett_luce__data-ifeval] epoch 7: loss 1.4798 over 87 blocks [FILE] /home/exx/Workspace/dllm-meta/run_train_mlp.py
[YUKAI][DEBUG][train_version:200] [feat-attn_all__conf-none__norm-rank__loss-plackett_luce__data-ifeval] epoch 8: loss 1.4553 over 87 blocks [FILE] /home/exx/Workspace/dllm-meta/run_train_mlp.py
[YUKAI][DEBUG][train_version:200] [feat-attn_all__conf-none__norm-rank__loss-plackett_luce__data-ifeval] epoch 9: loss 1.4296 over 87 blocks [FILE] /home/exx/Workspace/dllm-meta/run_train_mlp.py
[YUKAI][DEBUG][train_version:216] [feat-attn_all__conf-none__norm-rank__loss-plackett_luce__data-ifeval] saved routers_e2e_instruct/feat-attn_all__conf-none__norm-rank__loss-plackett_luce__data-ifeval.pt recall_holdout={'ifeval': '0.828 (n=5271)'} [FILE] /home/exx/Workspace/dllm-meta/run_train_mlp.py
[YUKAI][DEBUG][train_version:200] [feat-attn_all__conf-none__norm-rank__loss-plackett_luce__data-mix] epoch 0: loss 1.9346 over 192 blocks [FILE] /home/exx/Workspace/dllm-meta/run_train_mlp.py
[YUKAI][DEBUG][train_version:200] [feat-attn_all__conf-none__norm-rank__loss-plackett_luce__data-mix] epoch 1: loss 1.2751 over 192 blocks [FILE] /home/exx/Workspace/dllm-meta/run_train_mlp.py
[YUKAI][DEBUG][train_version:200] [feat-attn_all__conf-none__norm-rank__loss-plackett_luce__data-mix] epoch 2: loss 1.2455 over 192 blocks [FILE] /home/exx/Workspace/dllm-meta/run_train_mlp.py
[YUKAI][DEBUG][train_version:200] [feat-attn_all__conf-none__norm-rank__loss-plackett_luce__data-mix] epoch 3: loss 1.2340 over 192 blocks [FILE] /home/exx/Workspace/dllm-meta/run_train_mlp.py
[YUKAI][DEBUG][train_version:200] [feat-attn_all__conf-none__norm-rank__loss-plackett_luce__data-mix] epoch 4: loss 1.2265 over 192 blocks [FILE] /home/exx/Workspace/dllm-meta/run_train_mlp.py
[YUKAI][DEBUG][train_version:200] [feat-attn_all__conf-none__norm-rank__loss-plackett_luce__data-mix] epoch 5: loss 1.2212 over 192 blocks [FILE] /home/exx/Workspace/dllm-meta/run_train_mlp.py
[YUKAI][DEBUG][train_version:200] [feat-attn_all__conf-none__norm-rank__loss-plackett_luce__data-mix] epoch 6: loss 1.2168 over 192 blocks [FILE] /home/exx/Workspace/dllm-meta/run_train_mlp.py
[YUKAI][DEBUG][train_version:200] [feat-attn_all__conf-none__norm-rank__loss-plackett_luce__data-mix] epoch 7: loss 1.2125 over 192 blocks [FILE] /home/exx/Workspace/dllm-meta/run_train_mlp.py
[YUKAI][DEBUG][train_version:200] [feat-attn_all__conf-none__norm-rank__loss-plackett_luce__data-mix] epoch 8: loss 1.2086 over 192 blocks [FILE] /home/exx/Workspace/dllm-meta/run_train_mlp.py
[YUKAI][DEBUG][train_version:200] [feat-attn_all__conf-none__norm-rank__loss-plackett_luce__data-mix] epoch 9: loss 1.2054 over 192 blocks [FILE] /home/exx/Workspace/dllm-meta/run_train_mlp.py
[YUKAI][DEBUG][train_version:216] [feat-attn_all__conf-none__norm-rank__loss-plackett_luce__data-mix] saved routers_e2e_instruct/feat-attn_all__conf-none__norm-rank__loss-plackett_luce__data-mix.pt recall_holdout={'gsm8k': '0.981 (n=6526)', 'ifeval': '0.816 (n=5271)'} [FILE] /home/exx/Workspace/dllm-meta/run_train_mlp.py
[YUKAI][DEBUG][train_version:200] [feat-attn_all__conf-none__norm-softmax_attn__loss-decay_within_h__data-gsm8k] epoch 0: loss 4.5508 over 105 blocks [FILE] /home/exx/Workspace/dllm-meta/run_train_mlp.py
[YUKAI][DEBUG][train_version:200] [feat-attn_all__conf-none__norm-softmax_attn__loss-decay_within_h__data-gsm8k] epoch 1: loss 3.8984 over 105 blocks [FILE] /home/exx/Workspace/dllm-meta/run_train_mlp.py
[YUKAI][DEBUG][train_version:200] [feat-attn_all__conf-none__norm-softmax_attn__loss-decay_within_h__data-gsm8k] epoch 2: loss 2.9141 over 105 blocks [FILE] /home/exx/Workspace/dllm-meta/run_train_mlp.py
[YUKAI][DEBUG][train_version:200] [feat-attn_all__conf-none__norm-softmax_attn__loss-decay_within_h__data-gsm8k] epoch 3: loss 2.4889 over 105 blocks [FILE] /home/exx/Workspace/dllm-meta/run_train_mlp.py
[YUKAI][DEBUG][train_version:200] [feat-attn_all__conf-none__norm-softmax_attn__loss-decay_within_h__data-gsm8k] epoch 4: loss 2.3863 over 105 blocks [FILE] /home/exx/Workspace/dllm-meta/run_train_mlp.py
[YUKAI][DEBUG][train_version:200] [feat-attn_all__conf-none__norm-softmax_attn__loss-decay_within_h__data-gsm8k] epoch 5: loss 2.3284 over 105 blocks [FILE] /home/exx/Workspace/dllm-meta/run_train_mlp.py
[YUKAI][DEBUG][train_version:200] [feat-attn_all__conf-none__norm-softmax_attn__loss-decay_within_h__data-gsm8k] epoch 6: loss 2.2824 over 105 blocks [FILE] /home/exx/Workspace/dllm-meta/run_train_mlp.py
[YUKAI][DEBUG][train_version:200] [feat-attn_all__conf-none__norm-softmax_attn__loss-decay_within_h__data-gsm8k] epoch 7: loss 2.2433 over 105 blocks [FILE] /home/exx/Workspace/dllm-meta/run_train_mlp.py
[YUKAI][DEBUG][train_version:200] [feat-attn_all__conf-none__norm-softmax_attn__loss-decay_within_h__data-gsm8k] epoch 8: loss 2.2060 over 105 blocks [FILE] /home/exx/Workspace/dllm-meta/run_train_mlp.py
[YUKAI][DEBUG][train_version:200] [feat-attn_all__conf-none__norm-softmax_attn__loss-decay_within_h__data-gsm8k] epoch 9: loss 2.1681 over 105 blocks [FILE] /home/exx/Workspace/dllm-meta/run_train_mlp.py
[YUKAI][DEBUG][train_version:216] [feat-attn_all__conf-none__norm-softmax_attn__loss-decay_within_h__data-gsm8k] saved routers_e2e_instruct/feat-attn_all__conf-none__norm-softmax_attn__loss-decay_within_h__data-gsm8k.pt recall_holdout={'gsm8k': '0.878 (n=6526)'} [FILE] /home/exx/Workspace/dllm-meta/run_train_mlp.py
[YUKAI][DEBUG][train_version:200] [feat-attn_all__conf-none__norm-softmax_attn__loss-decay_within_h__data-ifeval] epoch 0: loss 4.5535 over 87 blocks [FILE] /home/exx/Workspace/dllm-meta/run_train_mlp.py
[YUKAI][DEBUG][train_version:200] [feat-attn_all__conf-none__norm-softmax_attn__loss-decay_within_h__data-ifeval] epoch 1: loss 4.2993 over 87 blocks [FILE] /home/exx/Workspace/dllm-meta/run_train_mlp.py
[YUKAI][DEBUG][train_version:200] [feat-attn_all__conf-none__norm-softmax_attn__loss-decay_within_h__data-ifeval] epoch 2: loss 3.5844 over 87 blocks [FILE] /home/exx/Workspace/dllm-meta/run_train_mlp.py
[YUKAI][DEBUG][train_version:200] [feat-attn_all__conf-none__norm-softmax_attn__loss-decay_within_h__data-ifeval] epoch 3: loss 3.3217 over 87 blocks [FILE] /home/exx/Workspace/dllm-meta/run_train_mlp.py
[YUKAI][DEBUG][train_version:200] [feat-attn_all__conf-none__norm-softmax_attn__loss-decay_within_h__data-ifeval] epoch 4: loss 3.2296 over 87 blocks [FILE] /home/exx/Workspace/dllm-meta/run_train_mlp.py
[YUKAI][DEBUG][train_version:200] [feat-attn_all__conf-none__norm-softmax_attn__loss-decay_within_h__data-ifeval] epoch 5: loss 3.1577 over 87 blocks [FILE] /home/exx/Workspace/dllm-meta/run_train_mlp.py
[YUKAI][DEBUG][train_version:200] [feat-attn_all__conf-none__norm-softmax_attn__loss-decay_within_h__data-ifeval] epoch 6: loss 3.0935 over 87 blocks [FILE] /home/exx/Workspace/dllm-meta/run_train_mlp.py
[YUKAI][DEBUG][train_version:200] [feat-attn_all__conf-none__norm-softmax_attn__loss-decay_within_h__data-ifeval] epoch 7: loss 3.0333 over 87 blocks [FILE] /home/exx/Workspace/dllm-meta/run_train_mlp.py
[YUKAI][DEBUG][train_version:200] [feat-attn_all__conf-none__norm-softmax_attn__loss-decay_within_h__data-ifeval] epoch 8: loss 2.9795 over 87 blocks [FILE] /home/exx/Workspace/dllm-meta/run_train_mlp.py
[YUKAI][DEBUG][train_version:200] [feat-attn_all__conf-none__norm-softmax_attn__loss-decay_within_h__data-ifeval] epoch 9: loss 2.9318 over 87 blocks [FILE] /home/exx/Workspace/dllm-meta/run_train_mlp.py
[YUKAI][DEBUG][train_version:216] [feat-attn_all__conf-none__norm-softmax_attn__loss-decay_within_h__data-ifeval] saved routers_e2e_instruct/feat-attn_all__conf-none__norm-softmax_attn__loss-decay_within_h__data-ifeval.pt recall_holdout={'ifeval': '0.749 (n=5271)'} [FILE] /home/exx/Workspace/dllm-meta/run_train_mlp.py
[YUKAI][DEBUG][train_version:200] [feat-attn_all__conf-none__norm-softmax_attn__loss-decay_within_h__data-mix] epoch 0: loss 4.4060 over 192 blocks [FILE] /home/exx/Workspace/dllm-meta/run_train_mlp.py
[YUKAI][DEBUG][train_version:200] [feat-attn_all__conf-none__norm-softmax_attn__loss-decay_within_h__data-mix] epoch 1: loss 3.1840 over 192 blocks [FILE] /home/exx/Workspace/dllm-meta/run_train_mlp.py
[YUKAI][DEBUG][train_version:200] [feat-attn_all__conf-none__norm-softmax_attn__loss-decay_within_h__data-mix] epoch 2: loss 2.8859 over 192 blocks [FILE] /home/exx/Workspace/dllm-meta/run_train_mlp.py
[YUKAI][DEBUG][train_version:200] [feat-attn_all__conf-none__norm-softmax_attn__loss-decay_within_h__data-mix] epoch 3: loss 2.7809 over 192 blocks [FILE] /home/exx/Workspace/dllm-meta/run_train_mlp.py
[YUKAI][DEBUG][train_version:200] [feat-attn_all__conf-none__norm-softmax_attn__loss-decay_within_h__data-mix] epoch 4: loss 2.6802 over 192 blocks [FILE] /home/exx/Workspace/dllm-meta/run_train_mlp.py
[YUKAI][DEBUG][train_version:200] [feat-attn_all__conf-none__norm-softmax_attn__loss-decay_within_h__data-mix] epoch 5: loss 2.5938 over 192 blocks [FILE] /home/exx/Workspace/dllm-meta/run_train_mlp.py
[YUKAI][DEBUG][train_version:200] [feat-attn_all__conf-none__norm-softmax_attn__loss-decay_within_h__data-mix] epoch 6: loss 2.5364 over 192 blocks [FILE] /home/exx/Workspace/dllm-meta/run_train_mlp.py
[YUKAI][DEBUG][train_version:200] [feat-attn_all__conf-none__norm-softmax_attn__loss-decay_within_h__data-mix] epoch 7: loss 2.5017 over 192 blocks [FILE] /home/exx/Workspace/dllm-meta/run_train_mlp.py
[YUKAI][DEBUG][train_version:200] [feat-attn_all__conf-none__norm-softmax_attn__loss-decay_within_h__data-mix] epoch 8: loss 2.4795 over 192 blocks [FILE] /home/exx/Workspace/dllm-meta/run_train_mlp.py
[YUKAI][DEBUG][train_version:200] [feat-attn_all__conf-none__norm-softmax_attn__loss-decay_within_h__data-mix] epoch 9: loss 2.4640 over 192 blocks [FILE] /home/exx/Workspace/dllm-meta/run_train_mlp.py
[YUKAI][DEBUG][train_version:216] [feat-attn_all__conf-none__norm-softmax_attn__loss-decay_within_h__data-mix] saved routers_e2e_instruct/feat-attn_all__conf-none__norm-softmax_attn__loss-decay_within_h__data-mix.pt recall_holdout={'gsm8k': '0.911 (n=6526)', 'ifeval': '0.747 (n=5271)'} [FILE] /home/exx/Workspace/dllm-meta/run_train_mlp.py
[YUKAI][DEBUG][train_version:200] [feat-attn_all__conf-none__norm-softmax_attn__loss-plackett_luce__data-gsm8k] epoch 0: loss 4.5483 over 105 blocks [FILE] /home/exx/Workspace/dllm-meta/run_train_mlp.py
[YUKAI][DEBUG][train_version:200] [feat-attn_all__conf-none__norm-softmax_attn__loss-plackett_luce__data-gsm8k] epoch 1: loss 3.5271 over 105 blocks [FILE] /home/exx/Workspace/dllm-meta/run_train_mlp.py
[YUKAI][DEBUG][train_version:200] [feat-attn_all__conf-none__norm-softmax_attn__loss-plackett_luce__data-gsm8k] epoch 2: loss 1.9759 over 105 blocks [FILE] /home/exx/Workspace/dllm-meta/run_train_mlp.py
[YUKAI][DEBUG][train_version:200] [feat-attn_all__conf-none__norm-softmax_attn__loss-plackett_luce__data-gsm8k] epoch 3: loss 1.4407 over 105 blocks [FILE] /home/exx/Workspace/dllm-meta/run_train_mlp.py
[YUKAI][DEBUG][train_version:200] [feat-attn_all__conf-none__norm-softmax_attn__loss-plackett_luce__data-gsm8k] epoch 4: loss 1.1839 over 105 blocks [FILE] /home/exx/Workspace/dllm-meta/run_train_mlp.py
[YUKAI][DEBUG][train_version:200] [feat-attn_all__conf-none__norm-softmax_attn__loss-plackett_luce__data-gsm8k] epoch 5: loss 1.0661 over 105 blocks [FILE] /home/exx/Workspace/dllm-meta/run_train_mlp.py
[YUKAI][DEBUG][train_version:200] [feat-attn_all__conf-none__norm-softmax_attn__loss-plackett_luce__data-gsm8k] epoch 6: loss 1.0000 over 105 blocks [FILE] /home/exx/Workspace/dllm-meta/run_train_mlp.py
[YUKAI][DEBUG][train_version:200] [feat-attn_all__conf-none__norm-softmax_attn__loss-plackett_luce__data-gsm8k] epoch 7: loss 0.9558 over 105 blocks [FILE] /home/exx/Workspace/dllm-meta/run_train_mlp.py
[YUKAI][DEBUG][train_version:200] [feat-attn_all__conf-none__norm-softmax_attn__loss-plackett_luce__data-gsm8k] epoch 8: loss 0.9214 over 105 blocks [FILE] /home/exx/Workspace/dllm-meta/run_train_mlp.py
[YUKAI][DEBUG][train_version:200] [feat-attn_all__conf-none__norm-softmax_attn__loss-plackett_luce__data-gsm8k] epoch 9: loss 0.8932 over 105 blocks [FILE] /home/exx/Workspace/dllm-meta/run_train_mlp.py
[YUKAI][DEBUG][train_version:216] [feat-attn_all__conf-none__norm-softmax_attn__loss-plackett_luce__data-gsm8k] saved routers_e2e_instruct/feat-attn_all__conf-none__norm-softmax_attn__loss-plackett_luce__data-gsm8k.pt recall_holdout={'gsm8k': '0.968 (n=6526)'} [FILE] /home/exx/Workspace/dllm-meta/run_train_mlp.py
[YUKAI][DEBUG][train_version:200] [feat-attn_all__conf-none__norm-softmax_attn__loss-plackett_luce__data-ifeval] epoch 0: loss 4.5634 over 87 blocks [FILE] /home/exx/Workspace/dllm-meta/run_train_mlp.py
[YUKAI][DEBUG][train_version:200] [feat-attn_all__conf-none__norm-softmax_attn__loss-plackett_luce__data-ifeval] epoch 1: loss 4.2998 over 87 blocks [FILE] /home/exx/Workspace/dllm-meta/run_train_mlp.py
[YUKAI][DEBUG][train_version:200] [feat-attn_all__conf-none__norm-softmax_attn__loss-plackett_luce__data-ifeval] epoch 2: loss 3.4022 over 87 blocks [FILE] /home/exx/Workspace/dllm-meta/run_train_mlp.py
[YUKAI][DEBUG][train_version:200] [feat-attn_all__conf-none__norm-softmax_attn__loss-plackett_luce__data-ifeval] epoch 3: loss 3.0057 over 87 blocks [FILE] /home/exx/Workspace/dllm-meta/run_train_mlp.py
[YUKAI][DEBUG][train_version:200] [feat-attn_all__conf-none__norm-softmax_attn__loss-plackett_luce__data-ifeval] epoch 4: loss 2.7927 over 87 blocks [FILE] /home/exx/Workspace/dllm-meta/run_train_mlp.py
[YUKAI][DEBUG][train_version:200] [feat-attn_all__conf-none__norm-softmax_attn__loss-plackett_luce__data-ifeval] epoch 5: loss 2.6644 over 87 blocks [FILE] /home/exx/Workspace/dllm-meta/run_train_mlp.py
[YUKAI][DEBUG][train_version:200] [feat-attn_all__conf-none__norm-softmax_attn__loss-plackett_luce__data-ifeval] epoch 6: loss 2.5760 over 87 blocks [FILE] /home/exx/Workspace/dllm-meta/run_train_mlp.py
[YUKAI][DEBUG][train_version:200] [feat-attn_all__conf-none__norm-softmax_attn__loss-plackett_luce__data-ifeval] epoch 7: loss 2.5099 over 87 blocks [FILE] /home/exx/Workspace/dllm-meta/run_train_mlp.py
[YUKAI][DEBUG][train_version:200] [feat-attn_all__conf-none__norm-softmax_attn__loss-plackett_luce__data-ifeval] epoch 8: loss 2.4588 over 87 blocks [FILE] /home/exx/Workspace/dllm-meta/run_train_mlp.py
[YUKAI][DEBUG][train_version:200] [feat-attn_all__conf-none__norm-softmax_attn__loss-plackett_luce__data-ifeval] epoch 9: loss 2.4165 over 87 blocks [FILE] /home/exx/Workspace/dllm-meta/run_train_mlp.py
[YUKAI][DEBUG][train_version:216] [feat-attn_all__conf-none__norm-softmax_attn__loss-plackett_luce__data-ifeval] saved routers_e2e_instruct/feat-attn_all__conf-none__norm-softmax_attn__loss-plackett_luce__data-ifeval.pt recall_holdout={'ifeval': '0.798 (n=5271)'} [FILE] /home/exx/Workspace/dllm-meta/run_train_mlp.py
[YUKAI][DEBUG][train_version:200] [feat-attn_all__conf-none__norm-softmax_attn__loss-plackett_luce__data-mix] epoch 0: loss 4.4846 over 192 blocks [FILE] /home/exx/Workspace/dllm-meta/run_train_mlp.py
[YUKAI][DEBUG][train_version:200] [feat-attn_all__conf-none__norm-softmax_attn__loss-plackett_luce__data-mix] epoch 1: loss 2.9809 over 192 blocks [FILE] /home/exx/Workspace/dllm-meta/run_train_mlp.py
[YUKAI][DEBUG][train_version:200] [feat-attn_all__conf-none__norm-softmax_attn__loss-plackett_luce__data-mix] epoch 2: loss 2.2773 over 192 blocks [FILE] /home/exx/Workspace/dllm-meta/run_train_mlp.py
[YUKAI][DEBUG][train_version:200] [feat-attn_all__conf-none__norm-softmax_attn__loss-plackett_luce__data-mix] epoch 3: loss 2.1061 over 192 blocks [FILE] /home/exx/Workspace/dllm-meta/run_train_mlp.py
[YUKAI][DEBUG][train_version:200] [feat-attn_all__conf-none__norm-softmax_attn__loss-plackett_luce__data-mix] epoch 4: loss 1.9721 over 192 blocks [FILE] /home/exx/Workspace/dllm-meta/run_train_mlp.py
[YUKAI][DEBUG][train_version:200] [feat-attn_all__conf-none__norm-softmax_attn__loss-plackett_luce__data-mix] epoch 5: loss 1.9011 over 192 blocks [FILE] /home/exx/Workspace/dllm-meta/run_train_mlp.py
[YUKAI][DEBUG][train_version:200] [feat-attn_all__conf-none__norm-softmax_attn__loss-plackett_luce__data-mix] epoch 6: loss 1.8494 over 192 blocks [FILE] /home/exx/Workspace/dllm-meta/run_train_mlp.py
[YUKAI][DEBUG][train_version:200] [feat-attn_all__conf-none__norm-softmax_attn__loss-plackett_luce__data-mix] epoch 7: loss 1.8091 over 192 blocks [FILE] /home/exx/Workspace/dllm-meta/run_train_mlp.py
[YUKAI][DEBUG][train_version:200] [feat-attn_all__conf-none__norm-softmax_attn__loss-plackett_luce__data-mix] epoch 8: loss 1.7757 over 192 blocks [FILE] /home/exx/Workspace/dllm-meta/run_train_mlp.py
[YUKAI][DEBUG][train_version:200] [feat-attn_all__conf-none__norm-softmax_attn__loss-plackett_luce__data-mix] epoch 9: loss 1.7472 over 192 blocks [FILE] /home/exx/Workspace/dllm-meta/run_train_mlp.py
[YUKAI][DEBUG][train_version:216] [feat-attn_all__conf-none__norm-softmax_attn__loss-plackett_luce__data-mix] saved routers_e2e_instruct/feat-attn_all__conf-none__norm-softmax_attn__loss-plackett_luce__data-mix.pt recall_holdout={'gsm8k': '0.955 (n=6526)', 'ifeval': '0.795 (n=5271)'} [FILE] /home/exx/Workspace/dllm-meta/run_train_mlp.py
