method,id_doc,n,k_injected,correct_flex,correct_strict,has_done,seconds,setting
dllmcache,0,0,0,1,1,1,10.93,"{""dllmc_v_rate"": 0.25, ""step_refresh_remainder"": 8, ""step_refresh_remainder_prompt"": 64}"
dllmcache,0,10,26,1,1,1,10.43,"{""dllmc_v_rate"": 0.25, ""step_refresh_remainder"": 8, ""step_refresh_remainder_prompt"": 64}"
dllmcache,0,20,51,1,1,1,10.45,"{""dllmc_v_rate"": 0.25, ""step_refresh_remainder"": 8, ""step_refresh_remainder_prompt"": 64}"
dllmcache,0,30,77,1,1,1,10.46,"{""dllmc_v_rate"": 0.25, ""step_refresh_remainder"": 8, ""step_refresh_remainder_prompt"": 64}"
dllmcache,0,40,102,1,1,1,10.44,"{""dllmc_v_rate"": 0.25, ""step_refresh_remainder"": 8, ""step_refresh_remainder_prompt"": 64}"
dllmcache,0,50,128,1,1,1,10.46,"{""dllmc_v_rate"": 0.25, ""step_refresh_remainder"": 8, ""step_refresh_remainder_prompt"": 64}"
dllmcache,0,60,154,1,1,1,10.47,"{""dllmc_v_rate"": 0.25, ""step_refresh_remainder"": 8, ""step_refresh_remainder_prompt"": 64}"
dllmcache,0,70,179,1,1,1,10.48,"{""dllmc_v_rate"": 0.25, ""step_refresh_remainder"": 8, ""step_refresh_remainder_prompt"": 64}"
dllmcache,0,80,205,1,1,1,10.48,"{""dllmc_v_rate"": 0.25, ""step_refresh_remainder"": 8, ""step_refresh_remainder_prompt"": 64}"
dllmcache,0,90,230,1,1,1,10.49,"{""dllmc_v_rate"": 0.25, ""step_refresh_remainder"": 8, ""step_refresh_remainder_prompt"": 64}"
dllmcache,1,0,0,1,1,1,10.53,"{""dllmc_v_rate"": 0.25, ""step_refresh_remainder"": 8, ""step_refresh_remainder_prompt"": 64}"
dllmcache,1,10,26,1,1,1,10.5,"{""dllmc_v_rate"": 0.25, ""step_refresh_remainder"": 8, ""step_refresh_remainder_prompt"": 64}"
dllmcache,1,20,51,1,1,1,10.5,"{""dllmc_v_rate"": 0.25, ""step_refresh_remainder"": 8, ""step_refresh_remainder_prompt"": 64}"
dllmcache,1,30,77,1,1,1,10.5,"{""dllmc_v_rate"": 0.25, ""step_refresh_remainder"": 8, ""step_refresh_remainder_prompt"": 64}"
dllmcache,1,40,102,1,1,1,10.51,"{""dllmc_v_rate"": 0.25, ""step_refresh_remainder"": 8, ""step_refresh_remainder_prompt"": 64}"
dllmcache,1,50,128,1,1,1,10.51,"{""dllmc_v_rate"": 0.25, ""step_refresh_remainder"": 8, ""step_refresh_remainder_prompt"": 64}"
dllmcache,1,60,154,1,1,1,10.51,"{""dllmc_v_rate"": 0.25, ""step_refresh_remainder"": 8, ""step_refresh_remainder_prompt"": 64}"
dllmcache,1,70,179,1,1,1,10.51,"{""dllmc_v_rate"": 0.25, ""step_refresh_remainder"": 8, ""step_refresh_remainder_prompt"": 64}"
dllmcache,1,80,205,1,1,1,10.52,"{""dllmc_v_rate"": 0.25, ""step_refresh_remainder"": 8, ""step_refresh_remainder_prompt"": 64}"
dllmcache,1,90,230,1,1,1,10.52,"{""dllmc_v_rate"": 0.25, ""step_refresh_remainder"": 8, ""step_refresh_remainder_prompt"": 64}"
dllmcache,3,0,0,1,1,1,9.53,"{""dllmc_v_rate"": 0.25, ""step_refresh_remainder"": 8, ""step_refresh_remainder_prompt"": 64}"
dllmcache,3,10,26,1,1,1,9.52,"{""dllmc_v_rate"": 0.25, ""step_refresh_remainder"": 8, ""step_refresh_remainder_prompt"": 64}"
dllmcache,3,20,51,1,1,1,9.51,"{""dllmc_v_rate"": 0.25, ""step_refresh_remainder"": 8, ""step_refresh_remainder_prompt"": 64}"
dllmcache,3,30,77,1,1,1,9.52,"{""dllmc_v_rate"": 0.25, ""step_refresh_remainder"": 8, ""step_refresh_remainder_prompt"": 64}"
dllmcache,3,40,102,1,1,1,9.52,"{""dllmc_v_rate"": 0.25, ""step_refresh_remainder"": 8, ""step_refresh_remainder_prompt"": 64}"
dllmcache,3,50,128,1,1,1,9.52,"{""dllmc_v_rate"": 0.25, ""step_refresh_remainder"": 8, ""step_refresh_remainder_prompt"": 64}"
dllmcache,3,60,154,1,1,1,9.52,"{""dllmc_v_rate"": 0.25, ""step_refresh_remainder"": 8, ""step_refresh_remainder_prompt"": 64}"
dllmcache,3,70,179,1,1,1,9.53,"{""dllmc_v_rate"": 0.25, ""step_refresh_remainder"": 8, ""step_refresh_remainder_prompt"": 64}"
dllmcache,3,80,205,1,1,1,9.52,"{""dllmc_v_rate"": 0.25, ""step_refresh_remainder"": 8, ""step_refresh_remainder_prompt"": 64}"
dllmcache,3,90,230,1,1,1,9.52,"{""dllmc_v_rate"": 0.25, ""step_refresh_remainder"": 8, ""step_refresh_remainder_prompt"": 64}"
dllmcache,4,0,0,1,1,1,10.55,"{""dllmc_v_rate"": 0.25, ""step_refresh_remainder"": 8, ""step_refresh_remainder_prompt"": 64}"
dllmcache,4,10,26,1,1,1,10.55,"{""dllmc_v_rate"": 0.25, ""step_refresh_remainder"": 8, ""step_refresh_remainder_prompt"": 64}"
dllmcache,4,20,51,1,1,1,10.55,"{""dllmc_v_rate"": 0.25, ""step_refresh_remainder"": 8, ""step_refresh_remainder_prompt"": 64}"
dllmcache,4,30,77,1,1,1,10.55,"{""dllmc_v_rate"": 0.25, ""step_refresh_remainder"": 8, ""step_refresh_remainder_prompt"": 64}"
dllmcache,4,40,102,1,1,1,10.54,"{""dllmc_v_rate"": 0.25, ""step_refresh_remainder"": 8, ""step_refresh_remainder_prompt"": 64}"
dllmcache,4,50,128,1,1,1,10.55,"{""dllmc_v_rate"": 0.25, ""step_refresh_remainder"": 8, ""step_refresh_remainder_prompt"": 64}"
dllmcache,4,60,154,0,1,0,10.54,"{""dllmc_v_rate"": 0.25, ""step_refresh_remainder"": 8, ""step_refresh_remainder_prompt"": 64}"
dllmcache,4,70,179,1,1,1,10.54,"{""dllmc_v_rate"": 0.25, ""step_refresh_remainder"": 8, ""step_refresh_remainder_prompt"": 64}"
dllmcache,4,80,205,1,1,1,10.54,"{""dllmc_v_rate"": 0.25, ""step_refresh_remainder"": 8, ""step_refresh_remainder_prompt"": 64}"
dllmcache,4,90,230,1,1,1,10.54,"{""dllmc_v_rate"": 0.25, ""step_refresh_remainder"": 8, ""step_refresh_remainder_prompt"": 64}"
dllmcache,6,0,0,1,1,1,9.75,"{""dllmc_v_rate"": 0.25, ""step_refresh_remainder"": 8, ""step_refresh_remainder_prompt"": 64}"
dllmcache,6,10,26,1,1,1,9.74,"{""dllmc_v_rate"": 0.25, ""step_refresh_remainder"": 8, ""step_refresh_remainder_prompt"": 64}"
dllmcache,6,20,51,1,1,1,9.75,"{""dllmc_v_rate"": 0.25, ""step_refresh_remainder"": 8, ""step_refresh_remainder_prompt"": 64}"
dllmcache,6,30,77,0,1,0,9.75,"{""dllmc_v_rate"": 0.25, ""step_refresh_remainder"": 8, ""step_refresh_remainder_prompt"": 64}"
dllmcache,6,40,102,1,1,1,9.74,"{""dllmc_v_rate"": 0.25, ""step_refresh_remainder"": 8, ""step_refresh_remainder_prompt"": 64}"
dllmcache,6,50,128,1,1,1,9.75,"{""dllmc_v_rate"": 0.25, ""step_refresh_remainder"": 8, ""step_refresh_remainder_prompt"": 64}"
dllmcache,6,60,154,1,1,1,9.75,"{""dllmc_v_rate"": 0.25, ""step_refresh_remainder"": 8, ""step_refresh_remainder_prompt"": 64}"
dllmcache,6,70,179,1,1,1,9.74,"{""dllmc_v_rate"": 0.25, ""step_refresh_remainder"": 8, ""step_refresh_remainder_prompt"": 64}"
dllmcache,6,80,205,1,1,1,9.74,"{""dllmc_v_rate"": 0.25, ""step_refresh_remainder"": 8, ""step_refresh_remainder_prompt"": 64}"
dllmcache,6,90,230,1,1,1,9.74,"{""dllmc_v_rate"": 0.25, ""step_refresh_remainder"": 8, ""step_refresh_remainder_prompt"": 64}"
dllmcache,9,0,0,1,1,1,9.51,"{""dllmc_v_rate"": 0.25, ""step_refresh_remainder"": 8, ""step_refresh_remainder_prompt"": 64}"
dllmcache,9,10,26,1,1,1,9.51,"{""dllmc_v_rate"": 0.25, ""step_refresh_remainder"": 8, ""step_refresh_remainder_prompt"": 64}"
dllmcache,9,20,51,1,1,1,9.51,"{""dllmc_v_rate"": 0.25, ""step_refresh_remainder"": 8, ""step_refresh_remainder_prompt"": 64}"
dllmcache,9,30,77,1,1,1,9.51,"{""dllmc_v_rate"": 0.25, ""step_refresh_remainder"": 8, ""step_refresh_remainder_prompt"": 64}"
dllmcache,9,40,102,1,1,1,9.5,"{""dllmc_v_rate"": 0.25, ""step_refresh_remainder"": 8, ""step_refresh_remainder_prompt"": 64}"
dllmcache,9,50,128,1,1,1,9.5,"{""dllmc_v_rate"": 0.25, ""step_refresh_remainder"": 8, ""step_refresh_remainder_prompt"": 64}"
dllmcache,9,60,154,1,1,1,9.5,"{""dllmc_v_rate"": 0.25, ""step_refresh_remainder"": 8, ""step_refresh_remainder_prompt"": 64}"
dllmcache,9,70,179,1,1,1,9.51,"{""dllmc_v_rate"": 0.25, ""step_refresh_remainder"": 8, ""step_refresh_remainder_prompt"": 64}"
dllmcache,9,80,205,1,1,1,9.5,"{""dllmc_v_rate"": 0.25, ""step_refresh_remainder"": 8, ""step_refresh_remainder_prompt"": 64}"
dllmcache,9,90,230,1,1,1,9.49,"{""dllmc_v_rate"": 0.25, ""step_refresh_remainder"": 8, ""step_refresh_remainder_prompt"": 64}"
dllmcache,10,0,0,1,1,1,9.78,"{""dllmc_v_rate"": 0.25, ""step_refresh_remainder"": 8, ""step_refresh_remainder_prompt"": 64}"
dllmcache,10,10,26,1,1,1,9.78,"{""dllmc_v_rate"": 0.25, ""step_refresh_remainder"": 8, ""step_refresh_remainder_prompt"": 64}"
dllmcache,10,20,51,1,1,1,9.78,"{""dllmc_v_rate"": 0.25, ""step_refresh_remainder"": 8, ""step_refresh_remainder_prompt"": 64}"
dllmcache,10,30,77,1,1,1,9.78,"{""dllmc_v_rate"": 0.25, ""step_refresh_remainder"": 8, ""step_refresh_remainder_prompt"": 64}"
dllmcache,10,40,102,1,1,1,9.78,"{""dllmc_v_rate"": 0.25, ""step_refresh_remainder"": 8, ""step_refresh_remainder_prompt"": 64}"
dllmcache,10,50,128,1,1,1,9.78,"{""dllmc_v_rate"": 0.25, ""step_refresh_remainder"": 8, ""step_refresh_remainder_prompt"": 64}"
dllmcache,10,60,154,1,1,1,9.78,"{""dllmc_v_rate"": 0.25, ""step_refresh_remainder"": 8, ""step_refresh_remainder_prompt"": 64}"
dllmcache,10,70,179,1,1,1,9.78,"{""dllmc_v_rate"": 0.25, ""step_refresh_remainder"": 8, ""step_refresh_remainder_prompt"": 64}"
dllmcache,10,80,205,1,1,1,9.79,"{""dllmc_v_rate"": 0.25, ""step_refresh_remainder"": 8, ""step_refresh_remainder_prompt"": 64}"
dllmcache,10,90,230,1,1,1,9.78,"{""dllmc_v_rate"": 0.25, ""step_refresh_remainder"": 8, ""step_refresh_remainder_prompt"": 64}"
dllmcache,11,0,0,1,1,1,11.2,"{""dllmc_v_rate"": 0.25, ""step_refresh_remainder"": 8, ""step_refresh_remainder_prompt"": 64}"
dllmcache,11,10,26,1,1,1,11.2,"{""dllmc_v_rate"": 0.25, ""step_refresh_remainder"": 8, ""step_refresh_remainder_prompt"": 64}"
dllmcache,11,20,51,1,1,1,11.21,"{""dllmc_v_rate"": 0.25, ""step_refresh_remainder"": 8, ""step_refresh_remainder_prompt"": 64}"
dllmcache,11,30,77,1,1,1,11.2,"{""dllmc_v_rate"": 0.25, ""step_refresh_remainder"": 8, ""step_refresh_remainder_prompt"": 64}"
dllmcache,11,40,102,1,1,1,11.2,"{""dllmc_v_rate"": 0.25, ""step_refresh_remainder"": 8, ""step_refresh_remainder_prompt"": 64}"
dllmcache,11,50,128,1,1,1,11.2,"{""dllmc_v_rate"": 0.25, ""step_refresh_remainder"": 8, ""step_refresh_remainder_prompt"": 64}"
dllmcache,11,60,154,1,1,1,11.21,"{""dllmc_v_rate"": 0.25, ""step_refresh_remainder"": 8, ""step_refresh_remainder_prompt"": 64}"
dllmcache,11,70,179,1,1,1,11.21,"{""dllmc_v_rate"": 0.25, ""step_refresh_remainder"": 8, ""step_refresh_remainder_prompt"": 64}"
dllmcache,11,80,205,1,1,1,11.2,"{""dllmc_v_rate"": 0.25, ""step_refresh_remainder"": 8, ""step_refresh_remainder_prompt"": 64}"
dllmcache,11,90,230,1,1,1,11.2,"{""dllmc_v_rate"": 0.25, ""step_refresh_remainder"": 8, ""step_refresh_remainder_prompt"": 64}"
dllmcache,14,0,0,1,1,1,9.52,"{""dllmc_v_rate"": 0.25, ""step_refresh_remainder"": 8, ""step_refresh_remainder_prompt"": 64}"
dllmcache,14,10,26,1,1,1,9.51,"{""dllmc_v_rate"": 0.25, ""step_refresh_remainder"": 8, ""step_refresh_remainder_prompt"": 64}"
dllmcache,14,20,51,1,1,1,9.51,"{""dllmc_v_rate"": 0.25, ""step_refresh_remainder"": 8, ""step_refresh_remainder_prompt"": 64}"
dllmcache,14,30,77,1,1,1,9.51,"{""dllmc_v_rate"": 0.25, ""step_refresh_remainder"": 8, ""step_refresh_remainder_prompt"": 64}"
dllmcache,14,40,102,1,1,0,9.5,"{""dllmc_v_rate"": 0.25, ""step_refresh_remainder"": 8, ""step_refresh_remainder_prompt"": 64}"
dllmcache,14,50,128,1,1,1,9.51,"{""dllmc_v_rate"": 0.25, ""step_refresh_remainder"": 8, ""step_refresh_remainder_prompt"": 64}"
dllmcache,14,60,154,1,1,0,9.5,"{""dllmc_v_rate"": 0.25, ""step_refresh_remainder"": 8, ""step_refresh_remainder_prompt"": 64}"
dllmcache,14,70,179,1,1,1,9.5,"{""dllmc_v_rate"": 0.25, ""step_refresh_remainder"": 8, ""step_refresh_remainder_prompt"": 64}"
dllmcache,14,80,205,1,1,1,9.51,"{""dllmc_v_rate"": 0.25, ""step_refresh_remainder"": 8, ""step_refresh_remainder_prompt"": 64}"
dllmcache,14,90,230,1,1,1,9.51,"{""dllmc_v_rate"": 0.25, ""step_refresh_remainder"": 8, ""step_refresh_remainder_prompt"": 64}"
dllmcache,17,0,0,1,1,1,9.53,"{""dllmc_v_rate"": 0.25, ""step_refresh_remainder"": 8, ""step_refresh_remainder_prompt"": 64}"
dllmcache,17,10,26,1,1,1,9.52,"{""dllmc_v_rate"": 0.25, ""step_refresh_remainder"": 8, ""step_refresh_remainder_prompt"": 64}"
dllmcache,17,20,51,1,1,1,9.52,"{""dllmc_v_rate"": 0.25, ""step_refresh_remainder"": 8, ""step_refresh_remainder_prompt"": 64}"
dllmcache,17,30,77,1,1,1,9.53,"{""dllmc_v_rate"": 0.25, ""step_refresh_remainder"": 8, ""step_refresh_remainder_prompt"": 64}"
dllmcache,17,40,102,1,1,1,9.54,"{""dllmc_v_rate"": 0.25, ""step_refresh_remainder"": 8, ""step_refresh_remainder_prompt"": 64}"
dllmcache,17,50,128,1,1,1,9.54,"{""dllmc_v_rate"": 0.25, ""step_refresh_remainder"": 8, ""step_refresh_remainder_prompt"": 64}"
dllmcache,17,60,154,1,1,1,9.53,"{""dllmc_v_rate"": 0.25, ""step_refresh_remainder"": 8, ""step_refresh_remainder_prompt"": 64}"
dllmcache,17,70,179,1,1,1,9.53,"{""dllmc_v_rate"": 0.25, ""step_refresh_remainder"": 8, ""step_refresh_remainder_prompt"": 64}"
dllmcache,17,80,205,1,1,1,9.53,"{""dllmc_v_rate"": 0.25, ""step_refresh_remainder"": 8, ""step_refresh_remainder_prompt"": 64}"
dllmcache,17,90,230,1,1,1,9.53,"{""dllmc_v_rate"": 0.25, ""step_refresh_remainder"": 8, ""step_refresh_remainder_prompt"": 64}"
dllmcache,18,0,0,1,1,1,9.49,"{""dllmc_v_rate"": 0.25, ""step_refresh_remainder"": 8, ""step_refresh_remainder_prompt"": 64}"
dllmcache,18,10,26,0,1,0,9.49,"{""dllmc_v_rate"": 0.25, ""step_refresh_remainder"": 8, ""step_refresh_remainder_prompt"": 64}"
dllmcache,18,20,51,1,1,1,9.48,"{""dllmc_v_rate"": 0.25, ""step_refresh_remainder"": 8, ""step_refresh_remainder_prompt"": 64}"
dllmcache,18,30,77,1,1,1,9.48,"{""dllmc_v_rate"": 0.25, ""step_refresh_remainder"": 8, ""step_refresh_remainder_prompt"": 64}"
dllmcache,18,40,102,1,1,1,9.47,"{""dllmc_v_rate"": 0.25, ""step_refresh_remainder"": 8, ""step_refresh_remainder_prompt"": 64}"
dllmcache,18,50,128,1,1,1,9.47,"{""dllmc_v_rate"": 0.25, ""step_refresh_remainder"": 8, ""step_refresh_remainder_prompt"": 64}"
dllmcache,18,60,154,1,1,1,9.48,"{""dllmc_v_rate"": 0.25, ""step_refresh_remainder"": 8, ""step_refresh_remainder_prompt"": 64}"
dllmcache,18,70,179,1,1,1,9.48,"{""dllmc_v_rate"": 0.25, ""step_refresh_remainder"": 8, ""step_refresh_remainder_prompt"": 64}"
dllmcache,18,80,205,1,1,1,9.48,"{""dllmc_v_rate"": 0.25, ""step_refresh_remainder"": 8, ""step_refresh_remainder_prompt"": 64}"
dllmcache,18,90,230,1,1,1,9.47,"{""dllmc_v_rate"": 0.25, ""step_refresh_remainder"": 8, ""step_refresh_remainder_prompt"": 64}"
dllmcache,19,0,0,1,1,1,9.74,"{""dllmc_v_rate"": 0.25, ""step_refresh_remainder"": 8, ""step_refresh_remainder_prompt"": 64}"
dllmcache,19,10,26,1,1,1,9.74,"{""dllmc_v_rate"": 0.25, ""step_refresh_remainder"": 8, ""step_refresh_remainder_prompt"": 64}"
dllmcache,19,20,51,1,1,1,9.74,"{""dllmc_v_rate"": 0.25, ""step_refresh_remainder"": 8, ""step_refresh_remainder_prompt"": 64}"
dllmcache,19,30,77,1,1,1,9.74,"{""dllmc_v_rate"": 0.25, ""step_refresh_remainder"": 8, ""step_refresh_remainder_prompt"": 64}"
dllmcache,19,40,102,1,1,1,9.74,"{""dllmc_v_rate"": 0.25, ""step_refresh_remainder"": 8, ""step_refresh_remainder_prompt"": 64}"
dllmcache,19,50,128,1,1,1,9.74,"{""dllmc_v_rate"": 0.25, ""step_refresh_remainder"": 8, ""step_refresh_remainder_prompt"": 64}"
dllmcache,19,60,154,1,1,1,9.74,"{""dllmc_v_rate"": 0.25, ""step_refresh_remainder"": 8, ""step_refresh_remainder_prompt"": 64}"
dllmcache,19,70,179,1,1,1,9.75,"{""dllmc_v_rate"": 0.25, ""step_refresh_remainder"": 8, ""step_refresh_remainder_prompt"": 64}"
dllmcache,19,80,205,1,1,1,9.75,"{""dllmc_v_rate"": 0.25, ""step_refresh_remainder"": 8, ""step_refresh_remainder_prompt"": 64}"
dllmcache,19,90,230,1,1,1,9.75,"{""dllmc_v_rate"": 0.25, ""step_refresh_remainder"": 8, ""step_refresh_remainder_prompt"": 64}"
dllmcache,22,0,0,1,1,1,10.83,"{""dllmc_v_rate"": 0.25, ""step_refresh_remainder"": 8, ""step_refresh_remainder_prompt"": 64}"
dllmcache,22,10,26,1,1,1,10.83,"{""dllmc_v_rate"": 0.25, ""step_refresh_remainder"": 8, ""step_refresh_remainder_prompt"": 64}"
dllmcache,22,20,51,1,1,1,10.83,"{""dllmc_v_rate"": 0.25, ""step_refresh_remainder"": 8, ""step_refresh_remainder_prompt"": 64}"
dllmcache,22,30,77,1,1,1,10.82,"{""dllmc_v_rate"": 0.25, ""step_refresh_remainder"": 8, ""step_refresh_remainder_prompt"": 64}"
dllmcache,22,40,102,1,1,1,10.82,"{""dllmc_v_rate"": 0.25, ""step_refresh_remainder"": 8, ""step_refresh_remainder_prompt"": 64}"
dllmcache,22,50,128,1,1,1,10.81,"{""dllmc_v_rate"": 0.25, ""step_refresh_remainder"": 8, ""step_refresh_remainder_prompt"": 64}"
dllmcache,22,60,154,1,1,1,10.82,"{""dllmc_v_rate"": 0.25, ""step_refresh_remainder"": 8, ""step_refresh_remainder_prompt"": 64}"
dllmcache,22,70,179,1,1,1,10.82,"{""dllmc_v_rate"": 0.25, ""step_refresh_remainder"": 8, ""step_refresh_remainder_prompt"": 64}"
dllmcache,22,80,205,1,1,1,10.82,"{""dllmc_v_rate"": 0.25, ""step_refresh_remainder"": 8, ""step_refresh_remainder_prompt"": 64}"
dllmcache,22,90,230,1,1,1,10.82,"{""dllmc_v_rate"": 0.25, ""step_refresh_remainder"": 8, ""step_refresh_remainder_prompt"": 64}"
dllmcache,23,0,0,0,1,0,9.8,"{""dllmc_v_rate"": 0.25, ""step_refresh_remainder"": 8, ""step_refresh_remainder_prompt"": 64}"
dllmcache,23,10,26,0,1,0,9.79,"{""dllmc_v_rate"": 0.25, ""step_refresh_remainder"": 8, ""step_refresh_remainder_prompt"": 64}"
dllmcache,23,20,51,1,1,1,9.79,"{""dllmc_v_rate"": 0.25, ""step_refresh_remainder"": 8, ""step_refresh_remainder_prompt"": 64}"
dllmcache,23,30,77,1,1,1,9.8,"{""dllmc_v_rate"": 0.25, ""step_refresh_remainder"": 8, ""step_refresh_remainder_prompt"": 64}"
dllmcache,23,40,102,1,1,1,9.8,"{""dllmc_v_rate"": 0.25, ""step_refresh_remainder"": 8, ""step_refresh_remainder_prompt"": 64}"
dllmcache,23,50,128,1,1,1,9.79,"{""dllmc_v_rate"": 0.25, ""step_refresh_remainder"": 8, ""step_refresh_remainder_prompt"": 64}"
dllmcache,23,60,154,1,1,1,9.8,"{""dllmc_v_rate"": 0.25, ""step_refresh_remainder"": 8, ""step_refresh_remainder_prompt"": 64}"
dllmcache,23,70,179,1,1,1,9.8,"{""dllmc_v_rate"": 0.25, ""step_refresh_remainder"": 8, ""step_refresh_remainder_prompt"": 64}"
dllmcache,23,80,205,1,1,1,9.8,"{""dllmc_v_rate"": 0.25, ""step_refresh_remainder"": 8, ""step_refresh_remainder_prompt"": 64}"
dllmcache,23,90,230,1,1,1,9.8,"{""dllmc_v_rate"": 0.25, ""step_refresh_remainder"": 8, ""step_refresh_remainder_prompt"": 64}"
dllmcache,24,0,0,1,1,1,10.55,"{""dllmc_v_rate"": 0.25, ""step_refresh_remainder"": 8, ""step_refresh_remainder_prompt"": 64}"
dllmcache,24,10,26,1,1,1,10.55,"{""dllmc_v_rate"": 0.25, ""step_refresh_remainder"": 8, ""step_refresh_remainder_prompt"": 64}"
dllmcache,24,20,51,1,1,1,10.56,"{""dllmc_v_rate"": 0.25, ""step_refresh_remainder"": 8, ""step_refresh_remainder_prompt"": 64}"
dllmcache,24,30,77,1,1,1,10.56,"{""dllmc_v_rate"": 0.25, ""step_refresh_remainder"": 8, ""step_refresh_remainder_prompt"": 64}"
dllmcache,24,40,102,1,1,1,10.56,"{""dllmc_v_rate"": 0.25, ""step_refresh_remainder"": 8, ""step_refresh_remainder_prompt"": 64}"
dllmcache,24,50,128,1,1,1,10.56,"{""dllmc_v_rate"": 0.25, ""step_refresh_remainder"": 8, ""step_refresh_remainder_prompt"": 64}"
dllmcache,24,60,154,1,1,1,10.55,"{""dllmc_v_rate"": 0.25, ""step_refresh_remainder"": 8, ""step_refresh_remainder_prompt"": 64}"
dllmcache,24,70,179,1,1,1,10.56,"{""dllmc_v_rate"": 0.25, ""step_refresh_remainder"": 8, ""step_refresh_remainder_prompt"": 64}"
dllmcache,24,80,205,1,1,1,10.55,"{""dllmc_v_rate"": 0.25, ""step_refresh_remainder"": 8, ""step_refresh_remainder_prompt"": 64}"
dllmcache,24,90,230,1,1,1,10.55,"{""dllmc_v_rate"": 0.25, ""step_refresh_remainder"": 8, ""step_refresh_remainder_prompt"": 64}"
dllmcache,25,0,0,1,1,1,10.54,"{""dllmc_v_rate"": 0.25, ""step_refresh_remainder"": 8, ""step_refresh_remainder_prompt"": 64}"
dllmcache,25,10,26,1,1,1,10.53,"{""dllmc_v_rate"": 0.25, ""step_refresh_remainder"": 8, ""step_refresh_remainder_prompt"": 64}"
dllmcache,25,20,51,1,1,1,10.54,"{""dllmc_v_rate"": 0.25, ""step_refresh_remainder"": 8, ""step_refresh_remainder_prompt"": 64}"
dllmcache,25,30,77,1,1,1,10.54,"{""dllmc_v_rate"": 0.25, ""step_refresh_remainder"": 8, ""step_refresh_remainder_prompt"": 64}"
dllmcache,25,40,102,1,1,1,10.53,"{""dllmc_v_rate"": 0.25, ""step_refresh_remainder"": 8, ""step_refresh_remainder_prompt"": 64}"
dllmcache,25,50,128,1,1,1,10.53,"{""dllmc_v_rate"": 0.25, ""step_refresh_remainder"": 8, ""step_refresh_remainder_prompt"": 64}"
dllmcache,25,60,154,1,1,1,10.53,"{""dllmc_v_rate"": 0.25, ""step_refresh_remainder"": 8, ""step_refresh_remainder_prompt"": 64}"
dllmcache,25,70,179,1,1,1,10.53,"{""dllmc_v_rate"": 0.25, ""step_refresh_remainder"": 8, ""step_refresh_remainder_prompt"": 64}"
dllmcache,25,80,205,1,1,1,10.53,"{""dllmc_v_rate"": 0.25, ""step_refresh_remainder"": 8, ""step_refresh_remainder_prompt"": 64}"
dllmcache,25,90,230,1,1,1,10.53,"{""dllmc_v_rate"": 0.25, ""step_refresh_remainder"": 8, ""step_refresh_remainder_prompt"": 64}"
dllmcache,26,0,0,1,1,1,9.85,"{""dllmc_v_rate"": 0.25, ""step_refresh_remainder"": 8, ""step_refresh_remainder_prompt"": 64}"
dllmcache,26,10,26,1,1,1,9.83,"{""dllmc_v_rate"": 0.25, ""step_refresh_remainder"": 8, ""step_refresh_remainder_prompt"": 64}"
dllmcache,26,20,51,1,1,1,9.83,"{""dllmc_v_rate"": 0.25, ""step_refresh_remainder"": 8, ""step_refresh_remainder_prompt"": 64}"
dllmcache,26,30,77,1,1,1,9.84,"{""dllmc_v_rate"": 0.25, ""step_refresh_remainder"": 8, ""step_refresh_remainder_prompt"": 64}"
dllmcache,26,40,102,1,1,1,9.84,"{""dllmc_v_rate"": 0.25, ""step_refresh_remainder"": 8, ""step_refresh_remainder_prompt"": 64}"
dllmcache,26,50,128,1,1,1,9.84,"{""dllmc_v_rate"": 0.25, ""step_refresh_remainder"": 8, ""step_refresh_remainder_prompt"": 64}"
dllmcache,26,60,154,1,1,1,9.84,"{""dllmc_v_rate"": 0.25, ""step_refresh_remainder"": 8, ""step_refresh_remainder_prompt"": 64}"
dllmcache,26,70,179,1,1,1,9.83,"{""dllmc_v_rate"": 0.25, ""step_refresh_remainder"": 8, ""step_refresh_remainder_prompt"": 64}"
dllmcache,26,80,205,1,1,1,9.83,"{""dllmc_v_rate"": 0.25, ""step_refresh_remainder"": 8, ""step_refresh_remainder_prompt"": 64}"
dllmcache,26,90,230,1,1,1,9.84,"{""dllmc_v_rate"": 0.25, ""step_refresh_remainder"": 8, ""step_refresh_remainder_prompt"": 64}"
dllmcache,27,0,0,1,1,1,9.49,"{""dllmc_v_rate"": 0.25, ""step_refresh_remainder"": 8, ""step_refresh_remainder_prompt"": 64}"
dllmcache,27,10,26,1,1,1,9.48,"{""dllmc_v_rate"": 0.25, ""step_refresh_remainder"": 8, ""step_refresh_remainder_prompt"": 64}"
dllmcache,27,20,51,1,1,1,9.49,"{""dllmc_v_rate"": 0.25, ""step_refresh_remainder"": 8, ""step_refresh_remainder_prompt"": 64}"
dllmcache,27,30,77,1,1,1,9.49,"{""dllmc_v_rate"": 0.25, ""step_refresh_remainder"": 8, ""step_refresh_remainder_prompt"": 64}"
dllmcache,27,40,102,1,1,1,9.49,"{""dllmc_v_rate"": 0.25, ""step_refresh_remainder"": 8, ""step_refresh_remainder_prompt"": 64}"
dllmcache,27,50,128,1,1,1,9.49,"{""dllmc_v_rate"": 0.25, ""step_refresh_remainder"": 8, ""step_refresh_remainder_prompt"": 64}"
dllmcache,27,60,154,1,1,1,9.49,"{""dllmc_v_rate"": 0.25, ""step_refresh_remainder"": 8, ""step_refresh_remainder_prompt"": 64}"
dllmcache,27,70,179,1,1,1,9.49,"{""dllmc_v_rate"": 0.25, ""step_refresh_remainder"": 8, ""step_refresh_remainder_prompt"": 64}"
dllmcache,27,80,205,1,1,1,9.49,"{""dllmc_v_rate"": 0.25, ""step_refresh_remainder"": 8, ""step_refresh_remainder_prompt"": 64}"
dllmcache,27,90,230,1,1,1,9.49,"{""dllmc_v_rate"": 0.25, ""step_refresh_remainder"": 8, ""step_refresh_remainder_prompt"": 64}"
dllmcache,29,0,0,1,1,1,9.73,"{""dllmc_v_rate"": 0.25, ""step_refresh_remainder"": 8, ""step_refresh_remainder_prompt"": 64}"
dllmcache,29,10,26,1,1,1,9.72,"{""dllmc_v_rate"": 0.25, ""step_refresh_remainder"": 8, ""step_refresh_remainder_prompt"": 64}"
dllmcache,29,20,51,1,1,1,9.72,"{""dllmc_v_rate"": 0.25, ""step_refresh_remainder"": 8, ""step_refresh_remainder_prompt"": 64}"
dllmcache,29,30,77,1,1,1,9.73,"{""dllmc_v_rate"": 0.25, ""step_refresh_remainder"": 8, ""step_refresh_remainder_prompt"": 64}"
dllmcache,29,40,102,1,1,1,9.73,"{""dllmc_v_rate"": 0.25, ""step_refresh_remainder"": 8, ""step_refresh_remainder_prompt"": 64}"
dllmcache,29,50,128,1,1,1,9.72,"{""dllmc_v_rate"": 0.25, ""step_refresh_remainder"": 8, ""step_refresh_remainder_prompt"": 64}"
dllmcache,29,60,154,1,1,1,9.72,"{""dllmc_v_rate"": 0.25, ""step_refresh_remainder"": 8, ""step_refresh_remainder_prompt"": 64}"
dllmcache,29,70,179,1,1,1,9.72,"{""dllmc_v_rate"": 0.25, ""step_refresh_remainder"": 8, ""step_refresh_remainder_prompt"": 64}"
dllmcache,29,80,205,1,1,1,9.71,"{""dllmc_v_rate"": 0.25, ""step_refresh_remainder"": 8, ""step_refresh_remainder_prompt"": 64}"
dllmcache,29,90,230,1,1,1,9.72,"{""dllmc_v_rate"": 0.25, ""step_refresh_remainder"": 8, ""step_refresh_remainder_prompt"": 64}"
dllmcache,30,0,0,1,1,1,9.73,"{""dllmc_v_rate"": 0.25, ""step_refresh_remainder"": 8, ""step_refresh_remainder_prompt"": 64}"
dllmcache,30,10,26,1,1,1,9.73,"{""dllmc_v_rate"": 0.25, ""step_refresh_remainder"": 8, ""step_refresh_remainder_prompt"": 64}"
dllmcache,30,20,51,1,1,1,9.73,"{""dllmc_v_rate"": 0.25, ""step_refresh_remainder"": 8, ""step_refresh_remainder_prompt"": 64}"
dllmcache,30,30,77,1,1,1,9.73,"{""dllmc_v_rate"": 0.25, ""step_refresh_remainder"": 8, ""step_refresh_remainder_prompt"": 64}"
dllmcache,30,40,102,1,1,1,9.73,"{""dllmc_v_rate"": 0.25, ""step_refresh_remainder"": 8, ""step_refresh_remainder_prompt"": 64}"
dllmcache,30,50,128,1,1,1,9.73,"{""dllmc_v_rate"": 0.25, ""step_refresh_remainder"": 8, ""step_refresh_remainder_prompt"": 64}"
dllmcache,30,60,154,1,1,1,9.74,"{""dllmc_v_rate"": 0.25, ""step_refresh_remainder"": 8, ""step_refresh_remainder_prompt"": 64}"
dllmcache,30,70,179,1,1,1,9.73,"{""dllmc_v_rate"": 0.25, ""step_refresh_remainder"": 8, ""step_refresh_remainder_prompt"": 64}"
dllmcache,30,80,205,1,1,1,9.73,"{""dllmc_v_rate"": 0.25, ""step_refresh_remainder"": 8, ""step_refresh_remainder_prompt"": 64}"
dllmcache,30,90,230,1,1,1,9.73,"{""dllmc_v_rate"": 0.25, ""step_refresh_remainder"": 8, ""step_refresh_remainder_prompt"": 64}"
dllmcache,31,0,0,1,1,1,10.6,"{""dllmc_v_rate"": 0.25, ""step_refresh_remainder"": 8, ""step_refresh_remainder_prompt"": 64}"
dllmcache,31,10,26,1,1,1,10.6,"{""dllmc_v_rate"": 0.25, ""step_refresh_remainder"": 8, ""step_refresh_remainder_prompt"": 64}"
dllmcache,31,20,51,1,1,1,10.6,"{""dllmc_v_rate"": 0.25, ""step_refresh_remainder"": 8, ""step_refresh_remainder_prompt"": 64}"
dllmcache,31,30,77,1,1,1,10.61,"{""dllmc_v_rate"": 0.25, ""step_refresh_remainder"": 8, ""step_refresh_remainder_prompt"": 64}"
dllmcache,31,40,102,1,1,1,10.62,"{""dllmc_v_rate"": 0.25, ""step_refresh_remainder"": 8, ""step_refresh_remainder_prompt"": 64}"
dllmcache,31,50,128,1,1,1,10.6,"{""dllmc_v_rate"": 0.25, ""step_refresh_remainder"": 8, ""step_refresh_remainder_prompt"": 64}"
dllmcache,31,60,154,1,1,1,10.61,"{""dllmc_v_rate"": 0.25, ""step_refresh_remainder"": 8, ""step_refresh_remainder_prompt"": 64}"
dllmcache,31,70,179,1,1,1,10.61,"{""dllmc_v_rate"": 0.25, ""step_refresh_remainder"": 8, ""step_refresh_remainder_prompt"": 64}"
dllmcache,31,80,205,1,1,1,10.61,"{""dllmc_v_rate"": 0.25, ""step_refresh_remainder"": 8, ""step_refresh_remainder_prompt"": 64}"
dllmcache,31,90,230,1,1,1,10.61,"{""dllmc_v_rate"": 0.25, ""step_refresh_remainder"": 8, ""step_refresh_remainder_prompt"": 64}"
dllmcache,33,0,0,0,0,1,9.54,"{""dllmc_v_rate"": 0.25, ""step_refresh_remainder"": 8, ""step_refresh_remainder_prompt"": 64}"
dllmcache,33,10,26,1,1,1,9.53,"{""dllmc_v_rate"": 0.25, ""step_refresh_remainder"": 8, ""step_refresh_remainder_prompt"": 64}"
dllmcache,33,20,51,1,1,1,9.52,"{""dllmc_v_rate"": 0.25, ""step_refresh_remainder"": 8, ""step_refresh_remainder_prompt"": 64}"
dllmcache,33,30,77,1,1,1,9.52,"{""dllmc_v_rate"": 0.25, ""step_refresh_remainder"": 8, ""step_refresh_remainder_prompt"": 64}"
dllmcache,33,40,102,1,1,1,9.52,"{""dllmc_v_rate"": 0.25, ""step_refresh_remainder"": 8, ""step_refresh_remainder_prompt"": 64}"
dllmcache,33,50,128,1,1,1,9.53,"{""dllmc_v_rate"": 0.25, ""step_refresh_remainder"": 8, ""step_refresh_remainder_prompt"": 64}"
dllmcache,33,60,154,1,1,1,9.53,"{""dllmc_v_rate"": 0.25, ""step_refresh_remainder"": 8, ""step_refresh_remainder_prompt"": 64}"
dllmcache,33,70,179,1,1,1,9.53,"{""dllmc_v_rate"": 0.25, ""step_refresh_remainder"": 8, ""step_refresh_remainder_prompt"": 64}"
dllmcache,33,80,205,1,1,1,9.53,"{""dllmc_v_rate"": 0.25, ""step_refresh_remainder"": 8, ""step_refresh_remainder_prompt"": 64}"
dllmcache,33,90,230,1,1,1,9.52,"{""dllmc_v_rate"": 0.25, ""step_refresh_remainder"": 8, ""step_refresh_remainder_prompt"": 64}"
dllmcache,34,0,0,0,0,1,10.47,"{""dllmc_v_rate"": 0.25, ""step_refresh_remainder"": 8, ""step_refresh_remainder_prompt"": 64}"
dllmcache,34,10,26,1,1,1,10.47,"{""dllmc_v_rate"": 0.25, ""step_refresh_remainder"": 8, ""step_refresh_remainder_prompt"": 64}"
dllmcache,34,20,51,1,1,1,10.46,"{""dllmc_v_rate"": 0.25, ""step_refresh_remainder"": 8, ""step_refresh_remainder_prompt"": 64}"
dllmcache,34,30,77,1,1,1,10.47,"{""dllmc_v_rate"": 0.25, ""step_refresh_remainder"": 8, ""step_refresh_remainder_prompt"": 64}"
dllmcache,34,40,102,1,1,1,10.47,"{""dllmc_v_rate"": 0.25, ""step_refresh_remainder"": 8, ""step_refresh_remainder_prompt"": 64}"
dllmcache,34,50,128,1,1,1,10.47,"{""dllmc_v_rate"": 0.25, ""step_refresh_remainder"": 8, ""step_refresh_remainder_prompt"": 64}"
dllmcache,34,60,154,1,1,1,10.47,"{""dllmc_v_rate"": 0.25, ""step_refresh_remainder"": 8, ""step_refresh_remainder_prompt"": 64}"
dllmcache,34,70,179,1,1,1,10.47,"{""dllmc_v_rate"": 0.25, ""step_refresh_remainder"": 8, ""step_refresh_remainder_prompt"": 64}"
dllmcache,34,80,205,1,1,1,10.47,"{""dllmc_v_rate"": 0.25, ""step_refresh_remainder"": 8, ""step_refresh_remainder_prompt"": 64}"
dllmcache,34,90,230,1,1,1,10.46,"{""dllmc_v_rate"": 0.25, ""step_refresh_remainder"": 8, ""step_refresh_remainder_prompt"": 64}"
dllmcache,36,0,0,0,0,1,9.73,"{""dllmc_v_rate"": 0.25, ""step_refresh_remainder"": 8, ""step_refresh_remainder_prompt"": 64}"
dllmcache,36,10,26,1,1,1,9.72,"{""dllmc_v_rate"": 0.25, ""step_refresh_remainder"": 8, ""step_refresh_remainder_prompt"": 64}"
dllmcache,36,20,51,1,1,1,9.72,"{""dllmc_v_rate"": 0.25, ""step_refresh_remainder"": 8, ""step_refresh_remainder_prompt"": 64}"
dllmcache,36,30,77,1,1,1,9.72,"{""dllmc_v_rate"": 0.25, ""step_refresh_remainder"": 8, ""step_refresh_remainder_prompt"": 64}"
dllmcache,36,40,102,1,1,1,9.72,"{""dllmc_v_rate"": 0.25, ""step_refresh_remainder"": 8, ""step_refresh_remainder_prompt"": 64}"
dllmcache,36,50,128,1,1,1,9.72,"{""dllmc_v_rate"": 0.25, ""step_refresh_remainder"": 8, ""step_refresh_remainder_prompt"": 64}"
dllmcache,36,60,154,1,1,1,9.72,"{""dllmc_v_rate"": 0.25, ""step_refresh_remainder"": 8, ""step_refresh_remainder_prompt"": 64}"
dllmcache,36,70,179,1,1,1,9.72,"{""dllmc_v_rate"": 0.25, ""step_refresh_remainder"": 8, ""step_refresh_remainder_prompt"": 64}"
dllmcache,36,80,205,1,1,1,9.72,"{""dllmc_v_rate"": 0.25, ""step_refresh_remainder"": 8, ""step_refresh_remainder_prompt"": 64}"
dllmcache,36,90,230,1,1,1,9.72,"{""dllmc_v_rate"": 0.25, ""step_refresh_remainder"": 8, ""step_refresh_remainder_prompt"": 64}"
dllmcache,38,0,0,0,0,1,9.51,"{""dllmc_v_rate"": 0.25, ""step_refresh_remainder"": 8, ""step_refresh_remainder_prompt"": 64}"
dllmcache,38,10,26,0,1,0,9.51,"{""dllmc_v_rate"": 0.25, ""step_refresh_remainder"": 8, ""step_refresh_remainder_prompt"": 64}"
dllmcache,38,20,51,0,1,0,9.5,"{""dllmc_v_rate"": 0.25, ""step_refresh_remainder"": 8, ""step_refresh_remainder_prompt"": 64}"
dllmcache,38,30,77,1,1,1,9.5,"{""dllmc_v_rate"": 0.25, ""step_refresh_remainder"": 8, ""step_refresh_remainder_prompt"": 64}"
dllmcache,38,40,102,1,1,1,9.5,"{""dllmc_v_rate"": 0.25, ""step_refresh_remainder"": 8, ""step_refresh_remainder_prompt"": 64}"
dllmcache,38,50,128,1,1,1,9.5,"{""dllmc_v_rate"": 0.25, ""step_refresh_remainder"": 8, ""step_refresh_remainder_prompt"": 64}"
dllmcache,38,60,154,1,1,1,9.51,"{""dllmc_v_rate"": 0.25, ""step_refresh_remainder"": 8, ""step_refresh_remainder_prompt"": 64}"
dllmcache,38,70,179,1,1,1,9.51,"{""dllmc_v_rate"": 0.25, ""step_refresh_remainder"": 8, ""step_refresh_remainder_prompt"": 64}"
dllmcache,38,80,205,1,1,1,9.51,"{""dllmc_v_rate"": 0.25, ""step_refresh_remainder"": 8, ""step_refresh_remainder_prompt"": 64}"
dllmcache,38,90,230,1,1,1,9.51,"{""dllmc_v_rate"": 0.25, ""step_refresh_remainder"": 8, ""step_refresh_remainder_prompt"": 64}"
dllmcache,40,0,0,1,1,1,10.53,"{""dllmc_v_rate"": 0.25, ""step_refresh_remainder"": 8, ""step_refresh_remainder_prompt"": 64}"
dllmcache,40,10,26,1,1,1,10.52,"{""dllmc_v_rate"": 0.25, ""step_refresh_remainder"": 8, ""step_refresh_remainder_prompt"": 64}"
dllmcache,40,20,51,1,1,1,10.52,"{""dllmc_v_rate"": 0.25, ""step_refresh_remainder"": 8, ""step_refresh_remainder_prompt"": 64}"
dllmcache,40,30,77,1,1,1,10.52,"{""dllmc_v_rate"": 0.25, ""step_refresh_remainder"": 8, ""step_refresh_remainder_prompt"": 64}"
dllmcache,40,40,102,1,1,1,10.53,"{""dllmc_v_rate"": 0.25, ""step_refresh_remainder"": 8, ""step_refresh_remainder_prompt"": 64}"
dllmcache,40,50,128,1,1,1,10.52,"{""dllmc_v_rate"": 0.25, ""step_refresh_remainder"": 8, ""step_refresh_remainder_prompt"": 64}"
dllmcache,40,60,154,1,1,1,10.51,"{""dllmc_v_rate"": 0.25, ""step_refresh_remainder"": 8, ""step_refresh_remainder_prompt"": 64}"
dllmcache,40,70,179,1,1,1,10.51,"{""dllmc_v_rate"": 0.25, ""step_refresh_remainder"": 8, ""step_refresh_remainder_prompt"": 64}"
dllmcache,40,80,205,1,1,1,10.51,"{""dllmc_v_rate"": 0.25, ""step_refresh_remainder"": 8, ""step_refresh_remainder_prompt"": 64}"
dllmcache,40,90,230,1,1,1,10.52,"{""dllmc_v_rate"": 0.25, ""step_refresh_remainder"": 8, ""step_refresh_remainder_prompt"": 64}"
dllmcache,41,0,0,0,0,1,10.54,"{""dllmc_v_rate"": 0.25, ""step_refresh_remainder"": 8, ""step_refresh_remainder_prompt"": 64}"
dllmcache,41,10,26,1,1,1,10.54,"{""dllmc_v_rate"": 0.25, ""step_refresh_remainder"": 8, ""step_refresh_remainder_prompt"": 64}"
dllmcache,41,20,51,1,1,1,10.54,"{""dllmc_v_rate"": 0.25, ""step_refresh_remainder"": 8, ""step_refresh_remainder_prompt"": 64}"
dllmcache,41,30,77,1,1,1,10.53,"{""dllmc_v_rate"": 0.25, ""step_refresh_remainder"": 8, ""step_refresh_remainder_prompt"": 64}"
dllmcache,41,40,102,1,1,1,10.53,"{""dllmc_v_rate"": 0.25, ""step_refresh_remainder"": 8, ""step_refresh_remainder_prompt"": 64}"
dllmcache,41,50,128,1,1,1,10.54,"{""dllmc_v_rate"": 0.25, ""step_refresh_remainder"": 8, ""step_refresh_remainder_prompt"": 64}"
dllmcache,41,60,154,1,1,1,10.54,"{""dllmc_v_rate"": 0.25, ""step_refresh_remainder"": 8, ""step_refresh_remainder_prompt"": 64}"
dllmcache,41,70,179,1,1,1,10.53,"{""dllmc_v_rate"": 0.25, ""step_refresh_remainder"": 8, ""step_refresh_remainder_prompt"": 64}"
dllmcache,41,80,205,1,1,1,10.54,"{""dllmc_v_rate"": 0.25, ""step_refresh_remainder"": 8, ""step_refresh_remainder_prompt"": 64}"
dllmcache,41,90,230,1,1,1,10.54,"{""dllmc_v_rate"": 0.25, ""step_refresh_remainder"": 8, ""step_refresh_remainder_prompt"": 64}"
dllmcache,42,0,0,1,1,1,9.52,"{""dllmc_v_rate"": 0.25, ""step_refresh_remainder"": 8, ""step_refresh_remainder_prompt"": 64}"
dllmcache,42,10,26,1,1,1,9.51,"{""dllmc_v_rate"": 0.25, ""step_refresh_remainder"": 8, ""step_refresh_remainder_prompt"": 64}"
dllmcache,42,20,51,1,1,1,9.51,"{""dllmc_v_rate"": 0.25, ""step_refresh_remainder"": 8, ""step_refresh_remainder_prompt"": 64}"
dllmcache,42,30,77,1,1,1,9.51,"{""dllmc_v_rate"": 0.25, ""step_refresh_remainder"": 8, ""step_refresh_remainder_prompt"": 64}"
dllmcache,42,40,102,1,1,1,9.52,"{""dllmc_v_rate"": 0.25, ""step_refresh_remainder"": 8, ""step_refresh_remainder_prompt"": 64}"
dllmcache,42,50,128,1,1,1,9.52,"{""dllmc_v_rate"": 0.25, ""step_refresh_remainder"": 8, ""step_refresh_remainder_prompt"": 64}"
dllmcache,42,60,154,1,1,1,9.52,"{""dllmc_v_rate"": 0.25, ""step_refresh_remainder"": 8, ""step_refresh_remainder_prompt"": 64}"
dllmcache,42,70,179,1,1,1,9.52,"{""dllmc_v_rate"": 0.25, ""step_refresh_remainder"": 8, ""step_refresh_remainder_prompt"": 64}"
dllmcache,42,80,205,1,1,1,9.51,"{""dllmc_v_rate"": 0.25, ""step_refresh_remainder"": 8, ""step_refresh_remainder_prompt"": 64}"
dllmcache,42,90,230,1,1,1,9.51,"{""dllmc_v_rate"": 0.25, ""step_refresh_remainder"": 8, ""step_refresh_remainder_prompt"": 64}"
dllmcache,45,0,0,1,1,1,10.54,"{""dllmc_v_rate"": 0.25, ""step_refresh_remainder"": 8, ""step_refresh_remainder_prompt"": 64}"
dllmcache,45,10,26,1,1,1,10.55,"{""dllmc_v_rate"": 0.25, ""step_refresh_remainder"": 8, ""step_refresh_remainder_prompt"": 64}"
dllmcache,45,20,51,1,1,1,10.54,"{""dllmc_v_rate"": 0.25, ""step_refresh_remainder"": 8, ""step_refresh_remainder_prompt"": 64}"
dllmcache,45,30,77,1,1,1,10.55,"{""dllmc_v_rate"": 0.25, ""step_refresh_remainder"": 8, ""step_refresh_remainder_prompt"": 64}"
dllmcache,45,40,102,1,1,1,10.54,"{""dllmc_v_rate"": 0.25, ""step_refresh_remainder"": 8, ""step_refresh_remainder_prompt"": 64}"
dllmcache,45,50,128,1,1,1,10.53,"{""dllmc_v_rate"": 0.25, ""step_refresh_remainder"": 8, ""step_refresh_remainder_prompt"": 64}"
dllmcache,45,60,154,1,1,1,10.54,"{""dllmc_v_rate"": 0.25, ""step_refresh_remainder"": 8, ""step_refresh_remainder_prompt"": 64}"
dllmcache,45,70,179,1,1,1,10.55,"{""dllmc_v_rate"": 0.25, ""step_refresh_remainder"": 8, ""step_refresh_remainder_prompt"": 64}"
dllmcache,45,80,205,1,1,1,10.55,"{""dllmc_v_rate"": 0.25, ""step_refresh_remainder"": 8, ""step_refresh_remainder_prompt"": 64}"
dllmcache,45,90,230,1,1,1,10.54,"{""dllmc_v_rate"": 0.25, ""step_refresh_remainder"": 8, ""step_refresh_remainder_prompt"": 64}"
dllmcache,48,0,0,1,1,1,9.55,"{""dllmc_v_rate"": 0.25, ""step_refresh_remainder"": 8, ""step_refresh_remainder_prompt"": 64}"
dllmcache,48,10,26,1,1,1,9.54,"{""dllmc_v_rate"": 0.25, ""step_refresh_remainder"": 8, ""step_refresh_remainder_prompt"": 64}"
dllmcache,48,20,51,1,1,1,9.55,"{""dllmc_v_rate"": 0.25, ""step_refresh_remainder"": 8, ""step_refresh_remainder_prompt"": 64}"
dllmcache,48,30,77,1,1,1,9.54,"{""dllmc_v_rate"": 0.25, ""step_refresh_remainder"": 8, ""step_refresh_remainder_prompt"": 64}"
dllmcache,48,40,102,1,1,1,9.55,"{""dllmc_v_rate"": 0.25, ""step_refresh_remainder"": 8, ""step_refresh_remainder_prompt"": 64}"
dllmcache,48,50,128,1,1,1,9.55,"{""dllmc_v_rate"": 0.25, ""step_refresh_remainder"": 8, ""step_refresh_remainder_prompt"": 64}"
dllmcache,48,60,154,1,1,1,9.55,"{""dllmc_v_rate"": 0.25, ""step_refresh_remainder"": 8, ""step_refresh_remainder_prompt"": 64}"
dllmcache,48,70,179,1,1,1,9.55,"{""dllmc_v_rate"": 0.25, ""step_refresh_remainder"": 8, ""step_refresh_remainder_prompt"": 64}"
dllmcache,48,80,205,1,1,1,9.55,"{""dllmc_v_rate"": 0.25, ""step_refresh_remainder"": 8, ""step_refresh_remainder_prompt"": 64}"
dllmcache,48,90,230,1,1,1,9.55,"{""dllmc_v_rate"": 0.25, ""step_refresh_remainder"": 8, ""step_refresh_remainder_prompt"": 64}"
dllmcache,49,0,0,1,1,1,9.75,"{""dllmc_v_rate"": 0.25, ""step_refresh_remainder"": 8, ""step_refresh_remainder_prompt"": 64}"
dllmcache,49,10,26,1,1,1,9.74,"{""dllmc_v_rate"": 0.25, ""step_refresh_remainder"": 8, ""step_refresh_remainder_prompt"": 64}"
dllmcache,49,20,51,1,1,1,9.75,"{""dllmc_v_rate"": 0.25, ""step_refresh_remainder"": 8, ""step_refresh_remainder_prompt"": 64}"
dllmcache,49,30,77,1,1,1,9.75,"{""dllmc_v_rate"": 0.25, ""step_refresh_remainder"": 8, ""step_refresh_remainder_prompt"": 64}"
dllmcache,49,40,102,1,1,1,9.75,"{""dllmc_v_rate"": 0.25, ""step_refresh_remainder"": 8, ""step_refresh_remainder_prompt"": 64}"
dllmcache,49,50,128,1,1,1,9.75,"{""dllmc_v_rate"": 0.25, ""step_refresh_remainder"": 8, ""step_refresh_remainder_prompt"": 64}"
dllmcache,49,60,154,1,1,1,9.75,"{""dllmc_v_rate"": 0.25, ""step_refresh_remainder"": 8, ""step_refresh_remainder_prompt"": 64}"
dllmcache,49,70,179,1,1,1,9.76,"{""dllmc_v_rate"": 0.25, ""step_refresh_remainder"": 8, ""step_refresh_remainder_prompt"": 64}"
dllmcache,49,80,205,1,1,1,9.77,"{""dllmc_v_rate"": 0.25, ""step_refresh_remainder"": 8, ""step_refresh_remainder_prompt"": 64}"
dllmcache,49,90,230,1,1,1,9.75,"{""dllmc_v_rate"": 0.25, ""step_refresh_remainder"": 8, ""step_refresh_remainder_prompt"": 64}"
dllmcache,50,0,0,1,1,1,9.82,"{""dllmc_v_rate"": 0.25, ""step_refresh_remainder"": 8, ""step_refresh_remainder_prompt"": 64}"
dllmcache,50,10,26,0,1,0,9.81,"{""dllmc_v_rate"": 0.25, ""step_refresh_remainder"": 8, ""step_refresh_remainder_prompt"": 64}"
dllmcache,50,20,51,1,1,1,9.81,"{""dllmc_v_rate"": 0.25, ""step_refresh_remainder"": 8, ""step_refresh_remainder_prompt"": 64}"
dllmcache,50,30,77,1,1,1,9.82,"{""dllmc_v_rate"": 0.25, ""step_refresh_remainder"": 8, ""step_refresh_remainder_prompt"": 64}"
dllmcache,50,40,102,1,1,1,9.81,"{""dllmc_v_rate"": 0.25, ""step_refresh_remainder"": 8, ""step_refresh_remainder_prompt"": 64}"
dllmcache,50,50,128,1,1,1,9.81,"{""dllmc_v_rate"": 0.25, ""step_refresh_remainder"": 8, ""step_refresh_remainder_prompt"": 64}"
dllmcache,50,60,154,1,1,1,9.81,"{""dllmc_v_rate"": 0.25, ""step_refresh_remainder"": 8, ""step_refresh_remainder_prompt"": 64}"
dllmcache,50,70,179,1,1,1,9.81,"{""dllmc_v_rate"": 0.25, ""step_refresh_remainder"": 8, ""step_refresh_remainder_prompt"": 64}"
dllmcache,50,80,205,1,1,1,9.82,"{""dllmc_v_rate"": 0.25, ""step_refresh_remainder"": 8, ""step_refresh_remainder_prompt"": 64}"
dllmcache,50,90,230,1,1,1,9.81,"{""dllmc_v_rate"": 0.25, ""step_refresh_remainder"": 8, ""step_refresh_remainder_prompt"": 64}"
dllmcache,51,0,0,0,0,1,9.51,"{""dllmc_v_rate"": 0.25, ""step_refresh_remainder"": 8, ""step_refresh_remainder_prompt"": 64}"
dllmcache,51,10,26,0,0,1,9.51,"{""dllmc_v_rate"": 0.25, ""step_refresh_remainder"": 8, ""step_refresh_remainder_prompt"": 64}"
dllmcache,51,20,51,1,1,1,9.51,"{""dllmc_v_rate"": 0.25, ""step_refresh_remainder"": 8, ""step_refresh_remainder_prompt"": 64}"
dllmcache,51,30,77,1,1,1,9.51,"{""dllmc_v_rate"": 0.25, ""step_refresh_remainder"": 8, ""step_refresh_remainder_prompt"": 64}"
dllmcache,51,40,102,1,1,1,9.52,"{""dllmc_v_rate"": 0.25, ""step_refresh_remainder"": 8, ""step_refresh_remainder_prompt"": 64}"
dllmcache,51,50,128,1,1,1,9.52,"{""dllmc_v_rate"": 0.25, ""step_refresh_remainder"": 8, ""step_refresh_remainder_prompt"": 64}"
dllmcache,51,60,154,1,1,1,9.52,"{""dllmc_v_rate"": 0.25, ""step_refresh_remainder"": 8, ""step_refresh_remainder_prompt"": 64}"
dllmcache,51,70,179,1,1,1,9.52,"{""dllmc_v_rate"": 0.25, ""step_refresh_remainder"": 8, ""step_refresh_remainder_prompt"": 64}"
dllmcache,51,80,205,1,1,1,9.52,"{""dllmc_v_rate"": 0.25, ""step_refresh_remainder"": 8, ""step_refresh_remainder_prompt"": 64}"
dllmcache,51,90,230,1,1,1,9.52,"{""dllmc_v_rate"": 0.25, ""step_refresh_remainder"": 8, ""step_refresh_remainder_prompt"": 64}"
dllmcache,52,0,0,0,0,0,9.57,"{""dllmc_v_rate"": 0.25, ""step_refresh_remainder"": 8, ""step_refresh_remainder_prompt"": 64}"
dllmcache,52,10,26,1,1,1,9.56,"{""dllmc_v_rate"": 0.25, ""step_refresh_remainder"": 8, ""step_refresh_remainder_prompt"": 64}"
dllmcache,52,20,51,1,1,1,9.57,"{""dllmc_v_rate"": 0.25, ""step_refresh_remainder"": 8, ""step_refresh_remainder_prompt"": 64}"
dllmcache,52,30,77,1,1,1,9.57,"{""dllmc_v_rate"": 0.25, ""step_refresh_remainder"": 8, ""step_refresh_remainder_prompt"": 64}"
dllmcache,52,40,102,1,1,0,9.56,"{""dllmc_v_rate"": 0.25, ""step_refresh_remainder"": 8, ""step_refresh_remainder_prompt"": 64}"
dllmcache,52,50,128,1,1,1,9.56,"{""dllmc_v_rate"": 0.25, ""step_refresh_remainder"": 8, ""step_refresh_remainder_prompt"": 64}"
dllmcache,52,60,154,1,1,1,9.56,"{""dllmc_v_rate"": 0.25, ""step_refresh_remainder"": 8, ""step_refresh_remainder_prompt"": 64}"
dllmcache,52,70,179,1,1,1,9.56,"{""dllmc_v_rate"": 0.25, ""step_refresh_remainder"": 8, ""step_refresh_remainder_prompt"": 64}"
dllmcache,52,80,205,1,1,1,9.56,"{""dllmc_v_rate"": 0.25, ""step_refresh_remainder"": 8, ""step_refresh_remainder_prompt"": 64}"
dllmcache,52,90,230,1,1,1,9.57,"{""dllmc_v_rate"": 0.25, ""step_refresh_remainder"": 8, ""step_refresh_remainder_prompt"": 64}"
dllmcache,53,0,0,1,1,1,11.53,"{""dllmc_v_rate"": 0.25, ""step_refresh_remainder"": 8, ""step_refresh_remainder_prompt"": 64}"
dllmcache,53,10,26,1,1,1,11.52,"{""dllmc_v_rate"": 0.25, ""step_refresh_remainder"": 8, ""step_refresh_remainder_prompt"": 64}"
dllmcache,53,20,51,1,1,1,11.52,"{""dllmc_v_rate"": 0.25, ""step_refresh_remainder"": 8, ""step_refresh_remainder_prompt"": 64}"
dllmcache,53,30,77,1,1,1,11.52,"{""dllmc_v_rate"": 0.25, ""step_refresh_remainder"": 8, ""step_refresh_remainder_prompt"": 64}"
dllmcache,53,40,102,1,1,1,11.52,"{""dllmc_v_rate"": 0.25, ""step_refresh_remainder"": 8, ""step_refresh_remainder_prompt"": 64}"
dllmcache,53,50,128,1,1,1,11.52,"{""dllmc_v_rate"": 0.25, ""step_refresh_remainder"": 8, ""step_refresh_remainder_prompt"": 64}"
dllmcache,53,60,154,1,1,1,11.52,"{""dllmc_v_rate"": 0.25, ""step_refresh_remainder"": 8, ""step_refresh_remainder_prompt"": 64}"
dllmcache,53,70,179,1,1,1,11.52,"{""dllmc_v_rate"": 0.25, ""step_refresh_remainder"": 8, ""step_refresh_remainder_prompt"": 64}"
dllmcache,53,80,205,1,1,1,11.52,"{""dllmc_v_rate"": 0.25, ""step_refresh_remainder"": 8, ""step_refresh_remainder_prompt"": 64}"
dllmcache,53,90,230,1,1,1,11.52,"{""dllmc_v_rate"": 0.25, ""step_refresh_remainder"": 8, ""step_refresh_remainder_prompt"": 64}"
dllmcache,55,0,0,1,1,1,10.49,"{""dllmc_v_rate"": 0.25, ""step_refresh_remainder"": 8, ""step_refresh_remainder_prompt"": 64}"
dllmcache,55,10,26,1,1,1,10.48,"{""dllmc_v_rate"": 0.25, ""step_refresh_remainder"": 8, ""step_refresh_remainder_prompt"": 64}"
dllmcache,55,20,51,1,1,1,10.49,"{""dllmc_v_rate"": 0.25, ""step_refresh_remainder"": 8, ""step_refresh_remainder_prompt"": 64}"
dllmcache,55,30,77,1,1,1,10.48,"{""dllmc_v_rate"": 0.25, ""step_refresh_remainder"": 8, ""step_refresh_remainder_prompt"": 64}"
dllmcache,55,40,102,1,1,1,10.48,"{""dllmc_v_rate"": 0.25, ""step_refresh_remainder"": 8, ""step_refresh_remainder_prompt"": 64}"
dllmcache,55,50,128,1,1,1,10.48,"{""dllmc_v_rate"": 0.25, ""step_refresh_remainder"": 8, ""step_refresh_remainder_prompt"": 64}"
dllmcache,55,60,154,1,1,1,10.48,"{""dllmc_v_rate"": 0.25, ""step_refresh_remainder"": 8, ""step_refresh_remainder_prompt"": 64}"
dllmcache,55,70,179,1,1,1,10.48,"{""dllmc_v_rate"": 0.25, ""step_refresh_remainder"": 8, ""step_refresh_remainder_prompt"": 64}"
dllmcache,55,80,205,1,1,1,10.49,"{""dllmc_v_rate"": 0.25, ""step_refresh_remainder"": 8, ""step_refresh_remainder_prompt"": 64}"
dllmcache,55,90,230,1,1,1,10.49,"{""dllmc_v_rate"": 0.25, ""step_refresh_remainder"": 8, ""step_refresh_remainder_prompt"": 64}"
dllmcache,56,0,0,1,1,1,10.53,"{""dllmc_v_rate"": 0.25, ""step_refresh_remainder"": 8, ""step_refresh_remainder_prompt"": 64}"
dllmcache,56,10,26,1,1,1,10.53,"{""dllmc_v_rate"": 0.25, ""step_refresh_remainder"": 8, ""step_refresh_remainder_prompt"": 64}"
dllmcache,56,20,51,1,1,1,10.52,"{""dllmc_v_rate"": 0.25, ""step_refresh_remainder"": 8, ""step_refresh_remainder_prompt"": 64}"
dllmcache,56,30,77,1,1,1,10.51,"{""dllmc_v_rate"": 0.25, ""step_refresh_remainder"": 8, ""step_refresh_remainder_prompt"": 64}"
dllmcache,56,40,102,1,1,1,10.52,"{""dllmc_v_rate"": 0.25, ""step_refresh_remainder"": 8, ""step_refresh_remainder_prompt"": 64}"
dllmcache,56,50,128,1,1,1,10.52,"{""dllmc_v_rate"": 0.25, ""step_refresh_remainder"": 8, ""step_refresh_remainder_prompt"": 64}"
dllmcache,56,60,154,1,1,1,10.52,"{""dllmc_v_rate"": 0.25, ""step_refresh_remainder"": 8, ""step_refresh_remainder_prompt"": 64}"
dllmcache,56,70,179,1,1,1,10.52,"{""dllmc_v_rate"": 0.25, ""step_refresh_remainder"": 8, ""step_refresh_remainder_prompt"": 64}"
dllmcache,56,80,205,1,1,1,10.52,"{""dllmc_v_rate"": 0.25, ""step_refresh_remainder"": 8, ""step_refresh_remainder_prompt"": 64}"
dllmcache,56,90,230,1,1,1,10.52,"{""dllmc_v_rate"": 0.25, ""step_refresh_remainder"": 8, ""step_refresh_remainder_prompt"": 64}"
dllmcache,57,0,0,1,1,1,10.58,"{""dllmc_v_rate"": 0.25, ""step_refresh_remainder"": 8, ""step_refresh_remainder_prompt"": 64}"
dllmcache,57,10,26,1,1,1,10.58,"{""dllmc_v_rate"": 0.25, ""step_refresh_remainder"": 8, ""step_refresh_remainder_prompt"": 64}"
dllmcache,57,20,51,1,1,1,10.58,"{""dllmc_v_rate"": 0.25, ""step_refresh_remainder"": 8, ""step_refresh_remainder_prompt"": 64}"
dllmcache,57,30,77,1,1,1,10.57,"{""dllmc_v_rate"": 0.25, ""step_refresh_remainder"": 8, ""step_refresh_remainder_prompt"": 64}"
dllmcache,57,40,102,1,1,1,10.58,"{""dllmc_v_rate"": 0.25, ""step_refresh_remainder"": 8, ""step_refresh_remainder_prompt"": 64}"
dllmcache,57,50,128,1,1,1,10.58,"{""dllmc_v_rate"": 0.25, ""step_refresh_remainder"": 8, ""step_refresh_remainder_prompt"": 64}"
dllmcache,57,60,154,1,1,1,10.59,"{""dllmc_v_rate"": 0.25, ""step_refresh_remainder"": 8, ""step_refresh_remainder_prompt"": 64}"
dllmcache,57,70,179,1,1,1,10.6,"{""dllmc_v_rate"": 0.25, ""step_refresh_remainder"": 8, ""step_refresh_remainder_prompt"": 64}"
dllmcache,57,80,205,1,1,1,10.59,"{""dllmc_v_rate"": 0.25, ""step_refresh_remainder"": 8, ""step_refresh_remainder_prompt"": 64}"
dllmcache,57,90,230,1,1,1,10.59,"{""dllmc_v_rate"": 0.25, ""step_refresh_remainder"": 8, ""step_refresh_remainder_prompt"": 64}"
dllmcache,58,0,0,1,1,1,10.89,"{""dllmc_v_rate"": 0.25, ""step_refresh_remainder"": 8, ""step_refresh_remainder_prompt"": 64}"
dllmcache,58,10,26,1,1,1,10.88,"{""dllmc_v_rate"": 0.25, ""step_refresh_remainder"": 8, ""step_refresh_remainder_prompt"": 64}"
dllmcache,58,20,51,1,1,1,10.88,"{""dllmc_v_rate"": 0.25, ""step_refresh_remainder"": 8, ""step_refresh_remainder_prompt"": 64}"
dllmcache,58,30,77,1,1,1,10.88,"{""dllmc_v_rate"": 0.25, ""step_refresh_remainder"": 8, ""step_refresh_remainder_prompt"": 64}"
dllmcache,58,40,102,1,1,1,10.88,"{""dllmc_v_rate"": 0.25, ""step_refresh_remainder"": 8, ""step_refresh_remainder_prompt"": 64}"
dllmcache,58,50,128,1,1,1,10.87,"{""dllmc_v_rate"": 0.25, ""step_refresh_remainder"": 8, ""step_refresh_remainder_prompt"": 64}"
dllmcache,58,60,154,1,1,1,10.88,"{""dllmc_v_rate"": 0.25, ""step_refresh_remainder"": 8, ""step_refresh_remainder_prompt"": 64}"
dllmcache,58,70,179,1,1,1,10.88,"{""dllmc_v_rate"": 0.25, ""step_refresh_remainder"": 8, ""step_refresh_remainder_prompt"": 64}"
dllmcache,58,80,205,1,1,1,10.88,"{""dllmc_v_rate"": 0.25, ""step_refresh_remainder"": 8, ""step_refresh_remainder_prompt"": 64}"
dllmcache,58,90,230,1,1,1,10.88,"{""dllmc_v_rate"": 0.25, ""step_refresh_remainder"": 8, ""step_refresh_remainder_prompt"": 64}"
dllmcache,61,0,0,1,1,1,9.53,"{""dllmc_v_rate"": 0.25, ""step_refresh_remainder"": 8, ""step_refresh_remainder_prompt"": 64}"
dllmcache,61,10,26,1,1,1,9.53,"{""dllmc_v_rate"": 0.25, ""step_refresh_remainder"": 8, ""step_refresh_remainder_prompt"": 64}"
dllmcache,61,20,51,1,1,1,9.52,"{""dllmc_v_rate"": 0.25, ""step_refresh_remainder"": 8, ""step_refresh_remainder_prompt"": 64}"
dllmcache,61,30,77,1,1,1,9.52,"{""dllmc_v_rate"": 0.25, ""step_refresh_remainder"": 8, ""step_refresh_remainder_prompt"": 64}"
dllmcache,61,40,102,1,1,1,9.52,"{""dllmc_v_rate"": 0.25, ""step_refresh_remainder"": 8, ""step_refresh_remainder_prompt"": 64}"
dllmcache,61,50,128,1,1,1,9.52,"{""dllmc_v_rate"": 0.25, ""step_refresh_remainder"": 8, ""step_refresh_remainder_prompt"": 64}"
dllmcache,61,60,154,1,1,1,9.52,"{""dllmc_v_rate"": 0.25, ""step_refresh_remainder"": 8, ""step_refresh_remainder_prompt"": 64}"
dllmcache,61,70,179,1,1,1,9.53,"{""dllmc_v_rate"": 0.25, ""step_refresh_remainder"": 8, ""step_refresh_remainder_prompt"": 64}"
dllmcache,61,80,205,1,1,1,9.53,"{""dllmc_v_rate"": 0.25, ""step_refresh_remainder"": 8, ""step_refresh_remainder_prompt"": 64}"
dllmcache,61,90,230,1,1,1,9.53,"{""dllmc_v_rate"": 0.25, ""step_refresh_remainder"": 8, ""step_refresh_remainder_prompt"": 64}"
dllmcache,63,0,0,1,1,1,9.55,"{""dllmc_v_rate"": 0.25, ""step_refresh_remainder"": 8, ""step_refresh_remainder_prompt"": 64}"
dllmcache,63,10,26,1,1,1,9.55,"{""dllmc_v_rate"": 0.25, ""step_refresh_remainder"": 8, ""step_refresh_remainder_prompt"": 64}"
dllmcache,63,20,51,1,1,1,9.55,"{""dllmc_v_rate"": 0.25, ""step_refresh_remainder"": 8, ""step_refresh_remainder_prompt"": 64}"
dllmcache,63,30,77,1,1,1,9.56,"{""dllmc_v_rate"": 0.25, ""step_refresh_remainder"": 8, ""step_refresh_remainder_prompt"": 64}"
dllmcache,63,40,102,1,1,1,9.56,"{""dllmc_v_rate"": 0.25, ""step_refresh_remainder"": 8, ""step_refresh_remainder_prompt"": 64}"
dllmcache,63,50,128,1,1,1,9.57,"{""dllmc_v_rate"": 0.25, ""step_refresh_remainder"": 8, ""step_refresh_remainder_prompt"": 64}"
dllmcache,63,60,154,1,1,1,9.56,"{""dllmc_v_rate"": 0.25, ""step_refresh_remainder"": 8, ""step_refresh_remainder_prompt"": 64}"
dllmcache,63,70,179,1,1,1,9.56,"{""dllmc_v_rate"": 0.25, ""step_refresh_remainder"": 8, ""step_refresh_remainder_prompt"": 64}"
dllmcache,63,80,205,1,1,1,9.56,"{""dllmc_v_rate"": 0.25, ""step_refresh_remainder"": 8, ""step_refresh_remainder_prompt"": 64}"
dllmcache,63,90,230,1,1,0,9.56,"{""dllmc_v_rate"": 0.25, ""step_refresh_remainder"": 8, ""step_refresh_remainder_prompt"": 64}"
dllmcache,0,2,5,1,1,1,10.9,"{""dllmc_v_rate"": 0.25, ""step_refresh_remainder"": 8, ""step_refresh_remainder_prompt"": 64}"
dllmcache,0,4,10,1,1,1,10.42,"{""dllmc_v_rate"": 0.25, ""step_refresh_remainder"": 8, ""step_refresh_remainder_prompt"": 64}"
dllmcache,0,6,15,1,1,1,10.44,"{""dllmc_v_rate"": 0.25, ""step_refresh_remainder"": 8, ""step_refresh_remainder_prompt"": 64}"
dllmcache,0,8,20,1,1,1,10.46,"{""dllmc_v_rate"": 0.25, ""step_refresh_remainder"": 8, ""step_refresh_remainder_prompt"": 64}"
dllmcache,0,12,31,1,1,1,10.48,"{""dllmc_v_rate"": 0.25, ""step_refresh_remainder"": 8, ""step_refresh_remainder_prompt"": 64}"
dllmcache,0,14,36,1,1,1,10.48,"{""dllmc_v_rate"": 0.25, ""step_refresh_remainder"": 8, ""step_refresh_remainder_prompt"": 64}"
dllmcache,0,16,41,1,1,1,10.47,"{""dllmc_v_rate"": 0.25, ""step_refresh_remainder"": 8, ""step_refresh_remainder_prompt"": 64}"
dllmcache,0,18,46,1,1,1,10.47,"{""dllmc_v_rate"": 0.25, ""step_refresh_remainder"": 8, ""step_refresh_remainder_prompt"": 64}"
dllmcache,0,22,56,1,1,1,10.48,"{""dllmc_v_rate"": 0.25, ""step_refresh_remainder"": 8, ""step_refresh_remainder_prompt"": 64}"
dllmcache,0,24,61,1,1,0,10.48,"{""dllmc_v_rate"": 0.25, ""step_refresh_remainder"": 8, ""step_refresh_remainder_prompt"": 64}"
dllmcache,0,26,67,1,1,1,10.48,"{""dllmc_v_rate"": 0.25, ""step_refresh_remainder"": 8, ""step_refresh_remainder_prompt"": 64}"
dllmcache,0,28,72,1,1,1,10.49,"{""dllmc_v_rate"": 0.25, ""step_refresh_remainder"": 8, ""step_refresh_remainder_prompt"": 64}"
dllmcache,0,32,82,1,1,1,10.5,"{""dllmc_v_rate"": 0.25, ""step_refresh_remainder"": 8, ""step_refresh_remainder_prompt"": 64}"
dllmcache,0,34,87,1,1,1,10.5,"{""dllmc_v_rate"": 0.25, ""step_refresh_remainder"": 8, ""step_refresh_remainder_prompt"": 64}"
dllmcache,0,36,92,1,1,1,10.5,"{""dllmc_v_rate"": 0.25, ""step_refresh_remainder"": 8, ""step_refresh_remainder_prompt"": 64}"
dllmcache,0,38,97,1,1,1,10.5,"{""dllmc_v_rate"": 0.25, ""step_refresh_remainder"": 8, ""step_refresh_remainder_prompt"": 64}"
dllmcache,0,42,108,1,1,1,10.5,"{""dllmc_v_rate"": 0.25, ""step_refresh_remainder"": 8, ""step_refresh_remainder_prompt"": 64}"
dllmcache,0,44,113,1,1,1,10.5,"{""dllmc_v_rate"": 0.25, ""step_refresh_remainder"": 8, ""step_refresh_remainder_prompt"": 64}"
dllmcache,0,46,118,1,1,1,10.5,"{""dllmc_v_rate"": 0.25, ""step_refresh_remainder"": 8, ""step_refresh_remainder_prompt"": 64}"
dllmcache,0,48,123,1,1,1,10.49,"{""dllmc_v_rate"": 0.25, ""step_refresh_remainder"": 8, ""step_refresh_remainder_prompt"": 64}"
dllmcache,0,52,133,1,1,1,10.5,"{""dllmc_v_rate"": 0.25, ""step_refresh_remainder"": 8, ""step_refresh_remainder_prompt"": 64}"
dllmcache,0,54,138,1,1,1,10.49,"{""dllmc_v_rate"": 0.25, ""step_refresh_remainder"": 8, ""step_refresh_remainder_prompt"": 64}"
dllmcache,0,56,143,1,1,1,10.5,"{""dllmc_v_rate"": 0.25, ""step_refresh_remainder"": 8, ""step_refresh_remainder_prompt"": 64}"
dllmcache,0,58,148,1,1,1,10.5,"{""dllmc_v_rate"": 0.25, ""step_refresh_remainder"": 8, ""step_refresh_remainder_prompt"": 64}"
dllmcache,0,62,159,1,1,1,10.5,"{""dllmc_v_rate"": 0.25, ""step_refresh_remainder"": 8, ""step_refresh_remainder_prompt"": 64}"
dllmcache,0,64,164,1,1,1,10.5,"{""dllmc_v_rate"": 0.25, ""step_refresh_remainder"": 8, ""step_refresh_remainder_prompt"": 64}"
dllmcache,0,66,169,1,1,1,10.51,"{""dllmc_v_rate"": 0.25, ""step_refresh_remainder"": 8, ""step_refresh_remainder_prompt"": 64}"
dllmcache,0,68,174,1,1,1,10.5,"{""dllmc_v_rate"": 0.25, ""step_refresh_remainder"": 8, ""step_refresh_remainder_prompt"": 64}"
dllmcache,0,72,184,1,1,1,10.49,"{""dllmc_v_rate"": 0.25, ""step_refresh_remainder"": 8, ""step_refresh_remainder_prompt"": 64}"
dllmcache,0,74,189,1,1,1,10.49,"{""dllmc_v_rate"": 0.25, ""step_refresh_remainder"": 8, ""step_refresh_remainder_prompt"": 64}"
dllmcache,0,76,195,1,1,1,10.49,"{""dllmc_v_rate"": 0.25, ""step_refresh_remainder"": 8, ""step_refresh_remainder_prompt"": 64}"
dllmcache,0,78,200,1,1,1,10.5,"{""dllmc_v_rate"": 0.25, ""step_refresh_remainder"": 8, ""step_refresh_remainder_prompt"": 64}"
dllmcache,0,82,210,1,1,1,10.5,"{""dllmc_v_rate"": 0.25, ""step_refresh_remainder"": 8, ""step_refresh_remainder_prompt"": 64}"
dllmcache,0,84,215,1,1,1,10.5,"{""dllmc_v_rate"": 0.25, ""step_refresh_remainder"": 8, ""step_refresh_remainder_prompt"": 64}"
dllmcache,0,86,220,1,1,1,10.5,"{""dllmc_v_rate"": 0.25, ""step_refresh_remainder"": 8, ""step_refresh_remainder_prompt"": 64}"
dllmcache,0,88,225,1,1,1,10.5,"{""dllmc_v_rate"": 0.25, ""step_refresh_remainder"": 8, ""step_refresh_remainder_prompt"": 64}"
dllmcache,1,2,5,1,1,1,10.52,"{""dllmc_v_rate"": 0.25, ""step_refresh_remainder"": 8, ""step_refresh_remainder_prompt"": 64}"
dllmcache,1,4,10,1,1,1,10.49,"{""dllmc_v_rate"": 0.25, ""step_refresh_remainder"": 8, ""step_refresh_remainder_prompt"": 64}"
dllmcache,1,6,15,1,1,1,10.49,"{""dllmc_v_rate"": 0.25, ""step_refresh_remainder"": 8, ""step_refresh_remainder_prompt"": 64}"
dllmcache,1,8,20,1,1,1,10.5,"{""dllmc_v_rate"": 0.25, ""step_refresh_remainder"": 8, ""step_refresh_remainder_prompt"": 64}"
dllmcache,1,12,31,1,1,1,10.49,"{""dllmc_v_rate"": 0.25, ""step_refresh_remainder"": 8, ""step_refresh_remainder_prompt"": 64}"
dllmcache,1,14,36,1,1,1,10.49,"{""dllmc_v_rate"": 0.25, ""step_refresh_remainder"": 8, ""step_refresh_remainder_prompt"": 64}"
dllmcache,1,16,41,1,1,1,10.5,"{""dllmc_v_rate"": 0.25, ""step_refresh_remainder"": 8, ""step_refresh_remainder_prompt"": 64}"
dllmcache,1,18,46,1,1,1,10.5,"{""dllmc_v_rate"": 0.25, ""step_refresh_remainder"": 8, ""step_refresh_remainder_prompt"": 64}"
dllmcache,1,22,56,1,1,1,10.5,"{""dllmc_v_rate"": 0.25, ""step_refresh_remainder"": 8, ""step_refresh_remainder_prompt"": 64}"
dllmcache,1,24,61,1,1,1,10.49,"{""dllmc_v_rate"": 0.25, ""step_refresh_remainder"": 8, ""step_refresh_remainder_prompt"": 64}"
dllmcache,1,26,67,1,1,1,10.49,"{""dllmc_v_rate"": 0.25, ""step_refresh_remainder"": 8, ""step_refresh_remainder_prompt"": 64}"
dllmcache,1,28,72,1,1,1,10.49,"{""dllmc_v_rate"": 0.25, ""step_refresh_remainder"": 8, ""step_refresh_remainder_prompt"": 64}"
dllmcache,1,32,82,1,1,1,10.49,"{""dllmc_v_rate"": 0.25, ""step_refresh_remainder"": 8, ""step_refresh_remainder_prompt"": 64}"
dllmcache,1,34,87,1,1,1,10.49,"{""dllmc_v_rate"": 0.25, ""step_refresh_remainder"": 8, ""step_refresh_remainder_prompt"": 64}"
dllmcache,1,36,92,1,1,1,10.5,"{""dllmc_v_rate"": 0.25, ""step_refresh_remainder"": 8, ""step_refresh_remainder_prompt"": 64}"
dllmcache,1,38,97,1,1,1,10.49,"{""dllmc_v_rate"": 0.25, ""step_refresh_remainder"": 8, ""step_refresh_remainder_prompt"": 64}"
dllmcache,1,42,108,1,1,1,10.49,"{""dllmc_v_rate"": 0.25, ""step_refresh_remainder"": 8, ""step_refresh_remainder_prompt"": 64}"
dllmcache,1,44,113,1,1,1,10.49,"{""dllmc_v_rate"": 0.25, ""step_refresh_remainder"": 8, ""step_refresh_remainder_prompt"": 64}"
dllmcache,1,46,118,1,1,1,10.5,"{""dllmc_v_rate"": 0.25, ""step_refresh_remainder"": 8, ""step_refresh_remainder_prompt"": 64}"
dllmcache,1,48,123,1,1,1,10.49,"{""dllmc_v_rate"": 0.25, ""step_refresh_remainder"": 8, ""step_refresh_remainder_prompt"": 64}"
dllmcache,1,52,133,1,1,1,10.49,"{""dllmc_v_rate"": 0.25, ""step_refresh_remainder"": 8, ""step_refresh_remainder_prompt"": 64}"
dllmcache,1,54,138,1,1,1,10.49,"{""dllmc_v_rate"": 0.25, ""step_refresh_remainder"": 8, ""step_refresh_remainder_prompt"": 64}"
dllmcache,1,56,143,1,1,1,10.49,"{""dllmc_v_rate"": 0.25, ""step_refresh_remainder"": 8, ""step_refresh_remainder_prompt"": 64}"
dllmcache,1,58,148,1,1,1,10.49,"{""dllmc_v_rate"": 0.25, ""step_refresh_remainder"": 8, ""step_refresh_remainder_prompt"": 64}"
dllmcache,1,62,159,1,1,1,10.48,"{""dllmc_v_rate"": 0.25, ""step_refresh_remainder"": 8, ""step_refresh_remainder_prompt"": 64}"
dllmcache,1,64,164,1,1,1,10.49,"{""dllmc_v_rate"": 0.25, ""step_refresh_remainder"": 8, ""step_refresh_remainder_prompt"": 64}"
dllmcache,1,66,169,1,1,1,10.49,"{""dllmc_v_rate"": 0.25, ""step_refresh_remainder"": 8, ""step_refresh_remainder_prompt"": 64}"
dllmcache,1,68,174,1,1,1,10.49,"{""dllmc_v_rate"": 0.25, ""step_refresh_remainder"": 8, ""step_refresh_remainder_prompt"": 64}"
dllmcache,1,72,184,1,1,1,10.49,"{""dllmc_v_rate"": 0.25, ""step_refresh_remainder"": 8, ""step_refresh_remainder_prompt"": 64}"
dllmcache,1,74,189,1,1,1,10.5,"{""dllmc_v_rate"": 0.25, ""step_refresh_remainder"": 8, ""step_refresh_remainder_prompt"": 64}"
dllmcache,1,76,195,1,1,1,10.49,"{""dllmc_v_rate"": 0.25, ""step_refresh_remainder"": 8, ""step_refresh_remainder_prompt"": 64}"
dllmcache,1,78,200,1,1,1,10.49,"{""dllmc_v_rate"": 0.25, ""step_refresh_remainder"": 8, ""step_refresh_remainder_prompt"": 64}"
dllmcache,1,82,210,1,1,1,10.5,"{""dllmc_v_rate"": 0.25, ""step_refresh_remainder"": 8, ""step_refresh_remainder_prompt"": 64}"
dllmcache,1,84,215,1,1,1,10.5,"{""dllmc_v_rate"": 0.25, ""step_refresh_remainder"": 8, ""step_refresh_remainder_prompt"": 64}"
dllmcache,1,86,220,1,1,1,10.5,"{""dllmc_v_rate"": 0.25, ""step_refresh_remainder"": 8, ""step_refresh_remainder_prompt"": 64}"
dllmcache,1,88,225,1,1,1,10.49,"{""dllmc_v_rate"": 0.25, ""step_refresh_remainder"": 8, ""step_refresh_remainder_prompt"": 64}"
dllmcache,3,2,5,1,1,1,9.49,"{""dllmc_v_rate"": 0.25, ""step_refresh_remainder"": 8, ""step_refresh_remainder_prompt"": 64}"
dllmcache,3,4,10,1,1,1,9.5,"{""dllmc_v_rate"": 0.25, ""step_refresh_remainder"": 8, ""step_refresh_remainder_prompt"": 64}"
dllmcache,3,6,15,1,1,1,9.5,"{""dllmc_v_rate"": 0.25, ""step_refresh_remainder"": 8, ""step_refresh_remainder_prompt"": 64}"
dllmcache,3,8,20,0,1,0,9.49,"{""dllmc_v_rate"": 0.25, ""step_refresh_remainder"": 8, ""step_refresh_remainder_prompt"": 64}"
dllmcache,3,12,31,1,1,1,9.49,"{""dllmc_v_rate"": 0.25, ""step_refresh_remainder"": 8, ""step_refresh_remainder_prompt"": 64}"
dllmcache,3,14,36,1,1,1,9.49,"{""dllmc_v_rate"": 0.25, ""step_refresh_remainder"": 8, ""step_refresh_remainder_prompt"": 64}"
dllmcache,3,16,41,1,1,1,9.5,"{""dllmc_v_rate"": 0.25, ""step_refresh_remainder"": 8, ""step_refresh_remainder_prompt"": 64}"
dllmcache,3,18,46,1,1,1,9.5,"{""dllmc_v_rate"": 0.25, ""step_refresh_remainder"": 8, ""step_refresh_remainder_prompt"": 64}"
dllmcache,3,22,56,1,1,1,9.5,"{""dllmc_v_rate"": 0.25, ""step_refresh_remainder"": 8, ""step_refresh_remainder_prompt"": 64}"
dllmcache,3,24,61,1,1,1,9.5,"{""dllmc_v_rate"": 0.25, ""step_refresh_remainder"": 8, ""step_refresh_remainder_prompt"": 64}"
dllmcache,3,26,67,1,1,1,9.5,"{""dllmc_v_rate"": 0.25, ""step_refresh_remainder"": 8, ""step_refresh_remainder_prompt"": 64}"
dllmcache,3,28,72,1,1,1,9.5,"{""dllmc_v_rate"": 0.25, ""step_refresh_remainder"": 8, ""step_refresh_remainder_prompt"": 64}"
dllmcache,3,32,82,1,1,1,9.5,"{""dllmc_v_rate"": 0.25, ""step_refresh_remainder"": 8, ""step_refresh_remainder_prompt"": 64}"
dllmcache,3,34,87,1,1,1,9.5,"{""dllmc_v_rate"": 0.25, ""step_refresh_remainder"": 8, ""step_refresh_remainder_prompt"": 64}"
dllmcache,3,36,92,1,1,1,9.51,"{""dllmc_v_rate"": 0.25, ""step_refresh_remainder"": 8, ""step_refresh_remainder_prompt"": 64}"
dllmcache,3,38,97,1,1,0,9.5,"{""dllmc_v_rate"": 0.25, ""step_refresh_remainder"": 8, ""step_refresh_remainder_prompt"": 64}"
dllmcache,3,42,108,1,1,1,9.5,"{""dllmc_v_rate"": 0.25, ""step_refresh_remainder"": 8, ""step_refresh_remainder_prompt"": 64}"
dllmcache,3,44,113,1,1,1,9.51,"{""dllmc_v_rate"": 0.25, ""step_refresh_remainder"": 8, ""step_refresh_remainder_prompt"": 64}"
dllmcache,3,46,118,1,1,1,9.51,"{""dllmc_v_rate"": 0.25, ""step_refresh_remainder"": 8, ""step_refresh_remainder_prompt"": 64}"
dllmcache,3,48,123,1,1,1,9.51,"{""dllmc_v_rate"": 0.25, ""step_refresh_remainder"": 8, ""step_refresh_remainder_prompt"": 64}"
dllmcache,3,52,133,1,1,1,9.51,"{""dllmc_v_rate"": 0.25, ""step_refresh_remainder"": 8, ""step_refresh_remainder_prompt"": 64}"
dllmcache,3,54,138,1,1,1,9.51,"{""dllmc_v_rate"": 0.25, ""step_refresh_remainder"": 8, ""step_refresh_remainder_prompt"": 64}"
dllmcache,3,56,143,1,1,1,9.5,"{""dllmc_v_rate"": 0.25, ""step_refresh_remainder"": 8, ""step_refresh_remainder_prompt"": 64}"
dllmcache,3,58,148,1,1,1,9.51,"{""dllmc_v_rate"": 0.25, ""step_refresh_remainder"": 8, ""step_refresh_remainder_prompt"": 64}"
dllmcache,3,62,159,1,1,1,9.51,"{""dllmc_v_rate"": 0.25, ""step_refresh_remainder"": 8, ""step_refresh_remainder_prompt"": 64}"
dllmcache,3,64,164,1,1,1,9.51,"{""dllmc_v_rate"": 0.25, ""step_refresh_remainder"": 8, ""step_refresh_remainder_prompt"": 64}"
dllmcache,3,66,169,1,1,1,9.51,"{""dllmc_v_rate"": 0.25, ""step_refresh_remainder"": 8, ""step_refresh_remainder_prompt"": 64}"
dllmcache,3,68,174,1,1,1,9.5,"{""dllmc_v_rate"": 0.25, ""step_refresh_remainder"": 8, ""step_refresh_remainder_prompt"": 64}"
dllmcache,3,72,184,1,1,1,9.51,"{""dllmc_v_rate"": 0.25, ""step_refresh_remainder"": 8, ""step_refresh_remainder_prompt"": 64}"
dllmcache,3,74,189,1,1,1,9.5,"{""dllmc_v_rate"": 0.25, ""step_refresh_remainder"": 8, ""step_refresh_remainder_prompt"": 64}"
dllmcache,3,76,195,1,1,1,9.5,"{""dllmc_v_rate"": 0.25, ""step_refresh_remainder"": 8, ""step_refresh_remainder_prompt"": 64}"
dllmcache,3,78,200,1,1,1,9.5,"{""dllmc_v_rate"": 0.25, ""step_refresh_remainder"": 8, ""step_refresh_remainder_prompt"": 64}"
dllmcache,3,82,210,1,1,1,9.5,"{""dllmc_v_rate"": 0.25, ""step_refresh_remainder"": 8, ""step_refresh_remainder_prompt"": 64}"
dllmcache,3,84,215,1,1,1,9.5,"{""dllmc_v_rate"": 0.25, ""step_refresh_remainder"": 8, ""step_refresh_remainder_prompt"": 64}"
dllmcache,3,86,220,1,1,1,9.49,"{""dllmc_v_rate"": 0.25, ""step_refresh_remainder"": 8, ""step_refresh_remainder_prompt"": 64}"
dllmcache,3,88,225,1,1,1,9.5,"{""dllmc_v_rate"": 0.25, ""step_refresh_remainder"": 8, ""step_refresh_remainder_prompt"": 64}"
dllmcache,4,2,5,1,1,1,10.53,"{""dllmc_v_rate"": 0.25, ""step_refresh_remainder"": 8, ""step_refresh_remainder_prompt"": 64}"
dllmcache,4,4,10,1,1,1,10.53,"{""dllmc_v_rate"": 0.25, ""step_refresh_remainder"": 8, ""step_refresh_remainder_prompt"": 64}"
dllmcache,4,6,15,1,1,1,10.53,"{""dllmc_v_rate"": 0.25, ""step_refresh_remainder"": 8, ""step_refresh_remainder_prompt"": 64}"
dllmcache,4,8,20,1,1,1,10.53,"{""dllmc_v_rate"": 0.25, ""step_refresh_remainder"": 8, ""step_refresh_remainder_prompt"": 64}"
dllmcache,4,12,31,1,1,1,10.52,"{""dllmc_v_rate"": 0.25, ""step_refresh_remainder"": 8, ""step_refresh_remainder_prompt"": 64}"
dllmcache,4,14,36,1,1,0,10.53,"{""dllmc_v_rate"": 0.25, ""step_refresh_remainder"": 8, ""step_refresh_remainder_prompt"": 64}"
dllmcache,4,16,41,1,1,1,10.52,"{""dllmc_v_rate"": 0.25, ""step_refresh_remainder"": 8, ""step_refresh_remainder_prompt"": 64}"
dllmcache,4,18,46,1,1,1,10.53,"{""dllmc_v_rate"": 0.25, ""step_refresh_remainder"": 8, ""step_refresh_remainder_prompt"": 64}"
dllmcache,4,22,56,1,1,1,10.52,"{""dllmc_v_rate"": 0.25, ""step_refresh_remainder"": 8, ""step_refresh_remainder_prompt"": 64}"
dllmcache,4,24,61,1,1,1,10.52,"{""dllmc_v_rate"": 0.25, ""step_refresh_remainder"": 8, ""step_refresh_remainder_prompt"": 64}"
dllmcache,4,26,67,1,1,1,10.52,"{""dllmc_v_rate"": 0.25, ""step_refresh_remainder"": 8, ""step_refresh_remainder_prompt"": 64}"
dllmcache,4,28,72,1,1,1,10.53,"{""dllmc_v_rate"": 0.25, ""step_refresh_remainder"": 8, ""step_refresh_remainder_prompt"": 64}"
dllmcache,4,32,82,1,1,1,10.52,"{""dllmc_v_rate"": 0.25, ""step_refresh_remainder"": 8, ""step_refresh_remainder_prompt"": 64}"
dllmcache,4,34,87,1,1,1,10.53,"{""dllmc_v_rate"": 0.25, ""step_refresh_remainder"": 8, ""step_refresh_remainder_prompt"": 64}"
dllmcache,4,36,92,1,1,1,10.53,"{""dllmc_v_rate"": 0.25, ""step_refresh_remainder"": 8, ""step_refresh_remainder_prompt"": 64}"
dllmcache,4,38,97,1,1,1,10.53,"{""dllmc_v_rate"": 0.25, ""step_refresh_remainder"": 8, ""step_refresh_remainder_prompt"": 64}"
dllmcache,4,42,108,1,1,1,10.53,"{""dllmc_v_rate"": 0.25, ""step_refresh_remainder"": 8, ""step_refresh_remainder_prompt"": 64}"
dllmcache,4,44,113,1,1,1,10.52,"{""dllmc_v_rate"": 0.25, ""step_refresh_remainder"": 8, ""step_refresh_remainder_prompt"": 64}"
dllmcache,4,46,118,1,1,1,10.52,"{""dllmc_v_rate"": 0.25, ""step_refresh_remainder"": 8, ""step_refresh_remainder_prompt"": 64}"
dllmcache,4,48,123,1,1,1,10.52,"{""dllmc_v_rate"": 0.25, ""step_refresh_remainder"": 8, ""step_refresh_remainder_prompt"": 64}"
dllmcache,4,52,133,1,1,1,10.52,"{""dllmc_v_rate"": 0.25, ""step_refresh_remainder"": 8, ""step_refresh_remainder_prompt"": 64}"
dllmcache,4,54,138,1,1,1,10.52,"{""dllmc_v_rate"": 0.25, ""step_refresh_remainder"": 8, ""step_refresh_remainder_prompt"": 64}"
dllmcache,4,56,143,1,1,1,10.52,"{""dllmc_v_rate"": 0.25, ""step_refresh_remainder"": 8, ""step_refresh_remainder_prompt"": 64}"
dllmcache,4,58,148,1,1,1,10.52,"{""dllmc_v_rate"": 0.25, ""step_refresh_remainder"": 8, ""step_refresh_remainder_prompt"": 64}"
dllmcache,4,62,159,1,1,1,10.52,"{""dllmc_v_rate"": 0.25, ""step_refresh_remainder"": 8, ""step_refresh_remainder_prompt"": 64}"
dllmcache,4,64,164,1,1,1,10.52,"{""dllmc_v_rate"": 0.25, ""step_refresh_remainder"": 8, ""step_refresh_remainder_prompt"": 64}"
dllmcache,4,66,169,1,1,1,10.53,"{""dllmc_v_rate"": 0.25, ""step_refresh_remainder"": 8, ""step_refresh_remainder_prompt"": 64}"
dllmcache,4,68,174,1,1,1,10.52,"{""dllmc_v_rate"": 0.25, ""step_refresh_remainder"": 8, ""step_refresh_remainder_prompt"": 64}"
dllmcache,4,72,184,1,1,1,10.52,"{""dllmc_v_rate"": 0.25, ""step_refresh_remainder"": 8, ""step_refresh_remainder_prompt"": 64}"
dllmcache,4,74,189,1,1,1,10.52,"{""dllmc_v_rate"": 0.25, ""step_refresh_remainder"": 8, ""step_refresh_remainder_prompt"": 64}"
dllmcache,4,76,195,1,1,1,10.52,"{""dllmc_v_rate"": 0.25, ""step_refresh_remainder"": 8, ""step_refresh_remainder_prompt"": 64}"
dllmcache,4,78,200,1,1,1,10.53,"{""dllmc_v_rate"": 0.25, ""step_refresh_remainder"": 8, ""step_refresh_remainder_prompt"": 64}"
dllmcache,4,82,210,1,1,1,10.53,"{""dllmc_v_rate"": 0.25, ""step_refresh_remainder"": 8, ""step_refresh_remainder_prompt"": 64}"
dllmcache,4,84,215,1,1,1,10.52,"{""dllmc_v_rate"": 0.25, ""step_refresh_remainder"": 8, ""step_refresh_remainder_prompt"": 64}"
dllmcache,4,86,220,1,1,1,10.51,"{""dllmc_v_rate"": 0.25, ""step_refresh_remainder"": 8, ""step_refresh_remainder_prompt"": 64}"
dllmcache,4,88,225,1,1,1,10.52,"{""dllmc_v_rate"": 0.25, ""step_refresh_remainder"": 8, ""step_refresh_remainder_prompt"": 64}"
dllmcache,6,2,5,1,1,1,9.72,"{""dllmc_v_rate"": 0.25, ""step_refresh_remainder"": 8, ""step_refresh_remainder_prompt"": 64}"
dllmcache,6,4,10,1,1,1,9.72,"{""dllmc_v_rate"": 0.25, ""step_refresh_remainder"": 8, ""step_refresh_remainder_prompt"": 64}"
dllmcache,6,6,15,1,1,1,9.72,"{""dllmc_v_rate"": 0.25, ""step_refresh_remainder"": 8, ""step_refresh_remainder_prompt"": 64}"
dllmcache,6,8,20,0,1,0,9.72,"{""dllmc_v_rate"": 0.25, ""step_refresh_remainder"": 8, ""step_refresh_remainder_prompt"": 64}"
dllmcache,6,12,31,1,1,1,9.72,"{""dllmc_v_rate"": 0.25, ""step_refresh_remainder"": 8, ""step_refresh_remainder_prompt"": 64}"
dllmcache,6,14,36,1,1,1,9.73,"{""dllmc_v_rate"": 0.25, ""step_refresh_remainder"": 8, ""step_refresh_remainder_prompt"": 64}"
dllmcache,6,16,41,1,1,1,9.73,"{""dllmc_v_rate"": 0.25, ""step_refresh_remainder"": 8, ""step_refresh_remainder_prompt"": 64}"
dllmcache,6,18,46,1,1,1,9.73,"{""dllmc_v_rate"": 0.25, ""step_refresh_remainder"": 8, ""step_refresh_remainder_prompt"": 64}"
dllmcache,6,22,56,1,1,1,9.73,"{""dllmc_v_rate"": 0.25, ""step_refresh_remainder"": 8, ""step_refresh_remainder_prompt"": 64}"
dllmcache,6,24,61,1,1,1,9.73,"{""dllmc_v_rate"": 0.25, ""step_refresh_remainder"": 8, ""step_refresh_remainder_prompt"": 64}"
dllmcache,6,26,67,1,1,1,9.72,"{""dllmc_v_rate"": 0.25, ""step_refresh_remainder"": 8, ""step_refresh_remainder_prompt"": 64}"
dllmcache,6,28,72,1,1,0,9.72,"{""dllmc_v_rate"": 0.25, ""step_refresh_remainder"": 8, ""step_refresh_remainder_prompt"": 64}"
dllmcache,6,32,82,0,1,0,9.72,"{""dllmc_v_rate"": 0.25, ""step_refresh_remainder"": 8, ""step_refresh_remainder_prompt"": 64}"
dllmcache,6,34,87,1,1,1,9.72,"{""dllmc_v_rate"": 0.25, ""step_refresh_remainder"": 8, ""step_refresh_remainder_prompt"": 64}"
dllmcache,6,36,92,1,1,1,9.72,"{""dllmc_v_rate"": 0.25, ""step_refresh_remainder"": 8, ""step_refresh_remainder_prompt"": 64}"
dllmcache,6,38,97,1,1,1,9.72,"{""dllmc_v_rate"": 0.25, ""step_refresh_remainder"": 8, ""step_refresh_remainder_prompt"": 64}"
dllmcache,6,42,108,1,1,1,9.72,"{""dllmc_v_rate"": 0.25, ""step_refresh_remainder"": 8, ""step_refresh_remainder_prompt"": 64}"
dllmcache,6,44,113,1,1,1,9.72,"{""dllmc_v_rate"": 0.25, ""step_refresh_remainder"": 8, ""step_refresh_remainder_prompt"": 64}"
dllmcache,6,46,118,1,1,1,9.72,"{""dllmc_v_rate"": 0.25, ""step_refresh_remainder"": 8, ""step_refresh_remainder_prompt"": 64}"
dllmcache,6,48,123,1,1,1,9.72,"{""dllmc_v_rate"": 0.25, ""step_refresh_remainder"": 8, ""step_refresh_remainder_prompt"": 64}"
dllmcache,6,52,133,1,1,1,9.72,"{""dllmc_v_rate"": 0.25, ""step_refresh_remainder"": 8, ""step_refresh_remainder_prompt"": 64}"
dllmcache,6,54,138,1,1,1,9.72,"{""dllmc_v_rate"": 0.25, ""step_refresh_remainder"": 8, ""step_refresh_remainder_prompt"": 64}"
dllmcache,6,56,143,1,1,1,9.72,"{""dllmc_v_rate"": 0.25, ""step_refresh_remainder"": 8, ""step_refresh_remainder_prompt"": 64}"
dllmcache,6,58,148,1,1,1,9.72,"{""dllmc_v_rate"": 0.25, ""step_refresh_remainder"": 8, ""step_refresh_remainder_prompt"": 64}"
dllmcache,6,62,159,1,1,1,9.72,"{""dllmc_v_rate"": 0.25, ""step_refresh_remainder"": 8, ""step_refresh_remainder_prompt"": 64}"
dllmcache,6,64,164,1,1,1,9.72,"{""dllmc_v_rate"": 0.25, ""step_refresh_remainder"": 8, ""step_refresh_remainder_prompt"": 64}"
dllmcache,6,66,169,1,1,1,9.72,"{""dllmc_v_rate"": 0.25, ""step_refresh_remainder"": 8, ""step_refresh_remainder_prompt"": 64}"
dllmcache,6,68,174,1,1,1,9.72,"{""dllmc_v_rate"": 0.25, ""step_refresh_remainder"": 8, ""step_refresh_remainder_prompt"": 64}"
dllmcache,6,72,184,1,1,1,9.72,"{""dllmc_v_rate"": 0.25, ""step_refresh_remainder"": 8, ""step_refresh_remainder_prompt"": 64}"
dllmcache,6,74,189,1,1,1,9.73,"{""dllmc_v_rate"": 0.25, ""step_refresh_remainder"": 8, ""step_refresh_remainder_prompt"": 64}"
dllmcache,6,76,195,1,1,1,9.73,"{""dllmc_v_rate"": 0.25, ""step_refresh_remainder"": 8, ""step_refresh_remainder_prompt"": 64}"
dllmcache,6,78,200,1,1,1,9.73,"{""dllmc_v_rate"": 0.25, ""step_refresh_remainder"": 8, ""step_refresh_remainder_prompt"": 64}"
dllmcache,6,82,210,1,1,1,9.73,"{""dllmc_v_rate"": 0.25, ""step_refresh_remainder"": 8, ""step_refresh_remainder_prompt"": 64}"
dllmcache,6,84,215,1,1,1,9.73,"{""dllmc_v_rate"": 0.25, ""step_refresh_remainder"": 8, ""step_refresh_remainder_prompt"": 64}"
dllmcache,6,86,220,1,1,1,9.73,"{""dllmc_v_rate"": 0.25, ""step_refresh_remainder"": 8, ""step_refresh_remainder_prompt"": 64}"
dllmcache,6,88,225,1,1,1,9.73,"{""dllmc_v_rate"": 0.25, ""step_refresh_remainder"": 8, ""step_refresh_remainder_prompt"": 64}"
dllmcache,9,2,5,1,1,1,9.49,"{""dllmc_v_rate"": 0.25, ""step_refresh_remainder"": 8, ""step_refresh_remainder_prompt"": 64}"
dllmcache,9,4,10,1,1,1,9.5,"{""dllmc_v_rate"": 0.25, ""step_refresh_remainder"": 8, ""step_refresh_remainder_prompt"": 64}"
dllmcache,9,6,15,1,1,1,9.5,"{""dllmc_v_rate"": 0.25, ""step_refresh_remainder"": 8, ""step_refresh_remainder_prompt"": 64}"
dllmcache,9,8,20,1,1,1,9.5,"{""dllmc_v_rate"": 0.25, ""step_refresh_remainder"": 8, ""step_refresh_remainder_prompt"": 64}"
dllmcache,9,12,31,1,1,1,9.49,"{""dllmc_v_rate"": 0.25, ""step_refresh_remainder"": 8, ""step_refresh_remainder_prompt"": 64}"
dllmcache,9,14,36,0,0,1,9.49,"{""dllmc_v_rate"": 0.25, ""step_refresh_remainder"": 8, ""step_refresh_remainder_prompt"": 64}"
dllmcache,9,16,41,0,0,1,9.49,"{""dllmc_v_rate"": 0.25, ""step_refresh_remainder"": 8, ""step_refresh_remainder_prompt"": 64}"
dllmcache,9,18,46,1,1,1,9.49,"{""dllmc_v_rate"": 0.25, ""step_refresh_remainder"": 8, ""step_refresh_remainder_prompt"": 64}"
dllmcache,9,22,56,0,0,1,9.49,"{""dllmc_v_rate"": 0.25, ""step_refresh_remainder"": 8, ""step_refresh_remainder_prompt"": 64}"
dllmcache,9,24,61,0,0,1,9.5,"{""dllmc_v_rate"": 0.25, ""step_refresh_remainder"": 8, ""step_refresh_remainder_prompt"": 64}"
dllmcache,9,26,67,1,1,1,9.5,"{""dllmc_v_rate"": 0.25, ""step_refresh_remainder"": 8, ""step_refresh_remainder_prompt"": 64}"
dllmcache,9,28,72,1,1,1,9.5,"{""dllmc_v_rate"": 0.25, ""step_refresh_remainder"": 8, ""step_refresh_remainder_prompt"": 64}"
dllmcache,9,32,82,1,1,1,9.49,"{""dllmc_v_rate"": 0.25, ""step_refresh_remainder"": 8, ""step_refresh_remainder_prompt"": 64}"
dllmcache,9,34,87,1,1,1,9.49,"{""dllmc_v_rate"": 0.25, ""step_refresh_remainder"": 8, ""step_refresh_remainder_prompt"": 64}"
dllmcache,9,36,92,1,1,1,9.5,"{""dllmc_v_rate"": 0.25, ""step_refresh_remainder"": 8, ""step_refresh_remainder_prompt"": 64}"
dllmcache,9,38,97,0,0,1,9.48,"{""dllmc_v_rate"": 0.25, ""step_refresh_remainder"": 8, ""step_refresh_remainder_prompt"": 64}"
dllmcache,9,42,108,1,1,1,9.49,"{""dllmc_v_rate"": 0.25, ""step_refresh_remainder"": 8, ""step_refresh_remainder_prompt"": 64}"
dllmcache,9,44,113,1,1,1,9.49,"{""dllmc_v_rate"": 0.25, ""step_refresh_remainder"": 8, ""step_refresh_remainder_prompt"": 64}"
dllmcache,9,46,118,1,1,1,9.48,"{""dllmc_v_rate"": 0.25, ""step_refresh_remainder"": 8, ""step_refresh_remainder_prompt"": 64}"
dllmcache,9,48,123,1,1,1,9.47,"{""dllmc_v_rate"": 0.25, ""step_refresh_remainder"": 8, ""step_refresh_remainder_prompt"": 64}"
dllmcache,9,52,133,1,1,1,9.48,"{""dllmc_v_rate"": 0.25, ""step_refresh_remainder"": 8, ""step_refresh_remainder_prompt"": 64}"
dllmcache,9,54,138,1,1,1,9.48,"{""dllmc_v_rate"": 0.25, ""step_refresh_remainder"": 8, ""step_refresh_remainder_prompt"": 64}"
dllmcache,9,56,143,1,1,1,9.48,"{""dllmc_v_rate"": 0.25, ""step_refresh_remainder"": 8, ""step_refresh_remainder_prompt"": 64}"
dllmcache,9,58,148,0,1,0,9.48,"{""dllmc_v_rate"": 0.25, ""step_refresh_remainder"": 8, ""step_refresh_remainder_prompt"": 64}"
dllmcache,9,62,159,1,1,0,9.48,"{""dllmc_v_rate"": 0.25, ""step_refresh_remainder"": 8, ""step_refresh_remainder_prompt"": 64}"
dllmcache,9,64,164,1,1,1,9.49,"{""dllmc_v_rate"": 0.25, ""step_refresh_remainder"": 8, ""step_refresh_remainder_prompt"": 64}"
dllmcache,9,66,169,1,1,1,9.49,"{""dllmc_v_rate"": 0.25, ""step_refresh_remainder"": 8, ""step_refresh_remainder_prompt"": 64}"
dllmcache,9,68,174,1,1,1,9.48,"{""dllmc_v_rate"": 0.25, ""step_refresh_remainder"": 8, ""step_refresh_remainder_prompt"": 64}"
dllmcache,9,72,184,1,1,1,9.48,"{""dllmc_v_rate"": 0.25, ""step_refresh_remainder"": 8, ""step_refresh_remainder_prompt"": 64}"
dllmcache,9,74,189,1,1,1,9.48,"{""dllmc_v_rate"": 0.25, ""step_refresh_remainder"": 8, ""step_refresh_remainder_prompt"": 64}"
dllmcache,9,76,195,1,1,1,9.48,"{""dllmc_v_rate"": 0.25, ""step_refresh_remainder"": 8, ""step_refresh_remainder_prompt"": 64}"
dllmcache,9,78,200,1,1,1,9.48,"{""dllmc_v_rate"": 0.25, ""step_refresh_remainder"": 8, ""step_refresh_remainder_prompt"": 64}"
dllmcache,9,82,210,1,1,1,9.48,"{""dllmc_v_rate"": 0.25, ""step_refresh_remainder"": 8, ""step_refresh_remainder_prompt"": 64}"
dllmcache,9,84,215,1,1,1,9.49,"{""dllmc_v_rate"": 0.25, ""step_refresh_remainder"": 8, ""step_refresh_remainder_prompt"": 64}"
dllmcache,9,86,220,1,1,1,9.48,"{""dllmc_v_rate"": 0.25, ""step_refresh_remainder"": 8, ""step_refresh_remainder_prompt"": 64}"
dllmcache,9,88,225,1,1,1,9.49,"{""dllmc_v_rate"": 0.25, ""step_refresh_remainder"": 8, ""step_refresh_remainder_prompt"": 64}"
dllmcache,10,2,5,1,1,1,9.77,"{""dllmc_v_rate"": 0.25, ""step_refresh_remainder"": 8, ""step_refresh_remainder_prompt"": 64}"
dllmcache,10,4,10,1,1,1,9.77,"{""dllmc_v_rate"": 0.25, ""step_refresh_remainder"": 8, ""step_refresh_remainder_prompt"": 64}"
dllmcache,10,6,15,1,1,1,9.77,"{""dllmc_v_rate"": 0.25, ""step_refresh_remainder"": 8, ""step_refresh_remainder_prompt"": 64}"
dllmcache,10,8,20,1,1,1,9.77,"{""dllmc_v_rate"": 0.25, ""step_refresh_remainder"": 8, ""step_refresh_remainder_prompt"": 64}"
dllmcache,10,12,31,1,1,1,9.77,"{""dllmc_v_rate"": 0.25, ""step_refresh_remainder"": 8, ""step_refresh_remainder_prompt"": 64}"
dllmcache,10,14,36,1,1,1,9.77,"{""dllmc_v_rate"": 0.25, ""step_refresh_remainder"": 8, ""step_refresh_remainder_prompt"": 64}"
dllmcache,10,16,41,0,0,0,9.76,"{""dllmc_v_rate"": 0.25, ""step_refresh_remainder"": 8, ""step_refresh_remainder_prompt"": 64}"
dllmcache,10,18,46,1,1,1,9.77,"{""dllmc_v_rate"": 0.25, ""step_refresh_remainder"": 8, ""step_refresh_remainder_prompt"": 64}"
dllmcache,10,22,56,1,1,1,9.77,"{""dllmc_v_rate"": 0.25, ""step_refresh_remainder"": 8, ""step_refresh_remainder_prompt"": 64}"
dllmcache,10,24,61,1,1,1,9.77,"{""dllmc_v_rate"": 0.25, ""step_refresh_remainder"": 8, ""step_refresh_remainder_prompt"": 64}"
dllmcache,10,26,67,1,1,1,9.76,"{""dllmc_v_rate"": 0.25, ""step_refresh_remainder"": 8, ""step_refresh_remainder_prompt"": 64}"
dllmcache,10,28,72,1,1,1,9.77,"{""dllmc_v_rate"": 0.25, ""step_refresh_remainder"": 8, ""step_refresh_remainder_prompt"": 64}"
dllmcache,10,32,82,1,1,1,9.77,"{""dllmc_v_rate"": 0.25, ""step_refresh_remainder"": 8, ""step_refresh_remainder_prompt"": 64}"
dllmcache,10,34,87,1,1,1,9.79,"{""dllmc_v_rate"": 0.25, ""step_refresh_remainder"": 8, ""step_refresh_remainder_prompt"": 64}"
dllmcache,10,36,92,1,1,1,9.77,"{""dllmc_v_rate"": 0.25, ""step_refresh_remainder"": 8, ""step_refresh_remainder_prompt"": 64}"
dllmcache,10,38,97,1,1,1,9.76,"{""dllmc_v_rate"": 0.25, ""step_refresh_remainder"": 8, ""step_refresh_remainder_prompt"": 64}"
dllmcache,10,42,108,1,1,1,9.76,"{""dllmc_v_rate"": 0.25, ""step_refresh_remainder"": 8, ""step_refresh_remainder_prompt"": 64}"
dllmcache,10,44,113,1,1,1,9.76,"{""dllmc_v_rate"": 0.25, ""step_refresh_remainder"": 8, ""step_refresh_remainder_prompt"": 64}"
dllmcache,10,46,118,1,1,1,9.75,"{""dllmc_v_rate"": 0.25, ""step_refresh_remainder"": 8, ""step_refresh_remainder_prompt"": 64}"
dllmcache,10,48,123,1,1,1,9.76,"{""dllmc_v_rate"": 0.25, ""step_refresh_remainder"": 8, ""step_refresh_remainder_prompt"": 64}"
dllmcache,10,52,133,1,1,1,9.76,"{""dllmc_v_rate"": 0.25, ""step_refresh_remainder"": 8, ""step_refresh_remainder_prompt"": 64}"
dllmcache,10,54,138,1,1,1,9.77,"{""dllmc_v_rate"": 0.25, ""step_refresh_remainder"": 8, ""step_refresh_remainder_prompt"": 64}"
dllmcache,10,56,143,1,1,1,9.78,"{""dllmc_v_rate"": 0.25, ""step_refresh_remainder"": 8, ""step_refresh_remainder_prompt"": 64}"
dllmcache,10,58,148,1,1,1,9.77,"{""dllmc_v_rate"": 0.25, ""step_refresh_remainder"": 8, ""step_refresh_remainder_prompt"": 64}"
dllmcache,10,62,159,1,1,1,9.77,"{""dllmc_v_rate"": 0.25, ""step_refresh_remainder"": 8, ""step_refresh_remainder_prompt"": 64}"
dllmcache,10,64,164,1,1,1,9.77,"{""dllmc_v_rate"": 0.25, ""step_refresh_remainder"": 8, ""step_refresh_remainder_prompt"": 64}"
dllmcache,10,66,169,1,1,1,9.77,"{""dllmc_v_rate"": 0.25, ""step_refresh_remainder"": 8, ""step_refresh_remainder_prompt"": 64}"
dllmcache,10,68,174,1,1,1,9.78,"{""dllmc_v_rate"": 0.25, ""step_refresh_remainder"": 8, ""step_refresh_remainder_prompt"": 64}"
dllmcache,10,72,184,1,1,1,9.77,"{""dllmc_v_rate"": 0.25, ""step_refresh_remainder"": 8, ""step_refresh_remainder_prompt"": 64}"
dllmcache,10,74,189,1,1,1,9.77,"{""dllmc_v_rate"": 0.25, ""step_refresh_remainder"": 8, ""step_refresh_remainder_prompt"": 64}"
dllmcache,10,76,195,1,1,1,9.78,"{""dllmc_v_rate"": 0.25, ""step_refresh_remainder"": 8, ""step_refresh_remainder_prompt"": 64}"
dllmcache,10,78,200,1,1,1,9.78,"{""dllmc_v_rate"": 0.25, ""step_refresh_remainder"": 8, ""step_refresh_remainder_prompt"": 64}"
dllmcache,10,82,210,1,1,1,9.78,"{""dllmc_v_rate"": 0.25, ""step_refresh_remainder"": 8, ""step_refresh_remainder_prompt"": 64}"
dllmcache,10,84,215,1,1,1,9.78,"{""dllmc_v_rate"": 0.25, ""step_refresh_remainder"": 8, ""step_refresh_remainder_prompt"": 64}"
dllmcache,10,86,220,1,1,1,9.78,"{""dllmc_v_rate"": 0.25, ""step_refresh_remainder"": 8, ""step_refresh_remainder_prompt"": 64}"
dllmcache,10,88,225,1,1,1,9.78,"{""dllmc_v_rate"": 0.25, ""step_refresh_remainder"": 8, ""step_refresh_remainder_prompt"": 64}"
dllmcache,11,2,5,1,1,1,11.19,"{""dllmc_v_rate"": 0.25, ""step_refresh_remainder"": 8, ""step_refresh_remainder_prompt"": 64}"
dllmcache,11,4,10,1,1,1,11.19,"{""dllmc_v_rate"": 0.25, ""step_refresh_remainder"": 8, ""step_refresh_remainder_prompt"": 64}"
dllmcache,11,6,15,1,1,1,11.2,"{""dllmc_v_rate"": 0.25, ""step_refresh_remainder"": 8, ""step_refresh_remainder_prompt"": 64}"
dllmcache,11,8,20,1,1,1,11.19,"{""dllmc_v_rate"": 0.25, ""step_refresh_remainder"": 8, ""step_refresh_remainder_prompt"": 64}"
dllmcache,11,12,31,1,1,1,11.19,"{""dllmc_v_rate"": 0.25, ""step_refresh_remainder"": 8, ""step_refresh_remainder_prompt"": 64}"
dllmcache,11,14,36,1,1,1,11.19,"{""dllmc_v_rate"": 0.25, ""step_refresh_remainder"": 8, ""step_refresh_remainder_prompt"": 64}"
dllmcache,11,16,41,1,1,1,11.19,"{""dllmc_v_rate"": 0.25, ""step_refresh_remainder"": 8, ""step_refresh_remainder_prompt"": 64}"
dllmcache,11,18,46,1,1,1,11.18,"{""dllmc_v_rate"": 0.25, ""step_refresh_remainder"": 8, ""step_refresh_remainder_prompt"": 64}"
dllmcache,11,22,56,1,1,1,11.18,"{""dllmc_v_rate"": 0.25, ""step_refresh_remainder"": 8, ""step_refresh_remainder_prompt"": 64}"
dllmcache,11,24,61,1,1,1,11.19,"{""dllmc_v_rate"": 0.25, ""step_refresh_remainder"": 8, ""step_refresh_remainder_prompt"": 64}"
dllmcache,11,26,67,1,1,1,11.19,"{""dllmc_v_rate"": 0.25, ""step_refresh_remainder"": 8, ""step_refresh_remainder_prompt"": 64}"
dllmcache,11,28,72,1,1,1,11.18,"{""dllmc_v_rate"": 0.25, ""step_refresh_remainder"": 8, ""step_refresh_remainder_prompt"": 64}"
dllmcache,11,32,82,1,1,1,11.19,"{""dllmc_v_rate"": 0.25, ""step_refresh_remainder"": 8, ""step_refresh_remainder_prompt"": 64}"
dllmcache,11,34,87,1,1,1,11.19,"{""dllmc_v_rate"": 0.25, ""step_refresh_remainder"": 8, ""step_refresh_remainder_prompt"": 64}"
dllmcache,11,36,92,1,1,1,11.19,"{""dllmc_v_rate"": 0.25, ""step_refresh_remainder"": 8, ""step_refresh_remainder_prompt"": 64}"
dllmcache,11,38,97,1,1,1,11.19,"{""dllmc_v_rate"": 0.25, ""step_refresh_remainder"": 8, ""step_refresh_remainder_prompt"": 64}"
dllmcache,11,42,108,1,1,1,11.19,"{""dllmc_v_rate"": 0.25, ""step_refresh_remainder"": 8, ""step_refresh_remainder_prompt"": 64}"
dllmcache,11,44,113,1,1,1,11.19,"{""dllmc_v_rate"": 0.25, ""step_refresh_remainder"": 8, ""step_refresh_remainder_prompt"": 64}"
dllmcache,11,46,118,1,1,1,11.19,"{""dllmc_v_rate"": 0.25, ""step_refresh_remainder"": 8, ""step_refresh_remainder_prompt"": 64}"
dllmcache,11,48,123,1,1,1,11.18,"{""dllmc_v_rate"": 0.25, ""step_refresh_remainder"": 8, ""step_refresh_remainder_prompt"": 64}"
dllmcache,11,52,133,1,1,1,11.18,"{""dllmc_v_rate"": 0.25, ""step_refresh_remainder"": 8, ""step_refresh_remainder_prompt"": 64}"
dllmcache,11,54,138,1,1,1,11.19,"{""dllmc_v_rate"": 0.25, ""step_refresh_remainder"": 8, ""step_refresh_remainder_prompt"": 64}"
dllmcache,11,56,143,1,1,1,11.19,"{""dllmc_v_rate"": 0.25, ""step_refresh_remainder"": 8, ""step_refresh_remainder_prompt"": 64}"
dllmcache,11,58,148,1,1,1,11.19,"{""dllmc_v_rate"": 0.25, ""step_refresh_remainder"": 8, ""step_refresh_remainder_prompt"": 64}"
dllmcache,11,62,159,1,1,1,11.18,"{""dllmc_v_rate"": 0.25, ""step_refresh_remainder"": 8, ""step_refresh_remainder_prompt"": 64}"
dllmcache,11,64,164,1,1,1,11.18,"{""dllmc_v_rate"": 0.25, ""step_refresh_remainder"": 8, ""step_refresh_remainder_prompt"": 64}"
dllmcache,11,66,169,1,1,1,11.18,"{""dllmc_v_rate"": 0.25, ""step_refresh_remainder"": 8, ""step_refresh_remainder_prompt"": 64}"
dllmcache,11,68,174,1,1,1,11.18,"{""dllmc_v_rate"": 0.25, ""step_refresh_remainder"": 8, ""step_refresh_remainder_prompt"": 64}"
dllmcache,11,72,184,1,1,1,11.19,"{""dllmc_v_rate"": 0.25, ""step_refresh_remainder"": 8, ""step_refresh_remainder_prompt"": 64}"
dllmcache,11,74,189,1,1,1,11.19,"{""dllmc_v_rate"": 0.25, ""step_refresh_remainder"": 8, ""step_refresh_remainder_prompt"": 64}"
dllmcache,11,76,195,1,1,1,11.19,"{""dllmc_v_rate"": 0.25, ""step_refresh_remainder"": 8, ""step_refresh_remainder_prompt"": 64}"
dllmcache,11,78,200,1,1,1,11.18,"{""dllmc_v_rate"": 0.25, ""step_refresh_remainder"": 8, ""step_refresh_remainder_prompt"": 64}"
dllmcache,11,82,210,1,1,1,11.18,"{""dllmc_v_rate"": 0.25, ""step_refresh_remainder"": 8, ""step_refresh_remainder_prompt"": 64}"
dllmcache,11,84,215,1,1,1,11.19,"{""dllmc_v_rate"": 0.25, ""step_refresh_remainder"": 8, ""step_refresh_remainder_prompt"": 64}"
dllmcache,11,86,220,1,1,1,11.18,"{""dllmc_v_rate"": 0.25, ""step_refresh_remainder"": 8, ""step_refresh_remainder_prompt"": 64}"
dllmcache,11,88,225,1,1,1,11.17,"{""dllmc_v_rate"": 0.25, ""step_refresh_remainder"": 8, ""step_refresh_remainder_prompt"": 64}"
dllmcache,14,2,5,1,1,1,9.49,"{""dllmc_v_rate"": 0.25, ""step_refresh_remainder"": 8, ""step_refresh_remainder_prompt"": 64}"
dllmcache,14,4,10,0,0,1,9.49,"{""dllmc_v_rate"": 0.25, ""step_refresh_remainder"": 8, ""step_refresh_remainder_prompt"": 64}"
dllmcache,14,6,15,0,1,1,9.49,"{""dllmc_v_rate"": 0.25, ""step_refresh_remainder"": 8, ""step_refresh_remainder_prompt"": 64}"
dllmcache,14,8,20,1,1,1,9.49,"{""dllmc_v_rate"": 0.25, ""step_refresh_remainder"": 8, ""step_refresh_remainder_prompt"": 64}"
dllmcache,14,12,31,1,1,1,9.49,"{""dllmc_v_rate"": 0.25, ""step_refresh_remainder"": 8, ""step_refresh_remainder_prompt"": 64}"
dllmcache,14,14,36,1,1,1,9.49,"{""dllmc_v_rate"": 0.25, ""step_refresh_remainder"": 8, ""step_refresh_remainder_prompt"": 64}"
dllmcache,14,16,41,1,1,1,9.5,"{""dllmc_v_rate"": 0.25, ""step_refresh_remainder"": 8, ""step_refresh_remainder_prompt"": 64}"
dllmcache,14,18,46,1,1,1,9.5,"{""dllmc_v_rate"": 0.25, ""step_refresh_remainder"": 8, ""step_refresh_remainder_prompt"": 64}"
dllmcache,14,22,56,1,1,1,9.49,"{""dllmc_v_rate"": 0.25, ""step_refresh_remainder"": 8, ""step_refresh_remainder_prompt"": 64}"
dllmcache,14,24,61,1,1,1,9.49,"{""dllmc_v_rate"": 0.25, ""step_refresh_remainder"": 8, ""step_refresh_remainder_prompt"": 64}"
dllmcache,14,26,67,1,1,1,9.49,"{""dllmc_v_rate"": 0.25, ""step_refresh_remainder"": 8, ""step_refresh_remainder_prompt"": 64}"
dllmcache,14,28,72,1,1,1,9.49,"{""dllmc_v_rate"": 0.25, ""step_refresh_remainder"": 8, ""step_refresh_remainder_prompt"": 64}"
dllmcache,14,32,82,1,1,1,9.49,"{""dllmc_v_rate"": 0.25, ""step_refresh_remainder"": 8, ""step_refresh_remainder_prompt"": 64}"
dllmcache,14,34,87,1,1,1,9.49,"{""dllmc_v_rate"": 0.25, ""step_refresh_remainder"": 8, ""step_refresh_remainder_prompt"": 64}"
dllmcache,14,36,92,1,1,1,9.49,"{""dllmc_v_rate"": 0.25, ""step_refresh_remainder"": 8, ""step_refresh_remainder_prompt"": 64}"
dllmcache,14,38,97,1,1,1,9.49,"{""dllmc_v_rate"": 0.25, ""step_refresh_remainder"": 8, ""step_refresh_remainder_prompt"": 64}"
dllmcache,14,42,108,1,1,1,9.49,"{""dllmc_v_rate"": 0.25, ""step_refresh_remainder"": 8, ""step_refresh_remainder_prompt"": 64}"
dllmcache,14,44,113,1,1,1,9.49,"{""dllmc_v_rate"": 0.25, ""step_refresh_remainder"": 8, ""step_refresh_remainder_prompt"": 64}"
dllmcache,14,46,118,1,1,1,9.5,"{""dllmc_v_rate"": 0.25, ""step_refresh_remainder"": 8, ""step_refresh_remainder_prompt"": 64}"
dllmcache,14,48,123,1,1,1,9.49,"{""dllmc_v_rate"": 0.25, ""step_refresh_remainder"": 8, ""step_refresh_remainder_prompt"": 64}"
dllmcache,14,52,133,1,1,1,9.49,"{""dllmc_v_rate"": 0.25, ""step_refresh_remainder"": 8, ""step_refresh_remainder_prompt"": 64}"
dllmcache,14,54,138,1,1,1,9.49,"{""dllmc_v_rate"": 0.25, ""step_refresh_remainder"": 8, ""step_refresh_remainder_prompt"": 64}"
dllmcache,14,56,143,1,1,1,9.49,"{""dllmc_v_rate"": 0.25, ""step_refresh_remainder"": 8, ""step_refresh_remainder_prompt"": 64}"
dllmcache,14,58,148,1,1,1,9.49,"{""dllmc_v_rate"": 0.25, ""step_refresh_remainder"": 8, ""step_refresh_remainder_prompt"": 64}"
dllmcache,14,62,159,1,1,1,9.49,"{""dllmc_v_rate"": 0.25, ""step_refresh_remainder"": 8, ""step_refresh_remainder_prompt"": 64}"
dllmcache,14,64,164,1,1,1,9.49,"{""dllmc_v_rate"": 0.25, ""step_refresh_remainder"": 8, ""step_refresh_remainder_prompt"": 64}"
dllmcache,14,66,169,1,1,1,9.49,"{""dllmc_v_rate"": 0.25, ""step_refresh_remainder"": 8, ""step_refresh_remainder_prompt"": 64}"
dllmcache,14,68,174,1,1,1,9.49,"{""dllmc_v_rate"": 0.25, ""step_refresh_remainder"": 8, ""step_refresh_remainder_prompt"": 64}"
dllmcache,14,72,184,1,1,1,9.49,"{""dllmc_v_rate"": 0.25, ""step_refresh_remainder"": 8, ""step_refresh_remainder_prompt"": 64}"
dllmcache,14,74,189,1,1,1,9.49,"{""dllmc_v_rate"": 0.25, ""step_refresh_remainder"": 8, ""step_refresh_remainder_prompt"": 64}"
dllmcache,14,76,195,1,1,1,9.5,"{""dllmc_v_rate"": 0.25, ""step_refresh_remainder"": 8, ""step_refresh_remainder_prompt"": 64}"
dllmcache,14,78,200,1,1,1,9.51,"{""dllmc_v_rate"": 0.25, ""step_refresh_remainder"": 8, ""step_refresh_remainder_prompt"": 64}"
dllmcache,14,82,210,1,1,1,9.5,"{""dllmc_v_rate"": 0.25, ""step_refresh_remainder"": 8, ""step_refresh_remainder_prompt"": 64}"
dllmcache,14,84,215,1,1,1,9.49,"{""dllmc_v_rate"": 0.25, ""step_refresh_remainder"": 8, ""step_refresh_remainder_prompt"": 64}"
dllmcache,14,86,220,1,1,1,9.5,"{""dllmc_v_rate"": 0.25, ""step_refresh_remainder"": 8, ""step_refresh_remainder_prompt"": 64}"
dllmcache,14,88,225,1,1,1,9.49,"{""dllmc_v_rate"": 0.25, ""step_refresh_remainder"": 8, ""step_refresh_remainder_prompt"": 64}"
dllmcache,17,2,5,1,1,1,9.51,"{""dllmc_v_rate"": 0.25, ""step_refresh_remainder"": 8, ""step_refresh_remainder_prompt"": 64}"
dllmcache,17,4,10,1,1,1,9.51,"{""dllmc_v_rate"": 0.25, ""step_refresh_remainder"": 8, ""step_refresh_remainder_prompt"": 64}"
dllmcache,17,6,15,1,1,1,9.51,"{""dllmc_v_rate"": 0.25, ""step_refresh_remainder"": 8, ""step_refresh_remainder_prompt"": 64}"
dllmcache,17,8,20,1,1,1,9.51,"{""dllmc_v_rate"": 0.25, ""step_refresh_remainder"": 8, ""step_refresh_remainder_prompt"": 64}"
dllmcache,17,12,31,1,1,1,9.52,"{""dllmc_v_rate"": 0.25, ""step_refresh_remainder"": 8, ""step_refresh_remainder_prompt"": 64}"
dllmcache,17,14,36,1,1,1,9.52,"{""dllmc_v_rate"": 0.25, ""step_refresh_remainder"": 8, ""step_refresh_remainder_prompt"": 64}"
dllmcache,17,16,41,1,1,1,9.52,"{""dllmc_v_rate"": 0.25, ""step_refresh_remainder"": 8, ""step_refresh_remainder_prompt"": 64}"
dllmcache,17,18,46,1,1,1,9.52,"{""dllmc_v_rate"": 0.25, ""step_refresh_remainder"": 8, ""step_refresh_remainder_prompt"": 64}"
dllmcache,17,22,56,1,1,1,9.52,"{""dllmc_v_rate"": 0.25, ""step_refresh_remainder"": 8, ""step_refresh_remainder_prompt"": 64}"
dllmcache,17,24,61,1,1,1,9.52,"{""dllmc_v_rate"": 0.25, ""step_refresh_remainder"": 8, ""step_refresh_remainder_prompt"": 64}"
dllmcache,17,26,67,1,1,1,9.52,"{""dllmc_v_rate"": 0.25, ""step_refresh_remainder"": 8, ""step_refresh_remainder_prompt"": 64}"
dllmcache,17,28,72,1,1,1,9.53,"{""dllmc_v_rate"": 0.25, ""step_refresh_remainder"": 8, ""step_refresh_remainder_prompt"": 64}"
dllmcache,17,32,82,1,1,1,9.52,"{""dllmc_v_rate"": 0.25, ""step_refresh_remainder"": 8, ""step_refresh_remainder_prompt"": 64}"
dllmcache,17,34,87,1,1,1,9.52,"{""dllmc_v_rate"": 0.25, ""step_refresh_remainder"": 8, ""step_refresh_remainder_prompt"": 64}"
dllmcache,17,36,92,1,1,1,9.51,"{""dllmc_v_rate"": 0.25, ""step_refresh_remainder"": 8, ""step_refresh_remainder_prompt"": 64}"
dllmcache,17,38,97,1,1,1,9.51,"{""dllmc_v_rate"": 0.25, ""step_refresh_remainder"": 8, ""step_refresh_remainder_prompt"": 64}"
dllmcache,17,42,108,1,1,1,9.52,"{""dllmc_v_rate"": 0.25, ""step_refresh_remainder"": 8, ""step_refresh_remainder_prompt"": 64}"
dllmcache,17,44,113,1,1,1,9.52,"{""dllmc_v_rate"": 0.25, ""step_refresh_remainder"": 8, ""step_refresh_remainder_prompt"": 64}"
dllmcache,17,46,118,1,1,1,9.51,"{""dllmc_v_rate"": 0.25, ""step_refresh_remainder"": 8, ""step_refresh_remainder_prompt"": 64}"
dllmcache,17,48,123,1,1,1,9.52,"{""dllmc_v_rate"": 0.25, ""step_refresh_remainder"": 8, ""step_refresh_remainder_prompt"": 64}"
dllmcache,17,52,133,1,1,1,9.51,"{""dllmc_v_rate"": 0.25, ""step_refresh_remainder"": 8, ""step_refresh_remainder_prompt"": 64}"
dllmcache,17,54,138,1,1,1,9.51,"{""dllmc_v_rate"": 0.25, ""step_refresh_remainder"": 8, ""step_refresh_remainder_prompt"": 64}"
dllmcache,17,56,143,1,1,1,9.51,"{""dllmc_v_rate"": 0.25, ""step_refresh_remainder"": 8, ""step_refresh_remainder_prompt"": 64}"
dllmcache,17,58,148,1,1,1,9.51,"{""dllmc_v_rate"": 0.25, ""step_refresh_remainder"": 8, ""step_refresh_remainder_prompt"": 64}"
dllmcache,17,62,159,1,1,1,9.51,"{""dllmc_v_rate"": 0.25, ""step_refresh_remainder"": 8, ""step_refresh_remainder_prompt"": 64}"
dllmcache,17,64,164,1,1,1,9.5,"{""dllmc_v_rate"": 0.25, ""step_refresh_remainder"": 8, ""step_refresh_remainder_prompt"": 64}"
dllmcache,17,66,169,1,1,1,9.51,"{""dllmc_v_rate"": 0.25, ""step_refresh_remainder"": 8, ""step_refresh_remainder_prompt"": 64}"
dllmcache,17,68,174,1,1,1,9.52,"{""dllmc_v_rate"": 0.25, ""step_refresh_remainder"": 8, ""step_refresh_remainder_prompt"": 64}"
dllmcache,17,72,184,1,1,1,9.51,"{""dllmc_v_rate"": 0.25, ""step_refresh_remainder"": 8, ""step_refresh_remainder_prompt"": 64}"
dllmcache,17,74,189,1,1,1,9.51,"{""dllmc_v_rate"": 0.25, ""step_refresh_remainder"": 8, ""step_refresh_remainder_prompt"": 64}"
dllmcache,17,76,195,1,1,1,9.52,"{""dllmc_v_rate"": 0.25, ""step_refresh_remainder"": 8, ""step_refresh_remainder_prompt"": 64}"
dllmcache,17,78,200,1,1,1,9.51,"{""dllmc_v_rate"": 0.25, ""step_refresh_remainder"": 8, ""step_refresh_remainder_prompt"": 64}"
dllmcache,17,82,210,1,1,1,9.52,"{""dllmc_v_rate"": 0.25, ""step_refresh_remainder"": 8, ""step_refresh_remainder_prompt"": 64}"
dllmcache,17,84,215,1,1,1,9.52,"{""dllmc_v_rate"": 0.25, ""step_refresh_remainder"": 8, ""step_refresh_remainder_prompt"": 64}"
dllmcache,17,86,220,1,1,1,9.52,"{""dllmc_v_rate"": 0.25, ""step_refresh_remainder"": 8, ""step_refresh_remainder_prompt"": 64}"
dllmcache,17,88,225,1,1,1,9.51,"{""dllmc_v_rate"": 0.25, ""step_refresh_remainder"": 8, ""step_refresh_remainder_prompt"": 64}"
dllmcache,18,2,5,1,1,1,9.46,"{""dllmc_v_rate"": 0.25, ""step_refresh_remainder"": 8, ""step_refresh_remainder_prompt"": 64}"
dllmcache,18,4,10,0,0,1,9.45,"{""dllmc_v_rate"": 0.25, ""step_refresh_remainder"": 8, ""step_refresh_remainder_prompt"": 64}"
dllmcache,18,6,15,0,1,0,9.45,"{""dllmc_v_rate"": 0.25, ""step_refresh_remainder"": 8, ""step_refresh_remainder_prompt"": 64}"
dllmcache,18,8,20,1,1,1,9.45,"{""dllmc_v_rate"": 0.25, ""step_refresh_remainder"": 8, ""step_refresh_remainder_prompt"": 64}"
dllmcache,18,12,31,1,1,1,9.46,"{""dllmc_v_rate"": 0.25, ""step_refresh_remainder"": 8, ""step_refresh_remainder_prompt"": 64}"
dllmcache,18,14,36,1,1,1,9.46,"{""dllmc_v_rate"": 0.25, ""step_refresh_remainder"": 8, ""step_refresh_remainder_prompt"": 64}"
dllmcache,18,16,41,0,1,0,9.47,"{""dllmc_v_rate"": 0.25, ""step_refresh_remainder"": 8, ""step_refresh_remainder_prompt"": 64}"
dllmcache,18,18,46,1,1,1,9.46,"{""dllmc_v_rate"": 0.25, ""step_refresh_remainder"": 8, ""step_refresh_remainder_prompt"": 64}"
dllmcache,18,22,56,1,1,1,9.46,"{""dllmc_v_rate"": 0.25, ""step_refresh_remainder"": 8, ""step_refresh_remainder_prompt"": 64}"
dllmcache,18,24,61,1,1,1,9.46,"{""dllmc_v_rate"": 0.25, ""step_refresh_remainder"": 8, ""step_refresh_remainder_prompt"": 64}"
dllmcache,18,26,67,1,1,1,9.46,"{""dllmc_v_rate"": 0.25, ""step_refresh_remainder"": 8, ""step_refresh_remainder_prompt"": 64}"
dllmcache,18,28,72,1,1,1,9.46,"{""dllmc_v_rate"": 0.25, ""step_refresh_remainder"": 8, ""step_refresh_remainder_prompt"": 64}"
dllmcache,18,32,82,1,1,1,9.46,"{""dllmc_v_rate"": 0.25, ""step_refresh_remainder"": 8, ""step_refresh_remainder_prompt"": 64}"
dllmcache,18,34,87,1,1,1,9.46,"{""dllmc_v_rate"": 0.25, ""step_refresh_remainder"": 8, ""step_refresh_remainder_prompt"": 64}"
dllmcache,18,36,92,1,1,1,9.46,"{""dllmc_v_rate"": 0.25, ""step_refresh_remainder"": 8, ""step_refresh_remainder_prompt"": 64}"
dllmcache,18,38,97,1,1,1,9.47,"{""dllmc_v_rate"": 0.25, ""step_refresh_remainder"": 8, ""step_refresh_remainder_prompt"": 64}"
dllmcache,18,42,108,1,1,1,9.47,"{""dllmc_v_rate"": 0.25, ""step_refresh_remainder"": 8, ""step_refresh_remainder_prompt"": 64}"
dllmcache,18,44,113,1,1,1,9.47,"{""dllmc_v_rate"": 0.25, ""step_refresh_remainder"": 8, ""step_refresh_remainder_prompt"": 64}"
dllmcache,18,46,118,1,1,1,9.47,"{""dllmc_v_rate"": 0.25, ""step_refresh_remainder"": 8, ""step_refresh_remainder_prompt"": 64}"
dllmcache,18,48,123,1,1,1,9.47,"{""dllmc_v_rate"": 0.25, ""step_refresh_remainder"": 8, ""step_refresh_remainder_prompt"": 64}"
dllmcache,18,52,133,1,1,1,9.47,"{""dllmc_v_rate"": 0.25, ""step_refresh_remainder"": 8, ""step_refresh_remainder_prompt"": 64}"
dllmcache,18,54,138,1,1,1,9.47,"{""dllmc_v_rate"": 0.25, ""step_refresh_remainder"": 8, ""step_refresh_remainder_prompt"": 64}"
dllmcache,18,56,143,1,1,1,9.47,"{""dllmc_v_rate"": 0.25, ""step_refresh_remainder"": 8, ""step_refresh_remainder_prompt"": 64}"
dllmcache,18,58,148,1,1,1,9.47,"{""dllmc_v_rate"": 0.25, ""step_refresh_remainder"": 8, ""step_refresh_remainder_prompt"": 64}"
dllmcache,18,62,159,1,1,1,9.46,"{""dllmc_v_rate"": 0.25, ""step_refresh_remainder"": 8, ""step_refresh_remainder_prompt"": 64}"
dllmcache,18,64,164,1,1,1,9.47,"{""dllmc_v_rate"": 0.25, ""step_refresh_remainder"": 8, ""step_refresh_remainder_prompt"": 64}"
dllmcache,18,66,169,1,1,1,9.47,"{""dllmc_v_rate"": 0.25, ""step_refresh_remainder"": 8, ""step_refresh_remainder_prompt"": 64}"
dllmcache,18,68,174,1,1,1,9.46,"{""dllmc_v_rate"": 0.25, ""step_refresh_remainder"": 8, ""step_refresh_remainder_prompt"": 64}"
dllmcache,18,72,184,1,1,1,9.47,"{""dllmc_v_rate"": 0.25, ""step_refresh_remainder"": 8, ""step_refresh_remainder_prompt"": 64}"
dllmcache,18,74,189,1,1,1,9.47,"{""dllmc_v_rate"": 0.25, ""step_refresh_remainder"": 8, ""step_refresh_remainder_prompt"": 64}"
dllmcache,18,76,195,1,1,1,9.47,"{""dllmc_v_rate"": 0.25, ""step_refresh_remainder"": 8, ""step_refresh_remainder_prompt"": 64}"
dllmcache,18,78,200,1,1,1,9.47,"{""dllmc_v_rate"": 0.25, ""step_refresh_remainder"": 8, ""step_refresh_remainder_prompt"": 64}"
dllmcache,18,82,210,1,1,1,9.47,"{""dllmc_v_rate"": 0.25, ""step_refresh_remainder"": 8, ""step_refresh_remainder_prompt"": 64}"
dllmcache,18,84,215,1,1,1,9.47,"{""dllmc_v_rate"": 0.25, ""step_refresh_remainder"": 8, ""step_refresh_remainder_prompt"": 64}"
dllmcache,18,86,220,1,1,1,9.47,"{""dllmc_v_rate"": 0.25, ""step_refresh_remainder"": 8, ""step_refresh_remainder_prompt"": 64}"
dllmcache,18,88,225,1,1,1,9.47,"{""dllmc_v_rate"": 0.25, ""step_refresh_remainder"": 8, ""step_refresh_remainder_prompt"": 64}"
dllmcache,19,2,5,0,1,0,9.73,"{""dllmc_v_rate"": 0.25, ""step_refresh_remainder"": 8, ""step_refresh_remainder_prompt"": 64}"
dllmcache,19,4,10,1,1,1,9.73,"{""dllmc_v_rate"": 0.25, ""step_refresh_remainder"": 8, ""step_refresh_remainder_prompt"": 64}"
dllmcache,19,6,15,0,1,0,9.73,"{""dllmc_v_rate"": 0.25, ""step_refresh_remainder"": 8, ""step_refresh_remainder_prompt"": 64}"
dllmcache,19,8,20,1,1,1,9.73,"{""dllmc_v_rate"": 0.25, ""step_refresh_remainder"": 8, ""step_refresh_remainder_prompt"": 64}"
dllmcache,19,12,31,1,1,1,9.73,"{""dllmc_v_rate"": 0.25, ""step_refresh_remainder"": 8, ""step_refresh_remainder_prompt"": 64}"
dllmcache,19,14,36,1,1,1,9.73,"{""dllmc_v_rate"": 0.25, ""step_refresh_remainder"": 8, ""step_refresh_remainder_prompt"": 64}"
dllmcache,19,16,41,1,1,1,9.72,"{""dllmc_v_rate"": 0.25, ""step_refresh_remainder"": 8, ""step_refresh_remainder_prompt"": 64}"
dllmcache,19,18,46,1,1,1,9.72,"{""dllmc_v_rate"": 0.25, ""step_refresh_remainder"": 8, ""step_refresh_remainder_prompt"": 64}"
dllmcache,19,22,56,1,1,1,9.73,"{""dllmc_v_rate"": 0.25, ""step_refresh_remainder"": 8, ""step_refresh_remainder_prompt"": 64}"
dllmcache,19,24,61,1,1,1,9.73,"{""dllmc_v_rate"": 0.25, ""step_refresh_remainder"": 8, ""step_refresh_remainder_prompt"": 64}"
dllmcache,19,26,67,1,1,1,9.74,"{""dllmc_v_rate"": 0.25, ""step_refresh_remainder"": 8, ""step_refresh_remainder_prompt"": 64}"
dllmcache,19,28,72,1,1,1,9.73,"{""dllmc_v_rate"": 0.25, ""step_refresh_remainder"": 8, ""step_refresh_remainder_prompt"": 64}"
dllmcache,19,32,82,1,1,1,9.73,"{""dllmc_v_rate"": 0.25, ""step_refresh_remainder"": 8, ""step_refresh_remainder_prompt"": 64}"
dllmcache,19,34,87,1,1,1,9.73,"{""dllmc_v_rate"": 0.25, ""step_refresh_remainder"": 8, ""step_refresh_remainder_prompt"": 64}"
dllmcache,19,36,92,1,1,1,9.73,"{""dllmc_v_rate"": 0.25, ""step_refresh_remainder"": 8, ""step_refresh_remainder_prompt"": 64}"
dllmcache,19,38,97,1,1,1,9.73,"{""dllmc_v_rate"": 0.25, ""step_refresh_remainder"": 8, ""step_refresh_remainder_prompt"": 64}"
dllmcache,19,42,108,1,1,1,9.73,"{""dllmc_v_rate"": 0.25, ""step_refresh_remainder"": 8, ""step_refresh_remainder_prompt"": 64}"
dllmcache,19,44,113,1,1,1,9.73,"{""dllmc_v_rate"": 0.25, ""step_refresh_remainder"": 8, ""step_refresh_remainder_prompt"": 64}"
dllmcache,19,46,118,1,1,1,9.73,"{""dllmc_v_rate"": 0.25, ""step_refresh_remainder"": 8, ""step_refresh_remainder_prompt"": 64}"
dllmcache,19,48,123,1,1,1,9.73,"{""dllmc_v_rate"": 0.25, ""step_refresh_remainder"": 8, ""step_refresh_remainder_prompt"": 64}"
dllmcache,19,52,133,1,1,1,9.73,"{""dllmc_v_rate"": 0.25, ""step_refresh_remainder"": 8, ""step_refresh_remainder_prompt"": 64}"
dllmcache,19,54,138,1,1,1,9.73,"{""dllmc_v_rate"": 0.25, ""step_refresh_remainder"": 8, ""step_refresh_remainder_prompt"": 64}"
dllmcache,19,56,143,1,1,1,9.73,"{""dllmc_v_rate"": 0.25, ""step_refresh_remainder"": 8, ""step_refresh_remainder_prompt"": 64}"
dllmcache,19,58,148,1,1,1,9.72,"{""dllmc_v_rate"": 0.25, ""step_refresh_remainder"": 8, ""step_refresh_remainder_prompt"": 64}"
dllmcache,19,62,159,1,1,1,9.73,"{""dllmc_v_rate"": 0.25, ""step_refresh_remainder"": 8, ""step_refresh_remainder_prompt"": 64}"
dllmcache,19,64,164,1,1,1,9.73,"{""dllmc_v_rate"": 0.25, ""step_refresh_remainder"": 8, ""step_refresh_remainder_prompt"": 64}"
dllmcache,19,66,169,1,1,1,9.73,"{""dllmc_v_rate"": 0.25, ""step_refresh_remainder"": 8, ""step_refresh_remainder_prompt"": 64}"
dllmcache,19,68,174,1,1,1,9.74,"{""dllmc_v_rate"": 0.25, ""step_refresh_remainder"": 8, ""step_refresh_remainder_prompt"": 64}"
dllmcache,19,72,184,1,1,1,9.74,"{""dllmc_v_rate"": 0.25, ""step_refresh_remainder"": 8, ""step_refresh_remainder_prompt"": 64}"
dllmcache,19,74,189,1,1,1,9.74,"{""dllmc_v_rate"": 0.25, ""step_refresh_remainder"": 8, ""step_refresh_remainder_prompt"": 64}"
dllmcache,19,76,195,1,1,1,9.74,"{""dllmc_v_rate"": 0.25, ""step_refresh_remainder"": 8, ""step_refresh_remainder_prompt"": 64}"
dllmcache,19,78,200,1,1,1,9.74,"{""dllmc_v_rate"": 0.25, ""step_refresh_remainder"": 8, ""step_refresh_remainder_prompt"": 64}"
dllmcache,19,82,210,1,1,1,9.74,"{""dllmc_v_rate"": 0.25, ""step_refresh_remainder"": 8, ""step_refresh_remainder_prompt"": 64}"
dllmcache,19,84,215,1,1,1,9.74,"{""dllmc_v_rate"": 0.25, ""step_refresh_remainder"": 8, ""step_refresh_remainder_prompt"": 64}"
dllmcache,19,86,220,1,1,1,9.73,"{""dllmc_v_rate"": 0.25, ""step_refresh_remainder"": 8, ""step_refresh_remainder_prompt"": 64}"
dllmcache,19,88,225,1,1,1,9.74,"{""dllmc_v_rate"": 0.25, ""step_refresh_remainder"": 8, ""step_refresh_remainder_prompt"": 64}"
dllmcache,22,2,5,1,1,1,10.82,"{""dllmc_v_rate"": 0.25, ""step_refresh_remainder"": 8, ""step_refresh_remainder_prompt"": 64}"
dllmcache,22,4,10,1,1,1,10.82,"{""dllmc_v_rate"": 0.25, ""step_refresh_remainder"": 8, ""step_refresh_remainder_prompt"": 64}"
dllmcache,22,6,15,1,1,1,10.81,"{""dllmc_v_rate"": 0.25, ""step_refresh_remainder"": 8, ""step_refresh_remainder_prompt"": 64}"
dllmcache,22,8,20,1,1,1,10.8,"{""dllmc_v_rate"": 0.25, ""step_refresh_remainder"": 8, ""step_refresh_remainder_prompt"": 64}"
dllmcache,22,12,31,1,1,1,10.8,"{""dllmc_v_rate"": 0.25, ""step_refresh_remainder"": 8, ""step_refresh_remainder_prompt"": 64}"
dllmcache,22,14,36,1,1,1,10.8,"{""dllmc_v_rate"": 0.25, ""step_refresh_remainder"": 8, ""step_refresh_remainder_prompt"": 64}"
dllmcache,22,16,41,1,1,1,10.81,"{""dllmc_v_rate"": 0.25, ""step_refresh_remainder"": 8, ""step_refresh_remainder_prompt"": 64}"
dllmcache,22,18,46,1,1,1,10.82,"{""dllmc_v_rate"": 0.25, ""step_refresh_remainder"": 8, ""step_refresh_remainder_prompt"": 64}"
dllmcache,22,22,56,1,1,1,10.82,"{""dllmc_v_rate"": 0.25, ""step_refresh_remainder"": 8, ""step_refresh_remainder_prompt"": 64}"
dllmcache,22,24,61,1,1,1,10.81,"{""dllmc_v_rate"": 0.25, ""step_refresh_remainder"": 8, ""step_refresh_remainder_prompt"": 64}"
dllmcache,22,26,67,1,1,1,10.8,"{""dllmc_v_rate"": 0.25, ""step_refresh_remainder"": 8, ""step_refresh_remainder_prompt"": 64}"
dllmcache,22,28,72,1,1,1,10.8,"{""dllmc_v_rate"": 0.25, ""step_refresh_remainder"": 8, ""step_refresh_remainder_prompt"": 64}"
dllmcache,22,32,82,1,1,1,10.81,"{""dllmc_v_rate"": 0.25, ""step_refresh_remainder"": 8, ""step_refresh_remainder_prompt"": 64}"
dllmcache,22,34,87,1,1,1,10.81,"{""dllmc_v_rate"": 0.25, ""step_refresh_remainder"": 8, ""step_refresh_remainder_prompt"": 64}"
dllmcache,22,36,92,1,1,1,10.81,"{""dllmc_v_rate"": 0.25, ""step_refresh_remainder"": 8, ""step_refresh_remainder_prompt"": 64}"
dllmcache,22,38,97,1,1,1,10.8,"{""dllmc_v_rate"": 0.25, ""step_refresh_remainder"": 8, ""step_refresh_remainder_prompt"": 64}"
dllmcache,22,42,108,1,1,1,10.8,"{""dllmc_v_rate"": 0.25, ""step_refresh_remainder"": 8, ""step_refresh_remainder_prompt"": 64}"
dllmcache,22,44,113,1,1,1,10.8,"{""dllmc_v_rate"": 0.25, ""step_refresh_remainder"": 8, ""step_refresh_remainder_prompt"": 64}"
dllmcache,22,46,118,1,1,1,10.81,"{""dllmc_v_rate"": 0.25, ""step_refresh_remainder"": 8, ""step_refresh_remainder_prompt"": 64}"
dllmcache,22,48,123,1,1,1,10.81,"{""dllmc_v_rate"": 0.25, ""step_refresh_remainder"": 8, ""step_refresh_remainder_prompt"": 64}"
dllmcache,22,52,133,1,1,1,10.81,"{""dllmc_v_rate"": 0.25, ""step_refresh_remainder"": 8, ""step_refresh_remainder_prompt"": 64}"
dllmcache,22,54,138,1,1,1,10.8,"{""dllmc_v_rate"": 0.25, ""step_refresh_remainder"": 8, ""step_refresh_remainder_prompt"": 64}"
dllmcache,22,56,143,1,1,1,10.8,"{""dllmc_v_rate"": 0.25, ""step_refresh_remainder"": 8, ""step_refresh_remainder_prompt"": 64}"
dllmcache,22,58,148,1,1,1,10.8,"{""dllmc_v_rate"": 0.25, ""step_refresh_remainder"": 8, ""step_refresh_remainder_prompt"": 64}"
dllmcache,22,62,159,1,1,1,10.8,"{""dllmc_v_rate"": 0.25, ""step_refresh_remainder"": 8, ""step_refresh_remainder_prompt"": 64}"
dllmcache,22,64,164,1,1,1,10.8,"{""dllmc_v_rate"": 0.25, ""step_refresh_remainder"": 8, ""step_refresh_remainder_prompt"": 64}"
dllmcache,22,66,169,1,1,1,10.8,"{""dllmc_v_rate"": 0.25, ""step_refresh_remainder"": 8, ""step_refresh_remainder_prompt"": 64}"
dllmcache,22,68,174,1,1,1,10.8,"{""dllmc_v_rate"": 0.25, ""step_refresh_remainder"": 8, ""step_refresh_remainder_prompt"": 64}"
dllmcache,22,72,184,1,1,1,10.8,"{""dllmc_v_rate"": 0.25, ""step_refresh_remainder"": 8, ""step_refresh_remainder_prompt"": 64}"
dllmcache,22,74,189,1,1,1,10.81,"{""dllmc_v_rate"": 0.25, ""step_refresh_remainder"": 8, ""step_refresh_remainder_prompt"": 64}"
dllmcache,22,76,195,1,1,1,10.8,"{""dllmc_v_rate"": 0.25, ""step_refresh_remainder"": 8, ""step_refresh_remainder_prompt"": 64}"
dllmcache,22,78,200,1,1,1,10.81,"{""dllmc_v_rate"": 0.25, ""step_refresh_remainder"": 8, ""step_refresh_remainder_prompt"": 64}"
dllmcache,22,82,210,1,1,1,10.8,"{""dllmc_v_rate"": 0.25, ""step_refresh_remainder"": 8, ""step_refresh_remainder_prompt"": 64}"
dllmcache,22,84,215,1,1,1,10.8,"{""dllmc_v_rate"": 0.25, ""step_refresh_remainder"": 8, ""step_refresh_remainder_prompt"": 64}"
dllmcache,22,86,220,1,1,1,10.8,"{""dllmc_v_rate"": 0.25, ""step_refresh_remainder"": 8, ""step_refresh_remainder_prompt"": 64}"
dllmcache,22,88,225,1,1,1,10.81,"{""dllmc_v_rate"": 0.25, ""step_refresh_remainder"": 8, ""step_refresh_remainder_prompt"": 64}"
dllmcache,23,2,5,1,1,1,9.79,"{""dllmc_v_rate"": 0.25, ""step_refresh_remainder"": 8, ""step_refresh_remainder_prompt"": 64}"
dllmcache,23,4,10,1,1,1,9.79,"{""dllmc_v_rate"": 0.25, ""step_refresh_remainder"": 8, ""step_refresh_remainder_prompt"": 64}"
dllmcache,23,6,15,1,1,1,9.79,"{""dllmc_v_rate"": 0.25, ""step_refresh_remainder"": 8, ""step_refresh_remainder_prompt"": 64}"
dllmcache,23,8,20,1,1,1,9.79,"{""dllmc_v_rate"": 0.25, ""step_refresh_remainder"": 8, ""step_refresh_remainder_prompt"": 64}"
dllmcache,23,12,31,1,1,1,9.78,"{""dllmc_v_rate"": 0.25, ""step_refresh_remainder"": 8, ""step_refresh_remainder_prompt"": 64}"
dllmcache,23,14,36,0,1,0,9.78,"{""dllmc_v_rate"": 0.25, ""step_refresh_remainder"": 8, ""step_refresh_remainder_prompt"": 64}"
dllmcache,23,16,41,1,1,1,9.79,"{""dllmc_v_rate"": 0.25, ""step_refresh_remainder"": 8, ""step_refresh_remainder_prompt"": 64}"
dllmcache,23,18,46,1,1,1,9.79,"{""dllmc_v_rate"": 0.25, ""step_refresh_remainder"": 8, ""step_refresh_remainder_prompt"": 64}"
dllmcache,23,22,56,1,1,1,9.78,"{""dllmc_v_rate"": 0.25, ""step_refresh_remainder"": 8, ""step_refresh_remainder_prompt"": 64}"
dllmcache,23,24,61,1,1,1,9.78,"{""dllmc_v_rate"": 0.25, ""step_refresh_remainder"": 8, ""step_refresh_remainder_prompt"": 64}"
dllmcache,23,26,67,1,1,1,9.79,"{""dllmc_v_rate"": 0.25, ""step_refresh_remainder"": 8, ""step_refresh_remainder_prompt"": 64}"
dllmcache,23,28,72,1,1,1,9.78,"{""dllmc_v_rate"": 0.25, ""step_refresh_remainder"": 8, ""step_refresh_remainder_prompt"": 64}"
dllmcache,23,32,82,1,1,1,9.78,"{""dllmc_v_rate"": 0.25, ""step_refresh_remainder"": 8, ""step_refresh_remainder_prompt"": 64}"
dllmcache,23,34,87,1,1,1,9.79,"{""dllmc_v_rate"": 0.25, ""step_refresh_remainder"": 8, ""step_refresh_remainder_prompt"": 64}"
dllmcache,23,36,92,1,1,1,9.78,"{""dllmc_v_rate"": 0.25, ""step_refresh_remainder"": 8, ""step_refresh_remainder_prompt"": 64}"
dllmcache,23,38,97,1,1,1,9.78,"{""dllmc_v_rate"": 0.25, ""step_refresh_remainder"": 8, ""step_refresh_remainder_prompt"": 64}"
dllmcache,23,42,108,1,1,1,9.79,"{""dllmc_v_rate"": 0.25, ""step_refresh_remainder"": 8, ""step_refresh_remainder_prompt"": 64}"
dllmcache,23,44,113,1,1,1,9.79,"{""dllmc_v_rate"": 0.25, ""step_refresh_remainder"": 8, ""step_refresh_remainder_prompt"": 64}"
dllmcache,23,46,118,1,1,1,9.79,"{""dllmc_v_rate"": 0.25, ""step_refresh_remainder"": 8, ""step_refresh_remainder_prompt"": 64}"
dllmcache,23,48,123,1,1,1,9.79,"{""dllmc_v_rate"": 0.25, ""step_refresh_remainder"": 8, ""step_refresh_remainder_prompt"": 64}"
dllmcache,23,52,133,1,1,1,9.79,"{""dllmc_v_rate"": 0.25, ""step_refresh_remainder"": 8, ""step_refresh_remainder_prompt"": 64}"
dllmcache,23,54,138,1,1,1,9.78,"{""dllmc_v_rate"": 0.25, ""step_refresh_remainder"": 8, ""step_refresh_remainder_prompt"": 64}"
dllmcache,23,56,143,1,1,1,9.79,"{""dllmc_v_rate"": 0.25, ""step_refresh_remainder"": 8, ""step_refresh_remainder_prompt"": 64}"
dllmcache,23,58,148,1,1,1,9.79,"{""dllmc_v_rate"": 0.25, ""step_refresh_remainder"": 8, ""step_refresh_remainder_prompt"": 64}"
dllmcache,23,62,159,1,1,1,9.78,"{""dllmc_v_rate"": 0.25, ""step_refresh_remainder"": 8, ""step_refresh_remainder_prompt"": 64}"
dllmcache,23,64,164,1,1,1,9.78,"{""dllmc_v_rate"": 0.25, ""step_refresh_remainder"": 8, ""step_refresh_remainder_prompt"": 64}"
dllmcache,23,66,169,1,1,1,9.79,"{""dllmc_v_rate"": 0.25, ""step_refresh_remainder"": 8, ""step_refresh_remainder_prompt"": 64}"
dllmcache,23,68,174,1,1,1,9.79,"{""dllmc_v_rate"": 0.25, ""step_refresh_remainder"": 8, ""step_refresh_remainder_prompt"": 64}"
dllmcache,23,72,184,1,1,1,9.79,"{""dllmc_v_rate"": 0.25, ""step_refresh_remainder"": 8, ""step_refresh_remainder_prompt"": 64}"
dllmcache,23,74,189,1,1,1,9.79,"{""dllmc_v_rate"": 0.25, ""step_refresh_remainder"": 8, ""step_refresh_remainder_prompt"": 64}"
dllmcache,23,76,195,1,1,1,9.79,"{""dllmc_v_rate"": 0.25, ""step_refresh_remainder"": 8, ""step_refresh_remainder_prompt"": 64}"
dllmcache,23,78,200,1,1,1,9.79,"{""dllmc_v_rate"": 0.25, ""step_refresh_remainder"": 8, ""step_refresh_remainder_prompt"": 64}"
dllmcache,23,82,210,1,1,1,9.79,"{""dllmc_v_rate"": 0.25, ""step_refresh_remainder"": 8, ""step_refresh_remainder_prompt"": 64}"
dllmcache,23,84,215,1,1,1,9.79,"{""dllmc_v_rate"": 0.25, ""step_refresh_remainder"": 8, ""step_refresh_remainder_prompt"": 64}"
dllmcache,23,86,220,1,1,1,9.79,"{""dllmc_v_rate"": 0.25, ""step_refresh_remainder"": 8, ""step_refresh_remainder_prompt"": 64}"
dllmcache,23,88,225,1,1,1,9.79,"{""dllmc_v_rate"": 0.25, ""step_refresh_remainder"": 8, ""step_refresh_remainder_prompt"": 64}"
dllmcache,24,2,5,1,1,1,10.54,"{""dllmc_v_rate"": 0.25, ""step_refresh_remainder"": 8, ""step_refresh_remainder_prompt"": 64}"
dllmcache,24,4,10,1,1,1,10.53,"{""dllmc_v_rate"": 0.25, ""step_refresh_remainder"": 8, ""step_refresh_remainder_prompt"": 64}"
dllmcache,24,6,15,1,1,1,10.54,"{""dllmc_v_rate"": 0.25, ""step_refresh_remainder"": 8, ""step_refresh_remainder_prompt"": 64}"
dllmcache,24,8,20,1,1,1,10.55,"{""dllmc_v_rate"": 0.25, ""step_refresh_remainder"": 8, ""step_refresh_remainder_prompt"": 64}"
dllmcache,24,12,31,1,1,1,10.54,"{""dllmc_v_rate"": 0.25, ""step_refresh_remainder"": 8, ""step_refresh_remainder_prompt"": 64}"
dllmcache,24,14,36,1,1,1,10.54,"{""dllmc_v_rate"": 0.25, ""step_refresh_remainder"": 8, ""step_refresh_remainder_prompt"": 64}"
dllmcache,24,16,41,1,1,1,10.55,"{""dllmc_v_rate"": 0.25, ""step_refresh_remainder"": 8, ""step_refresh_remainder_prompt"": 64}"
dllmcache,24,18,46,1,1,1,10.55,"{""dllmc_v_rate"": 0.25, ""step_refresh_remainder"": 8, ""step_refresh_remainder_prompt"": 64}"
dllmcache,24,22,56,1,1,1,10.55,"{""dllmc_v_rate"": 0.25, ""step_refresh_remainder"": 8, ""step_refresh_remainder_prompt"": 64}"
dllmcache,24,24,61,1,1,1,10.56,"{""dllmc_v_rate"": 0.25, ""step_refresh_remainder"": 8, ""step_refresh_remainder_prompt"": 64}"
dllmcache,24,26,67,1,1,1,10.55,"{""dllmc_v_rate"": 0.25, ""step_refresh_remainder"": 8, ""step_refresh_remainder_prompt"": 64}"
dllmcache,24,28,72,1,1,1,10.56,"{""dllmc_v_rate"": 0.25, ""step_refresh_remainder"": 8, ""step_refresh_remainder_prompt"": 64}"
dllmcache,24,32,82,1,1,1,10.55,"{""dllmc_v_rate"": 0.25, ""step_refresh_remainder"": 8, ""step_refresh_remainder_prompt"": 64}"
dllmcache,24,34,87,1,1,1,10.55,"{""dllmc_v_rate"": 0.25, ""step_refresh_remainder"": 8, ""step_refresh_remainder_prompt"": 64}"
dllmcache,24,36,92,1,1,1,10.55,"{""dllmc_v_rate"": 0.25, ""step_refresh_remainder"": 8, ""step_refresh_remainder_prompt"": 64}"
dllmcache,24,38,97,1,1,1,10.55,"{""dllmc_v_rate"": 0.25, ""step_refresh_remainder"": 8, ""step_refresh_remainder_prompt"": 64}"
dllmcache,24,42,108,1,1,1,10.55,"{""dllmc_v_rate"": 0.25, ""step_refresh_remainder"": 8, ""step_refresh_remainder_prompt"": 64}"
dllmcache,24,44,113,1,1,1,10.56,"{""dllmc_v_rate"": 0.25, ""step_refresh_remainder"": 8, ""step_refresh_remainder_prompt"": 64}"
dllmcache,24,46,118,1,1,1,10.56,"{""dllmc_v_rate"": 0.25, ""step_refresh_remainder"": 8, ""step_refresh_remainder_prompt"": 64}"
dllmcache,24,48,123,1,1,1,10.57,"{""dllmc_v_rate"": 0.25, ""step_refresh_remainder"": 8, ""step_refresh_remainder_prompt"": 64}"
dllmcache,24,52,133,1,1,1,10.56,"{""dllmc_v_rate"": 0.25, ""step_refresh_remainder"": 8, ""step_refresh_remainder_prompt"": 64}"
dllmcache,24,54,138,1,1,1,10.55,"{""dllmc_v_rate"": 0.25, ""step_refresh_remainder"": 8, ""step_refresh_remainder_prompt"": 64}"
dllmcache,24,56,143,1,1,1,10.55,"{""dllmc_v_rate"": 0.25, ""step_refresh_remainder"": 8, ""step_refresh_remainder_prompt"": 64}"
dllmcache,24,58,148,1,1,1,10.55,"{""dllmc_v_rate"": 0.25, ""step_refresh_remainder"": 8, ""step_refresh_remainder_prompt"": 64}"
dllmcache,24,62,159,1,1,1,10.56,"{""dllmc_v_rate"": 0.25, ""step_refresh_remainder"": 8, ""step_refresh_remainder_prompt"": 64}"
dllmcache,24,64,164,1,1,1,10.55,"{""dllmc_v_rate"": 0.25, ""step_refresh_remainder"": 8, ""step_refresh_remainder_prompt"": 64}"
dllmcache,24,66,169,1,1,1,10.55,"{""dllmc_v_rate"": 0.25, ""step_refresh_remainder"": 8, ""step_refresh_remainder_prompt"": 64}"
dllmcache,24,68,174,1,1,1,10.55,"{""dllmc_v_rate"": 0.25, ""step_refresh_remainder"": 8, ""step_refresh_remainder_prompt"": 64}"
dllmcache,24,72,184,1,1,1,10.55,"{""dllmc_v_rate"": 0.25, ""step_refresh_remainder"": 8, ""step_refresh_remainder_prompt"": 64}"
dllmcache,24,74,189,1,1,1,10.55,"{""dllmc_v_rate"": 0.25, ""step_refresh_remainder"": 8, ""step_refresh_remainder_prompt"": 64}"
dllmcache,24,76,195,1,1,1,10.55,"{""dllmc_v_rate"": 0.25, ""step_refresh_remainder"": 8, ""step_refresh_remainder_prompt"": 64}"
dllmcache,24,78,200,1,1,1,10.55,"{""dllmc_v_rate"": 0.25, ""step_refresh_remainder"": 8, ""step_refresh_remainder_prompt"": 64}"
dllmcache,24,82,210,1,1,1,10.55,"{""dllmc_v_rate"": 0.25, ""step_refresh_remainder"": 8, ""step_refresh_remainder_prompt"": 64}"
dllmcache,24,84,215,1,1,1,10.55,"{""dllmc_v_rate"": 0.25, ""step_refresh_remainder"": 8, ""step_refresh_remainder_prompt"": 64}"
dllmcache,24,86,220,1,1,1,10.54,"{""dllmc_v_rate"": 0.25, ""step_refresh_remainder"": 8, ""step_refresh_remainder_prompt"": 64}"
dllmcache,24,88,225,1,1,1,10.54,"{""dllmc_v_rate"": 0.25, ""step_refresh_remainder"": 8, ""step_refresh_remainder_prompt"": 64}"
dllmcache,25,2,5,1,1,1,10.53,"{""dllmc_v_rate"": 0.25, ""step_refresh_remainder"": 8, ""step_refresh_remainder_prompt"": 64}"
dllmcache,25,4,10,1,1,1,10.53,"{""dllmc_v_rate"": 0.25, ""step_refresh_remainder"": 8, ""step_refresh_remainder_prompt"": 64}"
dllmcache,25,6,15,1,1,1,10.53,"{""dllmc_v_rate"": 0.25, ""step_refresh_remainder"": 8, ""step_refresh_remainder_prompt"": 64}"
dllmcache,25,8,20,1,1,1,10.52,"{""dllmc_v_rate"": 0.25, ""step_refresh_remainder"": 8, ""step_refresh_remainder_prompt"": 64}"
dllmcache,25,12,31,1,1,1,10.52,"{""dllmc_v_rate"": 0.25, ""step_refresh_remainder"": 8, ""step_refresh_remainder_prompt"": 64}"
dllmcache,25,14,36,1,1,1,10.52,"{""dllmc_v_rate"": 0.25, ""step_refresh_remainder"": 8, ""step_refresh_remainder_prompt"": 64}"
dllmcache,25,16,41,1,1,1,10.53,"{""dllmc_v_rate"": 0.25, ""step_refresh_remainder"": 8, ""step_refresh_remainder_prompt"": 64}"
dllmcache,25,18,46,1,1,1,10.53,"{""dllmc_v_rate"": 0.25, ""step_refresh_remainder"": 8, ""step_refresh_remainder_prompt"": 64}"
dllmcache,25,22,56,1,1,1,10.52,"{""dllmc_v_rate"": 0.25, ""step_refresh_remainder"": 8, ""step_refresh_remainder_prompt"": 64}"
dllmcache,25,24,61,1,1,1,10.52,"{""dllmc_v_rate"": 0.25, ""step_refresh_remainder"": 8, ""step_refresh_remainder_prompt"": 64}"
dllmcache,25,26,67,1,1,1,10.53,"{""dllmc_v_rate"": 0.25, ""step_refresh_remainder"": 8, ""step_refresh_remainder_prompt"": 64}"
dllmcache,25,28,72,1,1,1,10.53,"{""dllmc_v_rate"": 0.25, ""step_refresh_remainder"": 8, ""step_refresh_remainder_prompt"": 64}"
dllmcache,25,32,82,1,1,1,10.53,"{""dllmc_v_rate"": 0.25, ""step_refresh_remainder"": 8, ""step_refresh_remainder_prompt"": 64}"
dllmcache,25,34,87,1,1,1,10.53,"{""dllmc_v_rate"": 0.25, ""step_refresh_remainder"": 8, ""step_refresh_remainder_prompt"": 64}"
dllmcache,25,36,92,1,1,1,10.53,"{""dllmc_v_rate"": 0.25, ""step_refresh_remainder"": 8, ""step_refresh_remainder_prompt"": 64}"
dllmcache,25,38,97,1,1,1,10.54,"{""dllmc_v_rate"": 0.25, ""step_refresh_remainder"": 8, ""step_refresh_remainder_prompt"": 64}"
dllmcache,25,42,108,1,1,1,10.54,"{""dllmc_v_rate"": 0.25, ""step_refresh_remainder"": 8, ""step_refresh_remainder_prompt"": 64}"
dllmcache,25,44,113,1,1,1,10.53,"{""dllmc_v_rate"": 0.25, ""step_refresh_remainder"": 8, ""step_refresh_remainder_prompt"": 64}"
dllmcache,25,46,118,1,1,1,10.53,"{""dllmc_v_rate"": 0.25, ""step_refresh_remainder"": 8, ""step_refresh_remainder_prompt"": 64}"
dllmcache,25,48,123,1,1,1,10.53,"{""dllmc_v_rate"": 0.25, ""step_refresh_remainder"": 8, ""step_refresh_remainder_prompt"": 64}"
dllmcache,25,52,133,1,1,1,10.53,"{""dllmc_v_rate"": 0.25, ""step_refresh_remainder"": 8, ""step_refresh_remainder_prompt"": 64}"
dllmcache,25,54,138,1,1,1,10.53,"{""dllmc_v_rate"": 0.25, ""step_refresh_remainder"": 8, ""step_refresh_remainder_prompt"": 64}"
dllmcache,25,56,143,1,1,1,10.53,"{""dllmc_v_rate"": 0.25, ""step_refresh_remainder"": 8, ""step_refresh_remainder_prompt"": 64}"
dllmcache,25,58,148,1,1,1,10.52,"{""dllmc_v_rate"": 0.25, ""step_refresh_remainder"": 8, ""step_refresh_remainder_prompt"": 64}"
dllmcache,25,62,159,1,1,1,10.53,"{""dllmc_v_rate"": 0.25, ""step_refresh_remainder"": 8, ""step_refresh_remainder_prompt"": 64}"
dllmcache,25,64,164,1,1,1,10.53,"{""dllmc_v_rate"": 0.25, ""step_refresh_remainder"": 8, ""step_refresh_remainder_prompt"": 64}"
dllmcache,25,66,169,1,1,1,10.53,"{""dllmc_v_rate"": 0.25, ""step_refresh_remainder"": 8, ""step_refresh_remainder_prompt"": 64}"
dllmcache,25,68,174,1,1,1,10.52,"{""dllmc_v_rate"": 0.25, ""step_refresh_remainder"": 8, ""step_refresh_remainder_prompt"": 64}"
dllmcache,25,72,184,1,1,1,10.51,"{""dllmc_v_rate"": 0.25, ""step_refresh_remainder"": 8, ""step_refresh_remainder_prompt"": 64}"
dllmcache,25,74,189,1,1,1,10.52,"{""dllmc_v_rate"": 0.25, ""step_refresh_remainder"": 8, ""step_refresh_remainder_prompt"": 64}"
dllmcache,25,76,195,1,1,1,10.52,"{""dllmc_v_rate"": 0.25, ""step_refresh_remainder"": 8, ""step_refresh_remainder_prompt"": 64}"
dllmcache,25,78,200,1,1,1,10.52,"{""dllmc_v_rate"": 0.25, ""step_refresh_remainder"": 8, ""step_refresh_remainder_prompt"": 64}"
dllmcache,25,82,210,1,1,1,10.53,"{""dllmc_v_rate"": 0.25, ""step_refresh_remainder"": 8, ""step_refresh_remainder_prompt"": 64}"
dllmcache,25,84,215,1,1,1,10.52,"{""dllmc_v_rate"": 0.25, ""step_refresh_remainder"": 8, ""step_refresh_remainder_prompt"": 64}"
dllmcache,25,86,220,1,1,1,10.52,"{""dllmc_v_rate"": 0.25, ""step_refresh_remainder"": 8, ""step_refresh_remainder_prompt"": 64}"
dllmcache,25,88,225,1,1,1,10.52,"{""dllmc_v_rate"": 0.25, ""step_refresh_remainder"": 8, ""step_refresh_remainder_prompt"": 64}"
dllmcache,26,2,5,1,1,1,9.83,"{""dllmc_v_rate"": 0.25, ""step_refresh_remainder"": 8, ""step_refresh_remainder_prompt"": 64}"
dllmcache,26,4,10,1,1,1,9.83,"{""dllmc_v_rate"": 0.25, ""step_refresh_remainder"": 8, ""step_refresh_remainder_prompt"": 64}"
dllmcache,26,6,15,1,1,1,9.83,"{""dllmc_v_rate"": 0.25, ""step_refresh_remainder"": 8, ""step_refresh_remainder_prompt"": 64}"
dllmcache,26,8,20,1,1,1,9.83,"{""dllmc_v_rate"": 0.25, ""step_refresh_remainder"": 8, ""step_refresh_remainder_prompt"": 64}"
dllmcache,26,12,31,1,1,1,9.84,"{""dllmc_v_rate"": 0.25, ""step_refresh_remainder"": 8, ""step_refresh_remainder_prompt"": 64}"
dllmcache,26,14,36,1,1,1,9.84,"{""dllmc_v_rate"": 0.25, ""step_refresh_remainder"": 8, ""step_refresh_remainder_prompt"": 64}"
dllmcache,26,16,41,1,1,1,9.84,"{""dllmc_v_rate"": 0.25, ""step_refresh_remainder"": 8, ""step_refresh_remainder_prompt"": 64}"
dllmcache,26,18,46,1,1,1,9.84,"{""dllmc_v_rate"": 0.25, ""step_refresh_remainder"": 8, ""step_refresh_remainder_prompt"": 64}"
dllmcache,26,22,56,1,1,1,9.84,"{""dllmc_v_rate"": 0.25, ""step_refresh_remainder"": 8, ""step_refresh_remainder_prompt"": 64}"
dllmcache,26,24,61,1,1,1,9.84,"{""dllmc_v_rate"": 0.25, ""step_refresh_remainder"": 8, ""step_refresh_remainder_prompt"": 64}"
dllmcache,26,26,67,1,1,1,9.84,"{""dllmc_v_rate"": 0.25, ""step_refresh_remainder"": 8, ""step_refresh_remainder_prompt"": 64}"
dllmcache,26,28,72,1,1,1,9.84,"{""dllmc_v_rate"": 0.25, ""step_refresh_remainder"": 8, ""step_refresh_remainder_prompt"": 64}"
dllmcache,26,32,82,1,1,1,9.84,"{""dllmc_v_rate"": 0.25, ""step_refresh_remainder"": 8, ""step_refresh_remainder_prompt"": 64}"
dllmcache,26,34,87,1,1,1,9.84,"{""dllmc_v_rate"": 0.25, ""step_refresh_remainder"": 8, ""step_refresh_remainder_prompt"": 64}"
dllmcache,26,36,92,1,1,1,9.84,"{""dllmc_v_rate"": 0.25, ""step_refresh_remainder"": 8, ""step_refresh_remainder_prompt"": 64}"
dllmcache,26,38,97,1,1,1,9.84,"{""dllmc_v_rate"": 0.25, ""step_refresh_remainder"": 8, ""step_refresh_remainder_prompt"": 64}"
dllmcache,26,42,108,1,1,1,9.84,"{""dllmc_v_rate"": 0.25, ""step_refresh_remainder"": 8, ""step_refresh_remainder_prompt"": 64}"
dllmcache,26,44,113,1,1,1,9.84,"{""dllmc_v_rate"": 0.25, ""step_refresh_remainder"": 8, ""step_refresh_remainder_prompt"": 64}"
dllmcache,26,46,118,1,1,1,9.84,"{""dllmc_v_rate"": 0.25, ""step_refresh_remainder"": 8, ""step_refresh_remainder_prompt"": 64}"
dllmcache,26,48,123,1,1,1,9.84,"{""dllmc_v_rate"": 0.25, ""step_refresh_remainder"": 8, ""step_refresh_remainder_prompt"": 64}"
dllmcache,26,52,133,1,1,1,9.84,"{""dllmc_v_rate"": 0.25, ""step_refresh_remainder"": 8, ""step_refresh_remainder_prompt"": 64}"
dllmcache,26,54,138,1,1,1,9.84,"{""dllmc_v_rate"": 0.25, ""step_refresh_remainder"": 8, ""step_refresh_remainder_prompt"": 64}"
dllmcache,26,56,143,1,1,1,9.84,"{""dllmc_v_rate"": 0.25, ""step_refresh_remainder"": 8, ""step_refresh_remainder_prompt"": 64}"
dllmcache,26,58,148,1,1,1,9.84,"{""dllmc_v_rate"": 0.25, ""step_refresh_remainder"": 8, ""step_refresh_remainder_prompt"": 64}"
dllmcache,26,62,159,1,1,1,9.85,"{""dllmc_v_rate"": 0.25, ""step_refresh_remainder"": 8, ""step_refresh_remainder_prompt"": 64}"
dllmcache,26,64,164,1,1,1,9.85,"{""dllmc_v_rate"": 0.25, ""step_refresh_remainder"": 8, ""step_refresh_remainder_prompt"": 64}"
dllmcache,26,66,169,1,1,1,9.84,"{""dllmc_v_rate"": 0.25, ""step_refresh_remainder"": 8, ""step_refresh_remainder_prompt"": 64}"
dllmcache,26,68,174,1,1,1,9.84,"{""dllmc_v_rate"": 0.25, ""step_refresh_remainder"": 8, ""step_refresh_remainder_prompt"": 64}"
dllmcache,26,72,184,1,1,1,9.84,"{""dllmc_v_rate"": 0.25, ""step_refresh_remainder"": 8, ""step_refresh_remainder_prompt"": 64}"
dllmcache,26,74,189,1,1,1,9.84,"{""dllmc_v_rate"": 0.25, ""step_refresh_remainder"": 8, ""step_refresh_remainder_prompt"": 64}"
dllmcache,26,76,195,1,1,1,9.84,"{""dllmc_v_rate"": 0.25, ""step_refresh_remainder"": 8, ""step_refresh_remainder_prompt"": 64}"
dllmcache,26,78,200,1,1,1,9.84,"{""dllmc_v_rate"": 0.25, ""step_refresh_remainder"": 8, ""step_refresh_remainder_prompt"": 64}"
dllmcache,26,82,210,1,1,1,9.84,"{""dllmc_v_rate"": 0.25, ""step_refresh_remainder"": 8, ""step_refresh_remainder_prompt"": 64}"
dllmcache,26,84,215,1,1,1,9.84,"{""dllmc_v_rate"": 0.25, ""step_refresh_remainder"": 8, ""step_refresh_remainder_prompt"": 64}"
dllmcache,26,86,220,1,1,1,9.84,"{""dllmc_v_rate"": 0.25, ""step_refresh_remainder"": 8, ""step_refresh_remainder_prompt"": 64}"
dllmcache,26,88,225,1,1,1,9.84,"{""dllmc_v_rate"": 0.25, ""step_refresh_remainder"": 8, ""step_refresh_remainder_prompt"": 64}"
dllmcache,27,2,5,1,1,1,9.48,"{""dllmc_v_rate"": 0.25, ""step_refresh_remainder"": 8, ""step_refresh_remainder_prompt"": 64}"
dllmcache,27,4,10,1,1,1,9.48,"{""dllmc_v_rate"": 0.25, ""step_refresh_remainder"": 8, ""step_refresh_remainder_prompt"": 64}"
dllmcache,27,6,15,1,1,1,9.49,"{""dllmc_v_rate"": 0.25, ""step_refresh_remainder"": 8, ""step_refresh_remainder_prompt"": 64}"
dllmcache,27,8,20,1,1,1,9.49,"{""dllmc_v_rate"": 0.25, ""step_refresh_remainder"": 8, ""step_refresh_remainder_prompt"": 64}"
dllmcache,27,12,31,1,1,1,9.49,"{""dllmc_v_rate"": 0.25, ""step_refresh_remainder"": 8, ""step_refresh_remainder_prompt"": 64}"
dllmcache,27,14,36,1,1,1,9.49,"{""dllmc_v_rate"": 0.25, ""step_refresh_remainder"": 8, ""step_refresh_remainder_prompt"": 64}"
dllmcache,27,16,41,1,1,1,9.49,"{""dllmc_v_rate"": 0.25, ""step_refresh_remainder"": 8, ""step_refresh_remainder_prompt"": 64}"
dllmcache,27,18,46,1,1,1,9.49,"{""dllmc_v_rate"": 0.25, ""step_refresh_remainder"": 8, ""step_refresh_remainder_prompt"": 64}"
dllmcache,27,22,56,1,1,1,9.49,"{""dllmc_v_rate"": 0.25, ""step_refresh_remainder"": 8, ""step_refresh_remainder_prompt"": 64}"
dllmcache,27,24,61,1,1,1,9.49,"{""dllmc_v_rate"": 0.25, ""step_refresh_remainder"": 8, ""step_refresh_remainder_prompt"": 64}"
dllmcache,27,26,67,1,1,1,9.49,"{""dllmc_v_rate"": 0.25, ""step_refresh_remainder"": 8, ""step_refresh_remainder_prompt"": 64}"
dllmcache,27,28,72,1,1,1,9.49,"{""dllmc_v_rate"": 0.25, ""step_refresh_remainder"": 8, ""step_refresh_remainder_prompt"": 64}"
dllmcache,27,32,82,1,1,1,9.49,"{""dllmc_v_rate"": 0.25, ""step_refresh_remainder"": 8, ""step_refresh_remainder_prompt"": 64}"
dllmcache,27,34,87,0,1,0,9.48,"{""dllmc_v_rate"": 0.25, ""step_refresh_remainder"": 8, ""step_refresh_remainder_prompt"": 64}"
dllmcache,27,36,92,1,1,1,9.48,"{""dllmc_v_rate"": 0.25, ""step_refresh_remainder"": 8, ""step_refresh_remainder_prompt"": 64}"
dllmcache,27,38,97,1,1,1,9.49,"{""dllmc_v_rate"": 0.25, ""step_refresh_remainder"": 8, ""step_refresh_remainder_prompt"": 64}"
dllmcache,27,42,108,1,1,1,9.49,"{""dllmc_v_rate"": 0.25, ""step_refresh_remainder"": 8, ""step_refresh_remainder_prompt"": 64}"
dllmcache,27,44,113,1,1,1,9.49,"{""dllmc_v_rate"": 0.25, ""step_refresh_remainder"": 8, ""step_refresh_remainder_prompt"": 64}"
dllmcache,27,46,118,1,1,1,9.49,"{""dllmc_v_rate"": 0.25, ""step_refresh_remainder"": 8, ""step_refresh_remainder_prompt"": 64}"
dllmcache,27,48,123,1,1,1,9.49,"{""dllmc_v_rate"": 0.25, ""step_refresh_remainder"": 8, ""step_refresh_remainder_prompt"": 64}"
dllmcache,27,52,133,1,1,1,9.49,"{""dllmc_v_rate"": 0.25, ""step_refresh_remainder"": 8, ""step_refresh_remainder_prompt"": 64}"
dllmcache,27,54,138,1,1,1,9.5,"{""dllmc_v_rate"": 0.25, ""step_refresh_remainder"": 8, ""step_refresh_remainder_prompt"": 64}"
dllmcache,27,56,143,1,1,1,9.5,"{""dllmc_v_rate"": 0.25, ""step_refresh_remainder"": 8, ""step_refresh_remainder_prompt"": 64}"
dllmcache,27,58,148,1,1,1,9.49,"{""dllmc_v_rate"": 0.25, ""step_refresh_remainder"": 8, ""step_refresh_remainder_prompt"": 64}"
dllmcache,27,62,159,1,1,1,9.5,"{""dllmc_v_rate"": 0.25, ""step_refresh_remainder"": 8, ""step_refresh_remainder_prompt"": 64}"
dllmcache,27,64,164,1,1,1,9.49,"{""dllmc_v_rate"": 0.25, ""step_refresh_remainder"": 8, ""step_refresh_remainder_prompt"": 64}"
dllmcache,27,66,169,1,1,1,9.49,"{""dllmc_v_rate"": 0.25, ""step_refresh_remainder"": 8, ""step_refresh_remainder_prompt"": 64}"
dllmcache,27,68,174,1,1,1,9.49,"{""dllmc_v_rate"": 0.25, ""step_refresh_remainder"": 8, ""step_refresh_remainder_prompt"": 64}"
dllmcache,27,72,184,1,1,1,9.48,"{""dllmc_v_rate"": 0.25, ""step_refresh_remainder"": 8, ""step_refresh_remainder_prompt"": 64}"
dllmcache,27,74,189,1,1,1,9.48,"{""dllmc_v_rate"": 0.25, ""step_refresh_remainder"": 8, ""step_refresh_remainder_prompt"": 64}"
dllmcache,27,76,195,1,1,1,9.48,"{""dllmc_v_rate"": 0.25, ""step_refresh_remainder"": 8, ""step_refresh_remainder_prompt"": 64}"
dllmcache,27,78,200,1,1,1,9.49,"{""dllmc_v_rate"": 0.25, ""step_refresh_remainder"": 8, ""step_refresh_remainder_prompt"": 64}"
dllmcache,27,82,210,1,1,1,9.49,"{""dllmc_v_rate"": 0.25, ""step_refresh_remainder"": 8, ""step_refresh_remainder_prompt"": 64}"
dllmcache,27,84,215,1,1,1,9.49,"{""dllmc_v_rate"": 0.25, ""step_refresh_remainder"": 8, ""step_refresh_remainder_prompt"": 64}"
dllmcache,27,86,220,1,1,1,9.49,"{""dllmc_v_rate"": 0.25, ""step_refresh_remainder"": 8, ""step_refresh_remainder_prompt"": 64}"
dllmcache,27,88,225,1,1,1,9.5,"{""dllmc_v_rate"": 0.25, ""step_refresh_remainder"": 8, ""step_refresh_remainder_prompt"": 64}"
dllmcache,29,2,5,1,1,1,9.72,"{""dllmc_v_rate"": 0.25, ""step_refresh_remainder"": 8, ""step_refresh_remainder_prompt"": 64}"
dllmcache,29,4,10,1,1,1,9.73,"{""dllmc_v_rate"": 0.25, ""step_refresh_remainder"": 8, ""step_refresh_remainder_prompt"": 64}"
dllmcache,29,6,15,1,1,1,9.72,"{""dllmc_v_rate"": 0.25, ""step_refresh_remainder"": 8, ""step_refresh_remainder_prompt"": 64}"
dllmcache,29,8,20,1,1,1,9.72,"{""dllmc_v_rate"": 0.25, ""step_refresh_remainder"": 8, ""step_refresh_remainder_prompt"": 64}"
dllmcache,29,12,31,1,1,1,9.72,"{""dllmc_v_rate"": 0.25, ""step_refresh_remainder"": 8, ""step_refresh_remainder_prompt"": 64}"
dllmcache,29,14,36,1,1,1,9.72,"{""dllmc_v_rate"": 0.25, ""step_refresh_remainder"": 8, ""step_refresh_remainder_prompt"": 64}"
dllmcache,29,16,41,0,1,0,9.72,"{""dllmc_v_rate"": 0.25, ""step_refresh_remainder"": 8, ""step_refresh_remainder_prompt"": 64}"
dllmcache,29,18,46,1,1,1,9.73,"{""dllmc_v_rate"": 0.25, ""step_refresh_remainder"": 8, ""step_refresh_remainder_prompt"": 64}"
dllmcache,29,22,56,1,1,1,9.73,"{""dllmc_v_rate"": 0.25, ""step_refresh_remainder"": 8, ""step_refresh_remainder_prompt"": 64}"
dllmcache,29,24,61,1,1,1,9.73,"{""dllmc_v_rate"": 0.25, ""step_refresh_remainder"": 8, ""step_refresh_remainder_prompt"": 64}"
dllmcache,29,26,67,1,1,1,9.73,"{""dllmc_v_rate"": 0.25, ""step_refresh_remainder"": 8, ""step_refresh_remainder_prompt"": 64}"
dllmcache,29,28,72,1,1,1,9.72,"{""dllmc_v_rate"": 0.25, ""step_refresh_remainder"": 8, ""step_refresh_remainder_prompt"": 64}"
dllmcache,29,32,82,1,1,1,9.72,"{""dllmc_v_rate"": 0.25, ""step_refresh_remainder"": 8, ""step_refresh_remainder_prompt"": 64}"
dllmcache,29,34,87,1,1,1,9.72,"{""dllmc_v_rate"": 0.25, ""step_refresh_remainder"": 8, ""step_refresh_remainder_prompt"": 64}"
dllmcache,29,36,92,1,1,1,9.71,"{""dllmc_v_rate"": 0.25, ""step_refresh_remainder"": 8, ""step_refresh_remainder_prompt"": 64}"
dllmcache,29,38,97,1,1,1,9.72,"{""dllmc_v_rate"": 0.25, ""step_refresh_remainder"": 8, ""step_refresh_remainder_prompt"": 64}"
dllmcache,29,42,108,1,1,1,9.72,"{""dllmc_v_rate"": 0.25, ""step_refresh_remainder"": 8, ""step_refresh_remainder_prompt"": 64}"
dllmcache,29,44,113,1,1,1,9.72,"{""dllmc_v_rate"": 0.25, ""step_refresh_remainder"": 8, ""step_refresh_remainder_prompt"": 64}"
dllmcache,29,46,118,1,1,1,9.72,"{""dllmc_v_rate"": 0.25, ""step_refresh_remainder"": 8, ""step_refresh_remainder_prompt"": 64}"
dllmcache,29,48,123,1,1,1,9.72,"{""dllmc_v_rate"": 0.25, ""step_refresh_remainder"": 8, ""step_refresh_remainder_prompt"": 64}"
dllmcache,29,52,133,1,1,1,9.72,"{""dllmc_v_rate"": 0.25, ""step_refresh_remainder"": 8, ""step_refresh_remainder_prompt"": 64}"
dllmcache,29,54,138,1,1,1,9.71,"{""dllmc_v_rate"": 0.25, ""step_refresh_remainder"": 8, ""step_refresh_remainder_prompt"": 64}"
dllmcache,29,56,143,1,1,1,9.72,"{""dllmc_v_rate"": 0.25, ""step_refresh_remainder"": 8, ""step_refresh_remainder_prompt"": 64}"
dllmcache,29,58,148,1,1,1,9.72,"{""dllmc_v_rate"": 0.25, ""step_refresh_remainder"": 8, ""step_refresh_remainder_prompt"": 64}"
dllmcache,29,62,159,1,1,1,9.72,"{""dllmc_v_rate"": 0.25, ""step_refresh_remainder"": 8, ""step_refresh_remainder_prompt"": 64}"
dllmcache,29,64,164,1,1,1,9.72,"{""dllmc_v_rate"": 0.25, ""step_refresh_remainder"": 8, ""step_refresh_remainder_prompt"": 64}"
dllmcache,29,66,169,1,1,1,9.72,"{""dllmc_v_rate"": 0.25, ""step_refresh_remainder"": 8, ""step_refresh_remainder_prompt"": 64}"
dllmcache,29,68,174,1,1,1,9.72,"{""dllmc_v_rate"": 0.25, ""step_refresh_remainder"": 8, ""step_refresh_remainder_prompt"": 64}"
dllmcache,29,72,184,1,1,1,9.71,"{""dllmc_v_rate"": 0.25, ""step_refresh_remainder"": 8, ""step_refresh_remainder_prompt"": 64}"
dllmcache,29,74,189,1,1,1,9.71,"{""dllmc_v_rate"": 0.25, ""step_refresh_remainder"": 8, ""step_refresh_remainder_prompt"": 64}"
dllmcache,29,76,195,1,1,1,9.71,"{""dllmc_v_rate"": 0.25, ""step_refresh_remainder"": 8, ""step_refresh_remainder_prompt"": 64}"
dllmcache,29,78,200,1,1,1,9.71,"{""dllmc_v_rate"": 0.25, ""step_refresh_remainder"": 8, ""step_refresh_remainder_prompt"": 64}"
dllmcache,29,82,210,1,1,1,9.72,"{""dllmc_v_rate"": 0.25, ""step_refresh_remainder"": 8, ""step_refresh_remainder_prompt"": 64}"
dllmcache,29,84,215,1,1,1,9.71,"{""dllmc_v_rate"": 0.25, ""step_refresh_remainder"": 8, ""step_refresh_remainder_prompt"": 64}"
dllmcache,29,86,220,1,1,1,9.71,"{""dllmc_v_rate"": 0.25, ""step_refresh_remainder"": 8, ""step_refresh_remainder_prompt"": 64}"
dllmcache,29,88,225,1,1,1,9.72,"{""dllmc_v_rate"": 0.25, ""step_refresh_remainder"": 8, ""step_refresh_remainder_prompt"": 64}"
dllmcache,30,2,5,1,1,1,9.72,"{""dllmc_v_rate"": 0.25, ""step_refresh_remainder"": 8, ""step_refresh_remainder_prompt"": 64}"
dllmcache,30,4,10,1,1,1,9.73,"{""dllmc_v_rate"": 0.25, ""step_refresh_remainder"": 8, ""step_refresh_remainder_prompt"": 64}"
dllmcache,30,6,15,1,1,1,9.73,"{""dllmc_v_rate"": 0.25, ""step_refresh_remainder"": 8, ""step_refresh_remainder_prompt"": 64}"
dllmcache,30,8,20,1,1,1,9.73,"{""dllmc_v_rate"": 0.25, ""step_refresh_remainder"": 8, ""step_refresh_remainder_prompt"": 64}"
dllmcache,30,12,31,1,1,1,9.73,"{""dllmc_v_rate"": 0.25, ""step_refresh_remainder"": 8, ""step_refresh_remainder_prompt"": 64}"
dllmcache,30,14,36,1,1,1,9.73,"{""dllmc_v_rate"": 0.25, ""step_refresh_remainder"": 8, ""step_refresh_remainder_prompt"": 64}"
dllmcache,30,16,41,1,1,1,9.73,"{""dllmc_v_rate"": 0.25, ""step_refresh_remainder"": 8, ""step_refresh_remainder_prompt"": 64}"
dllmcache,30,18,46,1,1,1,9.73,"{""dllmc_v_rate"": 0.25, ""step_refresh_remainder"": 8, ""step_refresh_remainder_prompt"": 64}"
dllmcache,30,22,56,1,1,1,9.74,"{""dllmc_v_rate"": 0.25, ""step_refresh_remainder"": 8, ""step_refresh_remainder_prompt"": 64}"
dllmcache,30,24,61,1,1,1,9.74,"{""dllmc_v_rate"": 0.25, ""step_refresh_remainder"": 8, ""step_refresh_remainder_prompt"": 64}"
dllmcache,30,26,67,1,1,1,9.73,"{""dllmc_v_rate"": 0.25, ""step_refresh_remainder"": 8, ""step_refresh_remainder_prompt"": 64}"
dllmcache,30,28,72,1,1,1,9.73,"{""dllmc_v_rate"": 0.25, ""step_refresh_remainder"": 8, ""step_refresh_remainder_prompt"": 64}"
dllmcache,30,32,82,1,1,1,9.73,"{""dllmc_v_rate"": 0.25, ""step_refresh_remainder"": 8, ""step_refresh_remainder_prompt"": 64}"
dllmcache,30,34,87,1,1,1,9.73,"{""dllmc_v_rate"": 0.25, ""step_refresh_remainder"": 8, ""step_refresh_remainder_prompt"": 64}"
dllmcache,30,36,92,1,1,1,9.72,"{""dllmc_v_rate"": 0.25, ""step_refresh_remainder"": 8, ""step_refresh_remainder_prompt"": 64}"
dllmcache,30,38,97,1,1,1,9.73,"{""dllmc_v_rate"": 0.25, ""step_refresh_remainder"": 8, ""step_refresh_remainder_prompt"": 64}"
dllmcache,30,42,108,1,1,1,9.72,"{""dllmc_v_rate"": 0.25, ""step_refresh_remainder"": 8, ""step_refresh_remainder_prompt"": 64}"
dllmcache,30,44,113,1,1,1,9.72,"{""dllmc_v_rate"": 0.25, ""step_refresh_remainder"": 8, ""step_refresh_remainder_prompt"": 64}"
dllmcache,30,46,118,1,1,1,9.72,"{""dllmc_v_rate"": 0.25, ""step_refresh_remainder"": 8, ""step_refresh_remainder_prompt"": 64}"
dllmcache,30,48,123,1,1,1,9.72,"{""dllmc_v_rate"": 0.25, ""step_refresh_remainder"": 8, ""step_refresh_remainder_prompt"": 64}"
dllmcache,30,52,133,1,1,1,9.72,"{""dllmc_v_rate"": 0.25, ""step_refresh_remainder"": 8, ""step_refresh_remainder_prompt"": 64}"
dllmcache,30,54,138,1,1,1,9.72,"{""dllmc_v_rate"": 0.25, ""step_refresh_remainder"": 8, ""step_refresh_remainder_prompt"": 64}"
dllmcache,30,56,143,1,1,1,9.73,"{""dllmc_v_rate"": 0.25, ""step_refresh_remainder"": 8, ""step_refresh_remainder_prompt"": 64}"
dllmcache,30,58,148,1,1,1,9.73,"{""dllmc_v_rate"": 0.25, ""step_refresh_remainder"": 8, ""step_refresh_remainder_prompt"": 64}"
dllmcache,30,62,159,1,1,1,9.73,"{""dllmc_v_rate"": 0.25, ""step_refresh_remainder"": 8, ""step_refresh_remainder_prompt"": 64}"
dllmcache,30,64,164,1,1,1,9.73,"{""dllmc_v_rate"": 0.25, ""step_refresh_remainder"": 8, ""step_refresh_remainder_prompt"": 64}"
dllmcache,30,66,169,1,1,1,9.73,"{""dllmc_v_rate"": 0.25, ""step_refresh_remainder"": 8, ""step_refresh_remainder_prompt"": 64}"
dllmcache,30,68,174,1,1,1,9.73,"{""dllmc_v_rate"": 0.25, ""step_refresh_remainder"": 8, ""step_refresh_remainder_prompt"": 64}"
dllmcache,30,72,184,1,1,1,9.73,"{""dllmc_v_rate"": 0.25, ""step_refresh_remainder"": 8, ""step_refresh_remainder_prompt"": 64}"
dllmcache,30,74,189,1,1,1,9.73,"{""dllmc_v_rate"": 0.25, ""step_refresh_remainder"": 8, ""step_refresh_remainder_prompt"": 64}"
dllmcache,30,76,195,1,1,1,9.72,"{""dllmc_v_rate"": 0.25, ""step_refresh_remainder"": 8, ""step_refresh_remainder_prompt"": 64}"
dllmcache,30,78,200,1,1,1,9.72,"{""dllmc_v_rate"": 0.25, ""step_refresh_remainder"": 8, ""step_refresh_remainder_prompt"": 64}"
dllmcache,30,82,210,1,1,1,9.72,"{""dllmc_v_rate"": 0.25, ""step_refresh_remainder"": 8, ""step_refresh_remainder_prompt"": 64}"
dllmcache,30,84,215,1,1,1,9.72,"{""dllmc_v_rate"": 0.25, ""step_refresh_remainder"": 8, ""step_refresh_remainder_prompt"": 64}"
dllmcache,30,86,220,1,1,1,9.73,"{""dllmc_v_rate"": 0.25, ""step_refresh_remainder"": 8, ""step_refresh_remainder_prompt"": 64}"
dllmcache,30,88,225,1,1,1,9.72,"{""dllmc_v_rate"": 0.25, ""step_refresh_remainder"": 8, ""step_refresh_remainder_prompt"": 64}"
dllmcache,31,2,5,0,0,1,10.6,"{""dllmc_v_rate"": 0.25, ""step_refresh_remainder"": 8, ""step_refresh_remainder_prompt"": 64}"
dllmcache,31,4,10,1,1,1,10.61,"{""dllmc_v_rate"": 0.25, ""step_refresh_remainder"": 8, ""step_refresh_remainder_prompt"": 64}"
dllmcache,31,6,15,1,1,1,10.59,"{""dllmc_v_rate"": 0.25, ""step_refresh_remainder"": 8, ""step_refresh_remainder_prompt"": 64}"
dllmcache,31,8,20,0,1,0,10.59,"{""dllmc_v_rate"": 0.25, ""step_refresh_remainder"": 8, ""step_refresh_remainder_prompt"": 64}"
dllmcache,31,12,31,1,1,1,10.59,"{""dllmc_v_rate"": 0.25, ""step_refresh_remainder"": 8, ""step_refresh_remainder_prompt"": 64}"
dllmcache,31,14,36,1,1,1,10.61,"{""dllmc_v_rate"": 0.25, ""step_refresh_remainder"": 8, ""step_refresh_remainder_prompt"": 64}"
dllmcache,31,16,41,1,1,1,10.6,"{""dllmc_v_rate"": 0.25, ""step_refresh_remainder"": 8, ""step_refresh_remainder_prompt"": 64}"
dllmcache,31,18,46,1,1,1,10.6,"{""dllmc_v_rate"": 0.25, ""step_refresh_remainder"": 8, ""step_refresh_remainder_prompt"": 64}"
dllmcache,31,22,56,1,1,1,10.6,"{""dllmc_v_rate"": 0.25, ""step_refresh_remainder"": 8, ""step_refresh_remainder_prompt"": 64}"
dllmcache,31,24,61,1,1,1,10.6,"{""dllmc_v_rate"": 0.25, ""step_refresh_remainder"": 8, ""step_refresh_remainder_prompt"": 64}"
dllmcache,31,26,67,1,1,1,10.6,"{""dllmc_v_rate"": 0.25, ""step_refresh_remainder"": 8, ""step_refresh_remainder_prompt"": 64}"
dllmcache,31,28,72,1,1,1,10.6,"{""dllmc_v_rate"": 0.25, ""step_refresh_remainder"": 8, ""step_refresh_remainder_prompt"": 64}"
dllmcache,31,32,82,1,1,1,10.61,"{""dllmc_v_rate"": 0.25, ""step_refresh_remainder"": 8, ""step_refresh_remainder_prompt"": 64}"
dllmcache,31,34,87,1,1,1,10.6,"{""dllmc_v_rate"": 0.25, ""step_refresh_remainder"": 8, ""step_refresh_remainder_prompt"": 64}"
dllmcache,31,36,92,1,1,1,10.6,"{""dllmc_v_rate"": 0.25, ""step_refresh_remainder"": 8, ""step_refresh_remainder_prompt"": 64}"
dllmcache,31,38,97,1,1,1,10.6,"{""dllmc_v_rate"": 0.25, ""step_refresh_remainder"": 8, ""step_refresh_remainder_prompt"": 64}"
dllmcache,31,42,108,1,1,1,10.59,"{""dllmc_v_rate"": 0.25, ""step_refresh_remainder"": 8, ""step_refresh_remainder_prompt"": 64}"
dllmcache,31,44,113,1,1,1,10.6,"{""dllmc_v_rate"": 0.25, ""step_refresh_remainder"": 8, ""step_refresh_remainder_prompt"": 64}"
dllmcache,31,46,118,1,1,1,10.59,"{""dllmc_v_rate"": 0.25, ""step_refresh_remainder"": 8, ""step_refresh_remainder_prompt"": 64}"
dllmcache,31,48,123,1,1,1,10.59,"{""dllmc_v_rate"": 0.25, ""step_refresh_remainder"": 8, ""step_refresh_remainder_prompt"": 64}"
dllmcache,31,52,133,1,1,1,10.59,"{""dllmc_v_rate"": 0.25, ""step_refresh_remainder"": 8, ""step_refresh_remainder_prompt"": 64}"
dllmcache,31,54,138,1,1,1,10.6,"{""dllmc_v_rate"": 0.25, ""step_refresh_remainder"": 8, ""step_refresh_remainder_prompt"": 64}"
dllmcache,31,56,143,1,1,1,10.6,"{""dllmc_v_rate"": 0.25, ""step_refresh_remainder"": 8, ""step_refresh_remainder_prompt"": 64}"
dllmcache,31,58,148,1,1,1,10.6,"{""dllmc_v_rate"": 0.25, ""step_refresh_remainder"": 8, ""step_refresh_remainder_prompt"": 64}"
dllmcache,31,62,159,1,1,1,10.59,"{""dllmc_v_rate"": 0.25, ""step_refresh_remainder"": 8, ""step_refresh_remainder_prompt"": 64}"
dllmcache,31,64,164,1,1,1,10.59,"{""dllmc_v_rate"": 0.25, ""step_refresh_remainder"": 8, ""step_refresh_remainder_prompt"": 64}"
dllmcache,31,66,169,1,1,1,10.59,"{""dllmc_v_rate"": 0.25, ""step_refresh_remainder"": 8, ""step_refresh_remainder_prompt"": 64}"
dllmcache,31,68,174,1,1,1,10.6,"{""dllmc_v_rate"": 0.25, ""step_refresh_remainder"": 8, ""step_refresh_remainder_prompt"": 64}"
dllmcache,31,72,184,1,1,1,10.59,"{""dllmc_v_rate"": 0.25, ""step_refresh_remainder"": 8, ""step_refresh_remainder_prompt"": 64}"
dllmcache,31,74,189,1,1,1,10.59,"{""dllmc_v_rate"": 0.25, ""step_refresh_remainder"": 8, ""step_refresh_remainder_prompt"": 64}"
dllmcache,31,76,195,1,1,1,10.6,"{""dllmc_v_rate"": 0.25, ""step_refresh_remainder"": 8, ""step_refresh_remainder_prompt"": 64}"
dllmcache,31,78,200,1,1,1,10.6,"{""dllmc_v_rate"": 0.25, ""step_refresh_remainder"": 8, ""step_refresh_remainder_prompt"": 64}"
dllmcache,31,82,210,1,1,1,10.6,"{""dllmc_v_rate"": 0.25, ""step_refresh_remainder"": 8, ""step_refresh_remainder_prompt"": 64}"
dllmcache,31,84,215,1,1,1,10.61,"{""dllmc_v_rate"": 0.25, ""step_refresh_remainder"": 8, ""step_refresh_remainder_prompt"": 64}"
dllmcache,31,86,220,1,1,1,10.6,"{""dllmc_v_rate"": 0.25, ""step_refresh_remainder"": 8, ""step_refresh_remainder_prompt"": 64}"
dllmcache,31,88,225,1,1,1,10.6,"{""dllmc_v_rate"": 0.25, ""step_refresh_remainder"": 8, ""step_refresh_remainder_prompt"": 64}"
dllmcache,33,2,5,1,1,1,9.51,"{""dllmc_v_rate"": 0.25, ""step_refresh_remainder"": 8, ""step_refresh_remainder_prompt"": 64}"
dllmcache,33,4,10,0,0,1,9.51,"{""dllmc_v_rate"": 0.25, ""step_refresh_remainder"": 8, ""step_refresh_remainder_prompt"": 64}"
dllmcache,33,6,15,1,1,1,9.51,"{""dllmc_v_rate"": 0.25, ""step_refresh_remainder"": 8, ""step_refresh_remainder_prompt"": 64}"
dllmcache,33,8,20,1,1,1,9.52,"{""dllmc_v_rate"": 0.25, ""step_refresh_remainder"": 8, ""step_refresh_remainder_prompt"": 64}"
dllmcache,33,12,31,1,1,1,9.52,"{""dllmc_v_rate"": 0.25, ""step_refresh_remainder"": 8, ""step_refresh_remainder_prompt"": 64}"
dllmcache,33,14,36,1,1,1,9.52,"{""dllmc_v_rate"": 0.25, ""step_refresh_remainder"": 8, ""step_refresh_remainder_prompt"": 64}"
dllmcache,33,16,41,1,1,1,9.51,"{""dllmc_v_rate"": 0.25, ""step_refresh_remainder"": 8, ""step_refresh_remainder_prompt"": 64}"
dllmcache,33,18,46,1,1,1,9.51,"{""dllmc_v_rate"": 0.25, ""step_refresh_remainder"": 8, ""step_refresh_remainder_prompt"": 64}"
dllmcache,33,22,56,1,1,1,9.51,"{""dllmc_v_rate"": 0.25, ""step_refresh_remainder"": 8, ""step_refresh_remainder_prompt"": 64}"
dllmcache,33,24,61,1,1,1,9.52,"{""dllmc_v_rate"": 0.25, ""step_refresh_remainder"": 8, ""step_refresh_remainder_prompt"": 64}"
dllmcache,33,26,67,1,1,1,9.52,"{""dllmc_v_rate"": 0.25, ""step_refresh_remainder"": 8, ""step_refresh_remainder_prompt"": 64}"
dllmcache,33,28,72,1,1,1,9.52,"{""dllmc_v_rate"": 0.25, ""step_refresh_remainder"": 8, ""step_refresh_remainder_prompt"": 64}"
dllmcache,33,32,82,1,1,1,9.51,"{""dllmc_v_rate"": 0.25, ""step_refresh_remainder"": 8, ""step_refresh_remainder_prompt"": 64}"
dllmcache,33,34,87,1,1,1,9.51,"{""dllmc_v_rate"": 0.25, ""step_refresh_remainder"": 8, ""step_refresh_remainder_prompt"": 64}"
dllmcache,33,36,92,1,1,1,9.51,"{""dllmc_v_rate"": 0.25, ""step_refresh_remainder"": 8, ""step_refresh_remainder_prompt"": 64}"
dllmcache,33,38,97,1,1,1,9.51,"{""dllmc_v_rate"": 0.25, ""step_refresh_remainder"": 8, ""step_refresh_remainder_prompt"": 64}"
dllmcache,33,42,108,1,1,1,9.51,"{""dllmc_v_rate"": 0.25, ""step_refresh_remainder"": 8, ""step_refresh_remainder_prompt"": 64}"
dllmcache,33,44,113,1,1,1,9.5,"{""dllmc_v_rate"": 0.25, ""step_refresh_remainder"": 8, ""step_refresh_remainder_prompt"": 64}"
dllmcache,33,46,118,0,0,1,9.51,"{""dllmc_v_rate"": 0.25, ""step_refresh_remainder"": 8, ""step_refresh_remainder_prompt"": 64}"
dllmcache,33,48,123,1,1,1,9.51,"{""dllmc_v_rate"": 0.25, ""step_refresh_remainder"": 8, ""step_refresh_remainder_prompt"": 64}"
dllmcache,33,52,133,1,1,1,9.52,"{""dllmc_v_rate"": 0.25, ""step_refresh_remainder"": 8, ""step_refresh_remainder_prompt"": 64}"
dllmcache,33,54,138,1,1,1,9.52,"{""dllmc_v_rate"": 0.25, ""step_refresh_remainder"": 8, ""step_refresh_remainder_prompt"": 64}"
dllmcache,33,56,143,1,1,1,9.51,"{""dllmc_v_rate"": 0.25, ""step_refresh_remainder"": 8, ""step_refresh_remainder_prompt"": 64}"
dllmcache,33,58,148,1,1,1,9.52,"{""dllmc_v_rate"": 0.25, ""step_refresh_remainder"": 8, ""step_refresh_remainder_prompt"": 64}"
dllmcache,33,62,159,1,1,1,9.53,"{""dllmc_v_rate"": 0.25, ""step_refresh_remainder"": 8, ""step_refresh_remainder_prompt"": 64}"
dllmcache,33,64,164,1,1,1,9.52,"{""dllmc_v_rate"": 0.25, ""step_refresh_remainder"": 8, ""step_refresh_remainder_prompt"": 64}"
dllmcache,33,66,169,1,1,1,9.51,"{""dllmc_v_rate"": 0.25, ""step_refresh_remainder"": 8, ""step_refresh_remainder_prompt"": 64}"
dllmcache,33,68,174,1,1,1,9.51,"{""dllmc_v_rate"": 0.25, ""step_refresh_remainder"": 8, ""step_refresh_remainder_prompt"": 64}"
dllmcache,33,72,184,1,1,1,9.51,"{""dllmc_v_rate"": 0.25, ""step_refresh_remainder"": 8, ""step_refresh_remainder_prompt"": 64}"
dllmcache,33,74,189,1,1,1,9.51,"{""dllmc_v_rate"": 0.25, ""step_refresh_remainder"": 8, ""step_refresh_remainder_prompt"": 64}"
dllmcache,33,76,195,1,1,1,9.51,"{""dllmc_v_rate"": 0.25, ""step_refresh_remainder"": 8, ""step_refresh_remainder_prompt"": 64}"
dllmcache,33,78,200,1,1,1,9.51,"{""dllmc_v_rate"": 0.25, ""step_refresh_remainder"": 8, ""step_refresh_remainder_prompt"": 64}"
dllmcache,33,82,210,1,1,1,9.51,"{""dllmc_v_rate"": 0.25, ""step_refresh_remainder"": 8, ""step_refresh_remainder_prompt"": 64}"
dllmcache,33,84,215,1,1,1,9.5,"{""dllmc_v_rate"": 0.25, ""step_refresh_remainder"": 8, ""step_refresh_remainder_prompt"": 64}"
dllmcache,33,86,220,1,1,1,9.52,"{""dllmc_v_rate"": 0.25, ""step_refresh_remainder"": 8, ""step_refresh_remainder_prompt"": 64}"
dllmcache,33,88,225,1,1,1,9.52,"{""dllmc_v_rate"": 0.25, ""step_refresh_remainder"": 8, ""step_refresh_remainder_prompt"": 64}"
dllmcache,34,2,5,1,1,1,10.46,"{""dllmc_v_rate"": 0.25, ""step_refresh_remainder"": 8, ""step_refresh_remainder_prompt"": 64}"
dllmcache,34,4,10,1,1,1,10.46,"{""dllmc_v_rate"": 0.25, ""step_refresh_remainder"": 8, ""step_refresh_remainder_prompt"": 64}"
dllmcache,34,6,15,1,1,1,10.47,"{""dllmc_v_rate"": 0.25, ""step_refresh_remainder"": 8, ""step_refresh_remainder_prompt"": 64}"
dllmcache,34,8,20,1,1,1,10.46,"{""dllmc_v_rate"": 0.25, ""step_refresh_remainder"": 8, ""step_refresh_remainder_prompt"": 64}"
dllmcache,34,12,31,0,1,0,10.47,"{""dllmc_v_rate"": 0.25, ""step_refresh_remainder"": 8, ""step_refresh_remainder_prompt"": 64}"
dllmcache,34,14,36,1,1,1,10.46,"{""dllmc_v_rate"": 0.25, ""step_refresh_remainder"": 8, ""step_refresh_remainder_prompt"": 64}"
dllmcache,34,16,41,0,1,0,10.46,"{""dllmc_v_rate"": 0.25, ""step_refresh_remainder"": 8, ""step_refresh_remainder_prompt"": 64}"
dllmcache,34,18,46,0,1,0,10.47,"{""dllmc_v_rate"": 0.25, ""step_refresh_remainder"": 8, ""step_refresh_remainder_prompt"": 64}"
dllmcache,34,22,56,1,1,1,10.47,"{""dllmc_v_rate"": 0.25, ""step_refresh_remainder"": 8, ""step_refresh_remainder_prompt"": 64}"
dllmcache,34,24,61,1,1,1,10.47,"{""dllmc_v_rate"": 0.25, ""step_refresh_remainder"": 8, ""step_refresh_remainder_prompt"": 64}"
dllmcache,34,26,67,1,1,1,10.47,"{""dllmc_v_rate"": 0.25, ""step_refresh_remainder"": 8, ""step_refresh_remainder_prompt"": 64}"
dllmcache,34,28,72,1,1,1,10.47,"{""dllmc_v_rate"": 0.25, ""step_refresh_remainder"": 8, ""step_refresh_remainder_prompt"": 64}"
dllmcache,34,32,82,1,1,1,10.47,"{""dllmc_v_rate"": 0.25, ""step_refresh_remainder"": 8, ""step_refresh_remainder_prompt"": 64}"
dllmcache,34,34,87,1,1,1,10.47,"{""dllmc_v_rate"": 0.25, ""step_refresh_remainder"": 8, ""step_refresh_remainder_prompt"": 64}"
dllmcache,34,36,92,1,1,1,10.46,"{""dllmc_v_rate"": 0.25, ""step_refresh_remainder"": 8, ""step_refresh_remainder_prompt"": 64}"
dllmcache,34,38,97,1,1,1,10.46,"{""dllmc_v_rate"": 0.25, ""step_refresh_remainder"": 8, ""step_refresh_remainder_prompt"": 64}"
dllmcache,34,42,108,1,1,1,10.47,"{""dllmc_v_rate"": 0.25, ""step_refresh_remainder"": 8, ""step_refresh_remainder_prompt"": 64}"
dllmcache,34,44,113,1,1,1,10.46,"{""dllmc_v_rate"": 0.25, ""step_refresh_remainder"": 8, ""step_refresh_remainder_prompt"": 64}"
dllmcache,34,46,118,1,1,1,10.46,"{""dllmc_v_rate"": 0.25, ""step_refresh_remainder"": 8, ""step_refresh_remainder_prompt"": 64}"
dllmcache,34,48,123,1,1,1,10.46,"{""dllmc_v_rate"": 0.25, ""step_refresh_remainder"": 8, ""step_refresh_remainder_prompt"": 64}"
dllmcache,34,52,133,1,1,1,10.46,"{""dllmc_v_rate"": 0.25, ""step_refresh_remainder"": 8, ""step_refresh_remainder_prompt"": 64}"
dllmcache,34,54,138,1,1,1,10.46,"{""dllmc_v_rate"": 0.25, ""step_refresh_remainder"": 8, ""step_refresh_remainder_prompt"": 64}"
dllmcache,34,56,143,1,1,1,10.46,"{""dllmc_v_rate"": 0.25, ""step_refresh_remainder"": 8, ""step_refresh_remainder_prompt"": 64}"
dllmcache,34,58,148,1,1,1,10.47,"{""dllmc_v_rate"": 0.25, ""step_refresh_remainder"": 8, ""step_refresh_remainder_prompt"": 64}"
dllmcache,34,62,159,1,1,1,10.47,"{""dllmc_v_rate"": 0.25, ""step_refresh_remainder"": 8, ""step_refresh_remainder_prompt"": 64}"
dllmcache,34,64,164,1,1,1,10.47,"{""dllmc_v_rate"": 0.25, ""step_refresh_remainder"": 8, ""step_refresh_remainder_prompt"": 64}"
dllmcache,34,66,169,1,1,1,10.47,"{""dllmc_v_rate"": 0.25, ""step_refresh_remainder"": 8, ""step_refresh_remainder_prompt"": 64}"
dllmcache,34,68,174,1,1,1,10.46,"{""dllmc_v_rate"": 0.25, ""step_refresh_remainder"": 8, ""step_refresh_remainder_prompt"": 64}"
dllmcache,34,72,184,1,1,1,10.46,"{""dllmc_v_rate"": 0.25, ""step_refresh_remainder"": 8, ""step_refresh_remainder_prompt"": 64}"
dllmcache,34,74,189,1,1,1,10.47,"{""dllmc_v_rate"": 0.25, ""step_refresh_remainder"": 8, ""step_refresh_remainder_prompt"": 64}"
dllmcache,34,76,195,1,1,1,10.47,"{""dllmc_v_rate"": 0.25, ""step_refresh_remainder"": 8, ""step_refresh_remainder_prompt"": 64}"
dllmcache,34,78,200,1,1,1,10.47,"{""dllmc_v_rate"": 0.25, ""step_refresh_remainder"": 8, ""step_refresh_remainder_prompt"": 64}"
dllmcache,34,82,210,1,1,1,10.47,"{""dllmc_v_rate"": 0.25, ""step_refresh_remainder"": 8, ""step_refresh_remainder_prompt"": 64}"
dllmcache,34,84,215,1,1,1,10.48,"{""dllmc_v_rate"": 0.25, ""step_refresh_remainder"": 8, ""step_refresh_remainder_prompt"": 64}"
dllmcache,34,86,220,1,1,1,10.48,"{""dllmc_v_rate"": 0.25, ""step_refresh_remainder"": 8, ""step_refresh_remainder_prompt"": 64}"
dllmcache,34,88,225,1,1,1,10.47,"{""dllmc_v_rate"": 0.25, ""step_refresh_remainder"": 8, ""step_refresh_remainder_prompt"": 64}"
dllmcache,36,2,5,1,1,1,9.72,"{""dllmc_v_rate"": 0.25, ""step_refresh_remainder"": 8, ""step_refresh_remainder_prompt"": 64}"
dllmcache,36,4,10,1,1,1,9.72,"{""dllmc_v_rate"": 0.25, ""step_refresh_remainder"": 8, ""step_refresh_remainder_prompt"": 64}"
dllmcache,36,6,15,1,1,1,9.72,"{""dllmc_v_rate"": 0.25, ""step_refresh_remainder"": 8, ""step_refresh_remainder_prompt"": 64}"
dllmcache,36,8,20,1,1,1,9.72,"{""dllmc_v_rate"": 0.25, ""step_refresh_remainder"": 8, ""step_refresh_remainder_prompt"": 64}"
dllmcache,36,12,31,1,1,1,9.72,"{""dllmc_v_rate"": 0.25, ""step_refresh_remainder"": 8, ""step_refresh_remainder_prompt"": 64}"
dllmcache,36,14,36,1,1,1,9.72,"{""dllmc_v_rate"": 0.25, ""step_refresh_remainder"": 8, ""step_refresh_remainder_prompt"": 64}"
dllmcache,36,16,41,1,1,1,9.72,"{""dllmc_v_rate"": 0.25, ""step_refresh_remainder"": 8, ""step_refresh_remainder_prompt"": 64}"
dllmcache,36,18,46,1,1,1,9.72,"{""dllmc_v_rate"": 0.25, ""step_refresh_remainder"": 8, ""step_refresh_remainder_prompt"": 64}"
dllmcache,36,22,56,1,1,1,9.72,"{""dllmc_v_rate"": 0.25, ""step_refresh_remainder"": 8, ""step_refresh_remainder_prompt"": 64}"
dllmcache,36,24,61,1,1,0,9.72,"{""dllmc_v_rate"": 0.25, ""step_refresh_remainder"": 8, ""step_refresh_remainder_prompt"": 64}"
dllmcache,36,26,67,1,1,1,9.72,"{""dllmc_v_rate"": 0.25, ""step_refresh_remainder"": 8, ""step_refresh_remainder_prompt"": 64}"
dllmcache,36,28,72,1,1,1,9.72,"{""dllmc_v_rate"": 0.25, ""step_refresh_remainder"": 8, ""step_refresh_remainder_prompt"": 64}"
dllmcache,36,32,82,1,1,1,9.72,"{""dllmc_v_rate"": 0.25, ""step_refresh_remainder"": 8, ""step_refresh_remainder_prompt"": 64}"
dllmcache,36,34,87,1,1,1,9.72,"{""dllmc_v_rate"": 0.25, ""step_refresh_remainder"": 8, ""step_refresh_remainder_prompt"": 64}"
dllmcache,36,36,92,1,1,1,9.72,"{""dllmc_v_rate"": 0.25, ""step_refresh_remainder"": 8, ""step_refresh_remainder_prompt"": 64}"
dllmcache,36,38,97,1,1,1,9.72,"{""dllmc_v_rate"": 0.25, ""step_refresh_remainder"": 8, ""step_refresh_remainder_prompt"": 64}"
dllmcache,36,42,108,1,1,1,9.72,"{""dllmc_v_rate"": 0.25, ""step_refresh_remainder"": 8, ""step_refresh_remainder_prompt"": 64}"
dllmcache,36,44,113,1,1,1,9.72,"{""dllmc_v_rate"": 0.25, ""step_refresh_remainder"": 8, ""step_refresh_remainder_prompt"": 64}"
dllmcache,36,46,118,1,1,1,9.72,"{""dllmc_v_rate"": 0.25, ""step_refresh_remainder"": 8, ""step_refresh_remainder_prompt"": 64}"
dllmcache,36,48,123,1,1,1,9.73,"{""dllmc_v_rate"": 0.25, ""step_refresh_remainder"": 8, ""step_refresh_remainder_prompt"": 64}"
dllmcache,36,52,133,1,1,1,9.73,"{""dllmc_v_rate"": 0.25, ""step_refresh_remainder"": 8, ""step_refresh_remainder_prompt"": 64}"
dllmcache,36,54,138,1,1,1,9.73,"{""dllmc_v_rate"": 0.25, ""step_refresh_remainder"": 8, ""step_refresh_remainder_prompt"": 64}"
dllmcache,36,56,143,1,1,1,9.73,"{""dllmc_v_rate"": 0.25, ""step_refresh_remainder"": 8, ""step_refresh_remainder_prompt"": 64}"
dllmcache,36,58,148,0,1,0,9.72,"{""dllmc_v_rate"": 0.25, ""step_refresh_remainder"": 8, ""step_refresh_remainder_prompt"": 64}"
dllmcache,36,62,159,1,1,1,9.72,"{""dllmc_v_rate"": 0.25, ""step_refresh_remainder"": 8, ""step_refresh_remainder_prompt"": 64}"
dllmcache,36,64,164,1,1,1,9.71,"{""dllmc_v_rate"": 0.25, ""step_refresh_remainder"": 8, ""step_refresh_remainder_prompt"": 64}"
dllmcache,36,66,169,1,1,1,9.72,"{""dllmc_v_rate"": 0.25, ""step_refresh_remainder"": 8, ""step_refresh_remainder_prompt"": 64}"
dllmcache,36,68,174,1,1,1,9.72,"{""dllmc_v_rate"": 0.25, ""step_refresh_remainder"": 8, ""step_refresh_remainder_prompt"": 64}"
dllmcache,36,72,184,1,1,1,9.71,"{""dllmc_v_rate"": 0.25, ""step_refresh_remainder"": 8, ""step_refresh_remainder_prompt"": 64}"
dllmcache,36,74,189,1,1,1,9.72,"{""dllmc_v_rate"": 0.25, ""step_refresh_remainder"": 8, ""step_refresh_remainder_prompt"": 64}"
dllmcache,36,76,195,1,1,1,9.71,"{""dllmc_v_rate"": 0.25, ""step_refresh_remainder"": 8, ""step_refresh_remainder_prompt"": 64}"
dllmcache,36,78,200,1,1,1,9.72,"{""dllmc_v_rate"": 0.25, ""step_refresh_remainder"": 8, ""step_refresh_remainder_prompt"": 64}"
dllmcache,36,82,210,1,1,1,9.71,"{""dllmc_v_rate"": 0.25, ""step_refresh_remainder"": 8, ""step_refresh_remainder_prompt"": 64}"
dllmcache,36,84,215,1,1,1,9.72,"{""dllmc_v_rate"": 0.25, ""step_refresh_remainder"": 8, ""step_refresh_remainder_prompt"": 64}"
dllmcache,36,86,220,1,1,1,9.71,"{""dllmc_v_rate"": 0.25, ""step_refresh_remainder"": 8, ""step_refresh_remainder_prompt"": 64}"
dllmcache,36,88,225,1,1,1,9.72,"{""dllmc_v_rate"": 0.25, ""step_refresh_remainder"": 8, ""step_refresh_remainder_prompt"": 64}"
dllmcache,38,2,5,1,1,1,9.5,"{""dllmc_v_rate"": 0.25, ""step_refresh_remainder"": 8, ""step_refresh_remainder_prompt"": 64}"
dllmcache,38,4,10,1,1,1,9.5,"{""dllmc_v_rate"": 0.25, ""step_refresh_remainder"": 8, ""step_refresh_remainder_prompt"": 64}"
dllmcache,38,6,15,1,1,1,9.51,"{""dllmc_v_rate"": 0.25, ""step_refresh_remainder"": 8, ""step_refresh_remainder_prompt"": 64}"
dllmcache,38,8,20,1,1,1,9.5,"{""dllmc_v_rate"": 0.25, ""step_refresh_remainder"": 8, ""step_refresh_remainder_prompt"": 64}"
dllmcache,38,12,31,1,1,1,9.49,"{""dllmc_v_rate"": 0.25, ""step_refresh_remainder"": 8, ""step_refresh_remainder_prompt"": 64}"
dllmcache,38,14,36,1,1,1,9.5,"{""dllmc_v_rate"": 0.25, ""step_refresh_remainder"": 8, ""step_refresh_remainder_prompt"": 64}"
dllmcache,38,16,41,1,1,1,9.5,"{""dllmc_v_rate"": 0.25, ""step_refresh_remainder"": 8, ""step_refresh_remainder_prompt"": 64}"
dllmcache,38,18,46,0,1,0,9.5,"{""dllmc_v_rate"": 0.25, ""step_refresh_remainder"": 8, ""step_refresh_remainder_prompt"": 64}"
dllmcache,38,22,56,1,1,1,9.49,"{""dllmc_v_rate"": 0.25, ""step_refresh_remainder"": 8, ""step_refresh_remainder_prompt"": 64}"
dllmcache,38,24,61,1,1,0,9.5,"{""dllmc_v_rate"": 0.25, ""step_refresh_remainder"": 8, ""step_refresh_remainder_prompt"": 64}"
dllmcache,38,26,67,1,1,1,9.5,"{""dllmc_v_rate"": 0.25, ""step_refresh_remainder"": 8, ""step_refresh_remainder_prompt"": 64}"
dllmcache,38,28,72,1,1,1,9.5,"{""dllmc_v_rate"": 0.25, ""step_refresh_remainder"": 8, ""step_refresh_remainder_prompt"": 64}"
dllmcache,38,32,82,1,1,1,9.5,"{""dllmc_v_rate"": 0.25, ""step_refresh_remainder"": 8, ""step_refresh_remainder_prompt"": 64}"
dllmcache,38,34,87,1,1,1,9.5,"{""dllmc_v_rate"": 0.25, ""step_refresh_remainder"": 8, ""step_refresh_remainder_prompt"": 64}"
dllmcache,38,36,92,1,1,0,9.5,"{""dllmc_v_rate"": 0.25, ""step_refresh_remainder"": 8, ""step_refresh_remainder_prompt"": 64}"
dllmcache,38,38,97,1,1,1,9.5,"{""dllmc_v_rate"": 0.25, ""step_refresh_remainder"": 8, ""step_refresh_remainder_prompt"": 64}"
dllmcache,38,42,108,1,1,1,9.5,"{""dllmc_v_rate"": 0.25, ""step_refresh_remainder"": 8, ""step_refresh_remainder_prompt"": 64}"
dllmcache,38,44,113,1,1,1,9.5,"{""dllmc_v_rate"": 0.25, ""step_refresh_remainder"": 8, ""step_refresh_remainder_prompt"": 64}"
dllmcache,38,46,118,1,1,1,9.5,"{""dllmc_v_rate"": 0.25, ""step_refresh_remainder"": 8, ""step_refresh_remainder_prompt"": 64}"
dllmcache,38,48,123,1,1,1,9.51,"{""dllmc_v_rate"": 0.25, ""step_refresh_remainder"": 8, ""step_refresh_remainder_prompt"": 64}"
dllmcache,38,52,133,1,1,1,9.5,"{""dllmc_v_rate"": 0.25, ""step_refresh_remainder"": 8, ""step_refresh_remainder_prompt"": 64}"
dllmcache,38,54,138,1,1,1,9.5,"{""dllmc_v_rate"": 0.25, ""step_refresh_remainder"": 8, ""step_refresh_remainder_prompt"": 64}"
dllmcache,38,56,143,1,1,1,9.51,"{""dllmc_v_rate"": 0.25, ""step_refresh_remainder"": 8, ""step_refresh_remainder_prompt"": 64}"
dllmcache,38,58,148,1,1,1,9.5,"{""dllmc_v_rate"": 0.25, ""step_refresh_remainder"": 8, ""step_refresh_remainder_prompt"": 64}"
dllmcache,38,62,159,1,1,1,9.5,"{""dllmc_v_rate"": 0.25, ""step_refresh_remainder"": 8, ""step_refresh_remainder_prompt"": 64}"
dllmcache,38,64,164,1,1,1,9.51,"{""dllmc_v_rate"": 0.25, ""step_refresh_remainder"": 8, ""step_refresh_remainder_prompt"": 64}"
dllmcache,38,66,169,1,1,1,9.52,"{""dllmc_v_rate"": 0.25, ""step_refresh_remainder"": 8, ""step_refresh_remainder_prompt"": 64}"
dllmcache,38,68,174,1,1,1,9.52,"{""dllmc_v_rate"": 0.25, ""step_refresh_remainder"": 8, ""step_refresh_remainder_prompt"": 64}"
dllmcache,38,72,184,1,1,1,9.52,"{""dllmc_v_rate"": 0.25, ""step_refresh_remainder"": 8, ""step_refresh_remainder_prompt"": 64}"
dllmcache,38,74,189,1,1,1,9.52,"{""dllmc_v_rate"": 0.25, ""step_refresh_remainder"": 8, ""step_refresh_remainder_prompt"": 64}"
dllmcache,38,76,195,1,1,1,9.52,"{""dllmc_v_rate"": 0.25, ""step_refresh_remainder"": 8, ""step_refresh_remainder_prompt"": 64}"
dllmcache,38,78,200,1,1,1,9.51,"{""dllmc_v_rate"": 0.25, ""step_refresh_remainder"": 8, ""step_refresh_remainder_prompt"": 64}"
dllmcache,38,82,210,1,1,1,9.53,"{""dllmc_v_rate"": 0.25, ""step_refresh_remainder"": 8, ""step_refresh_remainder_prompt"": 64}"
dllmcache,38,84,215,1,1,1,9.5,"{""dllmc_v_rate"": 0.25, ""step_refresh_remainder"": 8, ""step_refresh_remainder_prompt"": 64}"
dllmcache,38,86,220,1,1,1,9.49,"{""dllmc_v_rate"": 0.25, ""step_refresh_remainder"": 8, ""step_refresh_remainder_prompt"": 64}"
dllmcache,38,88,225,1,1,1,9.49,"{""dllmc_v_rate"": 0.25, ""step_refresh_remainder"": 8, ""step_refresh_remainder_prompt"": 64}"
dllmcache,40,2,5,1,1,1,10.5,"{""dllmc_v_rate"": 0.25, ""step_refresh_remainder"": 8, ""step_refresh_remainder_prompt"": 64}"
dllmcache,40,4,10,1,1,1,10.49,"{""dllmc_v_rate"": 0.25, ""step_refresh_remainder"": 8, ""step_refresh_remainder_prompt"": 64}"
dllmcache,40,6,15,1,1,1,10.5,"{""dllmc_v_rate"": 0.25, ""step_refresh_remainder"": 8, ""step_refresh_remainder_prompt"": 64}"
dllmcache,40,8,20,1,1,1,10.5,"{""dllmc_v_rate"": 0.25, ""step_refresh_remainder"": 8, ""step_refresh_remainder_prompt"": 64}"
dllmcache,40,12,31,1,1,1,10.5,"{""dllmc_v_rate"": 0.25, ""step_refresh_remainder"": 8, ""step_refresh_remainder_prompt"": 64}"
dllmcache,40,14,36,1,1,1,10.51,"{""dllmc_v_rate"": 0.25, ""step_refresh_remainder"": 8, ""step_refresh_remainder_prompt"": 64}"
dllmcache,40,16,41,1,1,1,10.51,"{""dllmc_v_rate"": 0.25, ""step_refresh_remainder"": 8, ""step_refresh_remainder_prompt"": 64}"
dllmcache,40,18,46,1,1,1,10.51,"{""dllmc_v_rate"": 0.25, ""step_refresh_remainder"": 8, ""step_refresh_remainder_prompt"": 64}"
dllmcache,40,22,56,1,1,1,10.51,"{""dllmc_v_rate"": 0.25, ""step_refresh_remainder"": 8, ""step_refresh_remainder_prompt"": 64}"
dllmcache,40,24,61,1,1,1,10.51,"{""dllmc_v_rate"": 0.25, ""step_refresh_remainder"": 8, ""step_refresh_remainder_prompt"": 64}"
dllmcache,40,26,67,1,1,1,10.51,"{""dllmc_v_rate"": 0.25, ""step_refresh_remainder"": 8, ""step_refresh_remainder_prompt"": 64}"
dllmcache,40,28,72,1,1,1,10.52,"{""dllmc_v_rate"": 0.25, ""step_refresh_remainder"": 8, ""step_refresh_remainder_prompt"": 64}"
dllmcache,40,32,82,1,1,1,10.51,"{""dllmc_v_rate"": 0.25, ""step_refresh_remainder"": 8, ""step_refresh_remainder_prompt"": 64}"
dllmcache,40,34,87,1,1,1,10.52,"{""dllmc_v_rate"": 0.25, ""step_refresh_remainder"": 8, ""step_refresh_remainder_prompt"": 64}"
dllmcache,40,36,92,1,1,1,10.52,"{""dllmc_v_rate"": 0.25, ""step_refresh_remainder"": 8, ""step_refresh_remainder_prompt"": 64}"
dllmcache,40,38,97,1,1,1,10.53,"{""dllmc_v_rate"": 0.25, ""step_refresh_remainder"": 8, ""step_refresh_remainder_prompt"": 64}"
dllmcache,40,42,108,1,1,1,10.52,"{""dllmc_v_rate"": 0.25, ""step_refresh_remainder"": 8, ""step_refresh_remainder_prompt"": 64}"
dllmcache,40,44,113,1,1,1,10.51,"{""dllmc_v_rate"": 0.25, ""step_refresh_remainder"": 8, ""step_refresh_remainder_prompt"": 64}"
dllmcache,40,46,118,1,1,1,10.51,"{""dllmc_v_rate"": 0.25, ""step_refresh_remainder"": 8, ""step_refresh_remainder_prompt"": 64}"
dllmcache,40,48,123,1,1,1,10.52,"{""dllmc_v_rate"": 0.25, ""step_refresh_remainder"": 8, ""step_refresh_remainder_prompt"": 64}"
dllmcache,40,52,133,1,1,1,10.53,"{""dllmc_v_rate"": 0.25, ""step_refresh_remainder"": 8, ""step_refresh_remainder_prompt"": 64}"
dllmcache,40,54,138,1,1,1,10.53,"{""dllmc_v_rate"": 0.25, ""step_refresh_remainder"": 8, ""step_refresh_remainder_prompt"": 64}"
dllmcache,40,56,143,1,1,1,10.54,"{""dllmc_v_rate"": 0.25, ""step_refresh_remainder"": 8, ""step_refresh_remainder_prompt"": 64}"
dllmcache,40,58,148,1,1,1,10.53,"{""dllmc_v_rate"": 0.25, ""step_refresh_remainder"": 8, ""step_refresh_remainder_prompt"": 64}"
dllmcache,40,62,159,1,1,1,10.53,"{""dllmc_v_rate"": 0.25, ""step_refresh_remainder"": 8, ""step_refresh_remainder_prompt"": 64}"
dllmcache,40,64,164,1,1,1,10.52,"{""dllmc_v_rate"": 0.25, ""step_refresh_remainder"": 8, ""step_refresh_remainder_prompt"": 64}"
dllmcache,40,66,169,1,1,1,10.52,"{""dllmc_v_rate"": 0.25, ""step_refresh_remainder"": 8, ""step_refresh_remainder_prompt"": 64}"
dllmcache,40,68,174,1,1,1,10.53,"{""dllmc_v_rate"": 0.25, ""step_refresh_remainder"": 8, ""step_refresh_remainder_prompt"": 64}"
dllmcache,40,72,184,1,1,1,10.52,"{""dllmc_v_rate"": 0.25, ""step_refresh_remainder"": 8, ""step_refresh_remainder_prompt"": 64}"
dllmcache,40,74,189,1,1,1,10.52,"{""dllmc_v_rate"": 0.25, ""step_refresh_remainder"": 8, ""step_refresh_remainder_prompt"": 64}"
dllmcache,40,76,195,1,1,1,10.51,"{""dllmc_v_rate"": 0.25, ""step_refresh_remainder"": 8, ""step_refresh_remainder_prompt"": 64}"
dllmcache,40,78,200,1,1,1,10.52,"{""dllmc_v_rate"": 0.25, ""step_refresh_remainder"": 8, ""step_refresh_remainder_prompt"": 64}"
dllmcache,40,82,210,1,1,1,10.51,"{""dllmc_v_rate"": 0.25, ""step_refresh_remainder"": 8, ""step_refresh_remainder_prompt"": 64}"
dllmcache,40,84,215,1,1,1,10.52,"{""dllmc_v_rate"": 0.25, ""step_refresh_remainder"": 8, ""step_refresh_remainder_prompt"": 64}"
dllmcache,40,86,220,1,1,1,10.52,"{""dllmc_v_rate"": 0.25, ""step_refresh_remainder"": 8, ""step_refresh_remainder_prompt"": 64}"
dllmcache,40,88,225,1,1,1,10.52,"{""dllmc_v_rate"": 0.25, ""step_refresh_remainder"": 8, ""step_refresh_remainder_prompt"": 64}"
dllmcache,41,2,5,1,1,1,10.54,"{""dllmc_v_rate"": 0.25, ""step_refresh_remainder"": 8, ""step_refresh_remainder_prompt"": 64}"
dllmcache,41,4,10,1,1,1,10.54,"{""dllmc_v_rate"": 0.25, ""step_refresh_remainder"": 8, ""step_refresh_remainder_prompt"": 64}"
dllmcache,41,6,15,1,1,1,10.54,"{""dllmc_v_rate"": 0.25, ""step_refresh_remainder"": 8, ""step_refresh_remainder_prompt"": 64}"
dllmcache,41,8,20,1,1,1,10.54,"{""dllmc_v_rate"": 0.25, ""step_refresh_remainder"": 8, ""step_refresh_remainder_prompt"": 64}"
dllmcache,41,12,31,1,1,1,10.54,"{""dllmc_v_rate"": 0.25, ""step_refresh_remainder"": 8, ""step_refresh_remainder_prompt"": 64}"
dllmcache,41,14,36,1,1,1,10.55,"{""dllmc_v_rate"": 0.25, ""step_refresh_remainder"": 8, ""step_refresh_remainder_prompt"": 64}"
dllmcache,41,16,41,1,1,1,10.54,"{""dllmc_v_rate"": 0.25, ""step_refresh_remainder"": 8, ""step_refresh_remainder_prompt"": 64}"
dllmcache,41,18,46,1,1,1,10.54,"{""dllmc_v_rate"": 0.25, ""step_refresh_remainder"": 8, ""step_refresh_remainder_prompt"": 64}"
dllmcache,41,22,56,1,1,1,10.54,"{""dllmc_v_rate"": 0.25, ""step_refresh_remainder"": 8, ""step_refresh_remainder_prompt"": 64}"
dllmcache,41,24,61,1,1,1,10.53,"{""dllmc_v_rate"": 0.25, ""step_refresh_remainder"": 8, ""step_refresh_remainder_prompt"": 64}"
dllmcache,41,26,67,1,1,1,10.53,"{""dllmc_v_rate"": 0.25, ""step_refresh_remainder"": 8, ""step_refresh_remainder_prompt"": 64}"
dllmcache,41,28,72,1,1,1,10.53,"{""dllmc_v_rate"": 0.25, ""step_refresh_remainder"": 8, ""step_refresh_remainder_prompt"": 64}"
dllmcache,41,32,82,1,1,1,10.53,"{""dllmc_v_rate"": 0.25, ""step_refresh_remainder"": 8, ""step_refresh_remainder_prompt"": 64}"
dllmcache,41,34,87,1,1,1,10.53,"{""dllmc_v_rate"": 0.25, ""step_refresh_remainder"": 8, ""step_refresh_remainder_prompt"": 64}"
dllmcache,41,36,92,1,1,1,10.53,"{""dllmc_v_rate"": 0.25, ""step_refresh_remainder"": 8, ""step_refresh_remainder_prompt"": 64}"
dllmcache,41,38,97,1,1,1,10.54,"{""dllmc_v_rate"": 0.25, ""step_refresh_remainder"": 8, ""step_refresh_remainder_prompt"": 64}"
dllmcache,41,42,108,1,1,1,10.53,"{""dllmc_v_rate"": 0.25, ""step_refresh_remainder"": 8, ""step_refresh_remainder_prompt"": 64}"
dllmcache,41,44,113,1,1,1,10.53,"{""dllmc_v_rate"": 0.25, ""step_refresh_remainder"": 8, ""step_refresh_remainder_prompt"": 64}"
dllmcache,41,46,118,1,1,1,10.54,"{""dllmc_v_rate"": 0.25, ""step_refresh_remainder"": 8, ""step_refresh_remainder_prompt"": 64}"
dllmcache,41,48,123,1,1,1,10.54,"{""dllmc_v_rate"": 0.25, ""step_refresh_remainder"": 8, ""step_refresh_remainder_prompt"": 64}"
dllmcache,41,52,133,1,1,1,10.54,"{""dllmc_v_rate"": 0.25, ""step_refresh_remainder"": 8, ""step_refresh_remainder_prompt"": 64}"
dllmcache,41,54,138,1,1,1,10.54,"{""dllmc_v_rate"": 0.25, ""step_refresh_remainder"": 8, ""step_refresh_remainder_prompt"": 64}"
dllmcache,41,56,143,1,1,1,10.55,"{""dllmc_v_rate"": 0.25, ""step_refresh_remainder"": 8, ""step_refresh_remainder_prompt"": 64}"
dllmcache,41,58,148,1,1,1,10.54,"{""dllmc_v_rate"": 0.25, ""step_refresh_remainder"": 8, ""step_refresh_remainder_prompt"": 64}"
dllmcache,41,62,159,1,1,1,10.55,"{""dllmc_v_rate"": 0.25, ""step_refresh_remainder"": 8, ""step_refresh_remainder_prompt"": 64}"
dllmcache,41,64,164,1,1,1,10.54,"{""dllmc_v_rate"": 0.25, ""step_refresh_remainder"": 8, ""step_refresh_remainder_prompt"": 64}"
dllmcache,41,66,169,1,1,1,10.54,"{""dllmc_v_rate"": 0.25, ""step_refresh_remainder"": 8, ""step_refresh_remainder_prompt"": 64}"
dllmcache,41,68,174,1,1,1,10.54,"{""dllmc_v_rate"": 0.25, ""step_refresh_remainder"": 8, ""step_refresh_remainder_prompt"": 64}"
dllmcache,41,72,184,1,1,1,10.53,"{""dllmc_v_rate"": 0.25, ""step_refresh_remainder"": 8, ""step_refresh_remainder_prompt"": 64}"
dllmcache,41,74,189,1,1,1,10.54,"{""dllmc_v_rate"": 0.25, ""step_refresh_remainder"": 8, ""step_refresh_remainder_prompt"": 64}"
dllmcache,41,76,195,1,1,1,10.55,"{""dllmc_v_rate"": 0.25, ""step_refresh_remainder"": 8, ""step_refresh_remainder_prompt"": 64}"
dllmcache,41,78,200,1,1,1,10.54,"{""dllmc_v_rate"": 0.25, ""step_refresh_remainder"": 8, ""step_refresh_remainder_prompt"": 64}"
dllmcache,41,82,210,1,1,1,10.54,"{""dllmc_v_rate"": 0.25, ""step_refresh_remainder"": 8, ""step_refresh_remainder_prompt"": 64}"
dllmcache,41,84,215,1,1,1,10.54,"{""dllmc_v_rate"": 0.25, ""step_refresh_remainder"": 8, ""step_refresh_remainder_prompt"": 64}"
dllmcache,41,86,220,1,1,1,10.54,"{""dllmc_v_rate"": 0.25, ""step_refresh_remainder"": 8, ""step_refresh_remainder_prompt"": 64}"
dllmcache,41,88,225,1,1,1,10.55,"{""dllmc_v_rate"": 0.25, ""step_refresh_remainder"": 8, ""step_refresh_remainder_prompt"": 64}"
dllmcache,42,2,5,1,1,1,9.52,"{""dllmc_v_rate"": 0.25, ""step_refresh_remainder"": 8, ""step_refresh_remainder_prompt"": 64}"
dllmcache,42,4,10,1,1,1,9.51,"{""dllmc_v_rate"": 0.25, ""step_refresh_remainder"": 8, ""step_refresh_remainder_prompt"": 64}"
dllmcache,42,6,15,1,1,1,9.52,"{""dllmc_v_rate"": 0.25, ""step_refresh_remainder"": 8, ""step_refresh_remainder_prompt"": 64}"
dllmcache,42,8,20,1,1,1,9.51,"{""dllmc_v_rate"": 0.25, ""step_refresh_remainder"": 8, ""step_refresh_remainder_prompt"": 64}"
dllmcache,42,12,31,1,1,1,9.52,"{""dllmc_v_rate"": 0.25, ""step_refresh_remainder"": 8, ""step_refresh_remainder_prompt"": 64}"
dllmcache,42,14,36,1,1,1,9.52,"{""dllmc_v_rate"": 0.25, ""step_refresh_remainder"": 8, ""step_refresh_remainder_prompt"": 64}"
dllmcache,42,16,41,1,1,1,9.51,"{""dllmc_v_rate"": 0.25, ""step_refresh_remainder"": 8, ""step_refresh_remainder_prompt"": 64}"
dllmcache,42,18,46,1,1,1,9.52,"{""dllmc_v_rate"": 0.25, ""step_refresh_remainder"": 8, ""step_refresh_remainder_prompt"": 64}"
dllmcache,42,22,56,1,1,0,9.51,"{""dllmc_v_rate"": 0.25, ""step_refresh_remainder"": 8, ""step_refresh_remainder_prompt"": 64}"
dllmcache,42,24,61,1,1,1,9.52,"{""dllmc_v_rate"": 0.25, ""step_refresh_remainder"": 8, ""step_refresh_remainder_prompt"": 64}"
dllmcache,42,26,67,0,1,1,9.51,"{""dllmc_v_rate"": 0.25, ""step_refresh_remainder"": 8, ""step_refresh_remainder_prompt"": 64}"
dllmcache,42,28,72,1,1,1,9.52,"{""dllmc_v_rate"": 0.25, ""step_refresh_remainder"": 8, ""step_refresh_remainder_prompt"": 64}"
dllmcache,42,32,82,1,1,1,9.52,"{""dllmc_v_rate"": 0.25, ""step_refresh_remainder"": 8, ""step_refresh_remainder_prompt"": 64}"
dllmcache,42,34,87,1,1,1,9.52,"{""dllmc_v_rate"": 0.25, ""step_refresh_remainder"": 8, ""step_refresh_remainder_prompt"": 64}"
dllmcache,42,36,92,1,1,1,9.52,"{""dllmc_v_rate"": 0.25, ""step_refresh_remainder"": 8, ""step_refresh_remainder_prompt"": 64}"
dllmcache,42,38,97,1,1,1,9.53,"{""dllmc_v_rate"": 0.25, ""step_refresh_remainder"": 8, ""step_refresh_remainder_prompt"": 64}"
dllmcache,42,42,108,1,1,1,9.52,"{""dllmc_v_rate"": 0.25, ""step_refresh_remainder"": 8, ""step_refresh_remainder_prompt"": 64}"
dllmcache,42,44,113,1,1,1,9.53,"{""dllmc_v_rate"": 0.25, ""step_refresh_remainder"": 8, ""step_refresh_remainder_prompt"": 64}"
dllmcache,42,46,118,1,1,1,9.53,"{""dllmc_v_rate"": 0.25, ""step_refresh_remainder"": 8, ""step_refresh_remainder_prompt"": 64}"
dllmcache,42,48,123,1,1,1,9.52,"{""dllmc_v_rate"": 0.25, ""step_refresh_remainder"": 8, ""step_refresh_remainder_prompt"": 64}"
dllmcache,42,52,133,1,1,1,9.53,"{""dllmc_v_rate"": 0.25, ""step_refresh_remainder"": 8, ""step_refresh_remainder_prompt"": 64}"
dllmcache,42,54,138,1,1,1,9.53,"{""dllmc_v_rate"": 0.25, ""step_refresh_remainder"": 8, ""step_refresh_remainder_prompt"": 64}"
dllmcache,42,56,143,1,1,1,9.52,"{""dllmc_v_rate"": 0.25, ""step_refresh_remainder"": 8, ""step_refresh_remainder_prompt"": 64}"
dllmcache,42,58,148,1,1,1,9.51,"{""dllmc_v_rate"": 0.25, ""step_refresh_remainder"": 8, ""step_refresh_remainder_prompt"": 64}"
dllmcache,42,62,159,1,1,1,9.51,"{""dllmc_v_rate"": 0.25, ""step_refresh_remainder"": 8, ""step_refresh_remainder_prompt"": 64}"
dllmcache,42,64,164,1,1,1,9.51,"{""dllmc_v_rate"": 0.25, ""step_refresh_remainder"": 8, ""step_refresh_remainder_prompt"": 64}"
dllmcache,42,66,169,1,1,1,9.52,"{""dllmc_v_rate"": 0.25, ""step_refresh_remainder"": 8, ""step_refresh_remainder_prompt"": 64}"
dllmcache,42,68,174,1,1,1,9.52,"{""dllmc_v_rate"": 0.25, ""step_refresh_remainder"": 8, ""step_refresh_remainder_prompt"": 64}"
dllmcache,42,72,184,1,1,1,9.52,"{""dllmc_v_rate"": 0.25, ""step_refresh_remainder"": 8, ""step_refresh_remainder_prompt"": 64}"
dllmcache,42,74,189,1,1,1,9.51,"{""dllmc_v_rate"": 0.25, ""step_refresh_remainder"": 8, ""step_refresh_remainder_prompt"": 64}"
dllmcache,42,76,195,1,1,1,9.51,"{""dllmc_v_rate"": 0.25, ""step_refresh_remainder"": 8, ""step_refresh_remainder_prompt"": 64}"
dllmcache,42,78,200,1,1,1,9.52,"{""dllmc_v_rate"": 0.25, ""step_refresh_remainder"": 8, ""step_refresh_remainder_prompt"": 64}"
dllmcache,42,82,210,1,1,1,9.52,"{""dllmc_v_rate"": 0.25, ""step_refresh_remainder"": 8, ""step_refresh_remainder_prompt"": 64}"
dllmcache,42,84,215,1,1,1,9.53,"{""dllmc_v_rate"": 0.25, ""step_refresh_remainder"": 8, ""step_refresh_remainder_prompt"": 64}"
dllmcache,42,86,220,1,1,1,9.52,"{""dllmc_v_rate"": 0.25, ""step_refresh_remainder"": 8, ""step_refresh_remainder_prompt"": 64}"
dllmcache,42,88,225,1,1,1,9.52,"{""dllmc_v_rate"": 0.25, ""step_refresh_remainder"": 8, ""step_refresh_remainder_prompt"": 64}"
dllmcache,45,2,5,1,1,1,10.55,"{""dllmc_v_rate"": 0.25, ""step_refresh_remainder"": 8, ""step_refresh_remainder_prompt"": 64}"
dllmcache,45,4,10,1,1,1,10.55,"{""dllmc_v_rate"": 0.25, ""step_refresh_remainder"": 8, ""step_refresh_remainder_prompt"": 64}"
dllmcache,45,6,15,1,1,1,10.55,"{""dllmc_v_rate"": 0.25, ""step_refresh_remainder"": 8, ""step_refresh_remainder_prompt"": 64}"
dllmcache,45,8,20,1,1,1,10.54,"{""dllmc_v_rate"": 0.25, ""step_refresh_remainder"": 8, ""step_refresh_remainder_prompt"": 64}"
dllmcache,45,12,31,0,0,1,10.55,"{""dllmc_v_rate"": 0.25, ""step_refresh_remainder"": 8, ""step_refresh_remainder_prompt"": 64}"
dllmcache,45,14,36,0,0,1,10.54,"{""dllmc_v_rate"": 0.25, ""step_refresh_remainder"": 8, ""step_refresh_remainder_prompt"": 64}"
dllmcache,45,16,41,1,1,1,10.54,"{""dllmc_v_rate"": 0.25, ""step_refresh_remainder"": 8, ""step_refresh_remainder_prompt"": 64}"
dllmcache,45,18,46,1,1,1,10.55,"{""dllmc_v_rate"": 0.25, ""step_refresh_remainder"": 8, ""step_refresh_remainder_prompt"": 64}"
dllmcache,45,22,56,1,1,1,10.55,"{""dllmc_v_rate"": 0.25, ""step_refresh_remainder"": 8, ""step_refresh_remainder_prompt"": 64}"
dllmcache,45,24,61,1,1,1,10.54,"{""dllmc_v_rate"": 0.25, ""step_refresh_remainder"": 8, ""step_refresh_remainder_prompt"": 64}"
dllmcache,45,26,67,1,1,1,10.55,"{""dllmc_v_rate"": 0.25, ""step_refresh_remainder"": 8, ""step_refresh_remainder_prompt"": 64}"
dllmcache,45,28,72,1,1,1,10.55,"{""dllmc_v_rate"": 0.25, ""step_refresh_remainder"": 8, ""step_refresh_remainder_prompt"": 64}"
dllmcache,45,32,82,1,1,1,10.55,"{""dllmc_v_rate"": 0.25, ""step_refresh_remainder"": 8, ""step_refresh_remainder_prompt"": 64}"
dllmcache,45,34,87,1,1,1,10.54,"{""dllmc_v_rate"": 0.25, ""step_refresh_remainder"": 8, ""step_refresh_remainder_prompt"": 64}"
dllmcache,45,36,92,1,1,1,10.55,"{""dllmc_v_rate"": 0.25, ""step_refresh_remainder"": 8, ""step_refresh_remainder_prompt"": 64}"
dllmcache,45,38,97,1,1,1,10.55,"{""dllmc_v_rate"": 0.25, ""step_refresh_remainder"": 8, ""step_refresh_remainder_prompt"": 64}"
dllmcache,45,42,108,1,1,1,10.55,"{""dllmc_v_rate"": 0.25, ""step_refresh_remainder"": 8, ""step_refresh_remainder_prompt"": 64}"
dllmcache,45,44,113,1,1,1,10.54,"{""dllmc_v_rate"": 0.25, ""step_refresh_remainder"": 8, ""step_refresh_remainder_prompt"": 64}"
dllmcache,45,46,118,1,1,1,10.55,"{""dllmc_v_rate"": 0.25, ""step_refresh_remainder"": 8, ""step_refresh_remainder_prompt"": 64}"
dllmcache,45,48,123,1,1,1,10.55,"{""dllmc_v_rate"": 0.25, ""step_refresh_remainder"": 8, ""step_refresh_remainder_prompt"": 64}"
dllmcache,45,52,133,1,1,1,10.55,"{""dllmc_v_rate"": 0.25, ""step_refresh_remainder"": 8, ""step_refresh_remainder_prompt"": 64}"
dllmcache,45,54,138,1,1,1,10.54,"{""dllmc_v_rate"": 0.25, ""step_refresh_remainder"": 8, ""step_refresh_remainder_prompt"": 64}"
dllmcache,45,56,143,1,1,1,10.54,"{""dllmc_v_rate"": 0.25, ""step_refresh_remainder"": 8, ""step_refresh_remainder_prompt"": 64}"
dllmcache,45,58,148,1,1,1,10.54,"{""dllmc_v_rate"": 0.25, ""step_refresh_remainder"": 8, ""step_refresh_remainder_prompt"": 64}"
dllmcache,45,62,159,1,1,1,10.54,"{""dllmc_v_rate"": 0.25, ""step_refresh_remainder"": 8, ""step_refresh_remainder_prompt"": 64}"
dllmcache,45,64,164,1,1,1,10.56,"{""dllmc_v_rate"": 0.25, ""step_refresh_remainder"": 8, ""step_refresh_remainder_prompt"": 64}"
dllmcache,45,66,169,1,1,1,10.57,"{""dllmc_v_rate"": 0.25, ""step_refresh_remainder"": 8, ""step_refresh_remainder_prompt"": 64}"
dllmcache,45,68,174,1,1,1,10.56,"{""dllmc_v_rate"": 0.25, ""step_refresh_remainder"": 8, ""step_refresh_remainder_prompt"": 64}"
dllmcache,45,72,184,1,1,1,10.54,"{""dllmc_v_rate"": 0.25, ""step_refresh_remainder"": 8, ""step_refresh_remainder_prompt"": 64}"
dllmcache,45,74,189,1,1,1,10.55,"{""dllmc_v_rate"": 0.25, ""step_refresh_remainder"": 8, ""step_refresh_remainder_prompt"": 64}"
dllmcache,45,76,195,1,1,1,10.55,"{""dllmc_v_rate"": 0.25, ""step_refresh_remainder"": 8, ""step_refresh_remainder_prompt"": 64}"
dllmcache,45,78,200,1,1,1,10.54,"{""dllmc_v_rate"": 0.25, ""step_refresh_remainder"": 8, ""step_refresh_remainder_prompt"": 64}"
dllmcache,45,82,210,1,1,1,10.54,"{""dllmc_v_rate"": 0.25, ""step_refresh_remainder"": 8, ""step_refresh_remainder_prompt"": 64}"
dllmcache,45,84,215,1,1,1,10.55,"{""dllmc_v_rate"": 0.25, ""step_refresh_remainder"": 8, ""step_refresh_remainder_prompt"": 64}"
dllmcache,45,86,220,1,1,1,10.55,"{""dllmc_v_rate"": 0.25, ""step_refresh_remainder"": 8, ""step_refresh_remainder_prompt"": 64}"
dllmcache,45,88,225,1,1,1,10.55,"{""dllmc_v_rate"": 0.25, ""step_refresh_remainder"": 8, ""step_refresh_remainder_prompt"": 64}"
dllmcache,48,2,5,1,1,1,9.54,"{""dllmc_v_rate"": 0.25, ""step_refresh_remainder"": 8, ""step_refresh_remainder_prompt"": 64}"
dllmcache,48,4,10,1,1,1,9.54,"{""dllmc_v_rate"": 0.25, ""step_refresh_remainder"": 8, ""step_refresh_remainder_prompt"": 64}"
dllmcache,48,6,15,1,1,1,9.54,"{""dllmc_v_rate"": 0.25, ""step_refresh_remainder"": 8, ""step_refresh_remainder_prompt"": 64}"
dllmcache,48,8,20,1,1,1,9.55,"{""dllmc_v_rate"": 0.25, ""step_refresh_remainder"": 8, ""step_refresh_remainder_prompt"": 64}"
dllmcache,48,12,31,1,1,1,9.54,"{""dllmc_v_rate"": 0.25, ""step_refresh_remainder"": 8, ""step_refresh_remainder_prompt"": 64}"
dllmcache,48,14,36,1,1,1,9.54,"{""dllmc_v_rate"": 0.25, ""step_refresh_remainder"": 8, ""step_refresh_remainder_prompt"": 64}"
dllmcache,48,16,41,1,1,1,9.54,"{""dllmc_v_rate"": 0.25, ""step_refresh_remainder"": 8, ""step_refresh_remainder_prompt"": 64}"
dllmcache,48,18,46,1,1,1,9.54,"{""dllmc_v_rate"": 0.25, ""step_refresh_remainder"": 8, ""step_refresh_remainder_prompt"": 64}"
dllmcache,48,22,56,1,1,1,9.55,"{""dllmc_v_rate"": 0.25, ""step_refresh_remainder"": 8, ""step_refresh_remainder_prompt"": 64}"
dllmcache,48,24,61,1,1,1,9.54,"{""dllmc_v_rate"": 0.25, ""step_refresh_remainder"": 8, ""step_refresh_remainder_prompt"": 64}"
dllmcache,48,26,67,1,1,1,9.54,"{""dllmc_v_rate"": 0.25, ""step_refresh_remainder"": 8, ""step_refresh_remainder_prompt"": 64}"
dllmcache,48,28,72,1,1,1,9.54,"{""dllmc_v_rate"": 0.25, ""step_refresh_remainder"": 8, ""step_refresh_remainder_prompt"": 64}"
dllmcache,48,32,82,1,1,1,9.54,"{""dllmc_v_rate"": 0.25, ""step_refresh_remainder"": 8, ""step_refresh_remainder_prompt"": 64}"
dllmcache,48,34,87,1,1,1,9.54,"{""dllmc_v_rate"": 0.25, ""step_refresh_remainder"": 8, ""step_refresh_remainder_prompt"": 64}"
dllmcache,48,36,92,1,1,1,9.54,"{""dllmc_v_rate"": 0.25, ""step_refresh_remainder"": 8, ""step_refresh_remainder_prompt"": 64}"
dllmcache,48,38,97,1,1,1,9.54,"{""dllmc_v_rate"": 0.25, ""step_refresh_remainder"": 8, ""step_refresh_remainder_prompt"": 64}"
dllmcache,48,42,108,1,1,1,9.54,"{""dllmc_v_rate"": 0.25, ""step_refresh_remainder"": 8, ""step_refresh_remainder_prompt"": 64}"
dllmcache,48,44,113,1,1,1,9.54,"{""dllmc_v_rate"": 0.25, ""step_refresh_remainder"": 8, ""step_refresh_remainder_prompt"": 64}"
dllmcache,48,46,118,1,1,1,9.55,"{""dllmc_v_rate"": 0.25, ""step_refresh_remainder"": 8, ""step_refresh_remainder_prompt"": 64}"
dllmcache,48,48,123,1,1,1,9.54,"{""dllmc_v_rate"": 0.25, ""step_refresh_remainder"": 8, ""step_refresh_remainder_prompt"": 64}"
dllmcache,48,52,133,1,1,1,9.53,"{""dllmc_v_rate"": 0.25, ""step_refresh_remainder"": 8, ""step_refresh_remainder_prompt"": 64}"
dllmcache,48,54,138,1,1,1,9.54,"{""dllmc_v_rate"": 0.25, ""step_refresh_remainder"": 8, ""step_refresh_remainder_prompt"": 64}"
dllmcache,48,56,143,1,1,1,9.53,"{""dllmc_v_rate"": 0.25, ""step_refresh_remainder"": 8, ""step_refresh_remainder_prompt"": 64}"
dllmcache,48,58,148,1,1,1,9.54,"{""dllmc_v_rate"": 0.25, ""step_refresh_remainder"": 8, ""step_refresh_remainder_prompt"": 64}"
dllmcache,48,62,159,1,1,1,9.53,"{""dllmc_v_rate"": 0.25, ""step_refresh_remainder"": 8, ""step_refresh_remainder_prompt"": 64}"
dllmcache,48,64,164,1,1,1,9.53,"{""dllmc_v_rate"": 0.25, ""step_refresh_remainder"": 8, ""step_refresh_remainder_prompt"": 64}"
dllmcache,48,66,169,1,1,1,9.53,"{""dllmc_v_rate"": 0.25, ""step_refresh_remainder"": 8, ""step_refresh_remainder_prompt"": 64}"
dllmcache,48,68,174,1,1,1,9.53,"{""dllmc_v_rate"": 0.25, ""step_refresh_remainder"": 8, ""step_refresh_remainder_prompt"": 64}"
dllmcache,48,72,184,1,1,1,9.54,"{""dllmc_v_rate"": 0.25, ""step_refresh_remainder"": 8, ""step_refresh_remainder_prompt"": 64}"
dllmcache,48,74,189,1,1,1,9.54,"{""dllmc_v_rate"": 0.25, ""step_refresh_remainder"": 8, ""step_refresh_remainder_prompt"": 64}"
dllmcache,48,76,195,1,1,1,9.54,"{""dllmc_v_rate"": 0.25, ""step_refresh_remainder"": 8, ""step_refresh_remainder_prompt"": 64}"
dllmcache,48,78,200,1,1,1,9.53,"{""dllmc_v_rate"": 0.25, ""step_refresh_remainder"": 8, ""step_refresh_remainder_prompt"": 64}"
dllmcache,48,82,210,1,1,1,9.54,"{""dllmc_v_rate"": 0.25, ""step_refresh_remainder"": 8, ""step_refresh_remainder_prompt"": 64}"
dllmcache,48,84,215,1,1,1,9.53,"{""dllmc_v_rate"": 0.25, ""step_refresh_remainder"": 8, ""step_refresh_remainder_prompt"": 64}"
dllmcache,48,86,220,1,1,1,9.54,"{""dllmc_v_rate"": 0.25, ""step_refresh_remainder"": 8, ""step_refresh_remainder_prompt"": 64}"
dllmcache,48,88,225,1,1,1,9.54,"{""dllmc_v_rate"": 0.25, ""step_refresh_remainder"": 8, ""step_refresh_remainder_prompt"": 64}"
dllmcache,49,2,5,1,1,1,9.74,"{""dllmc_v_rate"": 0.25, ""step_refresh_remainder"": 8, ""step_refresh_remainder_prompt"": 64}"
dllmcache,49,4,10,1,1,1,9.74,"{""dllmc_v_rate"": 0.25, ""step_refresh_remainder"": 8, ""step_refresh_remainder_prompt"": 64}"
dllmcache,49,6,15,1,1,1,9.74,"{""dllmc_v_rate"": 0.25, ""step_refresh_remainder"": 8, ""step_refresh_remainder_prompt"": 64}"
dllmcache,49,8,20,1,1,1,9.74,"{""dllmc_v_rate"": 0.25, ""step_refresh_remainder"": 8, ""step_refresh_remainder_prompt"": 64}"
dllmcache,49,12,31,1,1,1,9.74,"{""dllmc_v_rate"": 0.25, ""step_refresh_remainder"": 8, ""step_refresh_remainder_prompt"": 64}"
dllmcache,49,14,36,1,1,1,9.74,"{""dllmc_v_rate"": 0.25, ""step_refresh_remainder"": 8, ""step_refresh_remainder_prompt"": 64}"
dllmcache,49,16,41,1,1,1,9.74,"{""dllmc_v_rate"": 0.25, ""step_refresh_remainder"": 8, ""step_refresh_remainder_prompt"": 64}"
dllmcache,49,18,46,1,1,1,9.74,"{""dllmc_v_rate"": 0.25, ""step_refresh_remainder"": 8, ""step_refresh_remainder_prompt"": 64}"
dllmcache,49,22,56,1,1,1,9.74,"{""dllmc_v_rate"": 0.25, ""step_refresh_remainder"": 8, ""step_refresh_remainder_prompt"": 64}"
dllmcache,49,24,61,1,1,1,9.74,"{""dllmc_v_rate"": 0.25, ""step_refresh_remainder"": 8, ""step_refresh_remainder_prompt"": 64}"
dllmcache,49,26,67,1,1,1,9.74,"{""dllmc_v_rate"": 0.25, ""step_refresh_remainder"": 8, ""step_refresh_remainder_prompt"": 64}"
dllmcache,49,28,72,1,1,1,9.75,"{""dllmc_v_rate"": 0.25, ""step_refresh_remainder"": 8, ""step_refresh_remainder_prompt"": 64}"
dllmcache,49,32,82,1,1,1,9.76,"{""dllmc_v_rate"": 0.25, ""step_refresh_remainder"": 8, ""step_refresh_remainder_prompt"": 64}"
dllmcache,49,34,87,1,1,1,9.76,"{""dllmc_v_rate"": 0.25, ""step_refresh_remainder"": 8, ""step_refresh_remainder_prompt"": 64}"
dllmcache,49,36,92,1,1,1,9.75,"{""dllmc_v_rate"": 0.25, ""step_refresh_remainder"": 8, ""step_refresh_remainder_prompt"": 64}"
dllmcache,49,38,97,1,1,1,9.75,"{""dllmc_v_rate"": 0.25, ""step_refresh_remainder"": 8, ""step_refresh_remainder_prompt"": 64}"
dllmcache,49,42,108,1,1,1,9.75,"{""dllmc_v_rate"": 0.25, ""step_refresh_remainder"": 8, ""step_refresh_remainder_prompt"": 64}"
dllmcache,49,44,113,1,1,1,9.75,"{""dllmc_v_rate"": 0.25, ""step_refresh_remainder"": 8, ""step_refresh_remainder_prompt"": 64}"
dllmcache,49,46,118,1,1,1,9.75,"{""dllmc_v_rate"": 0.25, ""step_refresh_remainder"": 8, ""step_refresh_remainder_prompt"": 64}"
dllmcache,49,48,123,1,1,1,9.75,"{""dllmc_v_rate"": 0.25, ""step_refresh_remainder"": 8, ""step_refresh_remainder_prompt"": 64}"
dllmcache,49,52,133,1,1,1,9.75,"{""dllmc_v_rate"": 0.25, ""step_refresh_remainder"": 8, ""step_refresh_remainder_prompt"": 64}"
dllmcache,49,54,138,1,1,1,9.74,"{""dllmc_v_rate"": 0.25, ""step_refresh_remainder"": 8, ""step_refresh_remainder_prompt"": 64}"
dllmcache,49,56,143,1,1,1,9.75,"{""dllmc_v_rate"": 0.25, ""step_refresh_remainder"": 8, ""step_refresh_remainder_prompt"": 64}"
dllmcache,49,58,148,1,1,1,9.75,"{""dllmc_v_rate"": 0.25, ""step_refresh_remainder"": 8, ""step_refresh_remainder_prompt"": 64}"
dllmcache,49,62,159,1,1,1,9.75,"{""dllmc_v_rate"": 0.25, ""step_refresh_remainder"": 8, ""step_refresh_remainder_prompt"": 64}"
dllmcache,49,64,164,1,1,1,9.76,"{""dllmc_v_rate"": 0.25, ""step_refresh_remainder"": 8, ""step_refresh_remainder_prompt"": 64}"
dllmcache,49,66,169,1,1,1,9.76,"{""dllmc_v_rate"": 0.25, ""step_refresh_remainder"": 8, ""step_refresh_remainder_prompt"": 64}"
dllmcache,49,68,174,1,1,1,9.76,"{""dllmc_v_rate"": 0.25, ""step_refresh_remainder"": 8, ""step_refresh_remainder_prompt"": 64}"
dllmcache,49,72,184,1,1,1,9.76,"{""dllmc_v_rate"": 0.25, ""step_refresh_remainder"": 8, ""step_refresh_remainder_prompt"": 64}"
dllmcache,49,74,189,1,1,1,9.75,"{""dllmc_v_rate"": 0.25, ""step_refresh_remainder"": 8, ""step_refresh_remainder_prompt"": 64}"
dllmcache,49,76,195,1,1,1,9.75,"{""dllmc_v_rate"": 0.25, ""step_refresh_remainder"": 8, ""step_refresh_remainder_prompt"": 64}"
dllmcache,49,78,200,1,1,1,9.76,"{""dllmc_v_rate"": 0.25, ""step_refresh_remainder"": 8, ""step_refresh_remainder_prompt"": 64}"
dllmcache,49,82,210,1,1,1,9.75,"{""dllmc_v_rate"": 0.25, ""step_refresh_remainder"": 8, ""step_refresh_remainder_prompt"": 64}"
dllmcache,49,84,215,1,1,1,9.75,"{""dllmc_v_rate"": 0.25, ""step_refresh_remainder"": 8, ""step_refresh_remainder_prompt"": 64}"
dllmcache,49,86,220,1,1,1,9.76,"{""dllmc_v_rate"": 0.25, ""step_refresh_remainder"": 8, ""step_refresh_remainder_prompt"": 64}"
dllmcache,49,88,225,1,1,1,9.76,"{""dllmc_v_rate"": 0.25, ""step_refresh_remainder"": 8, ""step_refresh_remainder_prompt"": 64}"
dllmcache,50,2,5,1,1,1,9.82,"{""dllmc_v_rate"": 0.25, ""step_refresh_remainder"": 8, ""step_refresh_remainder_prompt"": 64}"
dllmcache,50,4,10,1,1,1,9.82,"{""dllmc_v_rate"": 0.25, ""step_refresh_remainder"": 8, ""step_refresh_remainder_prompt"": 64}"
dllmcache,50,6,15,1,1,1,9.82,"{""dllmc_v_rate"": 0.25, ""step_refresh_remainder"": 8, ""step_refresh_remainder_prompt"": 64}"
dllmcache,50,8,20,1,1,1,9.82,"{""dllmc_v_rate"": 0.25, ""step_refresh_remainder"": 8, ""step_refresh_remainder_prompt"": 64}"
dllmcache,50,12,31,1,1,1,9.82,"{""dllmc_v_rate"": 0.25, ""step_refresh_remainder"": 8, ""step_refresh_remainder_prompt"": 64}"
dllmcache,50,14,36,1,1,1,9.82,"{""dllmc_v_rate"": 0.25, ""step_refresh_remainder"": 8, ""step_refresh_remainder_prompt"": 64}"
dllmcache,50,16,41,1,1,1,9.81,"{""dllmc_v_rate"": 0.25, ""step_refresh_remainder"": 8, ""step_refresh_remainder_prompt"": 64}"
dllmcache,50,18,46,1,1,1,9.82,"{""dllmc_v_rate"": 0.25, ""step_refresh_remainder"": 8, ""step_refresh_remainder_prompt"": 64}"
dllmcache,50,22,56,1,1,1,9.81,"{""dllmc_v_rate"": 0.25, ""step_refresh_remainder"": 8, ""step_refresh_remainder_prompt"": 64}"
dllmcache,50,24,61,1,1,1,9.81,"{""dllmc_v_rate"": 0.25, ""step_refresh_remainder"": 8, ""step_refresh_remainder_prompt"": 64}"
dllmcache,50,26,67,1,1,1,9.81,"{""dllmc_v_rate"": 0.25, ""step_refresh_remainder"": 8, ""step_refresh_remainder_prompt"": 64}"
dllmcache,50,28,72,1,1,1,9.81,"{""dllmc_v_rate"": 0.25, ""step_refresh_remainder"": 8, ""step_refresh_remainder_prompt"": 64}"
dllmcache,50,32,82,1,1,1,9.81,"{""dllmc_v_rate"": 0.25, ""step_refresh_remainder"": 8, ""step_refresh_remainder_prompt"": 64}"
dllmcache,50,34,87,1,1,1,9.81,"{""dllmc_v_rate"": 0.25, ""step_refresh_remainder"": 8, ""step_refresh_remainder_prompt"": 64}"
dllmcache,50,36,92,1,1,1,9.81,"{""dllmc_v_rate"": 0.25, ""step_refresh_remainder"": 8, ""step_refresh_remainder_prompt"": 64}"
dllmcache,50,38,97,1,1,1,9.81,"{""dllmc_v_rate"": 0.25, ""step_refresh_remainder"": 8, ""step_refresh_remainder_prompt"": 64}"
dllmcache,50,42,108,1,1,1,9.82,"{""dllmc_v_rate"": 0.25, ""step_refresh_remainder"": 8, ""step_refresh_remainder_prompt"": 64}"
dllmcache,50,44,113,1,1,1,9.81,"{""dllmc_v_rate"": 0.25, ""step_refresh_remainder"": 8, ""step_refresh_remainder_prompt"": 64}"
dllmcache,50,46,118,1,1,1,9.81,"{""dllmc_v_rate"": 0.25, ""step_refresh_remainder"": 8, ""step_refresh_remainder_prompt"": 64}"
dllmcache,50,48,123,1,1,1,9.81,"{""dllmc_v_rate"": 0.25, ""step_refresh_remainder"": 8, ""step_refresh_remainder_prompt"": 64}"
dllmcache,50,52,133,1,1,1,9.82,"{""dllmc_v_rate"": 0.25, ""step_refresh_remainder"": 8, ""step_refresh_remainder_prompt"": 64}"
dllmcache,50,54,138,1,1,1,9.81,"{""dllmc_v_rate"": 0.25, ""step_refresh_remainder"": 8, ""step_refresh_remainder_prompt"": 64}"
dllmcache,50,56,143,1,1,1,9.81,"{""dllmc_v_rate"": 0.25, ""step_refresh_remainder"": 8, ""step_refresh_remainder_prompt"": 64}"
dllmcache,50,58,148,1,1,1,9.81,"{""dllmc_v_rate"": 0.25, ""step_refresh_remainder"": 8, ""step_refresh_remainder_prompt"": 64}"
dllmcache,50,62,159,1,1,1,9.8,"{""dllmc_v_rate"": 0.25, ""step_refresh_remainder"": 8, ""step_refresh_remainder_prompt"": 64}"
dllmcache,50,64,164,1,1,1,9.8,"{""dllmc_v_rate"": 0.25, ""step_refresh_remainder"": 8, ""step_refresh_remainder_prompt"": 64}"
dllmcache,50,66,169,1,1,1,9.8,"{""dllmc_v_rate"": 0.25, ""step_refresh_remainder"": 8, ""step_refresh_remainder_prompt"": 64}"
dllmcache,50,68,174,1,1,1,9.8,"{""dllmc_v_rate"": 0.25, ""step_refresh_remainder"": 8, ""step_refresh_remainder_prompt"": 64}"
dllmcache,50,72,184,1,1,1,9.8,"{""dllmc_v_rate"": 0.25, ""step_refresh_remainder"": 8, ""step_refresh_remainder_prompt"": 64}"
dllmcache,50,74,189,1,1,1,9.8,"{""dllmc_v_rate"": 0.25, ""step_refresh_remainder"": 8, ""step_refresh_remainder_prompt"": 64}"
dllmcache,50,76,195,1,1,1,9.8,"{""dllmc_v_rate"": 0.25, ""step_refresh_remainder"": 8, ""step_refresh_remainder_prompt"": 64}"
dllmcache,50,78,200,1,1,1,9.8,"{""dllmc_v_rate"": 0.25, ""step_refresh_remainder"": 8, ""step_refresh_remainder_prompt"": 64}"
dllmcache,50,82,210,1,1,1,9.81,"{""dllmc_v_rate"": 0.25, ""step_refresh_remainder"": 8, ""step_refresh_remainder_prompt"": 64}"
dllmcache,50,84,215,1,1,1,9.81,"{""dllmc_v_rate"": 0.25, ""step_refresh_remainder"": 8, ""step_refresh_remainder_prompt"": 64}"
dllmcache,50,86,220,1,1,1,9.81,"{""dllmc_v_rate"": 0.25, ""step_refresh_remainder"": 8, ""step_refresh_remainder_prompt"": 64}"
dllmcache,50,88,225,1,1,1,9.81,"{""dllmc_v_rate"": 0.25, ""step_refresh_remainder"": 8, ""step_refresh_remainder_prompt"": 64}"
dllmcache,51,2,5,1,1,1,9.5,"{""dllmc_v_rate"": 0.25, ""step_refresh_remainder"": 8, ""step_refresh_remainder_prompt"": 64}"
dllmcache,51,4,10,0,0,0,9.5,"{""dllmc_v_rate"": 0.25, ""step_refresh_remainder"": 8, ""step_refresh_remainder_prompt"": 64}"
dllmcache,51,6,15,1,1,0,9.5,"{""dllmc_v_rate"": 0.25, ""step_refresh_remainder"": 8, ""step_refresh_remainder_prompt"": 64}"
dllmcache,51,8,20,1,1,1,9.49,"{""dllmc_v_rate"": 0.25, ""step_refresh_remainder"": 8, ""step_refresh_remainder_prompt"": 64}"
dllmcache,51,12,31,0,0,1,9.5,"{""dllmc_v_rate"": 0.25, ""step_refresh_remainder"": 8, ""step_refresh_remainder_prompt"": 64}"
dllmcache,51,14,36,0,1,0,9.5,"{""dllmc_v_rate"": 0.25, ""step_refresh_remainder"": 8, ""step_refresh_remainder_prompt"": 64}"
dllmcache,51,16,41,0,0,1,9.5,"{""dllmc_v_rate"": 0.25, ""step_refresh_remainder"": 8, ""step_refresh_remainder_prompt"": 64}"
dllmcache,51,18,46,1,1,1,9.5,"{""dllmc_v_rate"": 0.25, ""step_refresh_remainder"": 8, ""step_refresh_remainder_prompt"": 64}"
dllmcache,51,22,56,1,1,1,9.51,"{""dllmc_v_rate"": 0.25, ""step_refresh_remainder"": 8, ""step_refresh_remainder_prompt"": 64}"
dllmcache,51,24,61,1,1,1,9.5,"{""dllmc_v_rate"": 0.25, ""step_refresh_remainder"": 8, ""step_refresh_remainder_prompt"": 64}"
dllmcache,51,26,67,1,1,1,9.51,"{""dllmc_v_rate"": 0.25, ""step_refresh_remainder"": 8, ""step_refresh_remainder_prompt"": 64}"
dllmcache,51,28,72,1,1,1,9.5,"{""dllmc_v_rate"": 0.25, ""step_refresh_remainder"": 8, ""step_refresh_remainder_prompt"": 64}"
dllmcache,51,32,82,1,1,1,9.51,"{""dllmc_v_rate"": 0.25, ""step_refresh_remainder"": 8, ""step_refresh_remainder_prompt"": 64}"
dllmcache,51,34,87,1,1,1,9.51,"{""dllmc_v_rate"": 0.25, ""step_refresh_remainder"": 8, ""step_refresh_remainder_prompt"": 64}"
dllmcache,51,36,92,1,1,1,9.5,"{""dllmc_v_rate"": 0.25, ""step_refresh_remainder"": 8, ""step_refresh_remainder_prompt"": 64}"
dllmcache,51,38,97,1,1,1,9.51,"{""dllmc_v_rate"": 0.25, ""step_refresh_remainder"": 8, ""step_refresh_remainder_prompt"": 64}"
dllmcache,51,42,108,1,1,1,9.51,"{""dllmc_v_rate"": 0.25, ""step_refresh_remainder"": 8, ""step_refresh_remainder_prompt"": 64}"
dllmcache,51,44,113,1,1,1,9.5,"{""dllmc_v_rate"": 0.25, ""step_refresh_remainder"": 8, ""step_refresh_remainder_prompt"": 64}"
dllmcache,51,46,118,1,1,1,9.51,"{""dllmc_v_rate"": 0.25, ""step_refresh_remainder"": 8, ""step_refresh_remainder_prompt"": 64}"
dllmcache,51,48,123,1,1,1,9.5,"{""dllmc_v_rate"": 0.25, ""step_refresh_remainder"": 8, ""step_refresh_remainder_prompt"": 64}"
dllmcache,51,52,133,1,1,1,9.5,"{""dllmc_v_rate"": 0.25, ""step_refresh_remainder"": 8, ""step_refresh_remainder_prompt"": 64}"
dllmcache,51,54,138,1,1,1,9.5,"{""dllmc_v_rate"": 0.25, ""step_refresh_remainder"": 8, ""step_refresh_remainder_prompt"": 64}"
dllmcache,51,56,143,1,1,1,9.5,"{""dllmc_v_rate"": 0.25, ""step_refresh_remainder"": 8, ""step_refresh_remainder_prompt"": 64}"
dllmcache,51,58,148,1,1,1,9.5,"{""dllmc_v_rate"": 0.25, ""step_refresh_remainder"": 8, ""step_refresh_remainder_prompt"": 64}"
dllmcache,51,62,159,1,1,1,9.5,"{""dllmc_v_rate"": 0.25, ""step_refresh_remainder"": 8, ""step_refresh_remainder_prompt"": 64}"
dllmcache,51,64,164,1,1,1,9.5,"{""dllmc_v_rate"": 0.25, ""step_refresh_remainder"": 8, ""step_refresh_remainder_prompt"": 64}"
dllmcache,51,66,169,1,1,1,9.5,"{""dllmc_v_rate"": 0.25, ""step_refresh_remainder"": 8, ""step_refresh_remainder_prompt"": 64}"
dllmcache,51,68,174,1,1,1,9.51,"{""dllmc_v_rate"": 0.25, ""step_refresh_remainder"": 8, ""step_refresh_remainder_prompt"": 64}"
dllmcache,51,72,184,1,1,1,9.51,"{""dllmc_v_rate"": 0.25, ""step_refresh_remainder"": 8, ""step_refresh_remainder_prompt"": 64}"
dllmcache,51,74,189,1,1,1,9.5,"{""dllmc_v_rate"": 0.25, ""step_refresh_remainder"": 8, ""step_refresh_remainder_prompt"": 64}"
dllmcache,51,76,195,1,1,1,9.5,"{""dllmc_v_rate"": 0.25, ""step_refresh_remainder"": 8, ""step_refresh_remainder_prompt"": 64}"
dllmcache,51,78,200,1,1,1,9.5,"{""dllmc_v_rate"": 0.25, ""step_refresh_remainder"": 8, ""step_refresh_remainder_prompt"": 64}"
dllmcache,51,82,210,1,1,1,9.5,"{""dllmc_v_rate"": 0.25, ""step_refresh_remainder"": 8, ""step_refresh_remainder_prompt"": 64}"
dllmcache,51,84,215,1,1,1,9.5,"{""dllmc_v_rate"": 0.25, ""step_refresh_remainder"": 8, ""step_refresh_remainder_prompt"": 64}"
dllmcache,51,86,220,1,1,1,9.5,"{""dllmc_v_rate"": 0.25, ""step_refresh_remainder"": 8, ""step_refresh_remainder_prompt"": 64}"
dllmcache,51,88,225,1,1,1,9.5,"{""dllmc_v_rate"": 0.25, ""step_refresh_remainder"": 8, ""step_refresh_remainder_prompt"": 64}"
dllmcache,52,2,5,1,1,1,9.56,"{""dllmc_v_rate"": 0.25, ""step_refresh_remainder"": 8, ""step_refresh_remainder_prompt"": 64}"
dllmcache,52,4,10,1,1,1,9.56,"{""dllmc_v_rate"": 0.25, ""step_refresh_remainder"": 8, ""step_refresh_remainder_prompt"": 64}"
dllmcache,52,6,15,0,0,1,9.56,"{""dllmc_v_rate"": 0.25, ""step_refresh_remainder"": 8, ""step_refresh_remainder_prompt"": 64}"
dllmcache,52,8,20,1,1,1,9.56,"{""dllmc_v_rate"": 0.25, ""step_refresh_remainder"": 8, ""step_refresh_remainder_prompt"": 64}"
dllmcache,52,12,31,1,1,1,9.56,"{""dllmc_v_rate"": 0.25, ""step_refresh_remainder"": 8, ""step_refresh_remainder_prompt"": 64}"
dllmcache,52,14,36,1,1,1,9.55,"{""dllmc_v_rate"": 0.25, ""step_refresh_remainder"": 8, ""step_refresh_remainder_prompt"": 64}"
dllmcache,52,16,41,1,1,1,9.55,"{""dllmc_v_rate"": 0.25, ""step_refresh_remainder"": 8, ""step_refresh_remainder_prompt"": 64}"
dllmcache,52,18,46,1,1,1,9.56,"{""dllmc_v_rate"": 0.25, ""step_refresh_remainder"": 8, ""step_refresh_remainder_prompt"": 64}"
dllmcache,52,22,56,1,1,1,9.56,"{""dllmc_v_rate"": 0.25, ""step_refresh_remainder"": 8, ""step_refresh_remainder_prompt"": 64}"
dllmcache,52,24,61,1,1,1,9.56,"{""dllmc_v_rate"": 0.25, ""step_refresh_remainder"": 8, ""step_refresh_remainder_prompt"": 64}"
dllmcache,52,26,67,1,1,1,9.55,"{""dllmc_v_rate"": 0.25, ""step_refresh_remainder"": 8, ""step_refresh_remainder_prompt"": 64}"
dllmcache,52,28,72,1,1,1,9.56,"{""dllmc_v_rate"": 0.25, ""step_refresh_remainder"": 8, ""step_refresh_remainder_prompt"": 64}"
dllmcache,52,32,82,1,1,1,9.56,"{""dllmc_v_rate"": 0.25, ""step_refresh_remainder"": 8, ""step_refresh_remainder_prompt"": 64}"
dllmcache,52,34,87,1,1,1,9.56,"{""dllmc_v_rate"": 0.25, ""step_refresh_remainder"": 8, ""step_refresh_remainder_prompt"": 64}"
dllmcache,52,36,92,1,1,1,9.56,"{""dllmc_v_rate"": 0.25, ""step_refresh_remainder"": 8, ""step_refresh_remainder_prompt"": 64}"
dllmcache,52,38,97,1,1,1,9.56,"{""dllmc_v_rate"": 0.25, ""step_refresh_remainder"": 8, ""step_refresh_remainder_prompt"": 64}"
dllmcache,52,42,108,1,1,1,9.56,"{""dllmc_v_rate"": 0.25, ""step_refresh_remainder"": 8, ""step_refresh_remainder_prompt"": 64}"
dllmcache,52,44,113,1,1,1,9.56,"{""dllmc_v_rate"": 0.25, ""step_refresh_remainder"": 8, ""step_refresh_remainder_prompt"": 64}"
dllmcache,52,46,118,1,1,1,9.56,"{""dllmc_v_rate"": 0.25, ""step_refresh_remainder"": 8, ""step_refresh_remainder_prompt"": 64}"
dllmcache,52,48,123,1,1,1,9.56,"{""dllmc_v_rate"": 0.25, ""step_refresh_remainder"": 8, ""step_refresh_remainder_prompt"": 64}"
dllmcache,52,52,133,1,1,1,9.56,"{""dllmc_v_rate"": 0.25, ""step_refresh_remainder"": 8, ""step_refresh_remainder_prompt"": 64}"
dllmcache,52,54,138,1,1,1,9.55,"{""dllmc_v_rate"": 0.25, ""step_refresh_remainder"": 8, ""step_refresh_remainder_prompt"": 64}"
dllmcache,52,56,143,1,1,1,9.56,"{""dllmc_v_rate"": 0.25, ""step_refresh_remainder"": 8, ""step_refresh_remainder_prompt"": 64}"
dllmcache,52,58,148,1,1,1,9.55,"{""dllmc_v_rate"": 0.25, ""step_refresh_remainder"": 8, ""step_refresh_remainder_prompt"": 64}"
dllmcache,52,62,159,1,1,1,9.56,"{""dllmc_v_rate"": 0.25, ""step_refresh_remainder"": 8, ""step_refresh_remainder_prompt"": 64}"
dllmcache,52,64,164,1,1,1,9.56,"{""dllmc_v_rate"": 0.25, ""step_refresh_remainder"": 8, ""step_refresh_remainder_prompt"": 64}"
dllmcache,52,66,169,1,1,1,9.56,"{""dllmc_v_rate"": 0.25, ""step_refresh_remainder"": 8, ""step_refresh_remainder_prompt"": 64}"
dllmcache,52,68,174,1,1,1,9.56,"{""dllmc_v_rate"": 0.25, ""step_refresh_remainder"": 8, ""step_refresh_remainder_prompt"": 64}"
dllmcache,52,72,184,1,1,1,9.56,"{""dllmc_v_rate"": 0.25, ""step_refresh_remainder"": 8, ""step_refresh_remainder_prompt"": 64}"
dllmcache,52,74,189,1,1,1,9.55,"{""dllmc_v_rate"": 0.25, ""step_refresh_remainder"": 8, ""step_refresh_remainder_prompt"": 64}"
dllmcache,52,76,195,1,1,1,9.55,"{""dllmc_v_rate"": 0.25, ""step_refresh_remainder"": 8, ""step_refresh_remainder_prompt"": 64}"
dllmcache,52,78,200,1,1,1,9.55,"{""dllmc_v_rate"": 0.25, ""step_refresh_remainder"": 8, ""step_refresh_remainder_prompt"": 64}"
dllmcache,52,82,210,1,1,1,9.56,"{""dllmc_v_rate"": 0.25, ""step_refresh_remainder"": 8, ""step_refresh_remainder_prompt"": 64}"
dllmcache,52,84,215,1,1,1,9.56,"{""dllmc_v_rate"": 0.25, ""step_refresh_remainder"": 8, ""step_refresh_remainder_prompt"": 64}"
dllmcache,52,86,220,1,1,1,9.56,"{""dllmc_v_rate"": 0.25, ""step_refresh_remainder"": 8, ""step_refresh_remainder_prompt"": 64}"
dllmcache,52,88,225,1,1,1,9.55,"{""dllmc_v_rate"": 0.25, ""step_refresh_remainder"": 8, ""step_refresh_remainder_prompt"": 64}"
dllmcache,53,2,5,1,1,1,11.49,"{""dllmc_v_rate"": 0.25, ""step_refresh_remainder"": 8, ""step_refresh_remainder_prompt"": 64}"
dllmcache,53,4,10,1,1,1,11.5,"{""dllmc_v_rate"": 0.25, ""step_refresh_remainder"": 8, ""step_refresh_remainder_prompt"": 64}"
dllmcache,53,6,15,1,1,1,11.5,"{""dllmc_v_rate"": 0.25, ""step_refresh_remainder"": 8, ""step_refresh_remainder_prompt"": 64}"
dllmcache,53,8,20,1,1,1,11.5,"{""dllmc_v_rate"": 0.25, ""step_refresh_remainder"": 8, ""step_refresh_remainder_prompt"": 64}"
dllmcache,53,12,31,1,1,1,11.5,"{""dllmc_v_rate"": 0.25, ""step_refresh_remainder"": 8, ""step_refresh_remainder_prompt"": 64}"
dllmcache,53,14,36,1,1,1,11.51,"{""dllmc_v_rate"": 0.25, ""step_refresh_remainder"": 8, ""step_refresh_remainder_prompt"": 64}"
dllmcache,53,16,41,1,1,1,11.5,"{""dllmc_v_rate"": 0.25, ""step_refresh_remainder"": 8, ""step_refresh_remainder_prompt"": 64}"
dllmcache,53,18,46,0,0,1,11.5,"{""dllmc_v_rate"": 0.25, ""step_refresh_remainder"": 8, ""step_refresh_remainder_prompt"": 64}"
dllmcache,53,22,56,0,0,1,11.51,"{""dllmc_v_rate"": 0.25, ""step_refresh_remainder"": 8, ""step_refresh_remainder_prompt"": 64}"
dllmcache,53,24,61,1,1,1,11.51,"{""dllmc_v_rate"": 0.25, ""step_refresh_remainder"": 8, ""step_refresh_remainder_prompt"": 64}"
dllmcache,53,26,67,1,1,1,11.51,"{""dllmc_v_rate"": 0.25, ""step_refresh_remainder"": 8, ""step_refresh_remainder_prompt"": 64}"
dllmcache,53,28,72,1,1,1,11.51,"{""dllmc_v_rate"": 0.25, ""step_refresh_remainder"": 8, ""step_refresh_remainder_prompt"": 64}"
dllmcache,53,32,82,1,1,1,11.5,"{""dllmc_v_rate"": 0.25, ""step_refresh_remainder"": 8, ""step_refresh_remainder_prompt"": 64}"
dllmcache,53,34,87,1,1,1,11.5,"{""dllmc_v_rate"": 0.25, ""step_refresh_remainder"": 8, ""step_refresh_remainder_prompt"": 64}"
dllmcache,53,36,92,1,1,1,11.49,"{""dllmc_v_rate"": 0.25, ""step_refresh_remainder"": 8, ""step_refresh_remainder_prompt"": 64}"
dllmcache,53,38,97,1,1,1,11.49,"{""dllmc_v_rate"": 0.25, ""step_refresh_remainder"": 8, ""step_refresh_remainder_prompt"": 64}"
dllmcache,53,42,108,1,1,1,11.49,"{""dllmc_v_rate"": 0.25, ""step_refresh_remainder"": 8, ""step_refresh_remainder_prompt"": 64}"
dllmcache,53,44,113,1,1,1,11.5,"{""dllmc_v_rate"": 0.25, ""step_refresh_remainder"": 8, ""step_refresh_remainder_prompt"": 64}"
dllmcache,53,46,118,1,1,1,11.5,"{""dllmc_v_rate"": 0.25, ""step_refresh_remainder"": 8, ""step_refresh_remainder_prompt"": 64}"
dllmcache,53,48,123,0,0,1,11.49,"{""dllmc_v_rate"": 0.25, ""step_refresh_remainder"": 8, ""step_refresh_remainder_prompt"": 64}"
dllmcache,53,52,133,1,1,1,11.49,"{""dllmc_v_rate"": 0.25, ""step_refresh_remainder"": 8, ""step_refresh_remainder_prompt"": 64}"
dllmcache,53,54,138,1,1,1,11.5,"{""dllmc_v_rate"": 0.25, ""step_refresh_remainder"": 8, ""step_refresh_remainder_prompt"": 64}"
dllmcache,53,56,143,1,1,1,11.5,"{""dllmc_v_rate"": 0.25, ""step_refresh_remainder"": 8, ""step_refresh_remainder_prompt"": 64}"
dllmcache,53,58,148,1,1,1,11.5,"{""dllmc_v_rate"": 0.25, ""step_refresh_remainder"": 8, ""step_refresh_remainder_prompt"": 64}"
dllmcache,53,62,159,1,1,1,11.5,"{""dllmc_v_rate"": 0.25, ""step_refresh_remainder"": 8, ""step_refresh_remainder_prompt"": 64}"
dllmcache,53,64,164,1,1,1,11.5,"{""dllmc_v_rate"": 0.25, ""step_refresh_remainder"": 8, ""step_refresh_remainder_prompt"": 64}"
dllmcache,53,66,169,1,1,1,11.5,"{""dllmc_v_rate"": 0.25, ""step_refresh_remainder"": 8, ""step_refresh_remainder_prompt"": 64}"
dllmcache,53,68,174,1,1,1,11.5,"{""dllmc_v_rate"": 0.25, ""step_refresh_remainder"": 8, ""step_refresh_remainder_prompt"": 64}"
dllmcache,53,72,184,1,1,1,11.5,"{""dllmc_v_rate"": 0.25, ""step_refresh_remainder"": 8, ""step_refresh_remainder_prompt"": 64}"
dllmcache,53,74,189,1,1,1,11.5,"{""dllmc_v_rate"": 0.25, ""step_refresh_remainder"": 8, ""step_refresh_remainder_prompt"": 64}"
dllmcache,53,76,195,1,1,1,11.5,"{""dllmc_v_rate"": 0.25, ""step_refresh_remainder"": 8, ""step_refresh_remainder_prompt"": 64}"
dllmcache,53,78,200,1,1,1,11.5,"{""dllmc_v_rate"": 0.25, ""step_refresh_remainder"": 8, ""step_refresh_remainder_prompt"": 64}"
dllmcache,53,82,210,1,1,1,11.49,"{""dllmc_v_rate"": 0.25, ""step_refresh_remainder"": 8, ""step_refresh_remainder_prompt"": 64}"
dllmcache,53,84,215,1,1,1,11.49,"{""dllmc_v_rate"": 0.25, ""step_refresh_remainder"": 8, ""step_refresh_remainder_prompt"": 64}"
dllmcache,53,86,220,1,1,1,11.49,"{""dllmc_v_rate"": 0.25, ""step_refresh_remainder"": 8, ""step_refresh_remainder_prompt"": 64}"
dllmcache,53,88,225,1,1,1,11.49,"{""dllmc_v_rate"": 0.25, ""step_refresh_remainder"": 8, ""step_refresh_remainder_prompt"": 64}"
dllmcache,55,2,5,1,1,1,10.48,"{""dllmc_v_rate"": 0.25, ""step_refresh_remainder"": 8, ""step_refresh_remainder_prompt"": 64}"
dllmcache,55,4,10,0,1,0,10.48,"{""dllmc_v_rate"": 0.25, ""step_refresh_remainder"": 8, ""step_refresh_remainder_prompt"": 64}"
dllmcache,55,6,15,1,1,1,10.48,"{""dllmc_v_rate"": 0.25, ""step_refresh_remainder"": 8, ""step_refresh_remainder_prompt"": 64}"
dllmcache,55,8,20,0,1,0,10.49,"{""dllmc_v_rate"": 0.25, ""step_refresh_remainder"": 8, ""step_refresh_remainder_prompt"": 64}"
dllmcache,55,12,31,1,1,1,10.49,"{""dllmc_v_rate"": 0.25, ""step_refresh_remainder"": 8, ""step_refresh_remainder_prompt"": 64}"
dllmcache,55,14,36,1,1,1,10.49,"{""dllmc_v_rate"": 0.25, ""step_refresh_remainder"": 8, ""step_refresh_remainder_prompt"": 64}"
dllmcache,55,16,41,1,1,1,10.49,"{""dllmc_v_rate"": 0.25, ""step_refresh_remainder"": 8, ""step_refresh_remainder_prompt"": 64}"
dllmcache,55,18,46,1,1,1,10.5,"{""dllmc_v_rate"": 0.25, ""step_refresh_remainder"": 8, ""step_refresh_remainder_prompt"": 64}"
dllmcache,55,22,56,1,1,1,10.49,"{""dllmc_v_rate"": 0.25, ""step_refresh_remainder"": 8, ""step_refresh_remainder_prompt"": 64}"
dllmcache,55,24,61,1,1,1,10.5,"{""dllmc_v_rate"": 0.25, ""step_refresh_remainder"": 8, ""step_refresh_remainder_prompt"": 64}"
dllmcache,55,26,67,1,1,1,10.49,"{""dllmc_v_rate"": 0.25, ""step_refresh_remainder"": 8, ""step_refresh_remainder_prompt"": 64}"
dllmcache,55,28,72,1,1,1,10.49,"{""dllmc_v_rate"": 0.25, ""step_refresh_remainder"": 8, ""step_refresh_remainder_prompt"": 64}"
dllmcache,55,32,82,1,1,1,10.49,"{""dllmc_v_rate"": 0.25, ""step_refresh_remainder"": 8, ""step_refresh_remainder_prompt"": 64}"
dllmcache,55,34,87,1,1,1,10.5,"{""dllmc_v_rate"": 0.25, ""step_refresh_remainder"": 8, ""step_refresh_remainder_prompt"": 64}"
dllmcache,55,36,92,1,1,1,10.5,"{""dllmc_v_rate"": 0.25, ""step_refresh_remainder"": 8, ""step_refresh_remainder_prompt"": 64}"
dllmcache,55,38,97,1,1,1,10.5,"{""dllmc_v_rate"": 0.25, ""step_refresh_remainder"": 8, ""step_refresh_remainder_prompt"": 64}"
dllmcache,55,42,108,1,1,1,10.5,"{""dllmc_v_rate"": 0.25, ""step_refresh_remainder"": 8, ""step_refresh_remainder_prompt"": 64}"
dllmcache,55,44,113,1,1,1,10.5,"{""dllmc_v_rate"": 0.25, ""step_refresh_remainder"": 8, ""step_refresh_remainder_prompt"": 64}"
dllmcache,55,46,118,1,1,1,10.5,"{""dllmc_v_rate"": 0.25, ""step_refresh_remainder"": 8, ""step_refresh_remainder_prompt"": 64}"
dllmcache,55,48,123,1,1,1,10.5,"{""dllmc_v_rate"": 0.25, ""step_refresh_remainder"": 8, ""step_refresh_remainder_prompt"": 64}"
dllmcache,55,52,133,1,1,1,10.5,"{""dllmc_v_rate"": 0.25, ""step_refresh_remainder"": 8, ""step_refresh_remainder_prompt"": 64}"
dllmcache,55,54,138,1,1,1,10.5,"{""dllmc_v_rate"": 0.25, ""step_refresh_remainder"": 8, ""step_refresh_remainder_prompt"": 64}"
dllmcache,55,56,143,1,1,1,10.5,"{""dllmc_v_rate"": 0.25, ""step_refresh_remainder"": 8, ""step_refresh_remainder_prompt"": 64}"
dllmcache,55,58,148,1,1,1,10.5,"{""dllmc_v_rate"": 0.25, ""step_refresh_remainder"": 8, ""step_refresh_remainder_prompt"": 64}"
dllmcache,55,62,159,1,1,1,10.5,"{""dllmc_v_rate"": 0.25, ""step_refresh_remainder"": 8, ""step_refresh_remainder_prompt"": 64}"
dllmcache,55,64,164,1,1,1,10.5,"{""dllmc_v_rate"": 0.25, ""step_refresh_remainder"": 8, ""step_refresh_remainder_prompt"": 64}"
dllmcache,55,66,169,1,1,1,10.5,"{""dllmc_v_rate"": 0.25, ""step_refresh_remainder"": 8, ""step_refresh_remainder_prompt"": 64}"
dllmcache,55,68,174,1,1,1,10.5,"{""dllmc_v_rate"": 0.25, ""step_refresh_remainder"": 8, ""step_refresh_remainder_prompt"": 64}"
dllmcache,55,72,184,1,1,1,10.5,"{""dllmc_v_rate"": 0.25, ""step_refresh_remainder"": 8, ""step_refresh_remainder_prompt"": 64}"
dllmcache,55,74,189,1,1,1,10.5,"{""dllmc_v_rate"": 0.25, ""step_refresh_remainder"": 8, ""step_refresh_remainder_prompt"": 64}"
dllmcache,55,76,195,1,1,1,10.5,"{""dllmc_v_rate"": 0.25, ""step_refresh_remainder"": 8, ""step_refresh_remainder_prompt"": 64}"
dllmcache,55,78,200,1,1,1,10.5,"{""dllmc_v_rate"": 0.25, ""step_refresh_remainder"": 8, ""step_refresh_remainder_prompt"": 64}"
dllmcache,55,82,210,1,1,1,10.5,"{""dllmc_v_rate"": 0.25, ""step_refresh_remainder"": 8, ""step_refresh_remainder_prompt"": 64}"
dllmcache,55,84,215,1,1,1,10.5,"{""dllmc_v_rate"": 0.25, ""step_refresh_remainder"": 8, ""step_refresh_remainder_prompt"": 64}"
dllmcache,55,86,220,1,1,1,10.49,"{""dllmc_v_rate"": 0.25, ""step_refresh_remainder"": 8, ""step_refresh_remainder_prompt"": 64}"
dllmcache,55,88,225,1,1,1,10.49,"{""dllmc_v_rate"": 0.25, ""step_refresh_remainder"": 8, ""step_refresh_remainder_prompt"": 64}"
dllmcache,56,2,5,1,1,1,10.52,"{""dllmc_v_rate"": 0.25, ""step_refresh_remainder"": 8, ""step_refresh_remainder_prompt"": 64}"
dllmcache,56,4,10,1,1,1,10.51,"{""dllmc_v_rate"": 0.25, ""step_refresh_remainder"": 8, ""step_refresh_remainder_prompt"": 64}"
dllmcache,56,6,15,1,1,1,10.51,"{""dllmc_v_rate"": 0.25, ""step_refresh_remainder"": 8, ""step_refresh_remainder_prompt"": 64}"
dllmcache,56,8,20,1,1,1,10.52,"{""dllmc_v_rate"": 0.25, ""step_refresh_remainder"": 8, ""step_refresh_remainder_prompt"": 64}"
dllmcache,56,12,31,1,1,1,10.52,"{""dllmc_v_rate"": 0.25, ""step_refresh_remainder"": 8, ""step_refresh_remainder_prompt"": 64}"
dllmcache,56,14,36,0,1,0,10.53,"{""dllmc_v_rate"": 0.25, ""step_refresh_remainder"": 8, ""step_refresh_remainder_prompt"": 64}"
dllmcache,56,16,41,1,1,1,10.52,"{""dllmc_v_rate"": 0.25, ""step_refresh_remainder"": 8, ""step_refresh_remainder_prompt"": 64}"
dllmcache,56,18,46,1,1,1,10.52,"{""dllmc_v_rate"": 0.25, ""step_refresh_remainder"": 8, ""step_refresh_remainder_prompt"": 64}"
dllmcache,56,22,56,1,1,1,10.52,"{""dllmc_v_rate"": 0.25, ""step_refresh_remainder"": 8, ""step_refresh_remainder_prompt"": 64}"
dllmcache,56,24,61,1,1,1,10.52,"{""dllmc_v_rate"": 0.25, ""step_refresh_remainder"": 8, ""step_refresh_remainder_prompt"": 64}"
dllmcache,56,26,67,1,1,1,10.52,"{""dllmc_v_rate"": 0.25, ""step_refresh_remainder"": 8, ""step_refresh_remainder_prompt"": 64}"
dllmcache,56,28,72,1,1,1,10.52,"{""dllmc_v_rate"": 0.25, ""step_refresh_remainder"": 8, ""step_refresh_remainder_prompt"": 64}"
dllmcache,56,32,82,1,1,1,10.53,"{""dllmc_v_rate"": 0.25, ""step_refresh_remainder"": 8, ""step_refresh_remainder_prompt"": 64}"
dllmcache,56,34,87,1,1,1,10.52,"{""dllmc_v_rate"": 0.25, ""step_refresh_remainder"": 8, ""step_refresh_remainder_prompt"": 64}"
dllmcache,56,36,92,1,1,1,10.52,"{""dllmc_v_rate"": 0.25, ""step_refresh_remainder"": 8, ""step_refresh_remainder_prompt"": 64}"
dllmcache,56,38,97,1,1,1,10.52,"{""dllmc_v_rate"": 0.25, ""step_refresh_remainder"": 8, ""step_refresh_remainder_prompt"": 64}"
dllmcache,56,42,108,1,1,1,10.53,"{""dllmc_v_rate"": 0.25, ""step_refresh_remainder"": 8, ""step_refresh_remainder_prompt"": 64}"
dllmcache,56,44,113,1,1,1,10.53,"{""dllmc_v_rate"": 0.25, ""step_refresh_remainder"": 8, ""step_refresh_remainder_prompt"": 64}"
dllmcache,56,46,118,1,1,1,10.52,"{""dllmc_v_rate"": 0.25, ""step_refresh_remainder"": 8, ""step_refresh_remainder_prompt"": 64}"
dllmcache,56,48,123,1,1,1,10.52,"{""dllmc_v_rate"": 0.25, ""step_refresh_remainder"": 8, ""step_refresh_remainder_prompt"": 64}"
dllmcache,56,52,133,1,1,1,10.53,"{""dllmc_v_rate"": 0.25, ""step_refresh_remainder"": 8, ""step_refresh_remainder_prompt"": 64}"
dllmcache,56,54,138,1,1,1,10.53,"{""dllmc_v_rate"": 0.25, ""step_refresh_remainder"": 8, ""step_refresh_remainder_prompt"": 64}"
dllmcache,56,56,143,1,1,1,10.52,"{""dllmc_v_rate"": 0.25, ""step_refresh_remainder"": 8, ""step_refresh_remainder_prompt"": 64}"
dllmcache,56,58,148,1,1,1,10.52,"{""dllmc_v_rate"": 0.25, ""step_refresh_remainder"": 8, ""step_refresh_remainder_prompt"": 64}"
dllmcache,56,62,159,1,1,1,10.52,"{""dllmc_v_rate"": 0.25, ""step_refresh_remainder"": 8, ""step_refresh_remainder_prompt"": 64}"
dllmcache,56,64,164,1,1,1,10.52,"{""dllmc_v_rate"": 0.25, ""step_refresh_remainder"": 8, ""step_refresh_remainder_prompt"": 64}"
dllmcache,56,66,169,1,1,1,10.53,"{""dllmc_v_rate"": 0.25, ""step_refresh_remainder"": 8, ""step_refresh_remainder_prompt"": 64}"
dllmcache,56,68,174,1,1,1,10.53,"{""dllmc_v_rate"": 0.25, ""step_refresh_remainder"": 8, ""step_refresh_remainder_prompt"": 64}"
dllmcache,56,72,184,1,1,1,10.53,"{""dllmc_v_rate"": 0.25, ""step_refresh_remainder"": 8, ""step_refresh_remainder_prompt"": 64}"
dllmcache,56,74,189,1,1,1,10.52,"{""dllmc_v_rate"": 0.25, ""step_refresh_remainder"": 8, ""step_refresh_remainder_prompt"": 64}"
dllmcache,56,76,195,1,1,1,10.52,"{""dllmc_v_rate"": 0.25, ""step_refresh_remainder"": 8, ""step_refresh_remainder_prompt"": 64}"
dllmcache,56,78,200,1,1,1,10.52,"{""dllmc_v_rate"": 0.25, ""step_refresh_remainder"": 8, ""step_refresh_remainder_prompt"": 64}"
dllmcache,56,82,210,1,1,1,10.52,"{""dllmc_v_rate"": 0.25, ""step_refresh_remainder"": 8, ""step_refresh_remainder_prompt"": 64}"
dllmcache,56,84,215,1,1,1,10.52,"{""dllmc_v_rate"": 0.25, ""step_refresh_remainder"": 8, ""step_refresh_remainder_prompt"": 64}"
dllmcache,56,86,220,1,1,1,10.52,"{""dllmc_v_rate"": 0.25, ""step_refresh_remainder"": 8, ""step_refresh_remainder_prompt"": 64}"
dllmcache,56,88,225,1,1,1,10.53,"{""dllmc_v_rate"": 0.25, ""step_refresh_remainder"": 8, ""step_refresh_remainder_prompt"": 64}"
dllmcache,57,2,5,0,0,0,10.59,"{""dllmc_v_rate"": 0.25, ""step_refresh_remainder"": 8, ""step_refresh_remainder_prompt"": 64}"
dllmcache,57,4,10,0,0,1,10.6,"{""dllmc_v_rate"": 0.25, ""step_refresh_remainder"": 8, ""step_refresh_remainder_prompt"": 64}"
dllmcache,57,6,15,0,0,1,10.59,"{""dllmc_v_rate"": 0.25, ""step_refresh_remainder"": 8, ""step_refresh_remainder_prompt"": 64}"
dllmcache,57,8,20,1,1,1,10.58,"{""dllmc_v_rate"": 0.25, ""step_refresh_remainder"": 8, ""step_refresh_remainder_prompt"": 64}"
dllmcache,57,12,31,1,1,1,10.59,"{""dllmc_v_rate"": 0.25, ""step_refresh_remainder"": 8, ""step_refresh_remainder_prompt"": 64}"
dllmcache,57,14,36,1,1,1,10.59,"{""dllmc_v_rate"": 0.25, ""step_refresh_remainder"": 8, ""step_refresh_remainder_prompt"": 64}"
dllmcache,57,16,41,1,1,1,10.6,"{""dllmc_v_rate"": 0.25, ""step_refresh_remainder"": 8, ""step_refresh_remainder_prompt"": 64}"
dllmcache,57,18,46,1,1,1,10.59,"{""dllmc_v_rate"": 0.25, ""step_refresh_remainder"": 8, ""step_refresh_remainder_prompt"": 64}"
dllmcache,57,22,56,1,1,1,10.59,"{""dllmc_v_rate"": 0.25, ""step_refresh_remainder"": 8, ""step_refresh_remainder_prompt"": 64}"
dllmcache,57,24,61,1,1,1,10.59,"{""dllmc_v_rate"": 0.25, ""step_refresh_remainder"": 8, ""step_refresh_remainder_prompt"": 64}"
dllmcache,57,26,67,1,1,1,10.59,"{""dllmc_v_rate"": 0.25, ""step_refresh_remainder"": 8, ""step_refresh_remainder_prompt"": 64}"
dllmcache,57,28,72,1,1,1,10.6,"{""dllmc_v_rate"": 0.25, ""step_refresh_remainder"": 8, ""step_refresh_remainder_prompt"": 64}"
dllmcache,57,32,82,1,1,1,10.6,"{""dllmc_v_rate"": 0.25, ""step_refresh_remainder"": 8, ""step_refresh_remainder_prompt"": 64}"
dllmcache,57,34,87,1,1,1,10.6,"{""dllmc_v_rate"": 0.25, ""step_refresh_remainder"": 8, ""step_refresh_remainder_prompt"": 64}"
dllmcache,57,36,92,1,1,1,10.6,"{""dllmc_v_rate"": 0.25, ""step_refresh_remainder"": 8, ""step_refresh_remainder_prompt"": 64}"
dllmcache,57,38,97,1,1,1,10.59,"{""dllmc_v_rate"": 0.25, ""step_refresh_remainder"": 8, ""step_refresh_remainder_prompt"": 64}"
dllmcache,57,42,108,1,1,1,10.59,"{""dllmc_v_rate"": 0.25, ""step_refresh_remainder"": 8, ""step_refresh_remainder_prompt"": 64}"
dllmcache,57,44,113,1,1,1,10.6,"{""dllmc_v_rate"": 0.25, ""step_refresh_remainder"": 8, ""step_refresh_remainder_prompt"": 64}"
dllmcache,57,46,118,1,1,1,10.6,"{""dllmc_v_rate"": 0.25, ""step_refresh_remainder"": 8, ""step_refresh_remainder_prompt"": 64}"
dllmcache,57,48,123,1,1,1,10.59,"{""dllmc_v_rate"": 0.25, ""step_refresh_remainder"": 8, ""step_refresh_remainder_prompt"": 64}"
dllmcache,57,52,133,1,1,1,10.59,"{""dllmc_v_rate"": 0.25, ""step_refresh_remainder"": 8, ""step_refresh_remainder_prompt"": 64}"
dllmcache,57,54,138,1,1,1,10.6,"{""dllmc_v_rate"": 0.25, ""step_refresh_remainder"": 8, ""step_refresh_remainder_prompt"": 64}"
dllmcache,57,56,143,1,1,1,10.59,"{""dllmc_v_rate"": 0.25, ""step_refresh_remainder"": 8, ""step_refresh_remainder_prompt"": 64}"
dllmcache,57,58,148,1,1,1,10.59,"{""dllmc_v_rate"": 0.25, ""step_refresh_remainder"": 8, ""step_refresh_remainder_prompt"": 64}"
dllmcache,57,62,159,1,1,1,10.58,"{""dllmc_v_rate"": 0.25, ""step_refresh_remainder"": 8, ""step_refresh_remainder_prompt"": 64}"
dllmcache,57,64,164,1,1,1,10.59,"{""dllmc_v_rate"": 0.25, ""step_refresh_remainder"": 8, ""step_refresh_remainder_prompt"": 64}"
dllmcache,57,66,169,1,1,1,10.59,"{""dllmc_v_rate"": 0.25, ""step_refresh_remainder"": 8, ""step_refresh_remainder_prompt"": 64}"
dllmcache,57,68,174,1,1,1,10.59,"{""dllmc_v_rate"": 0.25, ""step_refresh_remainder"": 8, ""step_refresh_remainder_prompt"": 64}"
dllmcache,57,72,184,1,1,1,10.59,"{""dllmc_v_rate"": 0.25, ""step_refresh_remainder"": 8, ""step_refresh_remainder_prompt"": 64}"
dllmcache,57,74,189,1,1,1,10.59,"{""dllmc_v_rate"": 0.25, ""step_refresh_remainder"": 8, ""step_refresh_remainder_prompt"": 64}"
dllmcache,57,76,195,1,1,1,10.58,"{""dllmc_v_rate"": 0.25, ""step_refresh_remainder"": 8, ""step_refresh_remainder_prompt"": 64}"
dllmcache,57,78,200,1,1,1,10.59,"{""dllmc_v_rate"": 0.25, ""step_refresh_remainder"": 8, ""step_refresh_remainder_prompt"": 64}"
dllmcache,57,82,210,1,1,1,10.58,"{""dllmc_v_rate"": 0.25, ""step_refresh_remainder"": 8, ""step_refresh_remainder_prompt"": 64}"
dllmcache,57,84,215,1,1,1,10.58,"{""dllmc_v_rate"": 0.25, ""step_refresh_remainder"": 8, ""step_refresh_remainder_prompt"": 64}"
dllmcache,57,86,220,1,1,1,10.59,"{""dllmc_v_rate"": 0.25, ""step_refresh_remainder"": 8, ""step_refresh_remainder_prompt"": 64}"
dllmcache,57,88,225,1,1,1,10.58,"{""dllmc_v_rate"": 0.25, ""step_refresh_remainder"": 8, ""step_refresh_remainder_prompt"": 64}"
dllmcache,58,2,5,1,1,1,10.86,"{""dllmc_v_rate"": 0.25, ""step_refresh_remainder"": 8, ""step_refresh_remainder_prompt"": 64}"
dllmcache,58,4,10,1,1,1,10.87,"{""dllmc_v_rate"": 0.25, ""step_refresh_remainder"": 8, ""step_refresh_remainder_prompt"": 64}"
dllmcache,58,6,15,1,1,1,10.86,"{""dllmc_v_rate"": 0.25, ""step_refresh_remainder"": 8, ""step_refresh_remainder_prompt"": 64}"
dllmcache,58,8,20,1,1,1,10.86,"{""dllmc_v_rate"": 0.25, ""step_refresh_remainder"": 8, ""step_refresh_remainder_prompt"": 64}"
dllmcache,58,12,31,1,1,1,10.86,"{""dllmc_v_rate"": 0.25, ""step_refresh_remainder"": 8, ""step_refresh_remainder_prompt"": 64}"
dllmcache,58,14,36,1,1,1,10.86,"{""dllmc_v_rate"": 0.25, ""step_refresh_remainder"": 8, ""step_refresh_remainder_prompt"": 64}"
dllmcache,58,16,41,1,1,1,10.86,"{""dllmc_v_rate"": 0.25, ""step_refresh_remainder"": 8, ""step_refresh_remainder_prompt"": 64}"
dllmcache,58,18,46,1,1,1,10.86,"{""dllmc_v_rate"": 0.25, ""step_refresh_remainder"": 8, ""step_refresh_remainder_prompt"": 64}"
dllmcache,58,22,56,1,1,1,10.86,"{""dllmc_v_rate"": 0.25, ""step_refresh_remainder"": 8, ""step_refresh_remainder_prompt"": 64}"
dllmcache,58,24,61,1,1,1,10.86,"{""dllmc_v_rate"": 0.25, ""step_refresh_remainder"": 8, ""step_refresh_remainder_prompt"": 64}"
dllmcache,58,26,67,1,1,1,10.86,"{""dllmc_v_rate"": 0.25, ""step_refresh_remainder"": 8, ""step_refresh_remainder_prompt"": 64}"
dllmcache,58,28,72,1,1,1,10.86,"{""dllmc_v_rate"": 0.25, ""step_refresh_remainder"": 8, ""step_refresh_remainder_prompt"": 64}"
dllmcache,58,32,82,1,1,1,10.86,"{""dllmc_v_rate"": 0.25, ""step_refresh_remainder"": 8, ""step_refresh_remainder_prompt"": 64}"
dllmcache,58,34,87,1,1,1,10.86,"{""dllmc_v_rate"": 0.25, ""step_refresh_remainder"": 8, ""step_refresh_remainder_prompt"": 64}"
dllmcache,58,36,92,1,1,1,10.86,"{""dllmc_v_rate"": 0.25, ""step_refresh_remainder"": 8, ""step_refresh_remainder_prompt"": 64}"
dllmcache,58,38,97,1,1,1,10.86,"{""dllmc_v_rate"": 0.25, ""step_refresh_remainder"": 8, ""step_refresh_remainder_prompt"": 64}"
dllmcache,58,42,108,1,1,1,10.86,"{""dllmc_v_rate"": 0.25, ""step_refresh_remainder"": 8, ""step_refresh_remainder_prompt"": 64}"
dllmcache,58,44,113,1,1,1,10.86,"{""dllmc_v_rate"": 0.25, ""step_refresh_remainder"": 8, ""step_refresh_remainder_prompt"": 64}"
dllmcache,58,46,118,1,1,1,10.86,"{""dllmc_v_rate"": 0.25, ""step_refresh_remainder"": 8, ""step_refresh_remainder_prompt"": 64}"
dllmcache,58,48,123,1,1,1,10.87,"{""dllmc_v_rate"": 0.25, ""step_refresh_remainder"": 8, ""step_refresh_remainder_prompt"": 64}"
dllmcache,58,52,133,1,1,1,10.87,"{""dllmc_v_rate"": 0.25, ""step_refresh_remainder"": 8, ""step_refresh_remainder_prompt"": 64}"
dllmcache,58,54,138,1,1,1,10.87,"{""dllmc_v_rate"": 0.25, ""step_refresh_remainder"": 8, ""step_refresh_remainder_prompt"": 64}"
dllmcache,58,56,143,1,1,1,10.87,"{""dllmc_v_rate"": 0.25, ""step_refresh_remainder"": 8, ""step_refresh_remainder_prompt"": 64}"
dllmcache,58,58,148,1,1,1,10.89,"{""dllmc_v_rate"": 0.25, ""step_refresh_remainder"": 8, ""step_refresh_remainder_prompt"": 64}"
dllmcache,58,62,159,1,1,1,10.88,"{""dllmc_v_rate"": 0.25, ""step_refresh_remainder"": 8, ""step_refresh_remainder_prompt"": 64}"
dllmcache,58,64,164,1,1,1,10.87,"{""dllmc_v_rate"": 0.25, ""step_refresh_remainder"": 8, ""step_refresh_remainder_prompt"": 64}"
dllmcache,58,66,169,1,1,1,10.88,"{""dllmc_v_rate"": 0.25, ""step_refresh_remainder"": 8, ""step_refresh_remainder_prompt"": 64}"
dllmcache,58,68,174,1,1,1,10.87,"{""dllmc_v_rate"": 0.25, ""step_refresh_remainder"": 8, ""step_refresh_remainder_prompt"": 64}"
dllmcache,58,72,184,1,1,1,10.87,"{""dllmc_v_rate"": 0.25, ""step_refresh_remainder"": 8, ""step_refresh_remainder_prompt"": 64}"
dllmcache,58,74,189,1,1,1,10.87,"{""dllmc_v_rate"": 0.25, ""step_refresh_remainder"": 8, ""step_refresh_remainder_prompt"": 64}"
dllmcache,58,76,195,1,1,1,10.88,"{""dllmc_v_rate"": 0.25, ""step_refresh_remainder"": 8, ""step_refresh_remainder_prompt"": 64}"
dllmcache,58,78,200,1,1,1,10.87,"{""dllmc_v_rate"": 0.25, ""step_refresh_remainder"": 8, ""step_refresh_remainder_prompt"": 64}"
dllmcache,58,82,210,1,1,1,10.87,"{""dllmc_v_rate"": 0.25, ""step_refresh_remainder"": 8, ""step_refresh_remainder_prompt"": 64}"
dllmcache,58,84,215,1,1,1,10.88,"{""dllmc_v_rate"": 0.25, ""step_refresh_remainder"": 8, ""step_refresh_remainder_prompt"": 64}"
dllmcache,58,86,220,1,1,1,10.87,"{""dllmc_v_rate"": 0.25, ""step_refresh_remainder"": 8, ""step_refresh_remainder_prompt"": 64}"
dllmcache,58,88,225,1,1,1,10.87,"{""dllmc_v_rate"": 0.25, ""step_refresh_remainder"": 8, ""step_refresh_remainder_prompt"": 64}"
dllmcache,61,2,5,1,1,1,9.53,"{""dllmc_v_rate"": 0.25, ""step_refresh_remainder"": 8, ""step_refresh_remainder_prompt"": 64}"
dllmcache,61,4,10,1,1,1,9.53,"{""dllmc_v_rate"": 0.25, ""step_refresh_remainder"": 8, ""step_refresh_remainder_prompt"": 64}"
dllmcache,61,6,15,1,1,1,9.53,"{""dllmc_v_rate"": 0.25, ""step_refresh_remainder"": 8, ""step_refresh_remainder_prompt"": 64}"
dllmcache,61,8,20,1,1,1,9.53,"{""dllmc_v_rate"": 0.25, ""step_refresh_remainder"": 8, ""step_refresh_remainder_prompt"": 64}"
dllmcache,61,12,31,0,0,1,9.53,"{""dllmc_v_rate"": 0.25, ""step_refresh_remainder"": 8, ""step_refresh_remainder_prompt"": 64}"
dllmcache,61,14,36,1,1,1,9.52,"{""dllmc_v_rate"": 0.25, ""step_refresh_remainder"": 8, ""step_refresh_remainder_prompt"": 64}"
dllmcache,61,16,41,1,1,1,9.51,"{""dllmc_v_rate"": 0.25, ""step_refresh_remainder"": 8, ""step_refresh_remainder_prompt"": 64}"
dllmcache,61,18,46,1,1,1,9.52,"{""dllmc_v_rate"": 0.25, ""step_refresh_remainder"": 8, ""step_refresh_remainder_prompt"": 64}"
dllmcache,61,22,56,1,1,1,9.52,"{""dllmc_v_rate"": 0.25, ""step_refresh_remainder"": 8, ""step_refresh_remainder_prompt"": 64}"
dllmcache,61,24,61,1,1,1,9.52,"{""dllmc_v_rate"": 0.25, ""step_refresh_remainder"": 8, ""step_refresh_remainder_prompt"": 64}"
dllmcache,61,26,67,1,1,1,9.53,"{""dllmc_v_rate"": 0.25, ""step_refresh_remainder"": 8, ""step_refresh_remainder_prompt"": 64}"
dllmcache,61,28,72,1,1,1,9.53,"{""dllmc_v_rate"": 0.25, ""step_refresh_remainder"": 8, ""step_refresh_remainder_prompt"": 64}"
dllmcache,61,32,82,1,1,1,9.54,"{""dllmc_v_rate"": 0.25, ""step_refresh_remainder"": 8, ""step_refresh_remainder_prompt"": 64}"
dllmcache,61,34,87,1,1,1,9.54,"{""dllmc_v_rate"": 0.25, ""step_refresh_remainder"": 8, ""step_refresh_remainder_prompt"": 64}"
dllmcache,61,36,92,1,1,1,9.54,"{""dllmc_v_rate"": 0.25, ""step_refresh_remainder"": 8, ""step_refresh_remainder_prompt"": 64}"
dllmcache,61,38,97,1,1,1,9.53,"{""dllmc_v_rate"": 0.25, ""step_refresh_remainder"": 8, ""step_refresh_remainder_prompt"": 64}"
dllmcache,61,42,108,1,1,1,9.52,"{""dllmc_v_rate"": 0.25, ""step_refresh_remainder"": 8, ""step_refresh_remainder_prompt"": 64}"
dllmcache,61,44,113,1,1,1,9.53,"{""dllmc_v_rate"": 0.25, ""step_refresh_remainder"": 8, ""step_refresh_remainder_prompt"": 64}"
dllmcache,61,46,118,1,1,1,9.53,"{""dllmc_v_rate"": 0.25, ""step_refresh_remainder"": 8, ""step_refresh_remainder_prompt"": 64}"
dllmcache,61,48,123,1,1,1,9.53,"{""dllmc_v_rate"": 0.25, ""step_refresh_remainder"": 8, ""step_refresh_remainder_prompt"": 64}"
dllmcache,61,52,133,1,1,1,9.54,"{""dllmc_v_rate"": 0.25, ""step_refresh_remainder"": 8, ""step_refresh_remainder_prompt"": 64}"
dllmcache,61,54,138,1,1,1,9.54,"{""dllmc_v_rate"": 0.25, ""step_refresh_remainder"": 8, ""step_refresh_remainder_prompt"": 64}"
dllmcache,61,56,143,1,1,1,9.54,"{""dllmc_v_rate"": 0.25, ""step_refresh_remainder"": 8, ""step_refresh_remainder_prompt"": 64}"
dllmcache,61,58,148,1,1,1,9.54,"{""dllmc_v_rate"": 0.25, ""step_refresh_remainder"": 8, ""step_refresh_remainder_prompt"": 64}"
dllmcache,61,62,159,1,1,1,9.53,"{""dllmc_v_rate"": 0.25, ""step_refresh_remainder"": 8, ""step_refresh_remainder_prompt"": 64}"
dllmcache,61,64,164,1,1,1,9.54,"{""dllmc_v_rate"": 0.25, ""step_refresh_remainder"": 8, ""step_refresh_remainder_prompt"": 64}"
dllmcache,61,66,169,1,1,1,9.54,"{""dllmc_v_rate"": 0.25, ""step_refresh_remainder"": 8, ""step_refresh_remainder_prompt"": 64}"
dllmcache,61,68,174,1,1,1,9.54,"{""dllmc_v_rate"": 0.25, ""step_refresh_remainder"": 8, ""step_refresh_remainder_prompt"": 64}"
dllmcache,61,72,184,1,1,1,9.53,"{""dllmc_v_rate"": 0.25, ""step_refresh_remainder"": 8, ""step_refresh_remainder_prompt"": 64}"
dllmcache,61,74,189,1,1,1,9.53,"{""dllmc_v_rate"": 0.25, ""step_refresh_remainder"": 8, ""step_refresh_remainder_prompt"": 64}"
dllmcache,61,76,195,1,1,1,9.53,"{""dllmc_v_rate"": 0.25, ""step_refresh_remainder"": 8, ""step_refresh_remainder_prompt"": 64}"
dllmcache,61,78,200,1,1,1,9.53,"{""dllmc_v_rate"": 0.25, ""step_refresh_remainder"": 8, ""step_refresh_remainder_prompt"": 64}"
dllmcache,61,82,210,1,1,1,9.53,"{""dllmc_v_rate"": 0.25, ""step_refresh_remainder"": 8, ""step_refresh_remainder_prompt"": 64}"
dllmcache,61,84,215,1,1,1,9.53,"{""dllmc_v_rate"": 0.25, ""step_refresh_remainder"": 8, ""step_refresh_remainder_prompt"": 64}"
dllmcache,61,86,220,1,1,1,9.53,"{""dllmc_v_rate"": 0.25, ""step_refresh_remainder"": 8, ""step_refresh_remainder_prompt"": 64}"
dllmcache,61,88,225,1,1,1,9.53,"{""dllmc_v_rate"": 0.25, ""step_refresh_remainder"": 8, ""step_refresh_remainder_prompt"": 64}"
dllmcache,63,2,5,0,0,1,9.54,"{""dllmc_v_rate"": 0.25, ""step_refresh_remainder"": 8, ""step_refresh_remainder_prompt"": 64}"
dllmcache,63,4,10,0,0,1,9.55,"{""dllmc_v_rate"": 0.25, ""step_refresh_remainder"": 8, ""step_refresh_remainder_prompt"": 64}"
dllmcache,63,6,15,0,0,1,9.55,"{""dllmc_v_rate"": 0.25, ""step_refresh_remainder"": 8, ""step_refresh_remainder_prompt"": 64}"
dllmcache,63,8,20,1,1,1,9.55,"{""dllmc_v_rate"": 0.25, ""step_refresh_remainder"": 8, ""step_refresh_remainder_prompt"": 64}"
dllmcache,63,12,31,1,1,1,9.55,"{""dllmc_v_rate"": 0.25, ""step_refresh_remainder"": 8, ""step_refresh_remainder_prompt"": 64}"
dllmcache,63,14,36,1,1,1,9.55,"{""dllmc_v_rate"": 0.25, ""step_refresh_remainder"": 8, ""step_refresh_remainder_prompt"": 64}"
dllmcache,63,16,41,1,1,1,9.56,"{""dllmc_v_rate"": 0.25, ""step_refresh_remainder"": 8, ""step_refresh_remainder_prompt"": 64}"
dllmcache,63,18,46,1,1,1,9.56,"{""dllmc_v_rate"": 0.25, ""step_refresh_remainder"": 8, ""step_refresh_remainder_prompt"": 64}"
dllmcache,63,22,56,1,1,1,9.55,"{""dllmc_v_rate"": 0.25, ""step_refresh_remainder"": 8, ""step_refresh_remainder_prompt"": 64}"
dllmcache,63,24,61,1,1,1,9.55,"{""dllmc_v_rate"": 0.25, ""step_refresh_remainder"": 8, ""step_refresh_remainder_prompt"": 64}"
dllmcache,63,26,67,1,1,1,9.55,"{""dllmc_v_rate"": 0.25, ""step_refresh_remainder"": 8, ""step_refresh_remainder_prompt"": 64}"
dllmcache,63,28,72,1,1,1,9.55,"{""dllmc_v_rate"": 0.25, ""step_refresh_remainder"": 8, ""step_refresh_remainder_prompt"": 64}"
dllmcache,63,32,82,1,1,1,9.55,"{""dllmc_v_rate"": 0.25, ""step_refresh_remainder"": 8, ""step_refresh_remainder_prompt"": 64}"
dllmcache,63,34,87,1,1,1,9.55,"{""dllmc_v_rate"": 0.25, ""step_refresh_remainder"": 8, ""step_refresh_remainder_prompt"": 64}"
dllmcache,63,36,92,1,1,1,9.56,"{""dllmc_v_rate"": 0.25, ""step_refresh_remainder"": 8, ""step_refresh_remainder_prompt"": 64}"
dllmcache,63,38,97,1,1,1,9.55,"{""dllmc_v_rate"": 0.25, ""step_refresh_remainder"": 8, ""step_refresh_remainder_prompt"": 64}"
dllmcache,63,42,108,1,1,1,9.55,"{""dllmc_v_rate"": 0.25, ""step_refresh_remainder"": 8, ""step_refresh_remainder_prompt"": 64}"
dllmcache,63,44,113,1,1,1,9.55,"{""dllmc_v_rate"": 0.25, ""step_refresh_remainder"": 8, ""step_refresh_remainder_prompt"": 64}"
dllmcache,63,46,118,1,1,1,9.55,"{""dllmc_v_rate"": 0.25, ""step_refresh_remainder"": 8, ""step_refresh_remainder_prompt"": 64}"
dllmcache,63,48,123,1,1,1,9.56,"{""dllmc_v_rate"": 0.25, ""step_refresh_remainder"": 8, ""step_refresh_remainder_prompt"": 64}"
dllmcache,63,52,133,1,1,1,9.57,"{""dllmc_v_rate"": 0.25, ""step_refresh_remainder"": 8, ""step_refresh_remainder_prompt"": 64}"
dllmcache,63,54,138,1,1,1,9.57,"{""dllmc_v_rate"": 0.25, ""step_refresh_remainder"": 8, ""step_refresh_remainder_prompt"": 64}"
dllmcache,63,56,143,1,1,1,9.56,"{""dllmc_v_rate"": 0.25, ""step_refresh_remainder"": 8, ""step_refresh_remainder_prompt"": 64}"
dllmcache,63,58,148,1,1,1,9.57,"{""dllmc_v_rate"": 0.25, ""step_refresh_remainder"": 8, ""step_refresh_remainder_prompt"": 64}"
dllmcache,63,62,159,1,1,1,9.56,"{""dllmc_v_rate"": 0.25, ""step_refresh_remainder"": 8, ""step_refresh_remainder_prompt"": 64}"
dllmcache,63,64,164,1,1,1,9.56,"{""dllmc_v_rate"": 0.25, ""step_refresh_remainder"": 8, ""step_refresh_remainder_prompt"": 64}"
dllmcache,63,66,169,1,1,1,9.56,"{""dllmc_v_rate"": 0.25, ""step_refresh_remainder"": 8, ""step_refresh_remainder_prompt"": 64}"
dllmcache,63,68,174,1,1,1,9.57,"{""dllmc_v_rate"": 0.25, ""step_refresh_remainder"": 8, ""step_refresh_remainder_prompt"": 64}"
dllmcache,63,72,184,1,1,1,9.56,"{""dllmc_v_rate"": 0.25, ""step_refresh_remainder"": 8, ""step_refresh_remainder_prompt"": 64}"
dllmcache,63,74,189,1,1,1,9.55,"{""dllmc_v_rate"": 0.25, ""step_refresh_remainder"": 8, ""step_refresh_remainder_prompt"": 64}"
dllmcache,63,76,195,1,1,1,9.56,"{""dllmc_v_rate"": 0.25, ""step_refresh_remainder"": 8, ""step_refresh_remainder_prompt"": 64}"
dllmcache,63,78,200,1,1,1,9.56,"{""dllmc_v_rate"": 0.25, ""step_refresh_remainder"": 8, ""step_refresh_remainder_prompt"": 64}"
dllmcache,63,82,210,1,1,1,9.57,"{""dllmc_v_rate"": 0.25, ""step_refresh_remainder"": 8, ""step_refresh_remainder_prompt"": 64}"
dllmcache,63,84,215,1,1,1,9.55,"{""dllmc_v_rate"": 0.25, ""step_refresh_remainder"": 8, ""step_refresh_remainder_prompt"": 64}"
dllmcache,63,86,220,1,1,1,9.55,"{""dllmc_v_rate"": 0.25, ""step_refresh_remainder"": 8, ""step_refresh_remainder_prompt"": 64}"
dllmcache,63,88,225,1,1,0,9.56,"{""dllmc_v_rate"": 0.25, ""step_refresh_remainder"": 8, ""step_refresh_remainder_prompt"": 64}"
