method,id_doc,n,k_injected,correct_flex,correct_strict,has_done,seconds,setting
ours,0,0,0,1,1,1,8.11,"{""h"": 5, ""path_router"": ""routers_e2e/llada_base__cm_clean.pt"", ""select_only_in_h"": true, ""step_refresh_remainder"": 8, ""step_refresh_remainder_prompt"": 32}"
ours,0,2,5,1,1,1,7.99,"{""h"": 5, ""path_router"": ""routers_e2e/llada_base__cm_clean.pt"", ""select_only_in_h"": true, ""step_refresh_remainder"": 8, ""step_refresh_remainder_prompt"": 32}"
ours,0,4,10,1,1,1,7.23,"{""h"": 5, ""path_router"": ""routers_e2e/llada_base__cm_clean.pt"", ""select_only_in_h"": true, ""step_refresh_remainder"": 8, ""step_refresh_remainder_prompt"": 32}"
ours,0,6,15,1,1,1,7.22,"{""h"": 5, ""path_router"": ""routers_e2e/llada_base__cm_clean.pt"", ""select_only_in_h"": true, ""step_refresh_remainder"": 8, ""step_refresh_remainder_prompt"": 32}"
ours,0,8,20,1,1,1,7.25,"{""h"": 5, ""path_router"": ""routers_e2e/llada_base__cm_clean.pt"", ""select_only_in_h"": true, ""step_refresh_remainder"": 8, ""step_refresh_remainder_prompt"": 32}"
ours,0,10,26,1,1,1,7.25,"{""h"": 5, ""path_router"": ""routers_e2e/llada_base__cm_clean.pt"", ""select_only_in_h"": true, ""step_refresh_remainder"": 8, ""step_refresh_remainder_prompt"": 32}"
ours,0,12,31,1,1,1,7.25,"{""h"": 5, ""path_router"": ""routers_e2e/llada_base__cm_clean.pt"", ""select_only_in_h"": true, ""step_refresh_remainder"": 8, ""step_refresh_remainder_prompt"": 32}"
ours,0,14,36,1,1,1,7.24,"{""h"": 5, ""path_router"": ""routers_e2e/llada_base__cm_clean.pt"", ""select_only_in_h"": true, ""step_refresh_remainder"": 8, ""step_refresh_remainder_prompt"": 32}"
ours,0,16,41,1,1,1,7.25,"{""h"": 5, ""path_router"": ""routers_e2e/llada_base__cm_clean.pt"", ""select_only_in_h"": true, ""step_refresh_remainder"": 8, ""step_refresh_remainder_prompt"": 32}"
ours,0,18,46,1,1,1,7.26,"{""h"": 5, ""path_router"": ""routers_e2e/llada_base__cm_clean.pt"", ""select_only_in_h"": true, ""step_refresh_remainder"": 8, ""step_refresh_remainder_prompt"": 32}"
ours,0,20,51,1,1,1,7.26,"{""h"": 5, ""path_router"": ""routers_e2e/llada_base__cm_clean.pt"", ""select_only_in_h"": true, ""step_refresh_remainder"": 8, ""step_refresh_remainder_prompt"": 32}"
ours,0,22,56,1,1,1,7.26,"{""h"": 5, ""path_router"": ""routers_e2e/llada_base__cm_clean.pt"", ""select_only_in_h"": true, ""step_refresh_remainder"": 8, ""step_refresh_remainder_prompt"": 32}"
ours,0,24,61,1,1,1,7.26,"{""h"": 5, ""path_router"": ""routers_e2e/llada_base__cm_clean.pt"", ""select_only_in_h"": true, ""step_refresh_remainder"": 8, ""step_refresh_remainder_prompt"": 32}"
ours,0,26,67,1,1,1,7.25,"{""h"": 5, ""path_router"": ""routers_e2e/llada_base__cm_clean.pt"", ""select_only_in_h"": true, ""step_refresh_remainder"": 8, ""step_refresh_remainder_prompt"": 32}"
ours,0,28,72,1,1,1,7.26,"{""h"": 5, ""path_router"": ""routers_e2e/llada_base__cm_clean.pt"", ""select_only_in_h"": true, ""step_refresh_remainder"": 8, ""step_refresh_remainder_prompt"": 32}"
ours,0,30,77,1,1,1,7.26,"{""h"": 5, ""path_router"": ""routers_e2e/llada_base__cm_clean.pt"", ""select_only_in_h"": true, ""step_refresh_remainder"": 8, ""step_refresh_remainder_prompt"": 32}"
ours,0,32,82,1,1,1,7.26,"{""h"": 5, ""path_router"": ""routers_e2e/llada_base__cm_clean.pt"", ""select_only_in_h"": true, ""step_refresh_remainder"": 8, ""step_refresh_remainder_prompt"": 32}"
ours,0,34,87,1,1,1,7.28,"{""h"": 5, ""path_router"": ""routers_e2e/llada_base__cm_clean.pt"", ""select_only_in_h"": true, ""step_refresh_remainder"": 8, ""step_refresh_remainder_prompt"": 32}"
ours,0,36,92,1,1,1,7.29,"{""h"": 5, ""path_router"": ""routers_e2e/llada_base__cm_clean.pt"", ""select_only_in_h"": true, ""step_refresh_remainder"": 8, ""step_refresh_remainder_prompt"": 32}"
ours,0,38,97,1,1,1,7.3,"{""h"": 5, ""path_router"": ""routers_e2e/llada_base__cm_clean.pt"", ""select_only_in_h"": true, ""step_refresh_remainder"": 8, ""step_refresh_remainder_prompt"": 32}"
ours,0,40,102,1,1,1,7.3,"{""h"": 5, ""path_router"": ""routers_e2e/llada_base__cm_clean.pt"", ""select_only_in_h"": true, ""step_refresh_remainder"": 8, ""step_refresh_remainder_prompt"": 32}"
ours,0,42,108,1,1,1,7.3,"{""h"": 5, ""path_router"": ""routers_e2e/llada_base__cm_clean.pt"", ""select_only_in_h"": true, ""step_refresh_remainder"": 8, ""step_refresh_remainder_prompt"": 32}"
ours,0,44,113,1,1,1,7.3,"{""h"": 5, ""path_router"": ""routers_e2e/llada_base__cm_clean.pt"", ""select_only_in_h"": true, ""step_refresh_remainder"": 8, ""step_refresh_remainder_prompt"": 32}"
ours,0,46,118,1,1,1,7.3,"{""h"": 5, ""path_router"": ""routers_e2e/llada_base__cm_clean.pt"", ""select_only_in_h"": true, ""step_refresh_remainder"": 8, ""step_refresh_remainder_prompt"": 32}"
ours,0,48,123,1,1,1,7.3,"{""h"": 5, ""path_router"": ""routers_e2e/llada_base__cm_clean.pt"", ""select_only_in_h"": true, ""step_refresh_remainder"": 8, ""step_refresh_remainder_prompt"": 32}"
ours,0,50,128,1,1,1,7.31,"{""h"": 5, ""path_router"": ""routers_e2e/llada_base__cm_clean.pt"", ""select_only_in_h"": true, ""step_refresh_remainder"": 8, ""step_refresh_remainder_prompt"": 32}"
ours,0,52,133,1,1,1,7.31,"{""h"": 5, ""path_router"": ""routers_e2e/llada_base__cm_clean.pt"", ""select_only_in_h"": true, ""step_refresh_remainder"": 8, ""step_refresh_remainder_prompt"": 32}"
ours,0,54,138,1,1,1,7.31,"{""h"": 5, ""path_router"": ""routers_e2e/llada_base__cm_clean.pt"", ""select_only_in_h"": true, ""step_refresh_remainder"": 8, ""step_refresh_remainder_prompt"": 32}"
ours,0,56,143,1,1,1,7.32,"{""h"": 5, ""path_router"": ""routers_e2e/llada_base__cm_clean.pt"", ""select_only_in_h"": true, ""step_refresh_remainder"": 8, ""step_refresh_remainder_prompt"": 32}"
ours,0,58,148,1,1,1,7.31,"{""h"": 5, ""path_router"": ""routers_e2e/llada_base__cm_clean.pt"", ""select_only_in_h"": true, ""step_refresh_remainder"": 8, ""step_refresh_remainder_prompt"": 32}"
ours,0,60,154,1,1,1,7.31,"{""h"": 5, ""path_router"": ""routers_e2e/llada_base__cm_clean.pt"", ""select_only_in_h"": true, ""step_refresh_remainder"": 8, ""step_refresh_remainder_prompt"": 32}"
ours,0,62,159,1,1,1,7.31,"{""h"": 5, ""path_router"": ""routers_e2e/llada_base__cm_clean.pt"", ""select_only_in_h"": true, ""step_refresh_remainder"": 8, ""step_refresh_remainder_prompt"": 32}"
ours,0,64,164,1,1,1,7.32,"{""h"": 5, ""path_router"": ""routers_e2e/llada_base__cm_clean.pt"", ""select_only_in_h"": true, ""step_refresh_remainder"": 8, ""step_refresh_remainder_prompt"": 32}"
ours,0,66,169,1,1,1,7.32,"{""h"": 5, ""path_router"": ""routers_e2e/llada_base__cm_clean.pt"", ""select_only_in_h"": true, ""step_refresh_remainder"": 8, ""step_refresh_remainder_prompt"": 32}"
ours,0,68,174,1,1,1,7.32,"{""h"": 5, ""path_router"": ""routers_e2e/llada_base__cm_clean.pt"", ""select_only_in_h"": true, ""step_refresh_remainder"": 8, ""step_refresh_remainder_prompt"": 32}"
ours,0,70,179,1,1,1,7.32,"{""h"": 5, ""path_router"": ""routers_e2e/llada_base__cm_clean.pt"", ""select_only_in_h"": true, ""step_refresh_remainder"": 8, ""step_refresh_remainder_prompt"": 32}"
ours,0,72,184,1,1,1,7.32,"{""h"": 5, ""path_router"": ""routers_e2e/llada_base__cm_clean.pt"", ""select_only_in_h"": true, ""step_refresh_remainder"": 8, ""step_refresh_remainder_prompt"": 32}"
ours,0,74,189,1,1,1,7.32,"{""h"": 5, ""path_router"": ""routers_e2e/llada_base__cm_clean.pt"", ""select_only_in_h"": true, ""step_refresh_remainder"": 8, ""step_refresh_remainder_prompt"": 32}"
ours,0,76,195,1,1,1,7.32,"{""h"": 5, ""path_router"": ""routers_e2e/llada_base__cm_clean.pt"", ""select_only_in_h"": true, ""step_refresh_remainder"": 8, ""step_refresh_remainder_prompt"": 32}"
ours,0,78,200,1,1,1,7.31,"{""h"": 5, ""path_router"": ""routers_e2e/llada_base__cm_clean.pt"", ""select_only_in_h"": true, ""step_refresh_remainder"": 8, ""step_refresh_remainder_prompt"": 32}"
ours,0,80,205,1,1,1,7.32,"{""h"": 5, ""path_router"": ""routers_e2e/llada_base__cm_clean.pt"", ""select_only_in_h"": true, ""step_refresh_remainder"": 8, ""step_refresh_remainder_prompt"": 32}"
ours,0,82,210,1,1,1,7.32,"{""h"": 5, ""path_router"": ""routers_e2e/llada_base__cm_clean.pt"", ""select_only_in_h"": true, ""step_refresh_remainder"": 8, ""step_refresh_remainder_prompt"": 32}"
ours,0,84,215,1,1,1,7.32,"{""h"": 5, ""path_router"": ""routers_e2e/llada_base__cm_clean.pt"", ""select_only_in_h"": true, ""step_refresh_remainder"": 8, ""step_refresh_remainder_prompt"": 32}"
ours,0,86,220,1,1,1,7.32,"{""h"": 5, ""path_router"": ""routers_e2e/llada_base__cm_clean.pt"", ""select_only_in_h"": true, ""step_refresh_remainder"": 8, ""step_refresh_remainder_prompt"": 32}"
ours,0,88,225,1,1,1,7.32,"{""h"": 5, ""path_router"": ""routers_e2e/llada_base__cm_clean.pt"", ""select_only_in_h"": true, ""step_refresh_remainder"": 8, ""step_refresh_remainder_prompt"": 32}"
ours,0,90,230,1,1,1,7.31,"{""h"": 5, ""path_router"": ""routers_e2e/llada_base__cm_clean.pt"", ""select_only_in_h"": true, ""step_refresh_remainder"": 8, ""step_refresh_remainder_prompt"": 32}"
ours,1,0,0,1,1,1,7.44,"{""h"": 5, ""path_router"": ""routers_e2e/llada_base__cm_clean.pt"", ""select_only_in_h"": true, ""step_refresh_remainder"": 8, ""step_refresh_remainder_prompt"": 32}"
ours,1,2,5,1,1,1,7.4,"{""h"": 5, ""path_router"": ""routers_e2e/llada_base__cm_clean.pt"", ""select_only_in_h"": true, ""step_refresh_remainder"": 8, ""step_refresh_remainder_prompt"": 32}"
ours,1,4,10,1,1,1,7.4,"{""h"": 5, ""path_router"": ""routers_e2e/llada_base__cm_clean.pt"", ""select_only_in_h"": true, ""step_refresh_remainder"": 8, ""step_refresh_remainder_prompt"": 32}"
ours,1,6,15,1,1,1,7.4,"{""h"": 5, ""path_router"": ""routers_e2e/llada_base__cm_clean.pt"", ""select_only_in_h"": true, ""step_refresh_remainder"": 8, ""step_refresh_remainder_prompt"": 32}"
ours,1,8,20,1,1,1,7.4,"{""h"": 5, ""path_router"": ""routers_e2e/llada_base__cm_clean.pt"", ""select_only_in_h"": true, ""step_refresh_remainder"": 8, ""step_refresh_remainder_prompt"": 32}"
ours,1,10,26,1,1,1,7.39,"{""h"": 5, ""path_router"": ""routers_e2e/llada_base__cm_clean.pt"", ""select_only_in_h"": true, ""step_refresh_remainder"": 8, ""step_refresh_remainder_prompt"": 32}"
ours,1,12,31,1,1,1,7.39,"{""h"": 5, ""path_router"": ""routers_e2e/llada_base__cm_clean.pt"", ""select_only_in_h"": true, ""step_refresh_remainder"": 8, ""step_refresh_remainder_prompt"": 32}"
ours,1,14,36,1,1,1,7.4,"{""h"": 5, ""path_router"": ""routers_e2e/llada_base__cm_clean.pt"", ""select_only_in_h"": true, ""step_refresh_remainder"": 8, ""step_refresh_remainder_prompt"": 32}"
ours,1,16,41,1,1,1,7.39,"{""h"": 5, ""path_router"": ""routers_e2e/llada_base__cm_clean.pt"", ""select_only_in_h"": true, ""step_refresh_remainder"": 8, ""step_refresh_remainder_prompt"": 32}"
ours,1,18,46,1,1,1,7.4,"{""h"": 5, ""path_router"": ""routers_e2e/llada_base__cm_clean.pt"", ""select_only_in_h"": true, ""step_refresh_remainder"": 8, ""step_refresh_remainder_prompt"": 32}"
ours,1,20,51,1,1,1,7.4,"{""h"": 5, ""path_router"": ""routers_e2e/llada_base__cm_clean.pt"", ""select_only_in_h"": true, ""step_refresh_remainder"": 8, ""step_refresh_remainder_prompt"": 32}"
ours,1,22,56,1,1,1,7.4,"{""h"": 5, ""path_router"": ""routers_e2e/llada_base__cm_clean.pt"", ""select_only_in_h"": true, ""step_refresh_remainder"": 8, ""step_refresh_remainder_prompt"": 32}"
ours,1,24,61,1,1,1,7.39,"{""h"": 5, ""path_router"": ""routers_e2e/llada_base__cm_clean.pt"", ""select_only_in_h"": true, ""step_refresh_remainder"": 8, ""step_refresh_remainder_prompt"": 32}"
ours,1,26,67,1,1,1,7.39,"{""h"": 5, ""path_router"": ""routers_e2e/llada_base__cm_clean.pt"", ""select_only_in_h"": true, ""step_refresh_remainder"": 8, ""step_refresh_remainder_prompt"": 32}"
ours,1,28,72,1,1,1,7.39,"{""h"": 5, ""path_router"": ""routers_e2e/llada_base__cm_clean.pt"", ""select_only_in_h"": true, ""step_refresh_remainder"": 8, ""step_refresh_remainder_prompt"": 32}"
ours,1,30,77,1,1,1,7.4,"{""h"": 5, ""path_router"": ""routers_e2e/llada_base__cm_clean.pt"", ""select_only_in_h"": true, ""step_refresh_remainder"": 8, ""step_refresh_remainder_prompt"": 32}"
ours,1,32,82,1,1,1,7.39,"{""h"": 5, ""path_router"": ""routers_e2e/llada_base__cm_clean.pt"", ""select_only_in_h"": true, ""step_refresh_remainder"": 8, ""step_refresh_remainder_prompt"": 32}"
ours,1,34,87,1,1,1,7.39,"{""h"": 5, ""path_router"": ""routers_e2e/llada_base__cm_clean.pt"", ""select_only_in_h"": true, ""step_refresh_remainder"": 8, ""step_refresh_remainder_prompt"": 32}"
ours,1,36,92,1,1,1,7.39,"{""h"": 5, ""path_router"": ""routers_e2e/llada_base__cm_clean.pt"", ""select_only_in_h"": true, ""step_refresh_remainder"": 8, ""step_refresh_remainder_prompt"": 32}"
ours,1,38,97,1,1,1,7.38,"{""h"": 5, ""path_router"": ""routers_e2e/llada_base__cm_clean.pt"", ""select_only_in_h"": true, ""step_refresh_remainder"": 8, ""step_refresh_remainder_prompt"": 32}"
ours,1,40,102,1,1,1,7.38,"{""h"": 5, ""path_router"": ""routers_e2e/llada_base__cm_clean.pt"", ""select_only_in_h"": true, ""step_refresh_remainder"": 8, ""step_refresh_remainder_prompt"": 32}"
ours,1,42,108,1,1,1,7.38,"{""h"": 5, ""path_router"": ""routers_e2e/llada_base__cm_clean.pt"", ""select_only_in_h"": true, ""step_refresh_remainder"": 8, ""step_refresh_remainder_prompt"": 32}"
ours,1,44,113,1,1,1,7.38,"{""h"": 5, ""path_router"": ""routers_e2e/llada_base__cm_clean.pt"", ""select_only_in_h"": true, ""step_refresh_remainder"": 8, ""step_refresh_remainder_prompt"": 32}"
ours,1,46,118,1,1,1,7.39,"{""h"": 5, ""path_router"": ""routers_e2e/llada_base__cm_clean.pt"", ""select_only_in_h"": true, ""step_refresh_remainder"": 8, ""step_refresh_remainder_prompt"": 32}"
ours,1,48,123,1,1,1,7.39,"{""h"": 5, ""path_router"": ""routers_e2e/llada_base__cm_clean.pt"", ""select_only_in_h"": true, ""step_refresh_remainder"": 8, ""step_refresh_remainder_prompt"": 32}"
ours,1,50,128,1,1,1,7.39,"{""h"": 5, ""path_router"": ""routers_e2e/llada_base__cm_clean.pt"", ""select_only_in_h"": true, ""step_refresh_remainder"": 8, ""step_refresh_remainder_prompt"": 32}"
ours,1,52,133,1,1,1,7.38,"{""h"": 5, ""path_router"": ""routers_e2e/llada_base__cm_clean.pt"", ""select_only_in_h"": true, ""step_refresh_remainder"": 8, ""step_refresh_remainder_prompt"": 32}"
ours,1,54,138,1,1,1,7.37,"{""h"": 5, ""path_router"": ""routers_e2e/llada_base__cm_clean.pt"", ""select_only_in_h"": true, ""step_refresh_remainder"": 8, ""step_refresh_remainder_prompt"": 32}"
ours,1,56,143,1,1,1,7.37,"{""h"": 5, ""path_router"": ""routers_e2e/llada_base__cm_clean.pt"", ""select_only_in_h"": true, ""step_refresh_remainder"": 8, ""step_refresh_remainder_prompt"": 32}"
ours,1,58,148,1,1,1,7.37,"{""h"": 5, ""path_router"": ""routers_e2e/llada_base__cm_clean.pt"", ""select_only_in_h"": true, ""step_refresh_remainder"": 8, ""step_refresh_remainder_prompt"": 32}"
ours,1,60,154,1,1,1,7.36,"{""h"": 5, ""path_router"": ""routers_e2e/llada_base__cm_clean.pt"", ""select_only_in_h"": true, ""step_refresh_remainder"": 8, ""step_refresh_remainder_prompt"": 32}"
ours,1,62,159,1,1,1,7.36,"{""h"": 5, ""path_router"": ""routers_e2e/llada_base__cm_clean.pt"", ""select_only_in_h"": true, ""step_refresh_remainder"": 8, ""step_refresh_remainder_prompt"": 32}"
ours,1,64,164,1,1,1,7.36,"{""h"": 5, ""path_router"": ""routers_e2e/llada_base__cm_clean.pt"", ""select_only_in_h"": true, ""step_refresh_remainder"": 8, ""step_refresh_remainder_prompt"": 32}"
ours,1,66,169,1,1,1,7.36,"{""h"": 5, ""path_router"": ""routers_e2e/llada_base__cm_clean.pt"", ""select_only_in_h"": true, ""step_refresh_remainder"": 8, ""step_refresh_remainder_prompt"": 32}"
ours,1,68,174,1,1,1,7.36,"{""h"": 5, ""path_router"": ""routers_e2e/llada_base__cm_clean.pt"", ""select_only_in_h"": true, ""step_refresh_remainder"": 8, ""step_refresh_remainder_prompt"": 32}"
ours,1,70,179,1,1,1,7.36,"{""h"": 5, ""path_router"": ""routers_e2e/llada_base__cm_clean.pt"", ""select_only_in_h"": true, ""step_refresh_remainder"": 8, ""step_refresh_remainder_prompt"": 32}"
ours,1,72,184,1,1,1,7.38,"{""h"": 5, ""path_router"": ""routers_e2e/llada_base__cm_clean.pt"", ""select_only_in_h"": true, ""step_refresh_remainder"": 8, ""step_refresh_remainder_prompt"": 32}"
ours,1,74,189,1,1,1,7.38,"{""h"": 5, ""path_router"": ""routers_e2e/llada_base__cm_clean.pt"", ""select_only_in_h"": true, ""step_refresh_remainder"": 8, ""step_refresh_remainder_prompt"": 32}"
ours,1,76,195,1,1,1,7.38,"{""h"": 5, ""path_router"": ""routers_e2e/llada_base__cm_clean.pt"", ""select_only_in_h"": true, ""step_refresh_remainder"": 8, ""step_refresh_remainder_prompt"": 32}"
ours,1,78,200,1,1,1,7.38,"{""h"": 5, ""path_router"": ""routers_e2e/llada_base__cm_clean.pt"", ""select_only_in_h"": true, ""step_refresh_remainder"": 8, ""step_refresh_remainder_prompt"": 32}"
ours,1,80,205,1,1,1,7.37,"{""h"": 5, ""path_router"": ""routers_e2e/llada_base__cm_clean.pt"", ""select_only_in_h"": true, ""step_refresh_remainder"": 8, ""step_refresh_remainder_prompt"": 32}"
ours,1,82,210,1,1,1,7.37,"{""h"": 5, ""path_router"": ""routers_e2e/llada_base__cm_clean.pt"", ""select_only_in_h"": true, ""step_refresh_remainder"": 8, ""step_refresh_remainder_prompt"": 32}"
ours,1,84,215,1,1,1,7.35,"{""h"": 5, ""path_router"": ""routers_e2e/llada_base__cm_clean.pt"", ""select_only_in_h"": true, ""step_refresh_remainder"": 8, ""step_refresh_remainder_prompt"": 32}"
ours,1,86,220,1,1,1,7.36,"{""h"": 5, ""path_router"": ""routers_e2e/llada_base__cm_clean.pt"", ""select_only_in_h"": true, ""step_refresh_remainder"": 8, ""step_refresh_remainder_prompt"": 32}"
ours,1,88,225,1,1,1,7.37,"{""h"": 5, ""path_router"": ""routers_e2e/llada_base__cm_clean.pt"", ""select_only_in_h"": true, ""step_refresh_remainder"": 8, ""step_refresh_remainder_prompt"": 32}"
ours,1,90,230,1,1,1,7.37,"{""h"": 5, ""path_router"": ""routers_e2e/llada_base__cm_clean.pt"", ""select_only_in_h"": true, ""step_refresh_remainder"": 8, ""step_refresh_remainder_prompt"": 32}"
ours,3,0,0,0,0,1,7.16,"{""h"": 5, ""path_router"": ""routers_e2e/llada_base__cm_clean.pt"", ""select_only_in_h"": true, ""step_refresh_remainder"": 8, ""step_refresh_remainder_prompt"": 32}"
ours,3,2,5,1,1,1,7.15,"{""h"": 5, ""path_router"": ""routers_e2e/llada_base__cm_clean.pt"", ""select_only_in_h"": true, ""step_refresh_remainder"": 8, ""step_refresh_remainder_prompt"": 32}"
ours,3,4,10,1,1,1,7.14,"{""h"": 5, ""path_router"": ""routers_e2e/llada_base__cm_clean.pt"", ""select_only_in_h"": true, ""step_refresh_remainder"": 8, ""step_refresh_remainder_prompt"": 32}"
ours,3,6,15,1,1,1,7.15,"{""h"": 5, ""path_router"": ""routers_e2e/llada_base__cm_clean.pt"", ""select_only_in_h"": true, ""step_refresh_remainder"": 8, ""step_refresh_remainder_prompt"": 32}"
ours,3,8,20,1,1,1,7.15,"{""h"": 5, ""path_router"": ""routers_e2e/llada_base__cm_clean.pt"", ""select_only_in_h"": true, ""step_refresh_remainder"": 8, ""step_refresh_remainder_prompt"": 32}"
ours,3,10,26,1,1,1,7.15,"{""h"": 5, ""path_router"": ""routers_e2e/llada_base__cm_clean.pt"", ""select_only_in_h"": true, ""step_refresh_remainder"": 8, ""step_refresh_remainder_prompt"": 32}"
ours,3,12,31,1,1,1,7.15,"{""h"": 5, ""path_router"": ""routers_e2e/llada_base__cm_clean.pt"", ""select_only_in_h"": true, ""step_refresh_remainder"": 8, ""step_refresh_remainder_prompt"": 32}"
ours,3,14,36,1,1,1,7.15,"{""h"": 5, ""path_router"": ""routers_e2e/llada_base__cm_clean.pt"", ""select_only_in_h"": true, ""step_refresh_remainder"": 8, ""step_refresh_remainder_prompt"": 32}"
ours,3,16,41,0,0,1,7.14,"{""h"": 5, ""path_router"": ""routers_e2e/llada_base__cm_clean.pt"", ""select_only_in_h"": true, ""step_refresh_remainder"": 8, ""step_refresh_remainder_prompt"": 32}"
ours,3,18,46,0,0,1,7.15,"{""h"": 5, ""path_router"": ""routers_e2e/llada_base__cm_clean.pt"", ""select_only_in_h"": true, ""step_refresh_remainder"": 8, ""step_refresh_remainder_prompt"": 32}"
ours,3,20,51,1,1,1,7.15,"{""h"": 5, ""path_router"": ""routers_e2e/llada_base__cm_clean.pt"", ""select_only_in_h"": true, ""step_refresh_remainder"": 8, ""step_refresh_remainder_prompt"": 32}"
ours,3,22,56,1,1,1,7.15,"{""h"": 5, ""path_router"": ""routers_e2e/llada_base__cm_clean.pt"", ""select_only_in_h"": true, ""step_refresh_remainder"": 8, ""step_refresh_remainder_prompt"": 32}"
ours,3,24,61,1,1,1,7.15,"{""h"": 5, ""path_router"": ""routers_e2e/llada_base__cm_clean.pt"", ""select_only_in_h"": true, ""step_refresh_remainder"": 8, ""step_refresh_remainder_prompt"": 32}"
ours,3,26,67,1,1,1,7.14,"{""h"": 5, ""path_router"": ""routers_e2e/llada_base__cm_clean.pt"", ""select_only_in_h"": true, ""step_refresh_remainder"": 8, ""step_refresh_remainder_prompt"": 32}"
ours,3,28,72,1,1,1,7.15,"{""h"": 5, ""path_router"": ""routers_e2e/llada_base__cm_clean.pt"", ""select_only_in_h"": true, ""step_refresh_remainder"": 8, ""step_refresh_remainder_prompt"": 32}"
ours,3,30,77,1,1,1,7.14,"{""h"": 5, ""path_router"": ""routers_e2e/llada_base__cm_clean.pt"", ""select_only_in_h"": true, ""step_refresh_remainder"": 8, ""step_refresh_remainder_prompt"": 32}"
ours,3,32,82,1,1,1,7.15,"{""h"": 5, ""path_router"": ""routers_e2e/llada_base__cm_clean.pt"", ""select_only_in_h"": true, ""step_refresh_remainder"": 8, ""step_refresh_remainder_prompt"": 32}"
ours,3,34,87,1,1,1,7.14,"{""h"": 5, ""path_router"": ""routers_e2e/llada_base__cm_clean.pt"", ""select_only_in_h"": true, ""step_refresh_remainder"": 8, ""step_refresh_remainder_prompt"": 32}"
ours,3,36,92,1,1,1,7.14,"{""h"": 5, ""path_router"": ""routers_e2e/llada_base__cm_clean.pt"", ""select_only_in_h"": true, ""step_refresh_remainder"": 8, ""step_refresh_remainder_prompt"": 32}"
ours,3,38,97,1,1,1,7.14,"{""h"": 5, ""path_router"": ""routers_e2e/llada_base__cm_clean.pt"", ""select_only_in_h"": true, ""step_refresh_remainder"": 8, ""step_refresh_remainder_prompt"": 32}"
ours,3,40,102,1,1,1,7.14,"{""h"": 5, ""path_router"": ""routers_e2e/llada_base__cm_clean.pt"", ""select_only_in_h"": true, ""step_refresh_remainder"": 8, ""step_refresh_remainder_prompt"": 32}"
ours,3,42,108,1,1,1,7.14,"{""h"": 5, ""path_router"": ""routers_e2e/llada_base__cm_clean.pt"", ""select_only_in_h"": true, ""step_refresh_remainder"": 8, ""step_refresh_remainder_prompt"": 32}"
ours,3,44,113,1,1,1,7.13,"{""h"": 5, ""path_router"": ""routers_e2e/llada_base__cm_clean.pt"", ""select_only_in_h"": true, ""step_refresh_remainder"": 8, ""step_refresh_remainder_prompt"": 32}"
ours,3,46,118,1,1,1,7.14,"{""h"": 5, ""path_router"": ""routers_e2e/llada_base__cm_clean.pt"", ""select_only_in_h"": true, ""step_refresh_remainder"": 8, ""step_refresh_remainder_prompt"": 32}"
ours,3,48,123,1,1,1,7.14,"{""h"": 5, ""path_router"": ""routers_e2e/llada_base__cm_clean.pt"", ""select_only_in_h"": true, ""step_refresh_remainder"": 8, ""step_refresh_remainder_prompt"": 32}"
ours,3,50,128,1,1,1,7.14,"{""h"": 5, ""path_router"": ""routers_e2e/llada_base__cm_clean.pt"", ""select_only_in_h"": true, ""step_refresh_remainder"": 8, ""step_refresh_remainder_prompt"": 32}"
ours,3,52,133,1,1,1,7.14,"{""h"": 5, ""path_router"": ""routers_e2e/llada_base__cm_clean.pt"", ""select_only_in_h"": true, ""step_refresh_remainder"": 8, ""step_refresh_remainder_prompt"": 32}"
ours,3,54,138,1,1,1,7.14,"{""h"": 5, ""path_router"": ""routers_e2e/llada_base__cm_clean.pt"", ""select_only_in_h"": true, ""step_refresh_remainder"": 8, ""step_refresh_remainder_prompt"": 32}"
ours,3,56,143,1,1,1,7.14,"{""h"": 5, ""path_router"": ""routers_e2e/llada_base__cm_clean.pt"", ""select_only_in_h"": true, ""step_refresh_remainder"": 8, ""step_refresh_remainder_prompt"": 32}"
ours,3,58,148,1,1,1,7.14,"{""h"": 5, ""path_router"": ""routers_e2e/llada_base__cm_clean.pt"", ""select_only_in_h"": true, ""step_refresh_remainder"": 8, ""step_refresh_remainder_prompt"": 32}"
ours,3,60,154,1,1,1,7.14,"{""h"": 5, ""path_router"": ""routers_e2e/llada_base__cm_clean.pt"", ""select_only_in_h"": true, ""step_refresh_remainder"": 8, ""step_refresh_remainder_prompt"": 32}"
ours,3,62,159,1,1,1,7.14,"{""h"": 5, ""path_router"": ""routers_e2e/llada_base__cm_clean.pt"", ""select_only_in_h"": true, ""step_refresh_remainder"": 8, ""step_refresh_remainder_prompt"": 32}"
ours,3,64,164,1,1,1,7.14,"{""h"": 5, ""path_router"": ""routers_e2e/llada_base__cm_clean.pt"", ""select_only_in_h"": true, ""step_refresh_remainder"": 8, ""step_refresh_remainder_prompt"": 32}"
ours,3,66,169,1,1,1,7.14,"{""h"": 5, ""path_router"": ""routers_e2e/llada_base__cm_clean.pt"", ""select_only_in_h"": true, ""step_refresh_remainder"": 8, ""step_refresh_remainder_prompt"": 32}"
ours,3,68,174,1,1,1,7.14,"{""h"": 5, ""path_router"": ""routers_e2e/llada_base__cm_clean.pt"", ""select_only_in_h"": true, ""step_refresh_remainder"": 8, ""step_refresh_remainder_prompt"": 32}"
ours,3,70,179,1,1,1,7.14,"{""h"": 5, ""path_router"": ""routers_e2e/llada_base__cm_clean.pt"", ""select_only_in_h"": true, ""step_refresh_remainder"": 8, ""step_refresh_remainder_prompt"": 32}"
ours,3,72,184,1,1,1,7.14,"{""h"": 5, ""path_router"": ""routers_e2e/llada_base__cm_clean.pt"", ""select_only_in_h"": true, ""step_refresh_remainder"": 8, ""step_refresh_remainder_prompt"": 32}"
ours,3,74,189,1,1,1,7.13,"{""h"": 5, ""path_router"": ""routers_e2e/llada_base__cm_clean.pt"", ""select_only_in_h"": true, ""step_refresh_remainder"": 8, ""step_refresh_remainder_prompt"": 32}"
ours,3,76,195,1,1,1,7.14,"{""h"": 5, ""path_router"": ""routers_e2e/llada_base__cm_clean.pt"", ""select_only_in_h"": true, ""step_refresh_remainder"": 8, ""step_refresh_remainder_prompt"": 32}"
ours,3,78,200,1,1,1,7.14,"{""h"": 5, ""path_router"": ""routers_e2e/llada_base__cm_clean.pt"", ""select_only_in_h"": true, ""step_refresh_remainder"": 8, ""step_refresh_remainder_prompt"": 32}"
ours,3,80,205,1,1,1,7.14,"{""h"": 5, ""path_router"": ""routers_e2e/llada_base__cm_clean.pt"", ""select_only_in_h"": true, ""step_refresh_remainder"": 8, ""step_refresh_remainder_prompt"": 32}"
ours,3,82,210,1,1,1,7.14,"{""h"": 5, ""path_router"": ""routers_e2e/llada_base__cm_clean.pt"", ""select_only_in_h"": true, ""step_refresh_remainder"": 8, ""step_refresh_remainder_prompt"": 32}"
ours,3,84,215,1,1,1,7.14,"{""h"": 5, ""path_router"": ""routers_e2e/llada_base__cm_clean.pt"", ""select_only_in_h"": true, ""step_refresh_remainder"": 8, ""step_refresh_remainder_prompt"": 32}"
ours,3,86,220,1,1,1,7.14,"{""h"": 5, ""path_router"": ""routers_e2e/llada_base__cm_clean.pt"", ""select_only_in_h"": true, ""step_refresh_remainder"": 8, ""step_refresh_remainder_prompt"": 32}"
ours,3,88,225,1,1,1,7.14,"{""h"": 5, ""path_router"": ""routers_e2e/llada_base__cm_clean.pt"", ""select_only_in_h"": true, ""step_refresh_remainder"": 8, ""step_refresh_remainder_prompt"": 32}"
ours,3,90,230,1,1,1,7.14,"{""h"": 5, ""path_router"": ""routers_e2e/llada_base__cm_clean.pt"", ""select_only_in_h"": true, ""step_refresh_remainder"": 8, ""step_refresh_remainder_prompt"": 32}"
ours,4,0,0,1,1,1,7.35,"{""h"": 5, ""path_router"": ""routers_e2e/llada_base__cm_clean.pt"", ""select_only_in_h"": true, ""step_refresh_remainder"": 8, ""step_refresh_remainder_prompt"": 32}"
ours,4,2,5,1,1,1,7.34,"{""h"": 5, ""path_router"": ""routers_e2e/llada_base__cm_clean.pt"", ""select_only_in_h"": true, ""step_refresh_remainder"": 8, ""step_refresh_remainder_prompt"": 32}"
ours,4,4,10,1,1,1,7.33,"{""h"": 5, ""path_router"": ""routers_e2e/llada_base__cm_clean.pt"", ""select_only_in_h"": true, ""step_refresh_remainder"": 8, ""step_refresh_remainder_prompt"": 32}"
ours,4,6,15,1,1,1,7.35,"{""h"": 5, ""path_router"": ""routers_e2e/llada_base__cm_clean.pt"", ""select_only_in_h"": true, ""step_refresh_remainder"": 8, ""step_refresh_remainder_prompt"": 32}"
ours,4,8,20,1,1,1,7.35,"{""h"": 5, ""path_router"": ""routers_e2e/llada_base__cm_clean.pt"", ""select_only_in_h"": true, ""step_refresh_remainder"": 8, ""step_refresh_remainder_prompt"": 32}"
ours,4,10,26,1,1,1,7.34,"{""h"": 5, ""path_router"": ""routers_e2e/llada_base__cm_clean.pt"", ""select_only_in_h"": true, ""step_refresh_remainder"": 8, ""step_refresh_remainder_prompt"": 32}"
ours,4,12,31,1,1,1,7.34,"{""h"": 5, ""path_router"": ""routers_e2e/llada_base__cm_clean.pt"", ""select_only_in_h"": true, ""step_refresh_remainder"": 8, ""step_refresh_remainder_prompt"": 32}"
ours,4,14,36,1,1,1,7.34,"{""h"": 5, ""path_router"": ""routers_e2e/llada_base__cm_clean.pt"", ""select_only_in_h"": true, ""step_refresh_remainder"": 8, ""step_refresh_remainder_prompt"": 32}"
ours,4,16,41,1,1,1,7.33,"{""h"": 5, ""path_router"": ""routers_e2e/llada_base__cm_clean.pt"", ""select_only_in_h"": true, ""step_refresh_remainder"": 8, ""step_refresh_remainder_prompt"": 32}"
ours,4,18,46,1,1,1,7.34,"{""h"": 5, ""path_router"": ""routers_e2e/llada_base__cm_clean.pt"", ""select_only_in_h"": true, ""step_refresh_remainder"": 8, ""step_refresh_remainder_prompt"": 32}"
ours,4,20,51,1,1,1,7.34,"{""h"": 5, ""path_router"": ""routers_e2e/llada_base__cm_clean.pt"", ""select_only_in_h"": true, ""step_refresh_remainder"": 8, ""step_refresh_remainder_prompt"": 32}"
ours,4,22,56,1,1,1,7.34,"{""h"": 5, ""path_router"": ""routers_e2e/llada_base__cm_clean.pt"", ""select_only_in_h"": true, ""step_refresh_remainder"": 8, ""step_refresh_remainder_prompt"": 32}"
ours,4,24,61,1,1,1,7.35,"{""h"": 5, ""path_router"": ""routers_e2e/llada_base__cm_clean.pt"", ""select_only_in_h"": true, ""step_refresh_remainder"": 8, ""step_refresh_remainder_prompt"": 32}"
ours,4,26,67,1,1,1,7.34,"{""h"": 5, ""path_router"": ""routers_e2e/llada_base__cm_clean.pt"", ""select_only_in_h"": true, ""step_refresh_remainder"": 8, ""step_refresh_remainder_prompt"": 32}"
ours,4,28,72,1,1,1,7.34,"{""h"": 5, ""path_router"": ""routers_e2e/llada_base__cm_clean.pt"", ""select_only_in_h"": true, ""step_refresh_remainder"": 8, ""step_refresh_remainder_prompt"": 32}"
ours,4,30,77,0,0,1,7.34,"{""h"": 5, ""path_router"": ""routers_e2e/llada_base__cm_clean.pt"", ""select_only_in_h"": true, ""step_refresh_remainder"": 8, ""step_refresh_remainder_prompt"": 32}"
ours,4,32,82,0,0,1,7.34,"{""h"": 5, ""path_router"": ""routers_e2e/llada_base__cm_clean.pt"", ""select_only_in_h"": true, ""step_refresh_remainder"": 8, ""step_refresh_remainder_prompt"": 32}"
ours,4,34,87,0,0,1,7.32,"{""h"": 5, ""path_router"": ""routers_e2e/llada_base__cm_clean.pt"", ""select_only_in_h"": true, ""step_refresh_remainder"": 8, ""step_refresh_remainder_prompt"": 32}"
ours,4,36,92,0,0,1,7.34,"{""h"": 5, ""path_router"": ""routers_e2e/llada_base__cm_clean.pt"", ""select_only_in_h"": true, ""step_refresh_remainder"": 8, ""step_refresh_remainder_prompt"": 32}"
ours,4,38,97,0,0,1,7.33,"{""h"": 5, ""path_router"": ""routers_e2e/llada_base__cm_clean.pt"", ""select_only_in_h"": true, ""step_refresh_remainder"": 8, ""step_refresh_remainder_prompt"": 32}"
ours,4,40,102,1,1,1,7.34,"{""h"": 5, ""path_router"": ""routers_e2e/llada_base__cm_clean.pt"", ""select_only_in_h"": true, ""step_refresh_remainder"": 8, ""step_refresh_remainder_prompt"": 32}"
ours,4,42,108,1,1,1,7.34,"{""h"": 5, ""path_router"": ""routers_e2e/llada_base__cm_clean.pt"", ""select_only_in_h"": true, ""step_refresh_remainder"": 8, ""step_refresh_remainder_prompt"": 32}"
ours,4,44,113,1,1,1,7.35,"{""h"": 5, ""path_router"": ""routers_e2e/llada_base__cm_clean.pt"", ""select_only_in_h"": true, ""step_refresh_remainder"": 8, ""step_refresh_remainder_prompt"": 32}"
ours,4,46,118,1,1,1,7.32,"{""h"": 5, ""path_router"": ""routers_e2e/llada_base__cm_clean.pt"", ""select_only_in_h"": true, ""step_refresh_remainder"": 8, ""step_refresh_remainder_prompt"": 32}"
ours,4,48,123,1,1,1,7.33,"{""h"": 5, ""path_router"": ""routers_e2e/llada_base__cm_clean.pt"", ""select_only_in_h"": true, ""step_refresh_remainder"": 8, ""step_refresh_remainder_prompt"": 32}"
ours,4,50,128,1,1,1,7.32,"{""h"": 5, ""path_router"": ""routers_e2e/llada_base__cm_clean.pt"", ""select_only_in_h"": true, ""step_refresh_remainder"": 8, ""step_refresh_remainder_prompt"": 32}"
ours,4,52,133,1,1,1,7.32,"{""h"": 5, ""path_router"": ""routers_e2e/llada_base__cm_clean.pt"", ""select_only_in_h"": true, ""step_refresh_remainder"": 8, ""step_refresh_remainder_prompt"": 32}"
ours,4,54,138,1,1,1,7.32,"{""h"": 5, ""path_router"": ""routers_e2e/llada_base__cm_clean.pt"", ""select_only_in_h"": true, ""step_refresh_remainder"": 8, ""step_refresh_remainder_prompt"": 32}"
ours,4,56,143,1,1,1,7.32,"{""h"": 5, ""path_router"": ""routers_e2e/llada_base__cm_clean.pt"", ""select_only_in_h"": true, ""step_refresh_remainder"": 8, ""step_refresh_remainder_prompt"": 32}"
ours,4,58,148,1,1,1,7.34,"{""h"": 5, ""path_router"": ""routers_e2e/llada_base__cm_clean.pt"", ""select_only_in_h"": true, ""step_refresh_remainder"": 8, ""step_refresh_remainder_prompt"": 32}"
ours,4,60,154,1,1,1,7.33,"{""h"": 5, ""path_router"": ""routers_e2e/llada_base__cm_clean.pt"", ""select_only_in_h"": true, ""step_refresh_remainder"": 8, ""step_refresh_remainder_prompt"": 32}"
ours,4,62,159,1,1,1,7.33,"{""h"": 5, ""path_router"": ""routers_e2e/llada_base__cm_clean.pt"", ""select_only_in_h"": true, ""step_refresh_remainder"": 8, ""step_refresh_remainder_prompt"": 32}"
ours,4,64,164,1,1,1,7.33,"{""h"": 5, ""path_router"": ""routers_e2e/llada_base__cm_clean.pt"", ""select_only_in_h"": true, ""step_refresh_remainder"": 8, ""step_refresh_remainder_prompt"": 32}"
ours,4,66,169,1,1,1,7.34,"{""h"": 5, ""path_router"": ""routers_e2e/llada_base__cm_clean.pt"", ""select_only_in_h"": true, ""step_refresh_remainder"": 8, ""step_refresh_remainder_prompt"": 32}"
ours,4,68,174,1,1,1,7.33,"{""h"": 5, ""path_router"": ""routers_e2e/llada_base__cm_clean.pt"", ""select_only_in_h"": true, ""step_refresh_remainder"": 8, ""step_refresh_remainder_prompt"": 32}"
ours,4,70,179,1,1,1,7.34,"{""h"": 5, ""path_router"": ""routers_e2e/llada_base__cm_clean.pt"", ""select_only_in_h"": true, ""step_refresh_remainder"": 8, ""step_refresh_remainder_prompt"": 32}"
ours,4,72,184,1,1,1,7.33,"{""h"": 5, ""path_router"": ""routers_e2e/llada_base__cm_clean.pt"", ""select_only_in_h"": true, ""step_refresh_remainder"": 8, ""step_refresh_remainder_prompt"": 32}"
ours,4,74,189,1,1,1,7.34,"{""h"": 5, ""path_router"": ""routers_e2e/llada_base__cm_clean.pt"", ""select_only_in_h"": true, ""step_refresh_remainder"": 8, ""step_refresh_remainder_prompt"": 32}"
ours,4,76,195,1,1,1,7.34,"{""h"": 5, ""path_router"": ""routers_e2e/llada_base__cm_clean.pt"", ""select_only_in_h"": true, ""step_refresh_remainder"": 8, ""step_refresh_remainder_prompt"": 32}"
ours,4,78,200,1,1,1,7.33,"{""h"": 5, ""path_router"": ""routers_e2e/llada_base__cm_clean.pt"", ""select_only_in_h"": true, ""step_refresh_remainder"": 8, ""step_refresh_remainder_prompt"": 32}"
ours,4,80,205,1,1,1,7.33,"{""h"": 5, ""path_router"": ""routers_e2e/llada_base__cm_clean.pt"", ""select_only_in_h"": true, ""step_refresh_remainder"": 8, ""step_refresh_remainder_prompt"": 32}"
ours,4,82,210,1,1,1,7.33,"{""h"": 5, ""path_router"": ""routers_e2e/llada_base__cm_clean.pt"", ""select_only_in_h"": true, ""step_refresh_remainder"": 8, ""step_refresh_remainder_prompt"": 32}"
ours,4,84,215,1,1,1,7.32,"{""h"": 5, ""path_router"": ""routers_e2e/llada_base__cm_clean.pt"", ""select_only_in_h"": true, ""step_refresh_remainder"": 8, ""step_refresh_remainder_prompt"": 32}"
ours,4,86,220,1,1,1,7.32,"{""h"": 5, ""path_router"": ""routers_e2e/llada_base__cm_clean.pt"", ""select_only_in_h"": true, ""step_refresh_remainder"": 8, ""step_refresh_remainder_prompt"": 32}"
ours,4,88,225,1,1,1,7.32,"{""h"": 5, ""path_router"": ""routers_e2e/llada_base__cm_clean.pt"", ""select_only_in_h"": true, ""step_refresh_remainder"": 8, ""step_refresh_remainder_prompt"": 32}"
ours,4,90,230,1,1,1,7.32,"{""h"": 5, ""path_router"": ""routers_e2e/llada_base__cm_clean.pt"", ""select_only_in_h"": true, ""step_refresh_remainder"": 8, ""step_refresh_remainder_prompt"": 32}"
ours,6,0,0,1,1,1,7.26,"{""h"": 5, ""path_router"": ""routers_e2e/llada_base__cm_clean.pt"", ""select_only_in_h"": true, ""step_refresh_remainder"": 8, ""step_refresh_remainder_prompt"": 32}"
ours,6,2,5,1,1,1,7.25,"{""h"": 5, ""path_router"": ""routers_e2e/llada_base__cm_clean.pt"", ""select_only_in_h"": true, ""step_refresh_remainder"": 8, ""step_refresh_remainder_prompt"": 32}"
ours,6,4,10,1,1,1,7.25,"{""h"": 5, ""path_router"": ""routers_e2e/llada_base__cm_clean.pt"", ""select_only_in_h"": true, ""step_refresh_remainder"": 8, ""step_refresh_remainder_prompt"": 32}"
ours,6,6,15,1,1,1,7.25,"{""h"": 5, ""path_router"": ""routers_e2e/llada_base__cm_clean.pt"", ""select_only_in_h"": true, ""step_refresh_remainder"": 8, ""step_refresh_remainder_prompt"": 32}"
ours,6,8,20,1,1,1,7.24,"{""h"": 5, ""path_router"": ""routers_e2e/llada_base__cm_clean.pt"", ""select_only_in_h"": true, ""step_refresh_remainder"": 8, ""step_refresh_remainder_prompt"": 32}"
ours,6,10,26,1,1,1,7.25,"{""h"": 5, ""path_router"": ""routers_e2e/llada_base__cm_clean.pt"", ""select_only_in_h"": true, ""step_refresh_remainder"": 8, ""step_refresh_remainder_prompt"": 32}"
ours,6,12,31,1,1,1,7.24,"{""h"": 5, ""path_router"": ""routers_e2e/llada_base__cm_clean.pt"", ""select_only_in_h"": true, ""step_refresh_remainder"": 8, ""step_refresh_remainder_prompt"": 32}"
ours,6,14,36,1,1,1,7.25,"{""h"": 5, ""path_router"": ""routers_e2e/llada_base__cm_clean.pt"", ""select_only_in_h"": true, ""step_refresh_remainder"": 8, ""step_refresh_remainder_prompt"": 32}"
ours,6,16,41,1,1,1,7.25,"{""h"": 5, ""path_router"": ""routers_e2e/llada_base__cm_clean.pt"", ""select_only_in_h"": true, ""step_refresh_remainder"": 8, ""step_refresh_remainder_prompt"": 32}"
ours,6,18,46,1,1,1,7.25,"{""h"": 5, ""path_router"": ""routers_e2e/llada_base__cm_clean.pt"", ""select_only_in_h"": true, ""step_refresh_remainder"": 8, ""step_refresh_remainder_prompt"": 32}"
ours,6,20,51,1,1,1,7.25,"{""h"": 5, ""path_router"": ""routers_e2e/llada_base__cm_clean.pt"", ""select_only_in_h"": true, ""step_refresh_remainder"": 8, ""step_refresh_remainder_prompt"": 32}"
ours,6,22,56,1,1,1,7.25,"{""h"": 5, ""path_router"": ""routers_e2e/llada_base__cm_clean.pt"", ""select_only_in_h"": true, ""step_refresh_remainder"": 8, ""step_refresh_remainder_prompt"": 32}"
ours,6,24,61,1,1,1,7.25,"{""h"": 5, ""path_router"": ""routers_e2e/llada_base__cm_clean.pt"", ""select_only_in_h"": true, ""step_refresh_remainder"": 8, ""step_refresh_remainder_prompt"": 32}"
ours,6,26,67,0,0,1,7.23,"{""h"": 5, ""path_router"": ""routers_e2e/llada_base__cm_clean.pt"", ""select_only_in_h"": true, ""step_refresh_remainder"": 8, ""step_refresh_remainder_prompt"": 32}"
ours,6,28,72,0,0,1,7.25,"{""h"": 5, ""path_router"": ""routers_e2e/llada_base__cm_clean.pt"", ""select_only_in_h"": true, ""step_refresh_remainder"": 8, ""step_refresh_remainder_prompt"": 32}"
ours,6,30,77,1,1,1,7.23,"{""h"": 5, ""path_router"": ""routers_e2e/llada_base__cm_clean.pt"", ""select_only_in_h"": true, ""step_refresh_remainder"": 8, ""step_refresh_remainder_prompt"": 32}"
ours,6,32,82,1,1,1,7.22,"{""h"": 5, ""path_router"": ""routers_e2e/llada_base__cm_clean.pt"", ""select_only_in_h"": true, ""step_refresh_remainder"": 8, ""step_refresh_remainder_prompt"": 32}"
ours,6,34,87,1,1,1,7.24,"{""h"": 5, ""path_router"": ""routers_e2e/llada_base__cm_clean.pt"", ""select_only_in_h"": true, ""step_refresh_remainder"": 8, ""step_refresh_remainder_prompt"": 32}"
ours,6,36,92,1,1,1,7.24,"{""h"": 5, ""path_router"": ""routers_e2e/llada_base__cm_clean.pt"", ""select_only_in_h"": true, ""step_refresh_remainder"": 8, ""step_refresh_remainder_prompt"": 32}"
ours,6,38,97,1,1,1,7.23,"{""h"": 5, ""path_router"": ""routers_e2e/llada_base__cm_clean.pt"", ""select_only_in_h"": true, ""step_refresh_remainder"": 8, ""step_refresh_remainder_prompt"": 32}"
ours,6,40,102,1,1,1,7.24,"{""h"": 5, ""path_router"": ""routers_e2e/llada_base__cm_clean.pt"", ""select_only_in_h"": true, ""step_refresh_remainder"": 8, ""step_refresh_remainder_prompt"": 32}"
ours,6,42,108,1,1,1,7.24,"{""h"": 5, ""path_router"": ""routers_e2e/llada_base__cm_clean.pt"", ""select_only_in_h"": true, ""step_refresh_remainder"": 8, ""step_refresh_remainder_prompt"": 32}"
ours,6,44,113,1,1,1,7.23,"{""h"": 5, ""path_router"": ""routers_e2e/llada_base__cm_clean.pt"", ""select_only_in_h"": true, ""step_refresh_remainder"": 8, ""step_refresh_remainder_prompt"": 32}"
ours,6,46,118,1,1,1,7.23,"{""h"": 5, ""path_router"": ""routers_e2e/llada_base__cm_clean.pt"", ""select_only_in_h"": true, ""step_refresh_remainder"": 8, ""step_refresh_remainder_prompt"": 32}"
ours,6,48,123,1,1,1,7.24,"{""h"": 5, ""path_router"": ""routers_e2e/llada_base__cm_clean.pt"", ""select_only_in_h"": true, ""step_refresh_remainder"": 8, ""step_refresh_remainder_prompt"": 32}"
ours,6,50,128,1,1,1,7.24,"{""h"": 5, ""path_router"": ""routers_e2e/llada_base__cm_clean.pt"", ""select_only_in_h"": true, ""step_refresh_remainder"": 8, ""step_refresh_remainder_prompt"": 32}"
ours,6,52,133,1,1,1,7.25,"{""h"": 5, ""path_router"": ""routers_e2e/llada_base__cm_clean.pt"", ""select_only_in_h"": true, ""step_refresh_remainder"": 8, ""step_refresh_remainder_prompt"": 32}"
ours,6,54,138,1,1,1,7.25,"{""h"": 5, ""path_router"": ""routers_e2e/llada_base__cm_clean.pt"", ""select_only_in_h"": true, ""step_refresh_remainder"": 8, ""step_refresh_remainder_prompt"": 32}"
ours,6,56,143,1,1,1,7.25,"{""h"": 5, ""path_router"": ""routers_e2e/llada_base__cm_clean.pt"", ""select_only_in_h"": true, ""step_refresh_remainder"": 8, ""step_refresh_remainder_prompt"": 32}"
ours,6,58,148,1,1,1,7.25,"{""h"": 5, ""path_router"": ""routers_e2e/llada_base__cm_clean.pt"", ""select_only_in_h"": true, ""step_refresh_remainder"": 8, ""step_refresh_remainder_prompt"": 32}"
ours,6,60,154,1,1,1,7.25,"{""h"": 5, ""path_router"": ""routers_e2e/llada_base__cm_clean.pt"", ""select_only_in_h"": true, ""step_refresh_remainder"": 8, ""step_refresh_remainder_prompt"": 32}"
ours,6,62,159,1,1,1,7.24,"{""h"": 5, ""path_router"": ""routers_e2e/llada_base__cm_clean.pt"", ""select_only_in_h"": true, ""step_refresh_remainder"": 8, ""step_refresh_remainder_prompt"": 32}"
ours,6,64,164,1,1,1,7.25,"{""h"": 5, ""path_router"": ""routers_e2e/llada_base__cm_clean.pt"", ""select_only_in_h"": true, ""step_refresh_remainder"": 8, ""step_refresh_remainder_prompt"": 32}"
ours,6,66,169,1,1,1,7.24,"{""h"": 5, ""path_router"": ""routers_e2e/llada_base__cm_clean.pt"", ""select_only_in_h"": true, ""step_refresh_remainder"": 8, ""step_refresh_remainder_prompt"": 32}"
ours,6,68,174,1,1,1,7.24,"{""h"": 5, ""path_router"": ""routers_e2e/llada_base__cm_clean.pt"", ""select_only_in_h"": true, ""step_refresh_remainder"": 8, ""step_refresh_remainder_prompt"": 32}"
ours,6,70,179,1,1,1,7.24,"{""h"": 5, ""path_router"": ""routers_e2e/llada_base__cm_clean.pt"", ""select_only_in_h"": true, ""step_refresh_remainder"": 8, ""step_refresh_remainder_prompt"": 32}"
ours,6,72,184,1,1,1,7.24,"{""h"": 5, ""path_router"": ""routers_e2e/llada_base__cm_clean.pt"", ""select_only_in_h"": true, ""step_refresh_remainder"": 8, ""step_refresh_remainder_prompt"": 32}"
ours,6,74,189,1,1,1,7.25,"{""h"": 5, ""path_router"": ""routers_e2e/llada_base__cm_clean.pt"", ""select_only_in_h"": true, ""step_refresh_remainder"": 8, ""step_refresh_remainder_prompt"": 32}"
ours,6,76,195,1,1,1,7.24,"{""h"": 5, ""path_router"": ""routers_e2e/llada_base__cm_clean.pt"", ""select_only_in_h"": true, ""step_refresh_remainder"": 8, ""step_refresh_remainder_prompt"": 32}"
ours,6,78,200,1,1,1,7.24,"{""h"": 5, ""path_router"": ""routers_e2e/llada_base__cm_clean.pt"", ""select_only_in_h"": true, ""step_refresh_remainder"": 8, ""step_refresh_remainder_prompt"": 32}"
ours,6,80,205,1,1,1,7.24,"{""h"": 5, ""path_router"": ""routers_e2e/llada_base__cm_clean.pt"", ""select_only_in_h"": true, ""step_refresh_remainder"": 8, ""step_refresh_remainder_prompt"": 32}"
ours,6,82,210,1,1,1,7.24,"{""h"": 5, ""path_router"": ""routers_e2e/llada_base__cm_clean.pt"", ""select_only_in_h"": true, ""step_refresh_remainder"": 8, ""step_refresh_remainder_prompt"": 32}"
ours,6,84,215,1,1,1,7.23,"{""h"": 5, ""path_router"": ""routers_e2e/llada_base__cm_clean.pt"", ""select_only_in_h"": true, ""step_refresh_remainder"": 8, ""step_refresh_remainder_prompt"": 32}"
ours,6,86,220,1,1,1,7.22,"{""h"": 5, ""path_router"": ""routers_e2e/llada_base__cm_clean.pt"", ""select_only_in_h"": true, ""step_refresh_remainder"": 8, ""step_refresh_remainder_prompt"": 32}"
ours,6,88,225,1,1,1,7.23,"{""h"": 5, ""path_router"": ""routers_e2e/llada_base__cm_clean.pt"", ""select_only_in_h"": true, ""step_refresh_remainder"": 8, ""step_refresh_remainder_prompt"": 32}"
ours,6,90,230,1,1,1,7.24,"{""h"": 5, ""path_router"": ""routers_e2e/llada_base__cm_clean.pt"", ""select_only_in_h"": true, ""step_refresh_remainder"": 8, ""step_refresh_remainder_prompt"": 32}"
ours,9,0,0,1,1,1,7.1,"{""h"": 5, ""path_router"": ""routers_e2e/llada_base__cm_clean.pt"", ""select_only_in_h"": true, ""step_refresh_remainder"": 8, ""step_refresh_remainder_prompt"": 32}"
ours,9,2,5,1,1,1,7.09,"{""h"": 5, ""path_router"": ""routers_e2e/llada_base__cm_clean.pt"", ""select_only_in_h"": true, ""step_refresh_remainder"": 8, ""step_refresh_remainder_prompt"": 32}"
ours,9,4,10,0,0,1,7.1,"{""h"": 5, ""path_router"": ""routers_e2e/llada_base__cm_clean.pt"", ""select_only_in_h"": true, ""step_refresh_remainder"": 8, ""step_refresh_remainder_prompt"": 32}"
ours,9,6,15,1,1,1,7.1,"{""h"": 5, ""path_router"": ""routers_e2e/llada_base__cm_clean.pt"", ""select_only_in_h"": true, ""step_refresh_remainder"": 8, ""step_refresh_remainder_prompt"": 32}"
ours,9,8,20,1,1,1,7.09,"{""h"": 5, ""path_router"": ""routers_e2e/llada_base__cm_clean.pt"", ""select_only_in_h"": true, ""step_refresh_remainder"": 8, ""step_refresh_remainder_prompt"": 32}"
ours,9,10,26,1,1,1,7.08,"{""h"": 5, ""path_router"": ""routers_e2e/llada_base__cm_clean.pt"", ""select_only_in_h"": true, ""step_refresh_remainder"": 8, ""step_refresh_remainder_prompt"": 32}"
ours,9,12,31,0,0,1,7.08,"{""h"": 5, ""path_router"": ""routers_e2e/llada_base__cm_clean.pt"", ""select_only_in_h"": true, ""step_refresh_remainder"": 8, ""step_refresh_remainder_prompt"": 32}"
ours,9,14,36,1,1,1,7.07,"{""h"": 5, ""path_router"": ""routers_e2e/llada_base__cm_clean.pt"", ""select_only_in_h"": true, ""step_refresh_remainder"": 8, ""step_refresh_remainder_prompt"": 32}"
ours,9,16,41,0,0,1,7.07,"{""h"": 5, ""path_router"": ""routers_e2e/llada_base__cm_clean.pt"", ""select_only_in_h"": true, ""step_refresh_remainder"": 8, ""step_refresh_remainder_prompt"": 32}"
ours,9,18,46,1,1,1,7.07,"{""h"": 5, ""path_router"": ""routers_e2e/llada_base__cm_clean.pt"", ""select_only_in_h"": true, ""step_refresh_remainder"": 8, ""step_refresh_remainder_prompt"": 32}"
ours,9,20,51,0,0,1,7.07,"{""h"": 5, ""path_router"": ""routers_e2e/llada_base__cm_clean.pt"", ""select_only_in_h"": true, ""step_refresh_remainder"": 8, ""step_refresh_remainder_prompt"": 32}"
ours,9,22,56,1,1,1,7.09,"{""h"": 5, ""path_router"": ""routers_e2e/llada_base__cm_clean.pt"", ""select_only_in_h"": true, ""step_refresh_remainder"": 8, ""step_refresh_remainder_prompt"": 32}"
ours,9,24,61,1,1,1,7.08,"{""h"": 5, ""path_router"": ""routers_e2e/llada_base__cm_clean.pt"", ""select_only_in_h"": true, ""step_refresh_remainder"": 8, ""step_refresh_remainder_prompt"": 32}"
ours,9,26,67,1,1,1,7.07,"{""h"": 5, ""path_router"": ""routers_e2e/llada_base__cm_clean.pt"", ""select_only_in_h"": true, ""step_refresh_remainder"": 8, ""step_refresh_remainder_prompt"": 32}"
ours,9,28,72,1,1,1,7.07,"{""h"": 5, ""path_router"": ""routers_e2e/llada_base__cm_clean.pt"", ""select_only_in_h"": true, ""step_refresh_remainder"": 8, ""step_refresh_remainder_prompt"": 32}"
ours,9,30,77,1,1,1,7.06,"{""h"": 5, ""path_router"": ""routers_e2e/llada_base__cm_clean.pt"", ""select_only_in_h"": true, ""step_refresh_remainder"": 8, ""step_refresh_remainder_prompt"": 32}"
ours,9,32,82,1,1,1,7.08,"{""h"": 5, ""path_router"": ""routers_e2e/llada_base__cm_clean.pt"", ""select_only_in_h"": true, ""step_refresh_remainder"": 8, ""step_refresh_remainder_prompt"": 32}"
ours,9,34,87,1,1,1,7.09,"{""h"": 5, ""path_router"": ""routers_e2e/llada_base__cm_clean.pt"", ""select_only_in_h"": true, ""step_refresh_remainder"": 8, ""step_refresh_remainder_prompt"": 32}"
ours,9,36,92,1,1,1,7.09,"{""h"": 5, ""path_router"": ""routers_e2e/llada_base__cm_clean.pt"", ""select_only_in_h"": true, ""step_refresh_remainder"": 8, ""step_refresh_remainder_prompt"": 32}"
ours,9,38,97,1,1,1,7.08,"{""h"": 5, ""path_router"": ""routers_e2e/llada_base__cm_clean.pt"", ""select_only_in_h"": true, ""step_refresh_remainder"": 8, ""step_refresh_remainder_prompt"": 32}"
ours,9,40,102,0,0,1,7.08,"{""h"": 5, ""path_router"": ""routers_e2e/llada_base__cm_clean.pt"", ""select_only_in_h"": true, ""step_refresh_remainder"": 8, ""step_refresh_remainder_prompt"": 32}"
ours,9,42,108,1,1,1,7.09,"{""h"": 5, ""path_router"": ""routers_e2e/llada_base__cm_clean.pt"", ""select_only_in_h"": true, ""step_refresh_remainder"": 8, ""step_refresh_remainder_prompt"": 32}"
ours,9,44,113,1,1,1,7.09,"{""h"": 5, ""path_router"": ""routers_e2e/llada_base__cm_clean.pt"", ""select_only_in_h"": true, ""step_refresh_remainder"": 8, ""step_refresh_remainder_prompt"": 32}"
ours,9,46,118,1,1,1,7.09,"{""h"": 5, ""path_router"": ""routers_e2e/llada_base__cm_clean.pt"", ""select_only_in_h"": true, ""step_refresh_remainder"": 8, ""step_refresh_remainder_prompt"": 32}"
ours,9,48,123,1,1,1,7.09,"{""h"": 5, ""path_router"": ""routers_e2e/llada_base__cm_clean.pt"", ""select_only_in_h"": true, ""step_refresh_remainder"": 8, ""step_refresh_remainder_prompt"": 32}"
ours,9,50,128,1,1,1,7.09,"{""h"": 5, ""path_router"": ""routers_e2e/llada_base__cm_clean.pt"", ""select_only_in_h"": true, ""step_refresh_remainder"": 8, ""step_refresh_remainder_prompt"": 32}"
ours,9,52,133,1,1,1,7.08,"{""h"": 5, ""path_router"": ""routers_e2e/llada_base__cm_clean.pt"", ""select_only_in_h"": true, ""step_refresh_remainder"": 8, ""step_refresh_remainder_prompt"": 32}"
ours,9,54,138,1,1,1,7.08,"{""h"": 5, ""path_router"": ""routers_e2e/llada_base__cm_clean.pt"", ""select_only_in_h"": true, ""step_refresh_remainder"": 8, ""step_refresh_remainder_prompt"": 32}"
ours,9,56,143,1,1,1,7.08,"{""h"": 5, ""path_router"": ""routers_e2e/llada_base__cm_clean.pt"", ""select_only_in_h"": true, ""step_refresh_remainder"": 8, ""step_refresh_remainder_prompt"": 32}"
ours,9,58,148,1,1,1,7.08,"{""h"": 5, ""path_router"": ""routers_e2e/llada_base__cm_clean.pt"", ""select_only_in_h"": true, ""step_refresh_remainder"": 8, ""step_refresh_remainder_prompt"": 32}"
ours,9,60,154,1,1,1,7.08,"{""h"": 5, ""path_router"": ""routers_e2e/llada_base__cm_clean.pt"", ""select_only_in_h"": true, ""step_refresh_remainder"": 8, ""step_refresh_remainder_prompt"": 32}"
ours,9,62,159,1,1,1,7.08,"{""h"": 5, ""path_router"": ""routers_e2e/llada_base__cm_clean.pt"", ""select_only_in_h"": true, ""step_refresh_remainder"": 8, ""step_refresh_remainder_prompt"": 32}"
ours,9,64,164,1,1,1,7.08,"{""h"": 5, ""path_router"": ""routers_e2e/llada_base__cm_clean.pt"", ""select_only_in_h"": true, ""step_refresh_remainder"": 8, ""step_refresh_remainder_prompt"": 32}"
ours,9,66,169,1,1,1,7.08,"{""h"": 5, ""path_router"": ""routers_e2e/llada_base__cm_clean.pt"", ""select_only_in_h"": true, ""step_refresh_remainder"": 8, ""step_refresh_remainder_prompt"": 32}"
ours,9,68,174,1,1,1,7.09,"{""h"": 5, ""path_router"": ""routers_e2e/llada_base__cm_clean.pt"", ""select_only_in_h"": true, ""step_refresh_remainder"": 8, ""step_refresh_remainder_prompt"": 32}"
ours,9,70,179,1,1,1,7.08,"{""h"": 5, ""path_router"": ""routers_e2e/llada_base__cm_clean.pt"", ""select_only_in_h"": true, ""step_refresh_remainder"": 8, ""step_refresh_remainder_prompt"": 32}"
ours,9,72,184,1,1,1,7.08,"{""h"": 5, ""path_router"": ""routers_e2e/llada_base__cm_clean.pt"", ""select_only_in_h"": true, ""step_refresh_remainder"": 8, ""step_refresh_remainder_prompt"": 32}"
ours,9,74,189,1,1,1,7.09,"{""h"": 5, ""path_router"": ""routers_e2e/llada_base__cm_clean.pt"", ""select_only_in_h"": true, ""step_refresh_remainder"": 8, ""step_refresh_remainder_prompt"": 32}"
ours,9,76,195,1,1,1,7.09,"{""h"": 5, ""path_router"": ""routers_e2e/llada_base__cm_clean.pt"", ""select_only_in_h"": true, ""step_refresh_remainder"": 8, ""step_refresh_remainder_prompt"": 32}"
ours,9,78,200,1,1,1,7.08,"{""h"": 5, ""path_router"": ""routers_e2e/llada_base__cm_clean.pt"", ""select_only_in_h"": true, ""step_refresh_remainder"": 8, ""step_refresh_remainder_prompt"": 32}"
ours,9,80,205,1,1,1,7.09,"{""h"": 5, ""path_router"": ""routers_e2e/llada_base__cm_clean.pt"", ""select_only_in_h"": true, ""step_refresh_remainder"": 8, ""step_refresh_remainder_prompt"": 32}"
ours,9,82,210,1,1,1,7.09,"{""h"": 5, ""path_router"": ""routers_e2e/llada_base__cm_clean.pt"", ""select_only_in_h"": true, ""step_refresh_remainder"": 8, ""step_refresh_remainder_prompt"": 32}"
ours,9,84,215,1,1,1,7.08,"{""h"": 5, ""path_router"": ""routers_e2e/llada_base__cm_clean.pt"", ""select_only_in_h"": true, ""step_refresh_remainder"": 8, ""step_refresh_remainder_prompt"": 32}"
ours,9,86,220,1,1,1,7.09,"{""h"": 5, ""path_router"": ""routers_e2e/llada_base__cm_clean.pt"", ""select_only_in_h"": true, ""step_refresh_remainder"": 8, ""step_refresh_remainder_prompt"": 32}"
ours,9,88,225,1,1,1,7.09,"{""h"": 5, ""path_router"": ""routers_e2e/llada_base__cm_clean.pt"", ""select_only_in_h"": true, ""step_refresh_remainder"": 8, ""step_refresh_remainder_prompt"": 32}"
ours,9,90,230,1,1,1,7.09,"{""h"": 5, ""path_router"": ""routers_e2e/llada_base__cm_clean.pt"", ""select_only_in_h"": true, ""step_refresh_remainder"": 8, ""step_refresh_remainder_prompt"": 32}"
ours,10,0,0,0,0,1,7.29,"{""h"": 5, ""path_router"": ""routers_e2e/llada_base__cm_clean.pt"", ""select_only_in_h"": true, ""step_refresh_remainder"": 8, ""step_refresh_remainder_prompt"": 32}"
ours,10,2,5,0,0,1,7.28,"{""h"": 5, ""path_router"": ""routers_e2e/llada_base__cm_clean.pt"", ""select_only_in_h"": true, ""step_refresh_remainder"": 8, ""step_refresh_remainder_prompt"": 32}"
ours,10,4,10,1,1,1,7.28,"{""h"": 5, ""path_router"": ""routers_e2e/llada_base__cm_clean.pt"", ""select_only_in_h"": true, ""step_refresh_remainder"": 8, ""step_refresh_remainder_prompt"": 32}"
ours,10,6,15,1,1,1,7.28,"{""h"": 5, ""path_router"": ""routers_e2e/llada_base__cm_clean.pt"", ""select_only_in_h"": true, ""step_refresh_remainder"": 8, ""step_refresh_remainder_prompt"": 32}"
ours,10,8,20,1,1,1,7.28,"{""h"": 5, ""path_router"": ""routers_e2e/llada_base__cm_clean.pt"", ""select_only_in_h"": true, ""step_refresh_remainder"": 8, ""step_refresh_remainder_prompt"": 32}"
ours,10,10,26,1,1,1,7.27,"{""h"": 5, ""path_router"": ""routers_e2e/llada_base__cm_clean.pt"", ""select_only_in_h"": true, ""step_refresh_remainder"": 8, ""step_refresh_remainder_prompt"": 32}"
ours,10,12,31,1,1,1,7.27,"{""h"": 5, ""path_router"": ""routers_e2e/llada_base__cm_clean.pt"", ""select_only_in_h"": true, ""step_refresh_remainder"": 8, ""step_refresh_remainder_prompt"": 32}"
ours,10,14,36,1,1,1,7.27,"{""h"": 5, ""path_router"": ""routers_e2e/llada_base__cm_clean.pt"", ""select_only_in_h"": true, ""step_refresh_remainder"": 8, ""step_refresh_remainder_prompt"": 32}"
ours,10,16,41,1,1,1,7.28,"{""h"": 5, ""path_router"": ""routers_e2e/llada_base__cm_clean.pt"", ""select_only_in_h"": true, ""step_refresh_remainder"": 8, ""step_refresh_remainder_prompt"": 32}"
ours,10,18,46,1,1,1,7.31,"{""h"": 5, ""path_router"": ""routers_e2e/llada_base__cm_clean.pt"", ""select_only_in_h"": true, ""step_refresh_remainder"": 8, ""step_refresh_remainder_prompt"": 32}"
ours,10,20,51,1,1,1,7.27,"{""h"": 5, ""path_router"": ""routers_e2e/llada_base__cm_clean.pt"", ""select_only_in_h"": true, ""step_refresh_remainder"": 8, ""step_refresh_remainder_prompt"": 32}"
ours,10,22,56,1,1,1,7.26,"{""h"": 5, ""path_router"": ""routers_e2e/llada_base__cm_clean.pt"", ""select_only_in_h"": true, ""step_refresh_remainder"": 8, ""step_refresh_remainder_prompt"": 32}"
ours,10,24,61,1,1,1,7.35,"{""h"": 5, ""path_router"": ""routers_e2e/llada_base__cm_clean.pt"", ""select_only_in_h"": true, ""step_refresh_remainder"": 8, ""step_refresh_remainder_prompt"": 32}"
ours,10,26,67,1,1,1,7.35,"{""h"": 5, ""path_router"": ""routers_e2e/llada_base__cm_clean.pt"", ""select_only_in_h"": true, ""step_refresh_remainder"": 8, ""step_refresh_remainder_prompt"": 32}"
ours,10,28,72,1,1,1,7.25,"{""h"": 5, ""path_router"": ""routers_e2e/llada_base__cm_clean.pt"", ""select_only_in_h"": true, ""step_refresh_remainder"": 8, ""step_refresh_remainder_prompt"": 32}"
ours,10,30,77,1,1,1,7.34,"{""h"": 5, ""path_router"": ""routers_e2e/llada_base__cm_clean.pt"", ""select_only_in_h"": true, ""step_refresh_remainder"": 8, ""step_refresh_remainder_prompt"": 32}"
ours,10,32,82,1,1,1,7.24,"{""h"": 5, ""path_router"": ""routers_e2e/llada_base__cm_clean.pt"", ""select_only_in_h"": true, ""step_refresh_remainder"": 8, ""step_refresh_remainder_prompt"": 32}"
ours,10,34,87,1,1,1,7.34,"{""h"": 5, ""path_router"": ""routers_e2e/llada_base__cm_clean.pt"", ""select_only_in_h"": true, ""step_refresh_remainder"": 8, ""step_refresh_remainder_prompt"": 32}"
ours,10,36,92,1,1,1,7.25,"{""h"": 5, ""path_router"": ""routers_e2e/llada_base__cm_clean.pt"", ""select_only_in_h"": true, ""step_refresh_remainder"": 8, ""step_refresh_remainder_prompt"": 32}"
ours,10,38,97,1,1,1,7.25,"{""h"": 5, ""path_router"": ""routers_e2e/llada_base__cm_clean.pt"", ""select_only_in_h"": true, ""step_refresh_remainder"": 8, ""step_refresh_remainder_prompt"": 32}"
ours,10,40,102,1,1,1,7.27,"{""h"": 5, ""path_router"": ""routers_e2e/llada_base__cm_clean.pt"", ""select_only_in_h"": true, ""step_refresh_remainder"": 8, ""step_refresh_remainder_prompt"": 32}"
ours,10,42,108,1,1,1,7.24,"{""h"": 5, ""path_router"": ""routers_e2e/llada_base__cm_clean.pt"", ""select_only_in_h"": true, ""step_refresh_remainder"": 8, ""step_refresh_remainder_prompt"": 32}"
ours,10,44,113,1,1,1,7.42,"{""h"": 5, ""path_router"": ""routers_e2e/llada_base__cm_clean.pt"", ""select_only_in_h"": true, ""step_refresh_remainder"": 8, ""step_refresh_remainder_prompt"": 32}"
ours,10,46,118,1,1,1,7.25,"{""h"": 5, ""path_router"": ""routers_e2e/llada_base__cm_clean.pt"", ""select_only_in_h"": true, ""step_refresh_remainder"": 8, ""step_refresh_remainder_prompt"": 32}"
ours,10,48,123,1,1,1,7.34,"{""h"": 5, ""path_router"": ""routers_e2e/llada_base__cm_clean.pt"", ""select_only_in_h"": true, ""step_refresh_remainder"": 8, ""step_refresh_remainder_prompt"": 32}"
ours,10,50,128,1,1,1,7.26,"{""h"": 5, ""path_router"": ""routers_e2e/llada_base__cm_clean.pt"", ""select_only_in_h"": true, ""step_refresh_remainder"": 8, ""step_refresh_remainder_prompt"": 32}"
ours,10,52,133,1,1,1,7.26,"{""h"": 5, ""path_router"": ""routers_e2e/llada_base__cm_clean.pt"", ""select_only_in_h"": true, ""step_refresh_remainder"": 8, ""step_refresh_remainder_prompt"": 32}"
ours,10,54,138,1,1,1,7.33,"{""h"": 5, ""path_router"": ""routers_e2e/llada_base__cm_clean.pt"", ""select_only_in_h"": true, ""step_refresh_remainder"": 8, ""step_refresh_remainder_prompt"": 32}"
ours,10,56,143,1,1,1,7.34,"{""h"": 5, ""path_router"": ""routers_e2e/llada_base__cm_clean.pt"", ""select_only_in_h"": true, ""step_refresh_remainder"": 8, ""step_refresh_remainder_prompt"": 32}"
ours,10,58,148,1,1,1,7.25,"{""h"": 5, ""path_router"": ""routers_e2e/llada_base__cm_clean.pt"", ""select_only_in_h"": true, ""step_refresh_remainder"": 8, ""step_refresh_remainder_prompt"": 32}"
ours,10,60,154,1,1,1,7.27,"{""h"": 5, ""path_router"": ""routers_e2e/llada_base__cm_clean.pt"", ""select_only_in_h"": true, ""step_refresh_remainder"": 8, ""step_refresh_remainder_prompt"": 32}"
ours,10,62,159,1,1,1,7.26,"{""h"": 5, ""path_router"": ""routers_e2e/llada_base__cm_clean.pt"", ""select_only_in_h"": true, ""step_refresh_remainder"": 8, ""step_refresh_remainder_prompt"": 32}"
ours,10,64,164,1,1,1,7.25,"{""h"": 5, ""path_router"": ""routers_e2e/llada_base__cm_clean.pt"", ""select_only_in_h"": true, ""step_refresh_remainder"": 8, ""step_refresh_remainder_prompt"": 32}"
ours,10,66,169,1,1,1,7.26,"{""h"": 5, ""path_router"": ""routers_e2e/llada_base__cm_clean.pt"", ""select_only_in_h"": true, ""step_refresh_remainder"": 8, ""step_refresh_remainder_prompt"": 32}"
ours,10,68,174,1,1,1,7.26,"{""h"": 5, ""path_router"": ""routers_e2e/llada_base__cm_clean.pt"", ""select_only_in_h"": true, ""step_refresh_remainder"": 8, ""step_refresh_remainder_prompt"": 32}"
ours,10,70,179,1,1,1,7.26,"{""h"": 5, ""path_router"": ""routers_e2e/llada_base__cm_clean.pt"", ""select_only_in_h"": true, ""step_refresh_remainder"": 8, ""step_refresh_remainder_prompt"": 32}"
ours,10,72,184,1,1,1,7.26,"{""h"": 5, ""path_router"": ""routers_e2e/llada_base__cm_clean.pt"", ""select_only_in_h"": true, ""step_refresh_remainder"": 8, ""step_refresh_remainder_prompt"": 32}"
ours,10,74,189,1,1,1,7.26,"{""h"": 5, ""path_router"": ""routers_e2e/llada_base__cm_clean.pt"", ""select_only_in_h"": true, ""step_refresh_remainder"": 8, ""step_refresh_remainder_prompt"": 32}"
ours,10,76,195,1,1,1,7.27,"{""h"": 5, ""path_router"": ""routers_e2e/llada_base__cm_clean.pt"", ""select_only_in_h"": true, ""step_refresh_remainder"": 8, ""step_refresh_remainder_prompt"": 32}"
ours,10,78,200,1,1,1,7.26,"{""h"": 5, ""path_router"": ""routers_e2e/llada_base__cm_clean.pt"", ""select_only_in_h"": true, ""step_refresh_remainder"": 8, ""step_refresh_remainder_prompt"": 32}"
ours,10,80,205,1,1,1,7.27,"{""h"": 5, ""path_router"": ""routers_e2e/llada_base__cm_clean.pt"", ""select_only_in_h"": true, ""step_refresh_remainder"": 8, ""step_refresh_remainder_prompt"": 32}"
ours,10,82,210,1,1,1,7.27,"{""h"": 5, ""path_router"": ""routers_e2e/llada_base__cm_clean.pt"", ""select_only_in_h"": true, ""step_refresh_remainder"": 8, ""step_refresh_remainder_prompt"": 32}"
ours,10,84,215,1,1,1,7.27,"{""h"": 5, ""path_router"": ""routers_e2e/llada_base__cm_clean.pt"", ""select_only_in_h"": true, ""step_refresh_remainder"": 8, ""step_refresh_remainder_prompt"": 32}"
ours,10,86,220,1,1,1,7.27,"{""h"": 5, ""path_router"": ""routers_e2e/llada_base__cm_clean.pt"", ""select_only_in_h"": true, ""step_refresh_remainder"": 8, ""step_refresh_remainder_prompt"": 32}"
ours,10,88,225,1,1,1,7.27,"{""h"": 5, ""path_router"": ""routers_e2e/llada_base__cm_clean.pt"", ""select_only_in_h"": true, ""step_refresh_remainder"": 8, ""step_refresh_remainder_prompt"": 32}"
ours,10,90,230,1,1,1,7.27,"{""h"": 5, ""path_router"": ""routers_e2e/llada_base__cm_clean.pt"", ""select_only_in_h"": true, ""step_refresh_remainder"": 8, ""step_refresh_remainder_prompt"": 32}"
ours,11,0,0,1,1,1,7.71,"{""h"": 5, ""path_router"": ""routers_e2e/llada_base__cm_clean.pt"", ""select_only_in_h"": true, ""step_refresh_remainder"": 8, ""step_refresh_remainder_prompt"": 32}"
ours,11,2,5,1,1,1,7.7,"{""h"": 5, ""path_router"": ""routers_e2e/llada_base__cm_clean.pt"", ""select_only_in_h"": true, ""step_refresh_remainder"": 8, ""step_refresh_remainder_prompt"": 32}"
ours,11,4,10,1,1,1,7.69,"{""h"": 5, ""path_router"": ""routers_e2e/llada_base__cm_clean.pt"", ""select_only_in_h"": true, ""step_refresh_remainder"": 8, ""step_refresh_remainder_prompt"": 32}"
ours,11,6,15,1,1,1,7.69,"{""h"": 5, ""path_router"": ""routers_e2e/llada_base__cm_clean.pt"", ""select_only_in_h"": true, ""step_refresh_remainder"": 8, ""step_refresh_remainder_prompt"": 32}"
ours,11,8,20,1,1,1,7.76,"{""h"": 5, ""path_router"": ""routers_e2e/llada_base__cm_clean.pt"", ""select_only_in_h"": true, ""step_refresh_remainder"": 8, ""step_refresh_remainder_prompt"": 32}"
ours,11,10,26,1,1,1,7.78,"{""h"": 5, ""path_router"": ""routers_e2e/llada_base__cm_clean.pt"", ""select_only_in_h"": true, ""step_refresh_remainder"": 8, ""step_refresh_remainder_prompt"": 32}"
ours,11,12,31,1,1,1,7.69,"{""h"": 5, ""path_router"": ""routers_e2e/llada_base__cm_clean.pt"", ""select_only_in_h"": true, ""step_refresh_remainder"": 8, ""step_refresh_remainder_prompt"": 32}"
ours,11,14,36,1,1,1,7.69,"{""h"": 5, ""path_router"": ""routers_e2e/llada_base__cm_clean.pt"", ""select_only_in_h"": true, ""step_refresh_remainder"": 8, ""step_refresh_remainder_prompt"": 32}"
ours,11,16,41,1,1,1,7.68,"{""h"": 5, ""path_router"": ""routers_e2e/llada_base__cm_clean.pt"", ""select_only_in_h"": true, ""step_refresh_remainder"": 8, ""step_refresh_remainder_prompt"": 32}"
ours,11,18,46,1,1,1,7.69,"{""h"": 5, ""path_router"": ""routers_e2e/llada_base__cm_clean.pt"", ""select_only_in_h"": true, ""step_refresh_remainder"": 8, ""step_refresh_remainder_prompt"": 32}"
ours,11,20,51,1,1,1,7.69,"{""h"": 5, ""path_router"": ""routers_e2e/llada_base__cm_clean.pt"", ""select_only_in_h"": true, ""step_refresh_remainder"": 8, ""step_refresh_remainder_prompt"": 32}"
ours,11,22,56,1,1,1,7.69,"{""h"": 5, ""path_router"": ""routers_e2e/llada_base__cm_clean.pt"", ""select_only_in_h"": true, ""step_refresh_remainder"": 8, ""step_refresh_remainder_prompt"": 32}"
ours,11,24,61,1,1,1,7.69,"{""h"": 5, ""path_router"": ""routers_e2e/llada_base__cm_clean.pt"", ""select_only_in_h"": true, ""step_refresh_remainder"": 8, ""step_refresh_remainder_prompt"": 32}"
ours,11,26,67,1,1,1,7.69,"{""h"": 5, ""path_router"": ""routers_e2e/llada_base__cm_clean.pt"", ""select_only_in_h"": true, ""step_refresh_remainder"": 8, ""step_refresh_remainder_prompt"": 32}"
ours,11,28,72,1,1,1,7.69,"{""h"": 5, ""path_router"": ""routers_e2e/llada_base__cm_clean.pt"", ""select_only_in_h"": true, ""step_refresh_remainder"": 8, ""step_refresh_remainder_prompt"": 32}"
ours,11,30,77,1,1,1,7.69,"{""h"": 5, ""path_router"": ""routers_e2e/llada_base__cm_clean.pt"", ""select_only_in_h"": true, ""step_refresh_remainder"": 8, ""step_refresh_remainder_prompt"": 32}"
ours,11,32,82,1,1,1,7.69,"{""h"": 5, ""path_router"": ""routers_e2e/llada_base__cm_clean.pt"", ""select_only_in_h"": true, ""step_refresh_remainder"": 8, ""step_refresh_remainder_prompt"": 32}"
ours,11,34,87,1,1,1,7.69,"{""h"": 5, ""path_router"": ""routers_e2e/llada_base__cm_clean.pt"", ""select_only_in_h"": true, ""step_refresh_remainder"": 8, ""step_refresh_remainder_prompt"": 32}"
ours,11,36,92,1,1,1,7.68,"{""h"": 5, ""path_router"": ""routers_e2e/llada_base__cm_clean.pt"", ""select_only_in_h"": true, ""step_refresh_remainder"": 8, ""step_refresh_remainder_prompt"": 32}"
ours,11,38,97,1,1,1,7.68,"{""h"": 5, ""path_router"": ""routers_e2e/llada_base__cm_clean.pt"", ""select_only_in_h"": true, ""step_refresh_remainder"": 8, ""step_refresh_remainder_prompt"": 32}"
ours,11,40,102,1,1,1,7.77,"{""h"": 5, ""path_router"": ""routers_e2e/llada_base__cm_clean.pt"", ""select_only_in_h"": true, ""step_refresh_remainder"": 8, ""step_refresh_remainder_prompt"": 32}"
ours,11,42,108,1,1,1,7.67,"{""h"": 5, ""path_router"": ""routers_e2e/llada_base__cm_clean.pt"", ""select_only_in_h"": true, ""step_refresh_remainder"": 8, ""step_refresh_remainder_prompt"": 32}"
ours,11,44,113,1,1,1,7.66,"{""h"": 5, ""path_router"": ""routers_e2e/llada_base__cm_clean.pt"", ""select_only_in_h"": true, ""step_refresh_remainder"": 8, ""step_refresh_remainder_prompt"": 32}"
ours,11,46,118,1,1,1,7.66,"{""h"": 5, ""path_router"": ""routers_e2e/llada_base__cm_clean.pt"", ""select_only_in_h"": true, ""step_refresh_remainder"": 8, ""step_refresh_remainder_prompt"": 32}"
ours,11,48,123,1,1,1,7.76,"{""h"": 5, ""path_router"": ""routers_e2e/llada_base__cm_clean.pt"", ""select_only_in_h"": true, ""step_refresh_remainder"": 8, ""step_refresh_remainder_prompt"": 32}"
ours,11,50,128,1,1,1,7.75,"{""h"": 5, ""path_router"": ""routers_e2e/llada_base__cm_clean.pt"", ""select_only_in_h"": true, ""step_refresh_remainder"": 8, ""step_refresh_remainder_prompt"": 32}"
ours,11,52,133,1,1,1,7.68,"{""h"": 5, ""path_router"": ""routers_e2e/llada_base__cm_clean.pt"", ""select_only_in_h"": true, ""step_refresh_remainder"": 8, ""step_refresh_remainder_prompt"": 32}"
ours,11,54,138,1,1,1,7.67,"{""h"": 5, ""path_router"": ""routers_e2e/llada_base__cm_clean.pt"", ""select_only_in_h"": true, ""step_refresh_remainder"": 8, ""step_refresh_remainder_prompt"": 32}"
ours,11,56,143,1,1,1,7.67,"{""h"": 5, ""path_router"": ""routers_e2e/llada_base__cm_clean.pt"", ""select_only_in_h"": true, ""step_refresh_remainder"": 8, ""step_refresh_remainder_prompt"": 32}"
ours,11,58,148,1,1,1,7.66,"{""h"": 5, ""path_router"": ""routers_e2e/llada_base__cm_clean.pt"", ""select_only_in_h"": true, ""step_refresh_remainder"": 8, ""step_refresh_remainder_prompt"": 32}"
ours,11,60,154,1,1,1,7.68,"{""h"": 5, ""path_router"": ""routers_e2e/llada_base__cm_clean.pt"", ""select_only_in_h"": true, ""step_refresh_remainder"": 8, ""step_refresh_remainder_prompt"": 32}"
ours,11,62,159,1,1,1,7.77,"{""h"": 5, ""path_router"": ""routers_e2e/llada_base__cm_clean.pt"", ""select_only_in_h"": true, ""step_refresh_remainder"": 8, ""step_refresh_remainder_prompt"": 32}"
ours,11,64,164,1,1,1,7.74,"{""h"": 5, ""path_router"": ""routers_e2e/llada_base__cm_clean.pt"", ""select_only_in_h"": true, ""step_refresh_remainder"": 8, ""step_refresh_remainder_prompt"": 32}"
ours,11,66,169,1,1,1,7.66,"{""h"": 5, ""path_router"": ""routers_e2e/llada_base__cm_clean.pt"", ""select_only_in_h"": true, ""step_refresh_remainder"": 8, ""step_refresh_remainder_prompt"": 32}"
ours,11,68,174,1,1,1,7.66,"{""h"": 5, ""path_router"": ""routers_e2e/llada_base__cm_clean.pt"", ""select_only_in_h"": true, ""step_refresh_remainder"": 8, ""step_refresh_remainder_prompt"": 32}"
ours,11,70,179,1,1,1,7.66,"{""h"": 5, ""path_router"": ""routers_e2e/llada_base__cm_clean.pt"", ""select_only_in_h"": true, ""step_refresh_remainder"": 8, ""step_refresh_remainder_prompt"": 32}"
ours,11,72,184,1,1,1,7.66,"{""h"": 5, ""path_router"": ""routers_e2e/llada_base__cm_clean.pt"", ""select_only_in_h"": true, ""step_refresh_remainder"": 8, ""step_refresh_remainder_prompt"": 32}"
ours,11,74,189,1,1,1,7.75,"{""h"": 5, ""path_router"": ""routers_e2e/llada_base__cm_clean.pt"", ""select_only_in_h"": true, ""step_refresh_remainder"": 8, ""step_refresh_remainder_prompt"": 32}"
ours,11,76,195,1,1,1,7.75,"{""h"": 5, ""path_router"": ""routers_e2e/llada_base__cm_clean.pt"", ""select_only_in_h"": true, ""step_refresh_remainder"": 8, ""step_refresh_remainder_prompt"": 32}"
ours,11,78,200,1,1,1,7.65,"{""h"": 5, ""path_router"": ""routers_e2e/llada_base__cm_clean.pt"", ""select_only_in_h"": true, ""step_refresh_remainder"": 8, ""step_refresh_remainder_prompt"": 32}"
ours,11,80,205,1,1,1,7.65,"{""h"": 5, ""path_router"": ""routers_e2e/llada_base__cm_clean.pt"", ""select_only_in_h"": true, ""step_refresh_remainder"": 8, ""step_refresh_remainder_prompt"": 32}"
ours,11,82,210,1,1,1,7.65,"{""h"": 5, ""path_router"": ""routers_e2e/llada_base__cm_clean.pt"", ""select_only_in_h"": true, ""step_refresh_remainder"": 8, ""step_refresh_remainder_prompt"": 32}"
ours,11,84,215,1,1,1,7.65,"{""h"": 5, ""path_router"": ""routers_e2e/llada_base__cm_clean.pt"", ""select_only_in_h"": true, ""step_refresh_remainder"": 8, ""step_refresh_remainder_prompt"": 32}"
ours,11,86,220,1,1,1,7.67,"{""h"": 5, ""path_router"": ""routers_e2e/llada_base__cm_clean.pt"", ""select_only_in_h"": true, ""step_refresh_remainder"": 8, ""step_refresh_remainder_prompt"": 32}"
ours,11,88,225,1,1,1,7.66,"{""h"": 5, ""path_router"": ""routers_e2e/llada_base__cm_clean.pt"", ""select_only_in_h"": true, ""step_refresh_remainder"": 8, ""step_refresh_remainder_prompt"": 32}"
ours,11,90,230,1,1,1,7.65,"{""h"": 5, ""path_router"": ""routers_e2e/llada_base__cm_clean.pt"", ""select_only_in_h"": true, ""step_refresh_remainder"": 8, ""step_refresh_remainder_prompt"": 32}"
ours,14,0,0,1,1,1,7.25,"{""h"": 5, ""path_router"": ""routers_e2e/llada_base__cm_clean.pt"", ""select_only_in_h"": true, ""step_refresh_remainder"": 8, ""step_refresh_remainder_prompt"": 32}"
ours,14,2,5,0,0,1,7.24,"{""h"": 5, ""path_router"": ""routers_e2e/llada_base__cm_clean.pt"", ""select_only_in_h"": true, ""step_refresh_remainder"": 8, ""step_refresh_remainder_prompt"": 32}"
ours,14,4,10,1,1,1,7.15,"{""h"": 5, ""path_router"": ""routers_e2e/llada_base__cm_clean.pt"", ""select_only_in_h"": true, ""step_refresh_remainder"": 8, ""step_refresh_remainder_prompt"": 32}"
ours,14,6,15,1,1,1,7.12,"{""h"": 5, ""path_router"": ""routers_e2e/llada_base__cm_clean.pt"", ""select_only_in_h"": true, ""step_refresh_remainder"": 8, ""step_refresh_remainder_prompt"": 32}"
ours,14,8,20,1,1,1,7.13,"{""h"": 5, ""path_router"": ""routers_e2e/llada_base__cm_clean.pt"", ""select_only_in_h"": true, ""step_refresh_remainder"": 8, ""step_refresh_remainder_prompt"": 32}"
ours,14,10,26,1,1,1,7.15,"{""h"": 5, ""path_router"": ""routers_e2e/llada_base__cm_clean.pt"", ""select_only_in_h"": true, ""step_refresh_remainder"": 8, ""step_refresh_remainder_prompt"": 32}"
ours,14,12,31,1,1,1,7.14,"{""h"": 5, ""path_router"": ""routers_e2e/llada_base__cm_clean.pt"", ""select_only_in_h"": true, ""step_refresh_remainder"": 8, ""step_refresh_remainder_prompt"": 32}"
ours,14,14,36,1,1,1,7.23,"{""h"": 5, ""path_router"": ""routers_e2e/llada_base__cm_clean.pt"", ""select_only_in_h"": true, ""step_refresh_remainder"": 8, ""step_refresh_remainder_prompt"": 32}"
ours,14,16,41,1,1,1,7.14,"{""h"": 5, ""path_router"": ""routers_e2e/llada_base__cm_clean.pt"", ""select_only_in_h"": true, ""step_refresh_remainder"": 8, ""step_refresh_remainder_prompt"": 32}"
ours,14,18,46,1,1,1,7.14,"{""h"": 5, ""path_router"": ""routers_e2e/llada_base__cm_clean.pt"", ""select_only_in_h"": true, ""step_refresh_remainder"": 8, ""step_refresh_remainder_prompt"": 32}"
ours,14,20,51,0,0,1,7.22,"{""h"": 5, ""path_router"": ""routers_e2e/llada_base__cm_clean.pt"", ""select_only_in_h"": true, ""step_refresh_remainder"": 8, ""step_refresh_remainder_prompt"": 32}"
ours,14,22,56,1,1,1,7.12,"{""h"": 5, ""path_router"": ""routers_e2e/llada_base__cm_clean.pt"", ""select_only_in_h"": true, ""step_refresh_remainder"": 8, ""step_refresh_remainder_prompt"": 32}"
ours,14,24,61,1,1,1,7.21,"{""h"": 5, ""path_router"": ""routers_e2e/llada_base__cm_clean.pt"", ""select_only_in_h"": true, ""step_refresh_remainder"": 8, ""step_refresh_remainder_prompt"": 32}"
ours,14,26,67,1,1,1,7.12,"{""h"": 5, ""path_router"": ""routers_e2e/llada_base__cm_clean.pt"", ""select_only_in_h"": true, ""step_refresh_remainder"": 8, ""step_refresh_remainder_prompt"": 32}"
ours,14,28,72,1,1,1,7.14,"{""h"": 5, ""path_router"": ""routers_e2e/llada_base__cm_clean.pt"", ""select_only_in_h"": true, ""step_refresh_remainder"": 8, ""step_refresh_remainder_prompt"": 32}"
ours,14,30,77,1,1,1,7.14,"{""h"": 5, ""path_router"": ""routers_e2e/llada_base__cm_clean.pt"", ""select_only_in_h"": true, ""step_refresh_remainder"": 8, ""step_refresh_remainder_prompt"": 32}"
ours,14,32,82,1,1,1,7.14,"{""h"": 5, ""path_router"": ""routers_e2e/llada_base__cm_clean.pt"", ""select_only_in_h"": true, ""step_refresh_remainder"": 8, ""step_refresh_remainder_prompt"": 32}"
ours,14,34,87,1,1,1,7.22,"{""h"": 5, ""path_router"": ""routers_e2e/llada_base__cm_clean.pt"", ""select_only_in_h"": true, ""step_refresh_remainder"": 8, ""step_refresh_remainder_prompt"": 32}"
ours,14,36,92,0,0,1,7.2,"{""h"": 5, ""path_router"": ""routers_e2e/llada_base__cm_clean.pt"", ""select_only_in_h"": true, ""step_refresh_remainder"": 8, ""step_refresh_remainder_prompt"": 32}"
ours,14,38,97,0,0,1,7.14,"{""h"": 5, ""path_router"": ""routers_e2e/llada_base__cm_clean.pt"", ""select_only_in_h"": true, ""step_refresh_remainder"": 8, ""step_refresh_remainder_prompt"": 32}"
ours,14,40,102,0,0,1,7.25,"{""h"": 5, ""path_router"": ""routers_e2e/llada_base__cm_clean.pt"", ""select_only_in_h"": true, ""step_refresh_remainder"": 8, ""step_refresh_remainder_prompt"": 32}"
ours,14,42,108,0,0,1,7.11,"{""h"": 5, ""path_router"": ""routers_e2e/llada_base__cm_clean.pt"", ""select_only_in_h"": true, ""step_refresh_remainder"": 8, ""step_refresh_remainder_prompt"": 32}"
ours,14,44,113,0,0,1,7.12,"{""h"": 5, ""path_router"": ""routers_e2e/llada_base__cm_clean.pt"", ""select_only_in_h"": true, ""step_refresh_remainder"": 8, ""step_refresh_remainder_prompt"": 32}"
ours,14,46,118,1,1,1,7.13,"{""h"": 5, ""path_router"": ""routers_e2e/llada_base__cm_clean.pt"", ""select_only_in_h"": true, ""step_refresh_remainder"": 8, ""step_refresh_remainder_prompt"": 32}"
ours,14,48,123,1,1,1,7.11,"{""h"": 5, ""path_router"": ""routers_e2e/llada_base__cm_clean.pt"", ""select_only_in_h"": true, ""step_refresh_remainder"": 8, ""step_refresh_remainder_prompt"": 32}"
ours,14,50,128,1,1,1,7.12,"{""h"": 5, ""path_router"": ""routers_e2e/llada_base__cm_clean.pt"", ""select_only_in_h"": true, ""step_refresh_remainder"": 8, ""step_refresh_remainder_prompt"": 32}"
ours,14,52,133,1,1,1,7.13,"{""h"": 5, ""path_router"": ""routers_e2e/llada_base__cm_clean.pt"", ""select_only_in_h"": true, ""step_refresh_remainder"": 8, ""step_refresh_remainder_prompt"": 32}"
ours,14,54,138,1,1,1,7.15,"{""h"": 5, ""path_router"": ""routers_e2e/llada_base__cm_clean.pt"", ""select_only_in_h"": true, ""step_refresh_remainder"": 8, ""step_refresh_remainder_prompt"": 32}"
ours,14,56,143,1,1,1,7.15,"{""h"": 5, ""path_router"": ""routers_e2e/llada_base__cm_clean.pt"", ""select_only_in_h"": true, ""step_refresh_remainder"": 8, ""step_refresh_remainder_prompt"": 32}"
ours,14,58,148,1,1,1,7.12,"{""h"": 5, ""path_router"": ""routers_e2e/llada_base__cm_clean.pt"", ""select_only_in_h"": true, ""step_refresh_remainder"": 8, ""step_refresh_remainder_prompt"": 32}"
ours,14,60,154,1,1,1,7.23,"{""h"": 5, ""path_router"": ""routers_e2e/llada_base__cm_clean.pt"", ""select_only_in_h"": true, ""step_refresh_remainder"": 8, ""step_refresh_remainder_prompt"": 32}"
ours,14,62,159,1,1,1,7.13,"{""h"": 5, ""path_router"": ""routers_e2e/llada_base__cm_clean.pt"", ""select_only_in_h"": true, ""step_refresh_remainder"": 8, ""step_refresh_remainder_prompt"": 32}"
ours,14,64,164,1,1,1,7.13,"{""h"": 5, ""path_router"": ""routers_e2e/llada_base__cm_clean.pt"", ""select_only_in_h"": true, ""step_refresh_remainder"": 8, ""step_refresh_remainder_prompt"": 32}"
ours,14,66,169,1,1,1,7.13,"{""h"": 5, ""path_router"": ""routers_e2e/llada_base__cm_clean.pt"", ""select_only_in_h"": true, ""step_refresh_remainder"": 8, ""step_refresh_remainder_prompt"": 32}"
ours,14,68,174,1,1,1,7.11,"{""h"": 5, ""path_router"": ""routers_e2e/llada_base__cm_clean.pt"", ""select_only_in_h"": true, ""step_refresh_remainder"": 8, ""step_refresh_remainder_prompt"": 32}"
ours,14,70,179,1,1,1,7.12,"{""h"": 5, ""path_router"": ""routers_e2e/llada_base__cm_clean.pt"", ""select_only_in_h"": true, ""step_refresh_remainder"": 8, ""step_refresh_remainder_prompt"": 32}"
ours,14,72,184,1,1,1,7.11,"{""h"": 5, ""path_router"": ""routers_e2e/llada_base__cm_clean.pt"", ""select_only_in_h"": true, ""step_refresh_remainder"": 8, ""step_refresh_remainder_prompt"": 32}"
ours,14,74,189,1,1,1,7.12,"{""h"": 5, ""path_router"": ""routers_e2e/llada_base__cm_clean.pt"", ""select_only_in_h"": true, ""step_refresh_remainder"": 8, ""step_refresh_remainder_prompt"": 32}"
ours,14,76,195,1,1,1,7.14,"{""h"": 5, ""path_router"": ""routers_e2e/llada_base__cm_clean.pt"", ""select_only_in_h"": true, ""step_refresh_remainder"": 8, ""step_refresh_remainder_prompt"": 32}"
ours,14,78,200,1,1,1,7.18,"{""h"": 5, ""path_router"": ""routers_e2e/llada_base__cm_clean.pt"", ""select_only_in_h"": true, ""step_refresh_remainder"": 8, ""step_refresh_remainder_prompt"": 32}"
ours,14,80,205,1,1,1,7.11,"{""h"": 5, ""path_router"": ""routers_e2e/llada_base__cm_clean.pt"", ""select_only_in_h"": true, ""step_refresh_remainder"": 8, ""step_refresh_remainder_prompt"": 32}"
ours,14,82,210,1,1,1,7.11,"{""h"": 5, ""path_router"": ""routers_e2e/llada_base__cm_clean.pt"", ""select_only_in_h"": true, ""step_refresh_remainder"": 8, ""step_refresh_remainder_prompt"": 32}"
ours,14,84,215,1,1,1,7.2,"{""h"": 5, ""path_router"": ""routers_e2e/llada_base__cm_clean.pt"", ""select_only_in_h"": true, ""step_refresh_remainder"": 8, ""step_refresh_remainder_prompt"": 32}"
ours,14,86,220,1,1,1,7.13,"{""h"": 5, ""path_router"": ""routers_e2e/llada_base__cm_clean.pt"", ""select_only_in_h"": true, ""step_refresh_remainder"": 8, ""step_refresh_remainder_prompt"": 32}"
ours,14,88,225,1,1,1,7.13,"{""h"": 5, ""path_router"": ""routers_e2e/llada_base__cm_clean.pt"", ""select_only_in_h"": true, ""step_refresh_remainder"": 8, ""step_refresh_remainder_prompt"": 32}"
ours,14,90,230,1,1,1,7.13,"{""h"": 5, ""path_router"": ""routers_e2e/llada_base__cm_clean.pt"", ""select_only_in_h"": true, ""step_refresh_remainder"": 8, ""step_refresh_remainder_prompt"": 32}"
ours,17,0,0,1,1,0,7.12,"{""h"": 5, ""path_router"": ""routers_e2e/llada_base__cm_clean.pt"", ""select_only_in_h"": true, ""step_refresh_remainder"": 8, ""step_refresh_remainder_prompt"": 32}"
ours,17,2,5,1,1,1,7.1,"{""h"": 5, ""path_router"": ""routers_e2e/llada_base__cm_clean.pt"", ""select_only_in_h"": true, ""step_refresh_remainder"": 8, ""step_refresh_remainder_prompt"": 32}"
ours,17,4,10,1,1,1,7.11,"{""h"": 5, ""path_router"": ""routers_e2e/llada_base__cm_clean.pt"", ""select_only_in_h"": true, ""step_refresh_remainder"": 8, ""step_refresh_remainder_prompt"": 32}"
ours,17,6,15,1,1,1,7.13,"{""h"": 5, ""path_router"": ""routers_e2e/llada_base__cm_clean.pt"", ""select_only_in_h"": true, ""step_refresh_remainder"": 8, ""step_refresh_remainder_prompt"": 32}"
ours,17,8,20,1,1,1,7.11,"{""h"": 5, ""path_router"": ""routers_e2e/llada_base__cm_clean.pt"", ""select_only_in_h"": true, ""step_refresh_remainder"": 8, ""step_refresh_remainder_prompt"": 32}"
ours,17,10,26,1,1,1,7.09,"{""h"": 5, ""path_router"": ""routers_e2e/llada_base__cm_clean.pt"", ""select_only_in_h"": true, ""step_refresh_remainder"": 8, ""step_refresh_remainder_prompt"": 32}"
ours,17,12,31,1,1,1,7.09,"{""h"": 5, ""path_router"": ""routers_e2e/llada_base__cm_clean.pt"", ""select_only_in_h"": true, ""step_refresh_remainder"": 8, ""step_refresh_remainder_prompt"": 32}"
ours,17,14,36,1,1,1,7.07,"{""h"": 5, ""path_router"": ""routers_e2e/llada_base__cm_clean.pt"", ""select_only_in_h"": true, ""step_refresh_remainder"": 8, ""step_refresh_remainder_prompt"": 32}"
ours,17,16,41,1,1,1,7.08,"{""h"": 5, ""path_router"": ""routers_e2e/llada_base__cm_clean.pt"", ""select_only_in_h"": true, ""step_refresh_remainder"": 8, ""step_refresh_remainder_prompt"": 32}"
ours,17,18,46,1,1,1,7.18,"{""h"": 5, ""path_router"": ""routers_e2e/llada_base__cm_clean.pt"", ""select_only_in_h"": true, ""step_refresh_remainder"": 8, ""step_refresh_remainder_prompt"": 32}"
ours,17,20,51,1,1,1,7.09,"{""h"": 5, ""path_router"": ""routers_e2e/llada_base__cm_clean.pt"", ""select_only_in_h"": true, ""step_refresh_remainder"": 8, ""step_refresh_remainder_prompt"": 32}"
ours,17,22,56,1,1,1,7.09,"{""h"": 5, ""path_router"": ""routers_e2e/llada_base__cm_clean.pt"", ""select_only_in_h"": true, ""step_refresh_remainder"": 8, ""step_refresh_remainder_prompt"": 32}"
ours,17,24,61,1,1,1,7.19,"{""h"": 5, ""path_router"": ""routers_e2e/llada_base__cm_clean.pt"", ""select_only_in_h"": true, ""step_refresh_remainder"": 8, ""step_refresh_remainder_prompt"": 32}"
ours,17,26,67,1,1,1,7.08,"{""h"": 5, ""path_router"": ""routers_e2e/llada_base__cm_clean.pt"", ""select_only_in_h"": true, ""step_refresh_remainder"": 8, ""step_refresh_remainder_prompt"": 32}"
ours,17,28,72,1,1,1,7.09,"{""h"": 5, ""path_router"": ""routers_e2e/llada_base__cm_clean.pt"", ""select_only_in_h"": true, ""step_refresh_remainder"": 8, ""step_refresh_remainder_prompt"": 32}"
ours,17,30,77,1,1,1,7.08,"{""h"": 5, ""path_router"": ""routers_e2e/llada_base__cm_clean.pt"", ""select_only_in_h"": true, ""step_refresh_remainder"": 8, ""step_refresh_remainder_prompt"": 32}"
ours,17,32,82,1,1,1,7.1,"{""h"": 5, ""path_router"": ""routers_e2e/llada_base__cm_clean.pt"", ""select_only_in_h"": true, ""step_refresh_remainder"": 8, ""step_refresh_remainder_prompt"": 32}"
ours,17,34,87,1,1,1,7.08,"{""h"": 5, ""path_router"": ""routers_e2e/llada_base__cm_clean.pt"", ""select_only_in_h"": true, ""step_refresh_remainder"": 8, ""step_refresh_remainder_prompt"": 32}"
ours,17,36,92,1,1,1,7.12,"{""h"": 5, ""path_router"": ""routers_e2e/llada_base__cm_clean.pt"", ""select_only_in_h"": true, ""step_refresh_remainder"": 8, ""step_refresh_remainder_prompt"": 32}"
ours,17,38,97,1,1,1,7.64,"{""h"": 5, ""path_router"": ""routers_e2e/llada_base__cm_clean.pt"", ""select_only_in_h"": true, ""step_refresh_remainder"": 8, ""step_refresh_remainder_prompt"": 32}"
ours,17,40,102,1,1,1,19.04,"{""h"": 5, ""path_router"": ""routers_e2e/llada_base__cm_clean.pt"", ""select_only_in_h"": true, ""step_refresh_remainder"": 8, ""step_refresh_remainder_prompt"": 32}"
ours,17,42,108,1,1,1,19.13,"{""h"": 5, ""path_router"": ""routers_e2e/llada_base__cm_clean.pt"", ""select_only_in_h"": true, ""step_refresh_remainder"": 8, ""step_refresh_remainder_prompt"": 32}"
ours,17,44,113,1,1,1,14.34,"{""h"": 5, ""path_router"": ""routers_e2e/llada_base__cm_clean.pt"", ""select_only_in_h"": true, ""step_refresh_remainder"": 8, ""step_refresh_remainder_prompt"": 32}"
ours,17,46,118,1,1,1,7.11,"{""h"": 5, ""path_router"": ""routers_e2e/llada_base__cm_clean.pt"", ""select_only_in_h"": true, ""step_refresh_remainder"": 8, ""step_refresh_remainder_prompt"": 32}"
ours,17,48,123,1,1,1,7.13,"{""h"": 5, ""path_router"": ""routers_e2e/llada_base__cm_clean.pt"", ""select_only_in_h"": true, ""step_refresh_remainder"": 8, ""step_refresh_remainder_prompt"": 32}"
ours,17,50,128,0,0,1,7.19,"{""h"": 5, ""path_router"": ""routers_e2e/llada_base__cm_clean.pt"", ""select_only_in_h"": true, ""step_refresh_remainder"": 8, ""step_refresh_remainder_prompt"": 32}"
ours,17,52,133,0,0,1,7.11,"{""h"": 5, ""path_router"": ""routers_e2e/llada_base__cm_clean.pt"", ""select_only_in_h"": true, ""step_refresh_remainder"": 8, ""step_refresh_remainder_prompt"": 32}"
ours,17,54,138,0,0,1,7.12,"{""h"": 5, ""path_router"": ""routers_e2e/llada_base__cm_clean.pt"", ""select_only_in_h"": true, ""step_refresh_remainder"": 8, ""step_refresh_remainder_prompt"": 32}"
ours,17,56,143,0,0,1,7.11,"{""h"": 5, ""path_router"": ""routers_e2e/llada_base__cm_clean.pt"", ""select_only_in_h"": true, ""step_refresh_remainder"": 8, ""step_refresh_remainder_prompt"": 32}"
ours,17,58,148,0,0,1,7.11,"{""h"": 5, ""path_router"": ""routers_e2e/llada_base__cm_clean.pt"", ""select_only_in_h"": true, ""step_refresh_remainder"": 8, ""step_refresh_remainder_prompt"": 32}"
ours,17,60,154,1,1,1,7.11,"{""h"": 5, ""path_router"": ""routers_e2e/llada_base__cm_clean.pt"", ""select_only_in_h"": true, ""step_refresh_remainder"": 8, ""step_refresh_remainder_prompt"": 32}"
ours,17,62,159,1,1,1,7.12,"{""h"": 5, ""path_router"": ""routers_e2e/llada_base__cm_clean.pt"", ""select_only_in_h"": true, ""step_refresh_remainder"": 8, ""step_refresh_remainder_prompt"": 32}"
ours,17,64,164,1,1,1,7.11,"{""h"": 5, ""path_router"": ""routers_e2e/llada_base__cm_clean.pt"", ""select_only_in_h"": true, ""step_refresh_remainder"": 8, ""step_refresh_remainder_prompt"": 32}"
ours,17,66,169,1,1,1,7.11,"{""h"": 5, ""path_router"": ""routers_e2e/llada_base__cm_clean.pt"", ""select_only_in_h"": true, ""step_refresh_remainder"": 8, ""step_refresh_remainder_prompt"": 32}"
ours,17,68,174,1,1,1,7.12,"{""h"": 5, ""path_router"": ""routers_e2e/llada_base__cm_clean.pt"", ""select_only_in_h"": true, ""step_refresh_remainder"": 8, ""step_refresh_remainder_prompt"": 32}"
ours,17,70,179,1,1,1,7.11,"{""h"": 5, ""path_router"": ""routers_e2e/llada_base__cm_clean.pt"", ""select_only_in_h"": true, ""step_refresh_remainder"": 8, ""step_refresh_remainder_prompt"": 32}"
ours,17,72,184,1,1,1,7.11,"{""h"": 5, ""path_router"": ""routers_e2e/llada_base__cm_clean.pt"", ""select_only_in_h"": true, ""step_refresh_remainder"": 8, ""step_refresh_remainder_prompt"": 32}"
ours,17,74,189,1,1,1,7.11,"{""h"": 5, ""path_router"": ""routers_e2e/llada_base__cm_clean.pt"", ""select_only_in_h"": true, ""step_refresh_remainder"": 8, ""step_refresh_remainder_prompt"": 32}"
ours,17,76,195,1,1,1,7.11,"{""h"": 5, ""path_router"": ""routers_e2e/llada_base__cm_clean.pt"", ""select_only_in_h"": true, ""step_refresh_remainder"": 8, ""step_refresh_remainder_prompt"": 32}"
ours,17,78,200,1,1,1,7.1,"{""h"": 5, ""path_router"": ""routers_e2e/llada_base__cm_clean.pt"", ""select_only_in_h"": true, ""step_refresh_remainder"": 8, ""step_refresh_remainder_prompt"": 32}"
ours,17,80,205,1,1,1,7.1,"{""h"": 5, ""path_router"": ""routers_e2e/llada_base__cm_clean.pt"", ""select_only_in_h"": true, ""step_refresh_remainder"": 8, ""step_refresh_remainder_prompt"": 32}"
ours,17,82,210,1,1,1,7.09,"{""h"": 5, ""path_router"": ""routers_e2e/llada_base__cm_clean.pt"", ""select_only_in_h"": true, ""step_refresh_remainder"": 8, ""step_refresh_remainder_prompt"": 32}"
ours,17,84,215,1,1,1,7.1,"{""h"": 5, ""path_router"": ""routers_e2e/llada_base__cm_clean.pt"", ""select_only_in_h"": true, ""step_refresh_remainder"": 8, ""step_refresh_remainder_prompt"": 32}"
ours,17,86,220,1,1,1,7.09,"{""h"": 5, ""path_router"": ""routers_e2e/llada_base__cm_clean.pt"", ""select_only_in_h"": true, ""step_refresh_remainder"": 8, ""step_refresh_remainder_prompt"": 32}"
ours,17,88,225,1,1,1,7.1,"{""h"": 5, ""path_router"": ""routers_e2e/llada_base__cm_clean.pt"", ""select_only_in_h"": true, ""step_refresh_remainder"": 8, ""step_refresh_remainder_prompt"": 32}"
ours,17,90,230,1,1,1,7.09,"{""h"": 5, ""path_router"": ""routers_e2e/llada_base__cm_clean.pt"", ""select_only_in_h"": true, ""step_refresh_remainder"": 8, ""step_refresh_remainder_prompt"": 32}"
ours,18,0,0,0,0,1,7.15,"{""h"": 5, ""path_router"": ""routers_e2e/llada_base__cm_clean.pt"", ""select_only_in_h"": true, ""step_refresh_remainder"": 8, ""step_refresh_remainder_prompt"": 32}"
ours,18,2,5,1,1,1,7.13,"{""h"": 5, ""path_router"": ""routers_e2e/llada_base__cm_clean.pt"", ""select_only_in_h"": true, ""step_refresh_remainder"": 8, ""step_refresh_remainder_prompt"": 32}"
ours,18,4,10,0,0,1,7.17,"{""h"": 5, ""path_router"": ""routers_e2e/llada_base__cm_clean.pt"", ""select_only_in_h"": true, ""step_refresh_remainder"": 8, ""step_refresh_remainder_prompt"": 32}"
ours,18,6,15,0,0,1,7.16,"{""h"": 5, ""path_router"": ""routers_e2e/llada_base__cm_clean.pt"", ""select_only_in_h"": true, ""step_refresh_remainder"": 8, ""step_refresh_remainder_prompt"": 32}"
ours,18,8,20,1,1,1,7.15,"{""h"": 5, ""path_router"": ""routers_e2e/llada_base__cm_clean.pt"", ""select_only_in_h"": true, ""step_refresh_remainder"": 8, ""step_refresh_remainder_prompt"": 32}"
ours,18,10,26,1,1,1,7.14,"{""h"": 5, ""path_router"": ""routers_e2e/llada_base__cm_clean.pt"", ""select_only_in_h"": true, ""step_refresh_remainder"": 8, ""step_refresh_remainder_prompt"": 32}"
ours,18,12,31,1,1,1,7.14,"{""h"": 5, ""path_router"": ""routers_e2e/llada_base__cm_clean.pt"", ""select_only_in_h"": true, ""step_refresh_remainder"": 8, ""step_refresh_remainder_prompt"": 32}"
ours,18,14,36,1,1,1,7.15,"{""h"": 5, ""path_router"": ""routers_e2e/llada_base__cm_clean.pt"", ""select_only_in_h"": true, ""step_refresh_remainder"": 8, ""step_refresh_remainder_prompt"": 32}"
ours,18,16,41,1,1,1,7.14,"{""h"": 5, ""path_router"": ""routers_e2e/llada_base__cm_clean.pt"", ""select_only_in_h"": true, ""step_refresh_remainder"": 8, ""step_refresh_remainder_prompt"": 32}"
ours,18,18,46,1,1,1,7.17,"{""h"": 5, ""path_router"": ""routers_e2e/llada_base__cm_clean.pt"", ""select_only_in_h"": true, ""step_refresh_remainder"": 8, ""step_refresh_remainder_prompt"": 32}"
ours,18,20,51,1,1,1,7.16,"{""h"": 5, ""path_router"": ""routers_e2e/llada_base__cm_clean.pt"", ""select_only_in_h"": true, ""step_refresh_remainder"": 8, ""step_refresh_remainder_prompt"": 32}"
ours,18,22,56,1,1,1,7.15,"{""h"": 5, ""path_router"": ""routers_e2e/llada_base__cm_clean.pt"", ""select_only_in_h"": true, ""step_refresh_remainder"": 8, ""step_refresh_remainder_prompt"": 32}"
ours,18,24,61,1,1,1,7.16,"{""h"": 5, ""path_router"": ""routers_e2e/llada_base__cm_clean.pt"", ""select_only_in_h"": true, ""step_refresh_remainder"": 8, ""step_refresh_remainder_prompt"": 32}"
ours,18,26,67,1,1,1,7.15,"{""h"": 5, ""path_router"": ""routers_e2e/llada_base__cm_clean.pt"", ""select_only_in_h"": true, ""step_refresh_remainder"": 8, ""step_refresh_remainder_prompt"": 32}"
ours,18,28,72,1,1,1,7.16,"{""h"": 5, ""path_router"": ""routers_e2e/llada_base__cm_clean.pt"", ""select_only_in_h"": true, ""step_refresh_remainder"": 8, ""step_refresh_remainder_prompt"": 32}"
ours,18,30,77,1,1,1,7.16,"{""h"": 5, ""path_router"": ""routers_e2e/llada_base__cm_clean.pt"", ""select_only_in_h"": true, ""step_refresh_remainder"": 8, ""step_refresh_remainder_prompt"": 32}"
ours,18,32,82,1,1,1,7.16,"{""h"": 5, ""path_router"": ""routers_e2e/llada_base__cm_clean.pt"", ""select_only_in_h"": true, ""step_refresh_remainder"": 8, ""step_refresh_remainder_prompt"": 32}"
ours,18,34,87,1,1,1,7.15,"{""h"": 5, ""path_router"": ""routers_e2e/llada_base__cm_clean.pt"", ""select_only_in_h"": true, ""step_refresh_remainder"": 8, ""step_refresh_remainder_prompt"": 32}"
ours,18,36,92,1,1,1,7.16,"{""h"": 5, ""path_router"": ""routers_e2e/llada_base__cm_clean.pt"", ""select_only_in_h"": true, ""step_refresh_remainder"": 8, ""step_refresh_remainder_prompt"": 32}"
ours,18,38,97,1,1,1,7.15,"{""h"": 5, ""path_router"": ""routers_e2e/llada_base__cm_clean.pt"", ""select_only_in_h"": true, ""step_refresh_remainder"": 8, ""step_refresh_remainder_prompt"": 32}"
ours,18,40,102,1,1,1,7.15,"{""h"": 5, ""path_router"": ""routers_e2e/llada_base__cm_clean.pt"", ""select_only_in_h"": true, ""step_refresh_remainder"": 8, ""step_refresh_remainder_prompt"": 32}"
ours,18,42,108,1,1,1,7.15,"{""h"": 5, ""path_router"": ""routers_e2e/llada_base__cm_clean.pt"", ""select_only_in_h"": true, ""step_refresh_remainder"": 8, ""step_refresh_remainder_prompt"": 32}"
ours,18,44,113,1,1,1,7.14,"{""h"": 5, ""path_router"": ""routers_e2e/llada_base__cm_clean.pt"", ""select_only_in_h"": true, ""step_refresh_remainder"": 8, ""step_refresh_remainder_prompt"": 32}"
ours,18,46,118,1,1,1,7.15,"{""h"": 5, ""path_router"": ""routers_e2e/llada_base__cm_clean.pt"", ""select_only_in_h"": true, ""step_refresh_remainder"": 8, ""step_refresh_remainder_prompt"": 32}"
ours,18,48,123,1,1,1,7.15,"{""h"": 5, ""path_router"": ""routers_e2e/llada_base__cm_clean.pt"", ""select_only_in_h"": true, ""step_refresh_remainder"": 8, ""step_refresh_remainder_prompt"": 32}"
ours,18,50,128,1,1,1,7.15,"{""h"": 5, ""path_router"": ""routers_e2e/llada_base__cm_clean.pt"", ""select_only_in_h"": true, ""step_refresh_remainder"": 8, ""step_refresh_remainder_prompt"": 32}"
ours,18,52,133,1,1,1,7.15,"{""h"": 5, ""path_router"": ""routers_e2e/llada_base__cm_clean.pt"", ""select_only_in_h"": true, ""step_refresh_remainder"": 8, ""step_refresh_remainder_prompt"": 32}"
ours,18,54,138,1,1,1,7.15,"{""h"": 5, ""path_router"": ""routers_e2e/llada_base__cm_clean.pt"", ""select_only_in_h"": true, ""step_refresh_remainder"": 8, ""step_refresh_remainder_prompt"": 32}"
ours,18,56,143,1,1,1,7.14,"{""h"": 5, ""path_router"": ""routers_e2e/llada_base__cm_clean.pt"", ""select_only_in_h"": true, ""step_refresh_remainder"": 8, ""step_refresh_remainder_prompt"": 32}"
ours,18,58,148,1,1,1,7.15,"{""h"": 5, ""path_router"": ""routers_e2e/llada_base__cm_clean.pt"", ""select_only_in_h"": true, ""step_refresh_remainder"": 8, ""step_refresh_remainder_prompt"": 32}"
ours,18,60,154,1,1,1,7.15,"{""h"": 5, ""path_router"": ""routers_e2e/llada_base__cm_clean.pt"", ""select_only_in_h"": true, ""step_refresh_remainder"": 8, ""step_refresh_remainder_prompt"": 32}"
ours,18,62,159,1,1,1,7.15,"{""h"": 5, ""path_router"": ""routers_e2e/llada_base__cm_clean.pt"", ""select_only_in_h"": true, ""step_refresh_remainder"": 8, ""step_refresh_remainder_prompt"": 32}"
ours,18,64,164,1,1,1,7.15,"{""h"": 5, ""path_router"": ""routers_e2e/llada_base__cm_clean.pt"", ""select_only_in_h"": true, ""step_refresh_remainder"": 8, ""step_refresh_remainder_prompt"": 32}"
ours,18,66,169,1,1,1,7.15,"{""h"": 5, ""path_router"": ""routers_e2e/llada_base__cm_clean.pt"", ""select_only_in_h"": true, ""step_refresh_remainder"": 8, ""step_refresh_remainder_prompt"": 32}"
ours,18,68,174,1,1,1,7.15,"{""h"": 5, ""path_router"": ""routers_e2e/llada_base__cm_clean.pt"", ""select_only_in_h"": true, ""step_refresh_remainder"": 8, ""step_refresh_remainder_prompt"": 32}"
ours,18,70,179,1,1,1,7.14,"{""h"": 5, ""path_router"": ""routers_e2e/llada_base__cm_clean.pt"", ""select_only_in_h"": true, ""step_refresh_remainder"": 8, ""step_refresh_remainder_prompt"": 32}"
ours,18,72,184,1,1,1,7.14,"{""h"": 5, ""path_router"": ""routers_e2e/llada_base__cm_clean.pt"", ""select_only_in_h"": true, ""step_refresh_remainder"": 8, ""step_refresh_remainder_prompt"": 32}"
ours,18,74,189,1,1,1,7.13,"{""h"": 5, ""path_router"": ""routers_e2e/llada_base__cm_clean.pt"", ""select_only_in_h"": true, ""step_refresh_remainder"": 8, ""step_refresh_remainder_prompt"": 32}"
ours,18,76,195,1,1,1,7.13,"{""h"": 5, ""path_router"": ""routers_e2e/llada_base__cm_clean.pt"", ""select_only_in_h"": true, ""step_refresh_remainder"": 8, ""step_refresh_remainder_prompt"": 32}"
ours,18,78,200,1,1,1,7.12,"{""h"": 5, ""path_router"": ""routers_e2e/llada_base__cm_clean.pt"", ""select_only_in_h"": true, ""step_refresh_remainder"": 8, ""step_refresh_remainder_prompt"": 32}"
ours,18,80,205,1,1,1,7.14,"{""h"": 5, ""path_router"": ""routers_e2e/llada_base__cm_clean.pt"", ""select_only_in_h"": true, ""step_refresh_remainder"": 8, ""step_refresh_remainder_prompt"": 32}"
ours,18,82,210,1,1,1,7.13,"{""h"": 5, ""path_router"": ""routers_e2e/llada_base__cm_clean.pt"", ""select_only_in_h"": true, ""step_refresh_remainder"": 8, ""step_refresh_remainder_prompt"": 32}"
ours,18,84,215,1,1,1,7.13,"{""h"": 5, ""path_router"": ""routers_e2e/llada_base__cm_clean.pt"", ""select_only_in_h"": true, ""step_refresh_remainder"": 8, ""step_refresh_remainder_prompt"": 32}"
ours,18,86,220,1,1,1,7.15,"{""h"": 5, ""path_router"": ""routers_e2e/llada_base__cm_clean.pt"", ""select_only_in_h"": true, ""step_refresh_remainder"": 8, ""step_refresh_remainder_prompt"": 32}"
ours,18,88,225,1,1,1,7.16,"{""h"": 5, ""path_router"": ""routers_e2e/llada_base__cm_clean.pt"", ""select_only_in_h"": true, ""step_refresh_remainder"": 8, ""step_refresh_remainder_prompt"": 32}"
ours,18,90,230,1,1,1,7.15,"{""h"": 5, ""path_router"": ""routers_e2e/llada_base__cm_clean.pt"", ""select_only_in_h"": true, ""step_refresh_remainder"": 8, ""step_refresh_remainder_prompt"": 32}"
ours,19,0,0,1,1,1,7.3,"{""h"": 5, ""path_router"": ""routers_e2e/llada_base__cm_clean.pt"", ""select_only_in_h"": true, ""step_refresh_remainder"": 8, ""step_refresh_remainder_prompt"": 32}"
ours,19,2,5,0,0,1,7.28,"{""h"": 5, ""path_router"": ""routers_e2e/llada_base__cm_clean.pt"", ""select_only_in_h"": true, ""step_refresh_remainder"": 8, ""step_refresh_remainder_prompt"": 32}"
ours,19,4,10,1,1,1,7.27,"{""h"": 5, ""path_router"": ""routers_e2e/llada_base__cm_clean.pt"", ""select_only_in_h"": true, ""step_refresh_remainder"": 8, ""step_refresh_remainder_prompt"": 32}"
ours,19,6,15,1,1,1,7.27,"{""h"": 5, ""path_router"": ""routers_e2e/llada_base__cm_clean.pt"", ""select_only_in_h"": true, ""step_refresh_remainder"": 8, ""step_refresh_remainder_prompt"": 32}"
ours,19,8,20,0,0,1,7.27,"{""h"": 5, ""path_router"": ""routers_e2e/llada_base__cm_clean.pt"", ""select_only_in_h"": true, ""step_refresh_remainder"": 8, ""step_refresh_remainder_prompt"": 32}"
ours,19,10,26,1,1,1,7.28,"{""h"": 5, ""path_router"": ""routers_e2e/llada_base__cm_clean.pt"", ""select_only_in_h"": true, ""step_refresh_remainder"": 8, ""step_refresh_remainder_prompt"": 32}"
ours,19,12,31,1,1,1,7.28,"{""h"": 5, ""path_router"": ""routers_e2e/llada_base__cm_clean.pt"", ""select_only_in_h"": true, ""step_refresh_remainder"": 8, ""step_refresh_remainder_prompt"": 32}"
ours,19,14,36,1,1,1,7.28,"{""h"": 5, ""path_router"": ""routers_e2e/llada_base__cm_clean.pt"", ""select_only_in_h"": true, ""step_refresh_remainder"": 8, ""step_refresh_remainder_prompt"": 32}"
ours,19,16,41,1,1,1,7.27,"{""h"": 5, ""path_router"": ""routers_e2e/llada_base__cm_clean.pt"", ""select_only_in_h"": true, ""step_refresh_remainder"": 8, ""step_refresh_remainder_prompt"": 32}"
ours,19,18,46,1,1,1,7.28,"{""h"": 5, ""path_router"": ""routers_e2e/llada_base__cm_clean.pt"", ""select_only_in_h"": true, ""step_refresh_remainder"": 8, ""step_refresh_remainder_prompt"": 32}"
ours,19,20,51,1,1,1,7.28,"{""h"": 5, ""path_router"": ""routers_e2e/llada_base__cm_clean.pt"", ""select_only_in_h"": true, ""step_refresh_remainder"": 8, ""step_refresh_remainder_prompt"": 32}"
ours,19,22,56,1,1,1,7.28,"{""h"": 5, ""path_router"": ""routers_e2e/llada_base__cm_clean.pt"", ""select_only_in_h"": true, ""step_refresh_remainder"": 8, ""step_refresh_remainder_prompt"": 32}"
ours,19,24,61,1,1,1,7.28,"{""h"": 5, ""path_router"": ""routers_e2e/llada_base__cm_clean.pt"", ""select_only_in_h"": true, ""step_refresh_remainder"": 8, ""step_refresh_remainder_prompt"": 32}"
ours,19,26,67,1,1,1,7.28,"{""h"": 5, ""path_router"": ""routers_e2e/llada_base__cm_clean.pt"", ""select_only_in_h"": true, ""step_refresh_remainder"": 8, ""step_refresh_remainder_prompt"": 32}"
ours,19,28,72,1,1,1,7.28,"{""h"": 5, ""path_router"": ""routers_e2e/llada_base__cm_clean.pt"", ""select_only_in_h"": true, ""step_refresh_remainder"": 8, ""step_refresh_remainder_prompt"": 32}"
ours,19,30,77,1,1,1,7.28,"{""h"": 5, ""path_router"": ""routers_e2e/llada_base__cm_clean.pt"", ""select_only_in_h"": true, ""step_refresh_remainder"": 8, ""step_refresh_remainder_prompt"": 32}"
ours,19,32,82,1,1,1,7.28,"{""h"": 5, ""path_router"": ""routers_e2e/llada_base__cm_clean.pt"", ""select_only_in_h"": true, ""step_refresh_remainder"": 8, ""step_refresh_remainder_prompt"": 32}"
ours,19,34,87,1,1,1,7.27,"{""h"": 5, ""path_router"": ""routers_e2e/llada_base__cm_clean.pt"", ""select_only_in_h"": true, ""step_refresh_remainder"": 8, ""step_refresh_remainder_prompt"": 32}"
ours,19,36,92,1,1,1,7.28,"{""h"": 5, ""path_router"": ""routers_e2e/llada_base__cm_clean.pt"", ""select_only_in_h"": true, ""step_refresh_remainder"": 8, ""step_refresh_remainder_prompt"": 32}"
ours,19,38,97,1,1,1,7.27,"{""h"": 5, ""path_router"": ""routers_e2e/llada_base__cm_clean.pt"", ""select_only_in_h"": true, ""step_refresh_remainder"": 8, ""step_refresh_remainder_prompt"": 32}"
ours,19,40,102,1,1,1,7.28,"{""h"": 5, ""path_router"": ""routers_e2e/llada_base__cm_clean.pt"", ""select_only_in_h"": true, ""step_refresh_remainder"": 8, ""step_refresh_remainder_prompt"": 32}"
ours,19,42,108,1,1,1,7.28,"{""h"": 5, ""path_router"": ""routers_e2e/llada_base__cm_clean.pt"", ""select_only_in_h"": true, ""step_refresh_remainder"": 8, ""step_refresh_remainder_prompt"": 32}"
ours,19,44,113,1,1,1,7.28,"{""h"": 5, ""path_router"": ""routers_e2e/llada_base__cm_clean.pt"", ""select_only_in_h"": true, ""step_refresh_remainder"": 8, ""step_refresh_remainder_prompt"": 32}"
ours,19,46,118,1,1,1,7.28,"{""h"": 5, ""path_router"": ""routers_e2e/llada_base__cm_clean.pt"", ""select_only_in_h"": true, ""step_refresh_remainder"": 8, ""step_refresh_remainder_prompt"": 32}"
ours,19,48,123,1,1,1,7.28,"{""h"": 5, ""path_router"": ""routers_e2e/llada_base__cm_clean.pt"", ""select_only_in_h"": true, ""step_refresh_remainder"": 8, ""step_refresh_remainder_prompt"": 32}"
ours,19,50,128,1,1,1,7.28,"{""h"": 5, ""path_router"": ""routers_e2e/llada_base__cm_clean.pt"", ""select_only_in_h"": true, ""step_refresh_remainder"": 8, ""step_refresh_remainder_prompt"": 32}"
ours,19,52,133,1,1,1,7.27,"{""h"": 5, ""path_router"": ""routers_e2e/llada_base__cm_clean.pt"", ""select_only_in_h"": true, ""step_refresh_remainder"": 8, ""step_refresh_remainder_prompt"": 32}"
ours,19,54,138,1,1,1,7.28,"{""h"": 5, ""path_router"": ""routers_e2e/llada_base__cm_clean.pt"", ""select_only_in_h"": true, ""step_refresh_remainder"": 8, ""step_refresh_remainder_prompt"": 32}"
ours,19,56,143,1,1,1,7.28,"{""h"": 5, ""path_router"": ""routers_e2e/llada_base__cm_clean.pt"", ""select_only_in_h"": true, ""step_refresh_remainder"": 8, ""step_refresh_remainder_prompt"": 32}"
ours,19,58,148,1,1,1,7.27,"{""h"": 5, ""path_router"": ""routers_e2e/llada_base__cm_clean.pt"", ""select_only_in_h"": true, ""step_refresh_remainder"": 8, ""step_refresh_remainder_prompt"": 32}"
ours,19,60,154,1,1,1,7.27,"{""h"": 5, ""path_router"": ""routers_e2e/llada_base__cm_clean.pt"", ""select_only_in_h"": true, ""step_refresh_remainder"": 8, ""step_refresh_remainder_prompt"": 32}"
ours,19,62,159,1,1,1,7.27,"{""h"": 5, ""path_router"": ""routers_e2e/llada_base__cm_clean.pt"", ""select_only_in_h"": true, ""step_refresh_remainder"": 8, ""step_refresh_remainder_prompt"": 32}"
ours,19,64,164,1,1,1,7.27,"{""h"": 5, ""path_router"": ""routers_e2e/llada_base__cm_clean.pt"", ""select_only_in_h"": true, ""step_refresh_remainder"": 8, ""step_refresh_remainder_prompt"": 32}"
ours,19,66,169,1,1,1,7.28,"{""h"": 5, ""path_router"": ""routers_e2e/llada_base__cm_clean.pt"", ""select_only_in_h"": true, ""step_refresh_remainder"": 8, ""step_refresh_remainder_prompt"": 32}"
ours,19,68,174,1,1,1,7.27,"{""h"": 5, ""path_router"": ""routers_e2e/llada_base__cm_clean.pt"", ""select_only_in_h"": true, ""step_refresh_remainder"": 8, ""step_refresh_remainder_prompt"": 32}"
ours,19,70,179,1,1,1,7.27,"{""h"": 5, ""path_router"": ""routers_e2e/llada_base__cm_clean.pt"", ""select_only_in_h"": true, ""step_refresh_remainder"": 8, ""step_refresh_remainder_prompt"": 32}"
ours,19,72,184,1,1,1,7.27,"{""h"": 5, ""path_router"": ""routers_e2e/llada_base__cm_clean.pt"", ""select_only_in_h"": true, ""step_refresh_remainder"": 8, ""step_refresh_remainder_prompt"": 32}"
ours,19,74,189,1,1,1,7.26,"{""h"": 5, ""path_router"": ""routers_e2e/llada_base__cm_clean.pt"", ""select_only_in_h"": true, ""step_refresh_remainder"": 8, ""step_refresh_remainder_prompt"": 32}"
ours,19,76,195,1,1,1,7.27,"{""h"": 5, ""path_router"": ""routers_e2e/llada_base__cm_clean.pt"", ""select_only_in_h"": true, ""step_refresh_remainder"": 8, ""step_refresh_remainder_prompt"": 32}"
ours,19,78,200,1,1,1,7.27,"{""h"": 5, ""path_router"": ""routers_e2e/llada_base__cm_clean.pt"", ""select_only_in_h"": true, ""step_refresh_remainder"": 8, ""step_refresh_remainder_prompt"": 32}"
ours,19,80,205,1,1,1,7.27,"{""h"": 5, ""path_router"": ""routers_e2e/llada_base__cm_clean.pt"", ""select_only_in_h"": true, ""step_refresh_remainder"": 8, ""step_refresh_remainder_prompt"": 32}"
ours,19,82,210,1,1,1,7.26,"{""h"": 5, ""path_router"": ""routers_e2e/llada_base__cm_clean.pt"", ""select_only_in_h"": true, ""step_refresh_remainder"": 8, ""step_refresh_remainder_prompt"": 32}"
ours,19,84,215,1,1,1,7.27,"{""h"": 5, ""path_router"": ""routers_e2e/llada_base__cm_clean.pt"", ""select_only_in_h"": true, ""step_refresh_remainder"": 8, ""step_refresh_remainder_prompt"": 32}"
ours,19,86,220,1,1,1,7.26,"{""h"": 5, ""path_router"": ""routers_e2e/llada_base__cm_clean.pt"", ""select_only_in_h"": true, ""step_refresh_remainder"": 8, ""step_refresh_remainder_prompt"": 32}"
ours,19,88,225,1,1,1,7.26,"{""h"": 5, ""path_router"": ""routers_e2e/llada_base__cm_clean.pt"", ""select_only_in_h"": true, ""step_refresh_remainder"": 8, ""step_refresh_remainder_prompt"": 32}"
ours,19,90,230,1,1,1,7.26,"{""h"": 5, ""path_router"": ""routers_e2e/llada_base__cm_clean.pt"", ""select_only_in_h"": true, ""step_refresh_remainder"": 8, ""step_refresh_remainder_prompt"": 32}"
ours,22,0,0,1,1,1,7.51,"{""h"": 5, ""path_router"": ""routers_e2e/llada_base__cm_clean.pt"", ""select_only_in_h"": true, ""step_refresh_remainder"": 8, ""step_refresh_remainder_prompt"": 32}"
ours,22,2,5,1,1,1,7.52,"{""h"": 5, ""path_router"": ""routers_e2e/llada_base__cm_clean.pt"", ""select_only_in_h"": true, ""step_refresh_remainder"": 8, ""step_refresh_remainder_prompt"": 32}"
ours,22,4,10,1,1,1,7.52,"{""h"": 5, ""path_router"": ""routers_e2e/llada_base__cm_clean.pt"", ""select_only_in_h"": true, ""step_refresh_remainder"": 8, ""step_refresh_remainder_prompt"": 32}"
ours,22,6,15,1,1,1,7.52,"{""h"": 5, ""path_router"": ""routers_e2e/llada_base__cm_clean.pt"", ""select_only_in_h"": true, ""step_refresh_remainder"": 8, ""step_refresh_remainder_prompt"": 32}"
ours,22,8,20,1,1,1,7.52,"{""h"": 5, ""path_router"": ""routers_e2e/llada_base__cm_clean.pt"", ""select_only_in_h"": true, ""step_refresh_remainder"": 8, ""step_refresh_remainder_prompt"": 32}"
ours,22,10,26,1,1,1,7.52,"{""h"": 5, ""path_router"": ""routers_e2e/llada_base__cm_clean.pt"", ""select_only_in_h"": true, ""step_refresh_remainder"": 8, ""step_refresh_remainder_prompt"": 32}"
ours,22,12,31,1,1,1,7.52,"{""h"": 5, ""path_router"": ""routers_e2e/llada_base__cm_clean.pt"", ""select_only_in_h"": true, ""step_refresh_remainder"": 8, ""step_refresh_remainder_prompt"": 32}"
ours,22,14,36,1,1,1,7.52,"{""h"": 5, ""path_router"": ""routers_e2e/llada_base__cm_clean.pt"", ""select_only_in_h"": true, ""step_refresh_remainder"": 8, ""step_refresh_remainder_prompt"": 32}"
ours,22,16,41,1,1,1,7.52,"{""h"": 5, ""path_router"": ""routers_e2e/llada_base__cm_clean.pt"", ""select_only_in_h"": true, ""step_refresh_remainder"": 8, ""step_refresh_remainder_prompt"": 32}"
ours,22,18,46,1,1,1,7.52,"{""h"": 5, ""path_router"": ""routers_e2e/llada_base__cm_clean.pt"", ""select_only_in_h"": true, ""step_refresh_remainder"": 8, ""step_refresh_remainder_prompt"": 32}"
ours,22,20,51,1,1,1,7.5,"{""h"": 5, ""path_router"": ""routers_e2e/llada_base__cm_clean.pt"", ""select_only_in_h"": true, ""step_refresh_remainder"": 8, ""step_refresh_remainder_prompt"": 32}"
ours,22,22,56,1,1,1,7.5,"{""h"": 5, ""path_router"": ""routers_e2e/llada_base__cm_clean.pt"", ""select_only_in_h"": true, ""step_refresh_remainder"": 8, ""step_refresh_remainder_prompt"": 32}"
ours,22,24,61,1,1,1,7.5,"{""h"": 5, ""path_router"": ""routers_e2e/llada_base__cm_clean.pt"", ""select_only_in_h"": true, ""step_refresh_remainder"": 8, ""step_refresh_remainder_prompt"": 32}"
ours,22,26,67,1,1,1,7.5,"{""h"": 5, ""path_router"": ""routers_e2e/llada_base__cm_clean.pt"", ""select_only_in_h"": true, ""step_refresh_remainder"": 8, ""step_refresh_remainder_prompt"": 32}"
ours,22,28,72,1,1,1,7.5,"{""h"": 5, ""path_router"": ""routers_e2e/llada_base__cm_clean.pt"", ""select_only_in_h"": true, ""step_refresh_remainder"": 8, ""step_refresh_remainder_prompt"": 32}"
ours,22,30,77,1,1,1,7.5,"{""h"": 5, ""path_router"": ""routers_e2e/llada_base__cm_clean.pt"", ""select_only_in_h"": true, ""step_refresh_remainder"": 8, ""step_refresh_remainder_prompt"": 32}"
ours,22,32,82,1,1,1,7.51,"{""h"": 5, ""path_router"": ""routers_e2e/llada_base__cm_clean.pt"", ""select_only_in_h"": true, ""step_refresh_remainder"": 8, ""step_refresh_remainder_prompt"": 32}"
ours,22,34,87,0,1,0,7.52,"{""h"": 5, ""path_router"": ""routers_e2e/llada_base__cm_clean.pt"", ""select_only_in_h"": true, ""step_refresh_remainder"": 8, ""step_refresh_remainder_prompt"": 32}"
ours,22,36,92,1,1,1,7.51,"{""h"": 5, ""path_router"": ""routers_e2e/llada_base__cm_clean.pt"", ""select_only_in_h"": true, ""step_refresh_remainder"": 8, ""step_refresh_remainder_prompt"": 32}"
ours,22,38,97,1,1,1,7.51,"{""h"": 5, ""path_router"": ""routers_e2e/llada_base__cm_clean.pt"", ""select_only_in_h"": true, ""step_refresh_remainder"": 8, ""step_refresh_remainder_prompt"": 32}"
ours,22,40,102,1,1,1,7.51,"{""h"": 5, ""path_router"": ""routers_e2e/llada_base__cm_clean.pt"", ""select_only_in_h"": true, ""step_refresh_remainder"": 8, ""step_refresh_remainder_prompt"": 32}"
ours,22,42,108,1,1,1,7.5,"{""h"": 5, ""path_router"": ""routers_e2e/llada_base__cm_clean.pt"", ""select_only_in_h"": true, ""step_refresh_remainder"": 8, ""step_refresh_remainder_prompt"": 32}"
ours,22,44,113,1,1,1,7.51,"{""h"": 5, ""path_router"": ""routers_e2e/llada_base__cm_clean.pt"", ""select_only_in_h"": true, ""step_refresh_remainder"": 8, ""step_refresh_remainder_prompt"": 32}"
ours,22,46,118,1,1,1,7.51,"{""h"": 5, ""path_router"": ""routers_e2e/llada_base__cm_clean.pt"", ""select_only_in_h"": true, ""step_refresh_remainder"": 8, ""step_refresh_remainder_prompt"": 32}"
ours,22,48,123,1,1,1,7.51,"{""h"": 5, ""path_router"": ""routers_e2e/llada_base__cm_clean.pt"", ""select_only_in_h"": true, ""step_refresh_remainder"": 8, ""step_refresh_remainder_prompt"": 32}"
ours,22,50,128,1,1,1,7.51,"{""h"": 5, ""path_router"": ""routers_e2e/llada_base__cm_clean.pt"", ""select_only_in_h"": true, ""step_refresh_remainder"": 8, ""step_refresh_remainder_prompt"": 32}"
ours,22,52,133,1,1,1,7.5,"{""h"": 5, ""path_router"": ""routers_e2e/llada_base__cm_clean.pt"", ""select_only_in_h"": true, ""step_refresh_remainder"": 8, ""step_refresh_remainder_prompt"": 32}"
ours,22,54,138,1,1,1,7.5,"{""h"": 5, ""path_router"": ""routers_e2e/llada_base__cm_clean.pt"", ""select_only_in_h"": true, ""step_refresh_remainder"": 8, ""step_refresh_remainder_prompt"": 32}"
ours,22,56,143,1,1,1,7.51,"{""h"": 5, ""path_router"": ""routers_e2e/llada_base__cm_clean.pt"", ""select_only_in_h"": true, ""step_refresh_remainder"": 8, ""step_refresh_remainder_prompt"": 32}"
ours,22,58,148,1,1,1,7.5,"{""h"": 5, ""path_router"": ""routers_e2e/llada_base__cm_clean.pt"", ""select_only_in_h"": true, ""step_refresh_remainder"": 8, ""step_refresh_remainder_prompt"": 32}"
ours,22,60,154,1,1,1,7.51,"{""h"": 5, ""path_router"": ""routers_e2e/llada_base__cm_clean.pt"", ""select_only_in_h"": true, ""step_refresh_remainder"": 8, ""step_refresh_remainder_prompt"": 32}"
ours,22,62,159,1,1,1,7.51,"{""h"": 5, ""path_router"": ""routers_e2e/llada_base__cm_clean.pt"", ""select_only_in_h"": true, ""step_refresh_remainder"": 8, ""step_refresh_remainder_prompt"": 32}"
ours,22,64,164,1,1,1,7.51,"{""h"": 5, ""path_router"": ""routers_e2e/llada_base__cm_clean.pt"", ""select_only_in_h"": true, ""step_refresh_remainder"": 8, ""step_refresh_remainder_prompt"": 32}"
ours,22,66,169,1,1,1,7.51,"{""h"": 5, ""path_router"": ""routers_e2e/llada_base__cm_clean.pt"", ""select_only_in_h"": true, ""step_refresh_remainder"": 8, ""step_refresh_remainder_prompt"": 32}"
ours,22,68,174,1,1,1,7.51,"{""h"": 5, ""path_router"": ""routers_e2e/llada_base__cm_clean.pt"", ""select_only_in_h"": true, ""step_refresh_remainder"": 8, ""step_refresh_remainder_prompt"": 32}"
ours,22,70,179,1,1,1,7.5,"{""h"": 5, ""path_router"": ""routers_e2e/llada_base__cm_clean.pt"", ""select_only_in_h"": true, ""step_refresh_remainder"": 8, ""step_refresh_remainder_prompt"": 32}"
ours,22,72,184,1,1,1,7.51,"{""h"": 5, ""path_router"": ""routers_e2e/llada_base__cm_clean.pt"", ""select_only_in_h"": true, ""step_refresh_remainder"": 8, ""step_refresh_remainder_prompt"": 32}"
ours,22,74,189,1,1,1,7.51,"{""h"": 5, ""path_router"": ""routers_e2e/llada_base__cm_clean.pt"", ""select_only_in_h"": true, ""step_refresh_remainder"": 8, ""step_refresh_remainder_prompt"": 32}"
ours,22,76,195,1,1,1,7.51,"{""h"": 5, ""path_router"": ""routers_e2e/llada_base__cm_clean.pt"", ""select_only_in_h"": true, ""step_refresh_remainder"": 8, ""step_refresh_remainder_prompt"": 32}"
ours,22,78,200,1,1,1,7.51,"{""h"": 5, ""path_router"": ""routers_e2e/llada_base__cm_clean.pt"", ""select_only_in_h"": true, ""step_refresh_remainder"": 8, ""step_refresh_remainder_prompt"": 32}"
ours,22,80,205,1,1,1,7.51,"{""h"": 5, ""path_router"": ""routers_e2e/llada_base__cm_clean.pt"", ""select_only_in_h"": true, ""step_refresh_remainder"": 8, ""step_refresh_remainder_prompt"": 32}"
ours,22,82,210,1,1,1,7.51,"{""h"": 5, ""path_router"": ""routers_e2e/llada_base__cm_clean.pt"", ""select_only_in_h"": true, ""step_refresh_remainder"": 8, ""step_refresh_remainder_prompt"": 32}"
ours,22,84,215,1,1,1,7.51,"{""h"": 5, ""path_router"": ""routers_e2e/llada_base__cm_clean.pt"", ""select_only_in_h"": true, ""step_refresh_remainder"": 8, ""step_refresh_remainder_prompt"": 32}"
ours,22,86,220,1,1,1,7.51,"{""h"": 5, ""path_router"": ""routers_e2e/llada_base__cm_clean.pt"", ""select_only_in_h"": true, ""step_refresh_remainder"": 8, ""step_refresh_remainder_prompt"": 32}"
ours,22,88,225,1,1,1,7.51,"{""h"": 5, ""path_router"": ""routers_e2e/llada_base__cm_clean.pt"", ""select_only_in_h"": true, ""step_refresh_remainder"": 8, ""step_refresh_remainder_prompt"": 32}"
ours,22,90,230,1,1,1,7.51,"{""h"": 5, ""path_router"": ""routers_e2e/llada_base__cm_clean.pt"", ""select_only_in_h"": true, ""step_refresh_remainder"": 8, ""step_refresh_remainder_prompt"": 32}"
ours,23,0,0,0,0,1,7.33,"{""h"": 5, ""path_router"": ""routers_e2e/llada_base__cm_clean.pt"", ""select_only_in_h"": true, ""step_refresh_remainder"": 8, ""step_refresh_remainder_prompt"": 32}"
ours,23,2,5,1,1,1,7.31,"{""h"": 5, ""path_router"": ""routers_e2e/llada_base__cm_clean.pt"", ""select_only_in_h"": true, ""step_refresh_remainder"": 8, ""step_refresh_remainder_prompt"": 32}"
ours,23,4,10,1,1,1,7.31,"{""h"": 5, ""path_router"": ""routers_e2e/llada_base__cm_clean.pt"", ""select_only_in_h"": true, ""step_refresh_remainder"": 8, ""step_refresh_remainder_prompt"": 32}"
ours,23,6,15,1,1,1,7.32,"{""h"": 5, ""path_router"": ""routers_e2e/llada_base__cm_clean.pt"", ""select_only_in_h"": true, ""step_refresh_remainder"": 8, ""step_refresh_remainder_prompt"": 32}"
ours,23,8,20,1,1,1,7.31,"{""h"": 5, ""path_router"": ""routers_e2e/llada_base__cm_clean.pt"", ""select_only_in_h"": true, ""step_refresh_remainder"": 8, ""step_refresh_remainder_prompt"": 32}"
ours,23,10,26,1,1,1,7.31,"{""h"": 5, ""path_router"": ""routers_e2e/llada_base__cm_clean.pt"", ""select_only_in_h"": true, ""step_refresh_remainder"": 8, ""step_refresh_remainder_prompt"": 32}"
ours,23,12,31,1,1,1,7.31,"{""h"": 5, ""path_router"": ""routers_e2e/llada_base__cm_clean.pt"", ""select_only_in_h"": true, ""step_refresh_remainder"": 8, ""step_refresh_remainder_prompt"": 32}"
ours,23,14,36,1,1,1,7.31,"{""h"": 5, ""path_router"": ""routers_e2e/llada_base__cm_clean.pt"", ""select_only_in_h"": true, ""step_refresh_remainder"": 8, ""step_refresh_remainder_prompt"": 32}"
ours,23,16,41,1,1,1,7.3,"{""h"": 5, ""path_router"": ""routers_e2e/llada_base__cm_clean.pt"", ""select_only_in_h"": true, ""step_refresh_remainder"": 8, ""step_refresh_remainder_prompt"": 32}"
ours,23,18,46,1,1,1,7.31,"{""h"": 5, ""path_router"": ""routers_e2e/llada_base__cm_clean.pt"", ""select_only_in_h"": true, ""step_refresh_remainder"": 8, ""step_refresh_remainder_prompt"": 32}"
ours,23,20,51,1,1,1,7.3,"{""h"": 5, ""path_router"": ""routers_e2e/llada_base__cm_clean.pt"", ""select_only_in_h"": true, ""step_refresh_remainder"": 8, ""step_refresh_remainder_prompt"": 32}"
ours,23,22,56,1,1,1,7.3,"{""h"": 5, ""path_router"": ""routers_e2e/llada_base__cm_clean.pt"", ""select_only_in_h"": true, ""step_refresh_remainder"": 8, ""step_refresh_remainder_prompt"": 32}"
ours,23,24,61,1,1,1,7.31,"{""h"": 5, ""path_router"": ""routers_e2e/llada_base__cm_clean.pt"", ""select_only_in_h"": true, ""step_refresh_remainder"": 8, ""step_refresh_remainder_prompt"": 32}"
ours,23,26,67,1,1,1,7.29,"{""h"": 5, ""path_router"": ""routers_e2e/llada_base__cm_clean.pt"", ""select_only_in_h"": true, ""step_refresh_remainder"": 8, ""step_refresh_remainder_prompt"": 32}"
ours,23,28,72,1,1,1,7.29,"{""h"": 5, ""path_router"": ""routers_e2e/llada_base__cm_clean.pt"", ""select_only_in_h"": true, ""step_refresh_remainder"": 8, ""step_refresh_remainder_prompt"": 32}"
ours,23,30,77,1,1,1,7.31,"{""h"": 5, ""path_router"": ""routers_e2e/llada_base__cm_clean.pt"", ""select_only_in_h"": true, ""step_refresh_remainder"": 8, ""step_refresh_remainder_prompt"": 32}"
ours,23,32,82,1,1,1,7.28,"{""h"": 5, ""path_router"": ""routers_e2e/llada_base__cm_clean.pt"", ""select_only_in_h"": true, ""step_refresh_remainder"": 8, ""step_refresh_remainder_prompt"": 32}"
ours,23,34,87,1,1,1,7.3,"{""h"": 5, ""path_router"": ""routers_e2e/llada_base__cm_clean.pt"", ""select_only_in_h"": true, ""step_refresh_remainder"": 8, ""step_refresh_remainder_prompt"": 32}"
ours,23,36,92,1,1,1,7.29,"{""h"": 5, ""path_router"": ""routers_e2e/llada_base__cm_clean.pt"", ""select_only_in_h"": true, ""step_refresh_remainder"": 8, ""step_refresh_remainder_prompt"": 32}"
ours,23,38,97,1,1,1,7.29,"{""h"": 5, ""path_router"": ""routers_e2e/llada_base__cm_clean.pt"", ""select_only_in_h"": true, ""step_refresh_remainder"": 8, ""step_refresh_remainder_prompt"": 32}"
ours,23,40,102,1,1,1,7.29,"{""h"": 5, ""path_router"": ""routers_e2e/llada_base__cm_clean.pt"", ""select_only_in_h"": true, ""step_refresh_remainder"": 8, ""step_refresh_remainder_prompt"": 32}"
ours,23,42,108,1,1,1,7.29,"{""h"": 5, ""path_router"": ""routers_e2e/llada_base__cm_clean.pt"", ""select_only_in_h"": true, ""step_refresh_remainder"": 8, ""step_refresh_remainder_prompt"": 32}"
ours,23,44,113,1,1,1,7.29,"{""h"": 5, ""path_router"": ""routers_e2e/llada_base__cm_clean.pt"", ""select_only_in_h"": true, ""step_refresh_remainder"": 8, ""step_refresh_remainder_prompt"": 32}"
ours,23,46,118,1,1,1,7.29,"{""h"": 5, ""path_router"": ""routers_e2e/llada_base__cm_clean.pt"", ""select_only_in_h"": true, ""step_refresh_remainder"": 8, ""step_refresh_remainder_prompt"": 32}"
ours,23,48,123,1,1,1,7.28,"{""h"": 5, ""path_router"": ""routers_e2e/llada_base__cm_clean.pt"", ""select_only_in_h"": true, ""step_refresh_remainder"": 8, ""step_refresh_remainder_prompt"": 32}"
ours,23,50,128,1,1,1,7.29,"{""h"": 5, ""path_router"": ""routers_e2e/llada_base__cm_clean.pt"", ""select_only_in_h"": true, ""step_refresh_remainder"": 8, ""step_refresh_remainder_prompt"": 32}"
ours,23,52,133,1,1,1,7.3,"{""h"": 5, ""path_router"": ""routers_e2e/llada_base__cm_clean.pt"", ""select_only_in_h"": true, ""step_refresh_remainder"": 8, ""step_refresh_remainder_prompt"": 32}"
ours,23,54,138,1,1,1,7.3,"{""h"": 5, ""path_router"": ""routers_e2e/llada_base__cm_clean.pt"", ""select_only_in_h"": true, ""step_refresh_remainder"": 8, ""step_refresh_remainder_prompt"": 32}"
ours,23,56,143,1,1,1,7.29,"{""h"": 5, ""path_router"": ""routers_e2e/llada_base__cm_clean.pt"", ""select_only_in_h"": true, ""step_refresh_remainder"": 8, ""step_refresh_remainder_prompt"": 32}"
ours,23,58,148,1,1,1,7.29,"{""h"": 5, ""path_router"": ""routers_e2e/llada_base__cm_clean.pt"", ""select_only_in_h"": true, ""step_refresh_remainder"": 8, ""step_refresh_remainder_prompt"": 32}"
ours,23,60,154,1,1,1,7.28,"{""h"": 5, ""path_router"": ""routers_e2e/llada_base__cm_clean.pt"", ""select_only_in_h"": true, ""step_refresh_remainder"": 8, ""step_refresh_remainder_prompt"": 32}"
ours,23,62,159,1,1,1,7.29,"{""h"": 5, ""path_router"": ""routers_e2e/llada_base__cm_clean.pt"", ""select_only_in_h"": true, ""step_refresh_remainder"": 8, ""step_refresh_remainder_prompt"": 32}"
ours,23,64,164,1,1,1,7.29,"{""h"": 5, ""path_router"": ""routers_e2e/llada_base__cm_clean.pt"", ""select_only_in_h"": true, ""step_refresh_remainder"": 8, ""step_refresh_remainder_prompt"": 32}"
ours,23,66,169,1,1,1,7.28,"{""h"": 5, ""path_router"": ""routers_e2e/llada_base__cm_clean.pt"", ""select_only_in_h"": true, ""step_refresh_remainder"": 8, ""step_refresh_remainder_prompt"": 32}"
ours,23,68,174,1,1,1,7.28,"{""h"": 5, ""path_router"": ""routers_e2e/llada_base__cm_clean.pt"", ""select_only_in_h"": true, ""step_refresh_remainder"": 8, ""step_refresh_remainder_prompt"": 32}"
ours,23,70,179,1,1,1,7.29,"{""h"": 5, ""path_router"": ""routers_e2e/llada_base__cm_clean.pt"", ""select_only_in_h"": true, ""step_refresh_remainder"": 8, ""step_refresh_remainder_prompt"": 32}"
ours,23,72,184,1,1,1,7.28,"{""h"": 5, ""path_router"": ""routers_e2e/llada_base__cm_clean.pt"", ""select_only_in_h"": true, ""step_refresh_remainder"": 8, ""step_refresh_remainder_prompt"": 32}"
ours,23,74,189,1,1,1,7.28,"{""h"": 5, ""path_router"": ""routers_e2e/llada_base__cm_clean.pt"", ""select_only_in_h"": true, ""step_refresh_remainder"": 8, ""step_refresh_remainder_prompt"": 32}"
ours,23,76,195,1,1,1,7.28,"{""h"": 5, ""path_router"": ""routers_e2e/llada_base__cm_clean.pt"", ""select_only_in_h"": true, ""step_refresh_remainder"": 8, ""step_refresh_remainder_prompt"": 32}"
ours,23,78,200,1,1,1,7.28,"{""h"": 5, ""path_router"": ""routers_e2e/llada_base__cm_clean.pt"", ""select_only_in_h"": true, ""step_refresh_remainder"": 8, ""step_refresh_remainder_prompt"": 32}"
ours,23,80,205,1,1,1,7.29,"{""h"": 5, ""path_router"": ""routers_e2e/llada_base__cm_clean.pt"", ""select_only_in_h"": true, ""step_refresh_remainder"": 8, ""step_refresh_remainder_prompt"": 32}"
ours,23,82,210,1,1,1,7.28,"{""h"": 5, ""path_router"": ""routers_e2e/llada_base__cm_clean.pt"", ""select_only_in_h"": true, ""step_refresh_remainder"": 8, ""step_refresh_remainder_prompt"": 32}"
ours,23,84,215,1,1,1,7.27,"{""h"": 5, ""path_router"": ""routers_e2e/llada_base__cm_clean.pt"", ""select_only_in_h"": true, ""step_refresh_remainder"": 8, ""step_refresh_remainder_prompt"": 32}"
ours,23,86,220,1,1,1,7.28,"{""h"": 5, ""path_router"": ""routers_e2e/llada_base__cm_clean.pt"", ""select_only_in_h"": true, ""step_refresh_remainder"": 8, ""step_refresh_remainder_prompt"": 32}"
ours,23,88,225,1,1,1,7.27,"{""h"": 5, ""path_router"": ""routers_e2e/llada_base__cm_clean.pt"", ""select_only_in_h"": true, ""step_refresh_remainder"": 8, ""step_refresh_remainder_prompt"": 32}"
ours,23,90,230,1,1,1,7.28,"{""h"": 5, ""path_router"": ""routers_e2e/llada_base__cm_clean.pt"", ""select_only_in_h"": true, ""step_refresh_remainder"": 8, ""step_refresh_remainder_prompt"": 32}"
ours,24,0,0,1,1,1,7.44,"{""h"": 5, ""path_router"": ""routers_e2e/llada_base__cm_clean.pt"", ""select_only_in_h"": true, ""step_refresh_remainder"": 8, ""step_refresh_remainder_prompt"": 32}"
ours,24,2,5,1,1,1,7.43,"{""h"": 5, ""path_router"": ""routers_e2e/llada_base__cm_clean.pt"", ""select_only_in_h"": true, ""step_refresh_remainder"": 8, ""step_refresh_remainder_prompt"": 32}"
ours,24,4,10,1,1,1,7.44,"{""h"": 5, ""path_router"": ""routers_e2e/llada_base__cm_clean.pt"", ""select_only_in_h"": true, ""step_refresh_remainder"": 8, ""step_refresh_remainder_prompt"": 32}"
ours,24,6,15,1,1,1,7.45,"{""h"": 5, ""path_router"": ""routers_e2e/llada_base__cm_clean.pt"", ""select_only_in_h"": true, ""step_refresh_remainder"": 8, ""step_refresh_remainder_prompt"": 32}"
ours,24,8,20,1,1,1,7.43,"{""h"": 5, ""path_router"": ""routers_e2e/llada_base__cm_clean.pt"", ""select_only_in_h"": true, ""step_refresh_remainder"": 8, ""step_refresh_remainder_prompt"": 32}"
ours,24,10,26,1,1,1,7.44,"{""h"": 5, ""path_router"": ""routers_e2e/llada_base__cm_clean.pt"", ""select_only_in_h"": true, ""step_refresh_remainder"": 8, ""step_refresh_remainder_prompt"": 32}"
ours,24,12,31,1,1,1,7.44,"{""h"": 5, ""path_router"": ""routers_e2e/llada_base__cm_clean.pt"", ""select_only_in_h"": true, ""step_refresh_remainder"": 8, ""step_refresh_remainder_prompt"": 32}"
ours,24,14,36,1,1,1,7.44,"{""h"": 5, ""path_router"": ""routers_e2e/llada_base__cm_clean.pt"", ""select_only_in_h"": true, ""step_refresh_remainder"": 8, ""step_refresh_remainder_prompt"": 32}"
ours,24,16,41,1,1,1,7.44,"{""h"": 5, ""path_router"": ""routers_e2e/llada_base__cm_clean.pt"", ""select_only_in_h"": true, ""step_refresh_remainder"": 8, ""step_refresh_remainder_prompt"": 32}"
ours,24,18,46,1,1,1,7.43,"{""h"": 5, ""path_router"": ""routers_e2e/llada_base__cm_clean.pt"", ""select_only_in_h"": true, ""step_refresh_remainder"": 8, ""step_refresh_remainder_prompt"": 32}"
ours,24,20,51,1,1,1,7.42,"{""h"": 5, ""path_router"": ""routers_e2e/llada_base__cm_clean.pt"", ""select_only_in_h"": true, ""step_refresh_remainder"": 8, ""step_refresh_remainder_prompt"": 32}"
ours,24,22,56,1,1,1,7.42,"{""h"": 5, ""path_router"": ""routers_e2e/llada_base__cm_clean.pt"", ""select_only_in_h"": true, ""step_refresh_remainder"": 8, ""step_refresh_remainder_prompt"": 32}"
ours,24,24,61,1,1,1,7.44,"{""h"": 5, ""path_router"": ""routers_e2e/llada_base__cm_clean.pt"", ""select_only_in_h"": true, ""step_refresh_remainder"": 8, ""step_refresh_remainder_prompt"": 32}"
ours,24,26,67,1,1,1,7.43,"{""h"": 5, ""path_router"": ""routers_e2e/llada_base__cm_clean.pt"", ""select_only_in_h"": true, ""step_refresh_remainder"": 8, ""step_refresh_remainder_prompt"": 32}"
ours,24,28,72,1,1,1,7.43,"{""h"": 5, ""path_router"": ""routers_e2e/llada_base__cm_clean.pt"", ""select_only_in_h"": true, ""step_refresh_remainder"": 8, ""step_refresh_remainder_prompt"": 32}"
ours,24,30,77,1,1,1,7.42,"{""h"": 5, ""path_router"": ""routers_e2e/llada_base__cm_clean.pt"", ""select_only_in_h"": true, ""step_refresh_remainder"": 8, ""step_refresh_remainder_prompt"": 32}"
ours,24,32,82,1,1,1,7.42,"{""h"": 5, ""path_router"": ""routers_e2e/llada_base__cm_clean.pt"", ""select_only_in_h"": true, ""step_refresh_remainder"": 8, ""step_refresh_remainder_prompt"": 32}"
ours,24,34,87,1,1,1,7.43,"{""h"": 5, ""path_router"": ""routers_e2e/llada_base__cm_clean.pt"", ""select_only_in_h"": true, ""step_refresh_remainder"": 8, ""step_refresh_remainder_prompt"": 32}"
ours,24,36,92,1,1,1,7.44,"{""h"": 5, ""path_router"": ""routers_e2e/llada_base__cm_clean.pt"", ""select_only_in_h"": true, ""step_refresh_remainder"": 8, ""step_refresh_remainder_prompt"": 32}"
ours,24,38,97,1,1,1,7.44,"{""h"": 5, ""path_router"": ""routers_e2e/llada_base__cm_clean.pt"", ""select_only_in_h"": true, ""step_refresh_remainder"": 8, ""step_refresh_remainder_prompt"": 32}"
ours,24,40,102,1,1,1,7.44,"{""h"": 5, ""path_router"": ""routers_e2e/llada_base__cm_clean.pt"", ""select_only_in_h"": true, ""step_refresh_remainder"": 8, ""step_refresh_remainder_prompt"": 32}"
ours,24,42,108,1,1,1,7.44,"{""h"": 5, ""path_router"": ""routers_e2e/llada_base__cm_clean.pt"", ""select_only_in_h"": true, ""step_refresh_remainder"": 8, ""step_refresh_remainder_prompt"": 32}"
ours,24,44,113,1,1,1,7.43,"{""h"": 5, ""path_router"": ""routers_e2e/llada_base__cm_clean.pt"", ""select_only_in_h"": true, ""step_refresh_remainder"": 8, ""step_refresh_remainder_prompt"": 32}"
ours,24,46,118,1,1,1,7.42,"{""h"": 5, ""path_router"": ""routers_e2e/llada_base__cm_clean.pt"", ""select_only_in_h"": true, ""step_refresh_remainder"": 8, ""step_refresh_remainder_prompt"": 32}"
ours,24,48,123,1,1,1,7.42,"{""h"": 5, ""path_router"": ""routers_e2e/llada_base__cm_clean.pt"", ""select_only_in_h"": true, ""step_refresh_remainder"": 8, ""step_refresh_remainder_prompt"": 32}"
ours,24,50,128,1,1,1,7.42,"{""h"": 5, ""path_router"": ""routers_e2e/llada_base__cm_clean.pt"", ""select_only_in_h"": true, ""step_refresh_remainder"": 8, ""step_refresh_remainder_prompt"": 32}"
ours,24,52,133,1,1,1,7.44,"{""h"": 5, ""path_router"": ""routers_e2e/llada_base__cm_clean.pt"", ""select_only_in_h"": true, ""step_refresh_remainder"": 8, ""step_refresh_remainder_prompt"": 32}"
ours,24,54,138,1,1,1,7.42,"{""h"": 5, ""path_router"": ""routers_e2e/llada_base__cm_clean.pt"", ""select_only_in_h"": true, ""step_refresh_remainder"": 8, ""step_refresh_remainder_prompt"": 32}"
ours,24,56,143,1,1,1,7.44,"{""h"": 5, ""path_router"": ""routers_e2e/llada_base__cm_clean.pt"", ""select_only_in_h"": true, ""step_refresh_remainder"": 8, ""step_refresh_remainder_prompt"": 32}"
ours,24,58,148,1,1,1,7.43,"{""h"": 5, ""path_router"": ""routers_e2e/llada_base__cm_clean.pt"", ""select_only_in_h"": true, ""step_refresh_remainder"": 8, ""step_refresh_remainder_prompt"": 32}"
ours,24,60,154,1,1,1,7.42,"{""h"": 5, ""path_router"": ""routers_e2e/llada_base__cm_clean.pt"", ""select_only_in_h"": true, ""step_refresh_remainder"": 8, ""step_refresh_remainder_prompt"": 32}"
ours,24,62,159,1,1,1,7.44,"{""h"": 5, ""path_router"": ""routers_e2e/llada_base__cm_clean.pt"", ""select_only_in_h"": true, ""step_refresh_remainder"": 8, ""step_refresh_remainder_prompt"": 32}"
ours,24,64,164,1,1,1,7.42,"{""h"": 5, ""path_router"": ""routers_e2e/llada_base__cm_clean.pt"", ""select_only_in_h"": true, ""step_refresh_remainder"": 8, ""step_refresh_remainder_prompt"": 32}"
ours,24,66,169,1,1,1,7.43,"{""h"": 5, ""path_router"": ""routers_e2e/llada_base__cm_clean.pt"", ""select_only_in_h"": true, ""step_refresh_remainder"": 8, ""step_refresh_remainder_prompt"": 32}"
ours,24,68,174,1,1,1,7.43,"{""h"": 5, ""path_router"": ""routers_e2e/llada_base__cm_clean.pt"", ""select_only_in_h"": true, ""step_refresh_remainder"": 8, ""step_refresh_remainder_prompt"": 32}"
ours,24,70,179,1,1,1,7.43,"{""h"": 5, ""path_router"": ""routers_e2e/llada_base__cm_clean.pt"", ""select_only_in_h"": true, ""step_refresh_remainder"": 8, ""step_refresh_remainder_prompt"": 32}"
ours,24,72,184,1,1,1,7.42,"{""h"": 5, ""path_router"": ""routers_e2e/llada_base__cm_clean.pt"", ""select_only_in_h"": true, ""step_refresh_remainder"": 8, ""step_refresh_remainder_prompt"": 32}"
ours,24,74,189,1,1,1,7.42,"{""h"": 5, ""path_router"": ""routers_e2e/llada_base__cm_clean.pt"", ""select_only_in_h"": true, ""step_refresh_remainder"": 8, ""step_refresh_remainder_prompt"": 32}"
ours,24,76,195,1,1,1,7.43,"{""h"": 5, ""path_router"": ""routers_e2e/llada_base__cm_clean.pt"", ""select_only_in_h"": true, ""step_refresh_remainder"": 8, ""step_refresh_remainder_prompt"": 32}"
ours,24,78,200,1,1,1,7.42,"{""h"": 5, ""path_router"": ""routers_e2e/llada_base__cm_clean.pt"", ""select_only_in_h"": true, ""step_refresh_remainder"": 8, ""step_refresh_remainder_prompt"": 32}"
ours,24,80,205,1,1,1,7.41,"{""h"": 5, ""path_router"": ""routers_e2e/llada_base__cm_clean.pt"", ""select_only_in_h"": true, ""step_refresh_remainder"": 8, ""step_refresh_remainder_prompt"": 32}"
ours,24,82,210,1,1,1,7.42,"{""h"": 5, ""path_router"": ""routers_e2e/llada_base__cm_clean.pt"", ""select_only_in_h"": true, ""step_refresh_remainder"": 8, ""step_refresh_remainder_prompt"": 32}"
ours,24,84,215,1,1,1,7.42,"{""h"": 5, ""path_router"": ""routers_e2e/llada_base__cm_clean.pt"", ""select_only_in_h"": true, ""step_refresh_remainder"": 8, ""step_refresh_remainder_prompt"": 32}"
ours,24,86,220,1,1,1,7.43,"{""h"": 5, ""path_router"": ""routers_e2e/llada_base__cm_clean.pt"", ""select_only_in_h"": true, ""step_refresh_remainder"": 8, ""step_refresh_remainder_prompt"": 32}"
ours,24,88,225,1,1,1,7.41,"{""h"": 5, ""path_router"": ""routers_e2e/llada_base__cm_clean.pt"", ""select_only_in_h"": true, ""step_refresh_remainder"": 8, ""step_refresh_remainder_prompt"": 32}"
ours,24,90,230,1,1,1,7.42,"{""h"": 5, ""path_router"": ""routers_e2e/llada_base__cm_clean.pt"", ""select_only_in_h"": true, ""step_refresh_remainder"": 8, ""step_refresh_remainder_prompt"": 32}"
ours,25,0,0,1,1,1,7.43,"{""h"": 5, ""path_router"": ""routers_e2e/llada_base__cm_clean.pt"", ""select_only_in_h"": true, ""step_refresh_remainder"": 8, ""step_refresh_remainder_prompt"": 32}"
ours,25,2,5,1,1,1,7.41,"{""h"": 5, ""path_router"": ""routers_e2e/llada_base__cm_clean.pt"", ""select_only_in_h"": true, ""step_refresh_remainder"": 8, ""step_refresh_remainder_prompt"": 32}"
ours,25,4,10,1,1,1,7.41,"{""h"": 5, ""path_router"": ""routers_e2e/llada_base__cm_clean.pt"", ""select_only_in_h"": true, ""step_refresh_remainder"": 8, ""step_refresh_remainder_prompt"": 32}"
ours,25,6,15,1,1,1,7.41,"{""h"": 5, ""path_router"": ""routers_e2e/llada_base__cm_clean.pt"", ""select_only_in_h"": true, ""step_refresh_remainder"": 8, ""step_refresh_remainder_prompt"": 32}"
ours,25,8,20,1,1,1,7.41,"{""h"": 5, ""path_router"": ""routers_e2e/llada_base__cm_clean.pt"", ""select_only_in_h"": true, ""step_refresh_remainder"": 8, ""step_refresh_remainder_prompt"": 32}"
ours,25,10,26,1,1,1,7.41,"{""h"": 5, ""path_router"": ""routers_e2e/llada_base__cm_clean.pt"", ""select_only_in_h"": true, ""step_refresh_remainder"": 8, ""step_refresh_remainder_prompt"": 32}"
ours,25,12,31,1,1,1,7.4,"{""h"": 5, ""path_router"": ""routers_e2e/llada_base__cm_clean.pt"", ""select_only_in_h"": true, ""step_refresh_remainder"": 8, ""step_refresh_remainder_prompt"": 32}"
ours,25,14,36,1,1,1,7.4,"{""h"": 5, ""path_router"": ""routers_e2e/llada_base__cm_clean.pt"", ""select_only_in_h"": true, ""step_refresh_remainder"": 8, ""step_refresh_remainder_prompt"": 32}"
ours,25,16,41,1,1,1,7.4,"{""h"": 5, ""path_router"": ""routers_e2e/llada_base__cm_clean.pt"", ""select_only_in_h"": true, ""step_refresh_remainder"": 8, ""step_refresh_remainder_prompt"": 32}"
ours,25,18,46,1,1,1,7.41,"{""h"": 5, ""path_router"": ""routers_e2e/llada_base__cm_clean.pt"", ""select_only_in_h"": true, ""step_refresh_remainder"": 8, ""step_refresh_remainder_prompt"": 32}"
ours,25,20,51,1,1,1,7.4,"{""h"": 5, ""path_router"": ""routers_e2e/llada_base__cm_clean.pt"", ""select_only_in_h"": true, ""step_refresh_remainder"": 8, ""step_refresh_remainder_prompt"": 32}"
ours,25,22,56,1,1,1,7.4,"{""h"": 5, ""path_router"": ""routers_e2e/llada_base__cm_clean.pt"", ""select_only_in_h"": true, ""step_refresh_remainder"": 8, ""step_refresh_remainder_prompt"": 32}"
ours,25,24,61,1,1,1,7.41,"{""h"": 5, ""path_router"": ""routers_e2e/llada_base__cm_clean.pt"", ""select_only_in_h"": true, ""step_refresh_remainder"": 8, ""step_refresh_remainder_prompt"": 32}"
ours,25,26,67,1,1,1,7.41,"{""h"": 5, ""path_router"": ""routers_e2e/llada_base__cm_clean.pt"", ""select_only_in_h"": true, ""step_refresh_remainder"": 8, ""step_refresh_remainder_prompt"": 32}"
ours,25,28,72,1,1,1,7.41,"{""h"": 5, ""path_router"": ""routers_e2e/llada_base__cm_clean.pt"", ""select_only_in_h"": true, ""step_refresh_remainder"": 8, ""step_refresh_remainder_prompt"": 32}"
ours,25,30,77,1,1,1,7.41,"{""h"": 5, ""path_router"": ""routers_e2e/llada_base__cm_clean.pt"", ""select_only_in_h"": true, ""step_refresh_remainder"": 8, ""step_refresh_remainder_prompt"": 32}"
ours,25,32,82,1,1,1,7.4,"{""h"": 5, ""path_router"": ""routers_e2e/llada_base__cm_clean.pt"", ""select_only_in_h"": true, ""step_refresh_remainder"": 8, ""step_refresh_remainder_prompt"": 32}"
ours,25,34,87,1,1,1,7.39,"{""h"": 5, ""path_router"": ""routers_e2e/llada_base__cm_clean.pt"", ""select_only_in_h"": true, ""step_refresh_remainder"": 8, ""step_refresh_remainder_prompt"": 32}"
ours,25,36,92,1,1,1,7.41,"{""h"": 5, ""path_router"": ""routers_e2e/llada_base__cm_clean.pt"", ""select_only_in_h"": true, ""step_refresh_remainder"": 8, ""step_refresh_remainder_prompt"": 32}"
ours,25,38,97,1,1,1,7.4,"{""h"": 5, ""path_router"": ""routers_e2e/llada_base__cm_clean.pt"", ""select_only_in_h"": true, ""step_refresh_remainder"": 8, ""step_refresh_remainder_prompt"": 32}"
ours,25,40,102,1,1,1,7.4,"{""h"": 5, ""path_router"": ""routers_e2e/llada_base__cm_clean.pt"", ""select_only_in_h"": true, ""step_refresh_remainder"": 8, ""step_refresh_remainder_prompt"": 32}"
ours,25,42,108,1,1,1,7.41,"{""h"": 5, ""path_router"": ""routers_e2e/llada_base__cm_clean.pt"", ""select_only_in_h"": true, ""step_refresh_remainder"": 8, ""step_refresh_remainder_prompt"": 32}"
ours,25,44,113,1,1,1,7.4,"{""h"": 5, ""path_router"": ""routers_e2e/llada_base__cm_clean.pt"", ""select_only_in_h"": true, ""step_refresh_remainder"": 8, ""step_refresh_remainder_prompt"": 32}"
ours,25,46,118,1,1,1,7.41,"{""h"": 5, ""path_router"": ""routers_e2e/llada_base__cm_clean.pt"", ""select_only_in_h"": true, ""step_refresh_remainder"": 8, ""step_refresh_remainder_prompt"": 32}"
ours,25,48,123,1,1,1,7.39,"{""h"": 5, ""path_router"": ""routers_e2e/llada_base__cm_clean.pt"", ""select_only_in_h"": true, ""step_refresh_remainder"": 8, ""step_refresh_remainder_prompt"": 32}"
ours,25,50,128,1,1,1,7.41,"{""h"": 5, ""path_router"": ""routers_e2e/llada_base__cm_clean.pt"", ""select_only_in_h"": true, ""step_refresh_remainder"": 8, ""step_refresh_remainder_prompt"": 32}"
ours,25,52,133,1,1,1,7.43,"{""h"": 5, ""path_router"": ""routers_e2e/llada_base__cm_clean.pt"", ""select_only_in_h"": true, ""step_refresh_remainder"": 8, ""step_refresh_remainder_prompt"": 32}"
ours,25,54,138,1,1,1,7.42,"{""h"": 5, ""path_router"": ""routers_e2e/llada_base__cm_clean.pt"", ""select_only_in_h"": true, ""step_refresh_remainder"": 8, ""step_refresh_remainder_prompt"": 32}"
ours,25,56,143,1,1,1,7.41,"{""h"": 5, ""path_router"": ""routers_e2e/llada_base__cm_clean.pt"", ""select_only_in_h"": true, ""step_refresh_remainder"": 8, ""step_refresh_remainder_prompt"": 32}"
ours,25,58,148,1,1,1,7.4,"{""h"": 5, ""path_router"": ""routers_e2e/llada_base__cm_clean.pt"", ""select_only_in_h"": true, ""step_refresh_remainder"": 8, ""step_refresh_remainder_prompt"": 32}"
ours,25,60,154,1,1,1,7.41,"{""h"": 5, ""path_router"": ""routers_e2e/llada_base__cm_clean.pt"", ""select_only_in_h"": true, ""step_refresh_remainder"": 8, ""step_refresh_remainder_prompt"": 32}"
ours,25,62,159,1,1,1,7.41,"{""h"": 5, ""path_router"": ""routers_e2e/llada_base__cm_clean.pt"", ""select_only_in_h"": true, ""step_refresh_remainder"": 8, ""step_refresh_remainder_prompt"": 32}"
ours,25,64,164,1,1,1,7.39,"{""h"": 5, ""path_router"": ""routers_e2e/llada_base__cm_clean.pt"", ""select_only_in_h"": true, ""step_refresh_remainder"": 8, ""step_refresh_remainder_prompt"": 32}"
ours,25,66,169,1,1,1,7.41,"{""h"": 5, ""path_router"": ""routers_e2e/llada_base__cm_clean.pt"", ""select_only_in_h"": true, ""step_refresh_remainder"": 8, ""step_refresh_remainder_prompt"": 32}"
ours,25,68,174,1,1,1,7.39,"{""h"": 5, ""path_router"": ""routers_e2e/llada_base__cm_clean.pt"", ""select_only_in_h"": true, ""step_refresh_remainder"": 8, ""step_refresh_remainder_prompt"": 32}"
ours,25,70,179,1,1,1,7.38,"{""h"": 5, ""path_router"": ""routers_e2e/llada_base__cm_clean.pt"", ""select_only_in_h"": true, ""step_refresh_remainder"": 8, ""step_refresh_remainder_prompt"": 32}"
ours,25,72,184,1,1,1,7.38,"{""h"": 5, ""path_router"": ""routers_e2e/llada_base__cm_clean.pt"", ""select_only_in_h"": true, ""step_refresh_remainder"": 8, ""step_refresh_remainder_prompt"": 32}"
ours,25,74,189,1,1,1,7.39,"{""h"": 5, ""path_router"": ""routers_e2e/llada_base__cm_clean.pt"", ""select_only_in_h"": true, ""step_refresh_remainder"": 8, ""step_refresh_remainder_prompt"": 32}"
ours,25,76,195,1,1,1,7.39,"{""h"": 5, ""path_router"": ""routers_e2e/llada_base__cm_clean.pt"", ""select_only_in_h"": true, ""step_refresh_remainder"": 8, ""step_refresh_remainder_prompt"": 32}"
ours,25,78,200,1,1,1,7.4,"{""h"": 5, ""path_router"": ""routers_e2e/llada_base__cm_clean.pt"", ""select_only_in_h"": true, ""step_refresh_remainder"": 8, ""step_refresh_remainder_prompt"": 32}"
ours,25,80,205,1,1,1,7.39,"{""h"": 5, ""path_router"": ""routers_e2e/llada_base__cm_clean.pt"", ""select_only_in_h"": true, ""step_refresh_remainder"": 8, ""step_refresh_remainder_prompt"": 32}"
ours,25,82,210,1,1,1,7.39,"{""h"": 5, ""path_router"": ""routers_e2e/llada_base__cm_clean.pt"", ""select_only_in_h"": true, ""step_refresh_remainder"": 8, ""step_refresh_remainder_prompt"": 32}"
ours,25,84,215,1,1,1,7.41,"{""h"": 5, ""path_router"": ""routers_e2e/llada_base__cm_clean.pt"", ""select_only_in_h"": true, ""step_refresh_remainder"": 8, ""step_refresh_remainder_prompt"": 32}"
ours,25,86,220,1,1,1,7.41,"{""h"": 5, ""path_router"": ""routers_e2e/llada_base__cm_clean.pt"", ""select_only_in_h"": true, ""step_refresh_remainder"": 8, ""step_refresh_remainder_prompt"": 32}"
ours,25,88,225,1,1,1,7.39,"{""h"": 5, ""path_router"": ""routers_e2e/llada_base__cm_clean.pt"", ""select_only_in_h"": true, ""step_refresh_remainder"": 8, ""step_refresh_remainder_prompt"": 32}"
ours,25,90,230,1,1,1,7.39,"{""h"": 5, ""path_router"": ""routers_e2e/llada_base__cm_clean.pt"", ""select_only_in_h"": true, ""step_refresh_remainder"": 8, ""step_refresh_remainder_prompt"": 32}"
ours,26,0,0,1,1,1,7.32,"{""h"": 5, ""path_router"": ""routers_e2e/llada_base__cm_clean.pt"", ""select_only_in_h"": true, ""step_refresh_remainder"": 8, ""step_refresh_remainder_prompt"": 32}"
ours,26,2,5,1,1,1,7.31,"{""h"": 5, ""path_router"": ""routers_e2e/llada_base__cm_clean.pt"", ""select_only_in_h"": true, ""step_refresh_remainder"": 8, ""step_refresh_remainder_prompt"": 32}"
ours,26,4,10,1,1,1,7.32,"{""h"": 5, ""path_router"": ""routers_e2e/llada_base__cm_clean.pt"", ""select_only_in_h"": true, ""step_refresh_remainder"": 8, ""step_refresh_remainder_prompt"": 32}"
ours,26,6,15,1,1,1,7.31,"{""h"": 5, ""path_router"": ""routers_e2e/llada_base__cm_clean.pt"", ""select_only_in_h"": true, ""step_refresh_remainder"": 8, ""step_refresh_remainder_prompt"": 32}"
ours,26,8,20,1,1,1,7.32,"{""h"": 5, ""path_router"": ""routers_e2e/llada_base__cm_clean.pt"", ""select_only_in_h"": true, ""step_refresh_remainder"": 8, ""step_refresh_remainder_prompt"": 32}"
ours,26,10,26,1,1,1,7.33,"{""h"": 5, ""path_router"": ""routers_e2e/llada_base__cm_clean.pt"", ""select_only_in_h"": true, ""step_refresh_remainder"": 8, ""step_refresh_remainder_prompt"": 32}"
ours,26,12,31,1,1,1,7.32,"{""h"": 5, ""path_router"": ""routers_e2e/llada_base__cm_clean.pt"", ""select_only_in_h"": true, ""step_refresh_remainder"": 8, ""step_refresh_remainder_prompt"": 32}"
ours,26,14,36,1,1,1,7.31,"{""h"": 5, ""path_router"": ""routers_e2e/llada_base__cm_clean.pt"", ""select_only_in_h"": true, ""step_refresh_remainder"": 8, ""step_refresh_remainder_prompt"": 32}"
ours,26,16,41,1,1,1,7.31,"{""h"": 5, ""path_router"": ""routers_e2e/llada_base__cm_clean.pt"", ""select_only_in_h"": true, ""step_refresh_remainder"": 8, ""step_refresh_remainder_prompt"": 32}"
ours,26,18,46,1,1,1,7.32,"{""h"": 5, ""path_router"": ""routers_e2e/llada_base__cm_clean.pt"", ""select_only_in_h"": true, ""step_refresh_remainder"": 8, ""step_refresh_remainder_prompt"": 32}"
ours,26,20,51,1,1,1,7.32,"{""h"": 5, ""path_router"": ""routers_e2e/llada_base__cm_clean.pt"", ""select_only_in_h"": true, ""step_refresh_remainder"": 8, ""step_refresh_remainder_prompt"": 32}"
ours,26,22,56,1,1,1,7.32,"{""h"": 5, ""path_router"": ""routers_e2e/llada_base__cm_clean.pt"", ""select_only_in_h"": true, ""step_refresh_remainder"": 8, ""step_refresh_remainder_prompt"": 32}"
ours,26,24,61,1,1,1,7.32,"{""h"": 5, ""path_router"": ""routers_e2e/llada_base__cm_clean.pt"", ""select_only_in_h"": true, ""step_refresh_remainder"": 8, ""step_refresh_remainder_prompt"": 32}"
ours,26,26,67,1,1,1,7.32,"{""h"": 5, ""path_router"": ""routers_e2e/llada_base__cm_clean.pt"", ""select_only_in_h"": true, ""step_refresh_remainder"": 8, ""step_refresh_remainder_prompt"": 32}"
ours,26,28,72,1,1,1,7.32,"{""h"": 5, ""path_router"": ""routers_e2e/llada_base__cm_clean.pt"", ""select_only_in_h"": true, ""step_refresh_remainder"": 8, ""step_refresh_remainder_prompt"": 32}"
ours,26,30,77,1,1,1,7.32,"{""h"": 5, ""path_router"": ""routers_e2e/llada_base__cm_clean.pt"", ""select_only_in_h"": true, ""step_refresh_remainder"": 8, ""step_refresh_remainder_prompt"": 32}"
ours,26,32,82,1,1,1,7.32,"{""h"": 5, ""path_router"": ""routers_e2e/llada_base__cm_clean.pt"", ""select_only_in_h"": true, ""step_refresh_remainder"": 8, ""step_refresh_remainder_prompt"": 32}"
ours,26,34,87,1,1,1,7.31,"{""h"": 5, ""path_router"": ""routers_e2e/llada_base__cm_clean.pt"", ""select_only_in_h"": true, ""step_refresh_remainder"": 8, ""step_refresh_remainder_prompt"": 32}"
ours,26,36,92,1,1,1,7.3,"{""h"": 5, ""path_router"": ""routers_e2e/llada_base__cm_clean.pt"", ""select_only_in_h"": true, ""step_refresh_remainder"": 8, ""step_refresh_remainder_prompt"": 32}"
ours,26,38,97,1,1,1,7.3,"{""h"": 5, ""path_router"": ""routers_e2e/llada_base__cm_clean.pt"", ""select_only_in_h"": true, ""step_refresh_remainder"": 8, ""step_refresh_remainder_prompt"": 32}"
ours,26,40,102,1,1,1,7.31,"{""h"": 5, ""path_router"": ""routers_e2e/llada_base__cm_clean.pt"", ""select_only_in_h"": true, ""step_refresh_remainder"": 8, ""step_refresh_remainder_prompt"": 32}"
ours,26,42,108,1,1,1,7.31,"{""h"": 5, ""path_router"": ""routers_e2e/llada_base__cm_clean.pt"", ""select_only_in_h"": true, ""step_refresh_remainder"": 8, ""step_refresh_remainder_prompt"": 32}"
ours,26,44,113,1,1,1,7.31,"{""h"": 5, ""path_router"": ""routers_e2e/llada_base__cm_clean.pt"", ""select_only_in_h"": true, ""step_refresh_remainder"": 8, ""step_refresh_remainder_prompt"": 32}"
ours,26,46,118,1,1,1,7.31,"{""h"": 5, ""path_router"": ""routers_e2e/llada_base__cm_clean.pt"", ""select_only_in_h"": true, ""step_refresh_remainder"": 8, ""step_refresh_remainder_prompt"": 32}"
ours,26,48,123,1,1,1,7.31,"{""h"": 5, ""path_router"": ""routers_e2e/llada_base__cm_clean.pt"", ""select_only_in_h"": true, ""step_refresh_remainder"": 8, ""step_refresh_remainder_prompt"": 32}"
ours,26,50,128,1,1,1,7.31,"{""h"": 5, ""path_router"": ""routers_e2e/llada_base__cm_clean.pt"", ""select_only_in_h"": true, ""step_refresh_remainder"": 8, ""step_refresh_remainder_prompt"": 32}"
ours,26,52,133,1,1,1,7.31,"{""h"": 5, ""path_router"": ""routers_e2e/llada_base__cm_clean.pt"", ""select_only_in_h"": true, ""step_refresh_remainder"": 8, ""step_refresh_remainder_prompt"": 32}"
ours,26,54,138,1,1,1,7.31,"{""h"": 5, ""path_router"": ""routers_e2e/llada_base__cm_clean.pt"", ""select_only_in_h"": true, ""step_refresh_remainder"": 8, ""step_refresh_remainder_prompt"": 32}"
ours,26,56,143,1,1,1,7.3,"{""h"": 5, ""path_router"": ""routers_e2e/llada_base__cm_clean.pt"", ""select_only_in_h"": true, ""step_refresh_remainder"": 8, ""step_refresh_remainder_prompt"": 32}"
ours,26,58,148,1,1,1,7.3,"{""h"": 5, ""path_router"": ""routers_e2e/llada_base__cm_clean.pt"", ""select_only_in_h"": true, ""step_refresh_remainder"": 8, ""step_refresh_remainder_prompt"": 32}"
ours,26,60,154,1,1,1,7.29,"{""h"": 5, ""path_router"": ""routers_e2e/llada_base__cm_clean.pt"", ""select_only_in_h"": true, ""step_refresh_remainder"": 8, ""step_refresh_remainder_prompt"": 32}"
ours,26,62,159,1,1,1,7.29,"{""h"": 5, ""path_router"": ""routers_e2e/llada_base__cm_clean.pt"", ""select_only_in_h"": true, ""step_refresh_remainder"": 8, ""step_refresh_remainder_prompt"": 32}"
ours,26,64,164,1,1,1,7.31,"{""h"": 5, ""path_router"": ""routers_e2e/llada_base__cm_clean.pt"", ""select_only_in_h"": true, ""step_refresh_remainder"": 8, ""step_refresh_remainder_prompt"": 32}"
ours,26,66,169,1,1,1,7.3,"{""h"": 5, ""path_router"": ""routers_e2e/llada_base__cm_clean.pt"", ""select_only_in_h"": true, ""step_refresh_remainder"": 8, ""step_refresh_remainder_prompt"": 32}"
ours,26,68,174,1,1,1,7.29,"{""h"": 5, ""path_router"": ""routers_e2e/llada_base__cm_clean.pt"", ""select_only_in_h"": true, ""step_refresh_remainder"": 8, ""step_refresh_remainder_prompt"": 32}"
ours,26,70,179,1,1,1,7.29,"{""h"": 5, ""path_router"": ""routers_e2e/llada_base__cm_clean.pt"", ""select_only_in_h"": true, ""step_refresh_remainder"": 8, ""step_refresh_remainder_prompt"": 32}"
ours,26,72,184,1,1,1,7.3,"{""h"": 5, ""path_router"": ""routers_e2e/llada_base__cm_clean.pt"", ""select_only_in_h"": true, ""step_refresh_remainder"": 8, ""step_refresh_remainder_prompt"": 32}"
ours,26,74,189,1,1,1,7.29,"{""h"": 5, ""path_router"": ""routers_e2e/llada_base__cm_clean.pt"", ""select_only_in_h"": true, ""step_refresh_remainder"": 8, ""step_refresh_remainder_prompt"": 32}"
ours,26,76,195,1,1,1,7.29,"{""h"": 5, ""path_router"": ""routers_e2e/llada_base__cm_clean.pt"", ""select_only_in_h"": true, ""step_refresh_remainder"": 8, ""step_refresh_remainder_prompt"": 32}"
ours,26,78,200,1,1,1,7.29,"{""h"": 5, ""path_router"": ""routers_e2e/llada_base__cm_clean.pt"", ""select_only_in_h"": true, ""step_refresh_remainder"": 8, ""step_refresh_remainder_prompt"": 32}"
ours,26,80,205,1,1,1,7.31,"{""h"": 5, ""path_router"": ""routers_e2e/llada_base__cm_clean.pt"", ""select_only_in_h"": true, ""step_refresh_remainder"": 8, ""step_refresh_remainder_prompt"": 32}"
ours,26,82,210,1,1,1,7.3,"{""h"": 5, ""path_router"": ""routers_e2e/llada_base__cm_clean.pt"", ""select_only_in_h"": true, ""step_refresh_remainder"": 8, ""step_refresh_remainder_prompt"": 32}"
ours,26,84,215,1,1,1,7.29,"{""h"": 5, ""path_router"": ""routers_e2e/llada_base__cm_clean.pt"", ""select_only_in_h"": true, ""step_refresh_remainder"": 8, ""step_refresh_remainder_prompt"": 32}"
ours,26,86,220,1,1,1,7.29,"{""h"": 5, ""path_router"": ""routers_e2e/llada_base__cm_clean.pt"", ""select_only_in_h"": true, ""step_refresh_remainder"": 8, ""step_refresh_remainder_prompt"": 32}"
ours,26,88,225,1,1,1,7.3,"{""h"": 5, ""path_router"": ""routers_e2e/llada_base__cm_clean.pt"", ""select_only_in_h"": true, ""step_refresh_remainder"": 8, ""step_refresh_remainder_prompt"": 32}"
ours,26,90,230,1,1,1,7.29,"{""h"": 5, ""path_router"": ""routers_e2e/llada_base__cm_clean.pt"", ""select_only_in_h"": true, ""step_refresh_remainder"": 8, ""step_refresh_remainder_prompt"": 32}"
ours,27,0,0,0,0,1,7.11,"{""h"": 5, ""path_router"": ""routers_e2e/llada_base__cm_clean.pt"", ""select_only_in_h"": true, ""step_refresh_remainder"": 8, ""step_refresh_remainder_prompt"": 32}"
ours,27,2,5,0,0,1,7.1,"{""h"": 5, ""path_router"": ""routers_e2e/llada_base__cm_clean.pt"", ""select_only_in_h"": true, ""step_refresh_remainder"": 8, ""step_refresh_remainder_prompt"": 32}"
ours,27,4,10,1,1,1,7.11,"{""h"": 5, ""path_router"": ""routers_e2e/llada_base__cm_clean.pt"", ""select_only_in_h"": true, ""step_refresh_remainder"": 8, ""step_refresh_remainder_prompt"": 32}"
ours,27,6,15,1,1,1,7.1,"{""h"": 5, ""path_router"": ""routers_e2e/llada_base__cm_clean.pt"", ""select_only_in_h"": true, ""step_refresh_remainder"": 8, ""step_refresh_remainder_prompt"": 32}"
ours,27,8,20,1,1,1,7.09,"{""h"": 5, ""path_router"": ""routers_e2e/llada_base__cm_clean.pt"", ""select_only_in_h"": true, ""step_refresh_remainder"": 8, ""step_refresh_remainder_prompt"": 32}"
ours,27,10,26,0,1,0,7.09,"{""h"": 5, ""path_router"": ""routers_e2e/llada_base__cm_clean.pt"", ""select_only_in_h"": true, ""step_refresh_remainder"": 8, ""step_refresh_remainder_prompt"": 32}"
ours,27,12,31,1,1,1,7.09,"{""h"": 5, ""path_router"": ""routers_e2e/llada_base__cm_clean.pt"", ""select_only_in_h"": true, ""step_refresh_remainder"": 8, ""step_refresh_remainder_prompt"": 32}"
ours,27,14,36,1,1,1,7.1,"{""h"": 5, ""path_router"": ""routers_e2e/llada_base__cm_clean.pt"", ""select_only_in_h"": true, ""step_refresh_remainder"": 8, ""step_refresh_remainder_prompt"": 32}"
ours,27,16,41,1,1,1,7.08,"{""h"": 5, ""path_router"": ""routers_e2e/llada_base__cm_clean.pt"", ""select_only_in_h"": true, ""step_refresh_remainder"": 8, ""step_refresh_remainder_prompt"": 32}"
ours,27,18,46,1,1,1,7.1,"{""h"": 5, ""path_router"": ""routers_e2e/llada_base__cm_clean.pt"", ""select_only_in_h"": true, ""step_refresh_remainder"": 8, ""step_refresh_remainder_prompt"": 32}"
ours,27,20,51,1,1,1,7.09,"{""h"": 5, ""path_router"": ""routers_e2e/llada_base__cm_clean.pt"", ""select_only_in_h"": true, ""step_refresh_remainder"": 8, ""step_refresh_remainder_prompt"": 32}"
ours,27,22,56,1,1,1,7.1,"{""h"": 5, ""path_router"": ""routers_e2e/llada_base__cm_clean.pt"", ""select_only_in_h"": true, ""step_refresh_remainder"": 8, ""step_refresh_remainder_prompt"": 32}"
ours,27,24,61,1,1,1,7.09,"{""h"": 5, ""path_router"": ""routers_e2e/llada_base__cm_clean.pt"", ""select_only_in_h"": true, ""step_refresh_remainder"": 8, ""step_refresh_remainder_prompt"": 32}"
ours,27,26,67,1,1,1,7.1,"{""h"": 5, ""path_router"": ""routers_e2e/llada_base__cm_clean.pt"", ""select_only_in_h"": true, ""step_refresh_remainder"": 8, ""step_refresh_remainder_prompt"": 32}"
ours,27,28,72,1,1,1,7.1,"{""h"": 5, ""path_router"": ""routers_e2e/llada_base__cm_clean.pt"", ""select_only_in_h"": true, ""step_refresh_remainder"": 8, ""step_refresh_remainder_prompt"": 32}"
ours,27,30,77,1,1,1,7.11,"{""h"": 5, ""path_router"": ""routers_e2e/llada_base__cm_clean.pt"", ""select_only_in_h"": true, ""step_refresh_remainder"": 8, ""step_refresh_remainder_prompt"": 32}"
ours,27,32,82,1,1,1,7.11,"{""h"": 5, ""path_router"": ""routers_e2e/llada_base__cm_clean.pt"", ""select_only_in_h"": true, ""step_refresh_remainder"": 8, ""step_refresh_remainder_prompt"": 32}"
ours,27,34,87,1,1,1,7.1,"{""h"": 5, ""path_router"": ""routers_e2e/llada_base__cm_clean.pt"", ""select_only_in_h"": true, ""step_refresh_remainder"": 8, ""step_refresh_remainder_prompt"": 32}"
ours,27,36,92,1,1,1,7.09,"{""h"": 5, ""path_router"": ""routers_e2e/llada_base__cm_clean.pt"", ""select_only_in_h"": true, ""step_refresh_remainder"": 8, ""step_refresh_remainder_prompt"": 32}"
ours,27,38,97,1,1,1,7.1,"{""h"": 5, ""path_router"": ""routers_e2e/llada_base__cm_clean.pt"", ""select_only_in_h"": true, ""step_refresh_remainder"": 8, ""step_refresh_remainder_prompt"": 32}"
ours,27,40,102,1,1,1,7.1,"{""h"": 5, ""path_router"": ""routers_e2e/llada_base__cm_clean.pt"", ""select_only_in_h"": true, ""step_refresh_remainder"": 8, ""step_refresh_remainder_prompt"": 32}"
ours,27,42,108,1,1,1,7.1,"{""h"": 5, ""path_router"": ""routers_e2e/llada_base__cm_clean.pt"", ""select_only_in_h"": true, ""step_refresh_remainder"": 8, ""step_refresh_remainder_prompt"": 32}"
ours,27,44,113,1,1,1,7.1,"{""h"": 5, ""path_router"": ""routers_e2e/llada_base__cm_clean.pt"", ""select_only_in_h"": true, ""step_refresh_remainder"": 8, ""step_refresh_remainder_prompt"": 32}"
ours,27,46,118,1,1,1,7.1,"{""h"": 5, ""path_router"": ""routers_e2e/llada_base__cm_clean.pt"", ""select_only_in_h"": true, ""step_refresh_remainder"": 8, ""step_refresh_remainder_prompt"": 32}"
ours,27,48,123,1,1,1,7.1,"{""h"": 5, ""path_router"": ""routers_e2e/llada_base__cm_clean.pt"", ""select_only_in_h"": true, ""step_refresh_remainder"": 8, ""step_refresh_remainder_prompt"": 32}"
ours,27,50,128,1,1,1,7.1,"{""h"": 5, ""path_router"": ""routers_e2e/llada_base__cm_clean.pt"", ""select_only_in_h"": true, ""step_refresh_remainder"": 8, ""step_refresh_remainder_prompt"": 32}"
ours,27,52,133,1,1,1,7.09,"{""h"": 5, ""path_router"": ""routers_e2e/llada_base__cm_clean.pt"", ""select_only_in_h"": true, ""step_refresh_remainder"": 8, ""step_refresh_remainder_prompt"": 32}"
ours,27,54,138,1,1,1,7.1,"{""h"": 5, ""path_router"": ""routers_e2e/llada_base__cm_clean.pt"", ""select_only_in_h"": true, ""step_refresh_remainder"": 8, ""step_refresh_remainder_prompt"": 32}"
ours,27,56,143,1,1,1,7.1,"{""h"": 5, ""path_router"": ""routers_e2e/llada_base__cm_clean.pt"", ""select_only_in_h"": true, ""step_refresh_remainder"": 8, ""step_refresh_remainder_prompt"": 32}"
ours,27,58,148,1,1,1,7.1,"{""h"": 5, ""path_router"": ""routers_e2e/llada_base__cm_clean.pt"", ""select_only_in_h"": true, ""step_refresh_remainder"": 8, ""step_refresh_remainder_prompt"": 32}"
ours,27,60,154,1,1,1,7.1,"{""h"": 5, ""path_router"": ""routers_e2e/llada_base__cm_clean.pt"", ""select_only_in_h"": true, ""step_refresh_remainder"": 8, ""step_refresh_remainder_prompt"": 32}"
ours,27,62,159,1,1,1,7.1,"{""h"": 5, ""path_router"": ""routers_e2e/llada_base__cm_clean.pt"", ""select_only_in_h"": true, ""step_refresh_remainder"": 8, ""step_refresh_remainder_prompt"": 32}"
ours,27,64,164,1,1,1,7.1,"{""h"": 5, ""path_router"": ""routers_e2e/llada_base__cm_clean.pt"", ""select_only_in_h"": true, ""step_refresh_remainder"": 8, ""step_refresh_remainder_prompt"": 32}"
ours,27,66,169,1,1,1,7.1,"{""h"": 5, ""path_router"": ""routers_e2e/llada_base__cm_clean.pt"", ""select_only_in_h"": true, ""step_refresh_remainder"": 8, ""step_refresh_remainder_prompt"": 32}"
ours,27,68,174,1,1,1,7.1,"{""h"": 5, ""path_router"": ""routers_e2e/llada_base__cm_clean.pt"", ""select_only_in_h"": true, ""step_refresh_remainder"": 8, ""step_refresh_remainder_prompt"": 32}"
ours,27,70,179,1,1,1,7.1,"{""h"": 5, ""path_router"": ""routers_e2e/llada_base__cm_clean.pt"", ""select_only_in_h"": true, ""step_refresh_remainder"": 8, ""step_refresh_remainder_prompt"": 32}"
ours,27,72,184,1,1,1,7.1,"{""h"": 5, ""path_router"": ""routers_e2e/llada_base__cm_clean.pt"", ""select_only_in_h"": true, ""step_refresh_remainder"": 8, ""step_refresh_remainder_prompt"": 32}"
ours,27,74,189,1,1,1,7.09,"{""h"": 5, ""path_router"": ""routers_e2e/llada_base__cm_clean.pt"", ""select_only_in_h"": true, ""step_refresh_remainder"": 8, ""step_refresh_remainder_prompt"": 32}"
ours,27,76,195,1,1,1,7.1,"{""h"": 5, ""path_router"": ""routers_e2e/llada_base__cm_clean.pt"", ""select_only_in_h"": true, ""step_refresh_remainder"": 8, ""step_refresh_remainder_prompt"": 32}"
ours,27,78,200,1,1,1,7.1,"{""h"": 5, ""path_router"": ""routers_e2e/llada_base__cm_clean.pt"", ""select_only_in_h"": true, ""step_refresh_remainder"": 8, ""step_refresh_remainder_prompt"": 32}"
ours,27,80,205,1,1,1,7.1,"{""h"": 5, ""path_router"": ""routers_e2e/llada_base__cm_clean.pt"", ""select_only_in_h"": true, ""step_refresh_remainder"": 8, ""step_refresh_remainder_prompt"": 32}"
ours,27,82,210,1,1,1,7.1,"{""h"": 5, ""path_router"": ""routers_e2e/llada_base__cm_clean.pt"", ""select_only_in_h"": true, ""step_refresh_remainder"": 8, ""step_refresh_remainder_prompt"": 32}"
ours,27,84,215,1,1,1,7.1,"{""h"": 5, ""path_router"": ""routers_e2e/llada_base__cm_clean.pt"", ""select_only_in_h"": true, ""step_refresh_remainder"": 8, ""step_refresh_remainder_prompt"": 32}"
ours,27,86,220,1,1,1,7.1,"{""h"": 5, ""path_router"": ""routers_e2e/llada_base__cm_clean.pt"", ""select_only_in_h"": true, ""step_refresh_remainder"": 8, ""step_refresh_remainder_prompt"": 32}"
ours,27,88,225,1,1,1,7.1,"{""h"": 5, ""path_router"": ""routers_e2e/llada_base__cm_clean.pt"", ""select_only_in_h"": true, ""step_refresh_remainder"": 8, ""step_refresh_remainder_prompt"": 32}"
ours,27,90,230,1,1,1,7.1,"{""h"": 5, ""path_router"": ""routers_e2e/llada_base__cm_clean.pt"", ""select_only_in_h"": true, ""step_refresh_remainder"": 8, ""step_refresh_remainder_prompt"": 32}"
ours,29,0,0,1,1,1,7.22,"{""h"": 5, ""path_router"": ""routers_e2e/llada_base__cm_clean.pt"", ""select_only_in_h"": true, ""step_refresh_remainder"": 8, ""step_refresh_remainder_prompt"": 32}"
ours,29,2,5,1,1,1,7.21,"{""h"": 5, ""path_router"": ""routers_e2e/llada_base__cm_clean.pt"", ""select_only_in_h"": true, ""step_refresh_remainder"": 8, ""step_refresh_remainder_prompt"": 32}"
ours,29,4,10,0,0,1,7.21,"{""h"": 5, ""path_router"": ""routers_e2e/llada_base__cm_clean.pt"", ""select_only_in_h"": true, ""step_refresh_remainder"": 8, ""step_refresh_remainder_prompt"": 32}"
ours,29,6,15,1,1,1,7.21,"{""h"": 5, ""path_router"": ""routers_e2e/llada_base__cm_clean.pt"", ""select_only_in_h"": true, ""step_refresh_remainder"": 8, ""step_refresh_remainder_prompt"": 32}"
ours,29,8,20,1,1,1,7.21,"{""h"": 5, ""path_router"": ""routers_e2e/llada_base__cm_clean.pt"", ""select_only_in_h"": true, ""step_refresh_remainder"": 8, ""step_refresh_remainder_prompt"": 32}"
ours,29,10,26,1,1,1,7.21,"{""h"": 5, ""path_router"": ""routers_e2e/llada_base__cm_clean.pt"", ""select_only_in_h"": true, ""step_refresh_remainder"": 8, ""step_refresh_remainder_prompt"": 32}"
ours,29,12,31,1,1,1,7.21,"{""h"": 5, ""path_router"": ""routers_e2e/llada_base__cm_clean.pt"", ""select_only_in_h"": true, ""step_refresh_remainder"": 8, ""step_refresh_remainder_prompt"": 32}"
ours,29,14,36,1,1,1,7.23,"{""h"": 5, ""path_router"": ""routers_e2e/llada_base__cm_clean.pt"", ""select_only_in_h"": true, ""step_refresh_remainder"": 8, ""step_refresh_remainder_prompt"": 32}"
ours,29,16,41,1,1,1,7.27,"{""h"": 5, ""path_router"": ""routers_e2e/llada_base__cm_clean.pt"", ""select_only_in_h"": true, ""step_refresh_remainder"": 8, ""step_refresh_remainder_prompt"": 32}"
ours,29,18,46,1,1,1,7.28,"{""h"": 5, ""path_router"": ""routers_e2e/llada_base__cm_clean.pt"", ""select_only_in_h"": true, ""step_refresh_remainder"": 8, ""step_refresh_remainder_prompt"": 32}"
ours,29,20,51,1,1,1,7.21,"{""h"": 5, ""path_router"": ""routers_e2e/llada_base__cm_clean.pt"", ""select_only_in_h"": true, ""step_refresh_remainder"": 8, ""step_refresh_remainder_prompt"": 32}"
ours,29,22,56,1,1,1,7.21,"{""h"": 5, ""path_router"": ""routers_e2e/llada_base__cm_clean.pt"", ""select_only_in_h"": true, ""step_refresh_remainder"": 8, ""step_refresh_remainder_prompt"": 32}"
ours,29,24,61,1,1,1,7.21,"{""h"": 5, ""path_router"": ""routers_e2e/llada_base__cm_clean.pt"", ""select_only_in_h"": true, ""step_refresh_remainder"": 8, ""step_refresh_remainder_prompt"": 32}"
ours,29,26,67,1,1,1,7.21,"{""h"": 5, ""path_router"": ""routers_e2e/llada_base__cm_clean.pt"", ""select_only_in_h"": true, ""step_refresh_remainder"": 8, ""step_refresh_remainder_prompt"": 32}"
ours,29,28,72,1,1,1,7.19,"{""h"": 5, ""path_router"": ""routers_e2e/llada_base__cm_clean.pt"", ""select_only_in_h"": true, ""step_refresh_remainder"": 8, ""step_refresh_remainder_prompt"": 32}"
ours,29,30,77,1,1,1,7.19,"{""h"": 5, ""path_router"": ""routers_e2e/llada_base__cm_clean.pt"", ""select_only_in_h"": true, ""step_refresh_remainder"": 8, ""step_refresh_remainder_prompt"": 32}"
ours,29,32,82,1,1,1,7.19,"{""h"": 5, ""path_router"": ""routers_e2e/llada_base__cm_clean.pt"", ""select_only_in_h"": true, ""step_refresh_remainder"": 8, ""step_refresh_remainder_prompt"": 32}"
ours,29,34,87,1,1,1,7.2,"{""h"": 5, ""path_router"": ""routers_e2e/llada_base__cm_clean.pt"", ""select_only_in_h"": true, ""step_refresh_remainder"": 8, ""step_refresh_remainder_prompt"": 32}"
ours,29,36,92,1,1,1,7.21,"{""h"": 5, ""path_router"": ""routers_e2e/llada_base__cm_clean.pt"", ""select_only_in_h"": true, ""step_refresh_remainder"": 8, ""step_refresh_remainder_prompt"": 32}"
ours,29,38,97,1,1,1,7.2,"{""h"": 5, ""path_router"": ""routers_e2e/llada_base__cm_clean.pt"", ""select_only_in_h"": true, ""step_refresh_remainder"": 8, ""step_refresh_remainder_prompt"": 32}"
ours,29,40,102,1,1,1,7.21,"{""h"": 5, ""path_router"": ""routers_e2e/llada_base__cm_clean.pt"", ""select_only_in_h"": true, ""step_refresh_remainder"": 8, ""step_refresh_remainder_prompt"": 32}"
ours,29,42,108,1,1,1,7.2,"{""h"": 5, ""path_router"": ""routers_e2e/llada_base__cm_clean.pt"", ""select_only_in_h"": true, ""step_refresh_remainder"": 8, ""step_refresh_remainder_prompt"": 32}"
ours,29,44,113,1,1,1,7.21,"{""h"": 5, ""path_router"": ""routers_e2e/llada_base__cm_clean.pt"", ""select_only_in_h"": true, ""step_refresh_remainder"": 8, ""step_refresh_remainder_prompt"": 32}"
ours,29,46,118,1,1,1,7.21,"{""h"": 5, ""path_router"": ""routers_e2e/llada_base__cm_clean.pt"", ""select_only_in_h"": true, ""step_refresh_remainder"": 8, ""step_refresh_remainder_prompt"": 32}"
ours,29,48,123,1,1,1,7.2,"{""h"": 5, ""path_router"": ""routers_e2e/llada_base__cm_clean.pt"", ""select_only_in_h"": true, ""step_refresh_remainder"": 8, ""step_refresh_remainder_prompt"": 32}"
ours,29,50,128,1,1,1,7.21,"{""h"": 5, ""path_router"": ""routers_e2e/llada_base__cm_clean.pt"", ""select_only_in_h"": true, ""step_refresh_remainder"": 8, ""step_refresh_remainder_prompt"": 32}"
ours,29,52,133,1,1,1,7.19,"{""h"": 5, ""path_router"": ""routers_e2e/llada_base__cm_clean.pt"", ""select_only_in_h"": true, ""step_refresh_remainder"": 8, ""step_refresh_remainder_prompt"": 32}"
ours,29,54,138,1,1,1,7.2,"{""h"": 5, ""path_router"": ""routers_e2e/llada_base__cm_clean.pt"", ""select_only_in_h"": true, ""step_refresh_remainder"": 8, ""step_refresh_remainder_prompt"": 32}"
ours,29,56,143,1,1,1,7.2,"{""h"": 5, ""path_router"": ""routers_e2e/llada_base__cm_clean.pt"", ""select_only_in_h"": true, ""step_refresh_remainder"": 8, ""step_refresh_remainder_prompt"": 32}"
ours,29,58,148,1,1,1,7.2,"{""h"": 5, ""path_router"": ""routers_e2e/llada_base__cm_clean.pt"", ""select_only_in_h"": true, ""step_refresh_remainder"": 8, ""step_refresh_remainder_prompt"": 32}"
ours,29,60,154,1,1,1,7.2,"{""h"": 5, ""path_router"": ""routers_e2e/llada_base__cm_clean.pt"", ""select_only_in_h"": true, ""step_refresh_remainder"": 8, ""step_refresh_remainder_prompt"": 32}"
ours,29,62,159,1,1,1,7.2,"{""h"": 5, ""path_router"": ""routers_e2e/llada_base__cm_clean.pt"", ""select_only_in_h"": true, ""step_refresh_remainder"": 8, ""step_refresh_remainder_prompt"": 32}"
ours,29,64,164,1,1,1,7.2,"{""h"": 5, ""path_router"": ""routers_e2e/llada_base__cm_clean.pt"", ""select_only_in_h"": true, ""step_refresh_remainder"": 8, ""step_refresh_remainder_prompt"": 32}"
ours,29,66,169,1,1,1,7.2,"{""h"": 5, ""path_router"": ""routers_e2e/llada_base__cm_clean.pt"", ""select_only_in_h"": true, ""step_refresh_remainder"": 8, ""step_refresh_remainder_prompt"": 32}"
ours,29,68,174,1,1,1,7.2,"{""h"": 5, ""path_router"": ""routers_e2e/llada_base__cm_clean.pt"", ""select_only_in_h"": true, ""step_refresh_remainder"": 8, ""step_refresh_remainder_prompt"": 32}"
ours,29,70,179,1,1,1,7.2,"{""h"": 5, ""path_router"": ""routers_e2e/llada_base__cm_clean.pt"", ""select_only_in_h"": true, ""step_refresh_remainder"": 8, ""step_refresh_remainder_prompt"": 32}"
ours,29,72,184,1,1,1,7.2,"{""h"": 5, ""path_router"": ""routers_e2e/llada_base__cm_clean.pt"", ""select_only_in_h"": true, ""step_refresh_remainder"": 8, ""step_refresh_remainder_prompt"": 32}"
ours,29,74,189,1,1,1,7.2,"{""h"": 5, ""path_router"": ""routers_e2e/llada_base__cm_clean.pt"", ""select_only_in_h"": true, ""step_refresh_remainder"": 8, ""step_refresh_remainder_prompt"": 32}"
ours,29,76,195,1,1,1,7.2,"{""h"": 5, ""path_router"": ""routers_e2e/llada_base__cm_clean.pt"", ""select_only_in_h"": true, ""step_refresh_remainder"": 8, ""step_refresh_remainder_prompt"": 32}"
ours,29,78,200,1,1,1,7.2,"{""h"": 5, ""path_router"": ""routers_e2e/llada_base__cm_clean.pt"", ""select_only_in_h"": true, ""step_refresh_remainder"": 8, ""step_refresh_remainder_prompt"": 32}"
ours,29,80,205,1,1,1,7.2,"{""h"": 5, ""path_router"": ""routers_e2e/llada_base__cm_clean.pt"", ""select_only_in_h"": true, ""step_refresh_remainder"": 8, ""step_refresh_remainder_prompt"": 32}"
ours,29,82,210,1,1,1,7.2,"{""h"": 5, ""path_router"": ""routers_e2e/llada_base__cm_clean.pt"", ""select_only_in_h"": true, ""step_refresh_remainder"": 8, ""step_refresh_remainder_prompt"": 32}"
ours,29,84,215,1,1,1,7.2,"{""h"": 5, ""path_router"": ""routers_e2e/llada_base__cm_clean.pt"", ""select_only_in_h"": true, ""step_refresh_remainder"": 8, ""step_refresh_remainder_prompt"": 32}"
ours,29,86,220,1,1,1,7.2,"{""h"": 5, ""path_router"": ""routers_e2e/llada_base__cm_clean.pt"", ""select_only_in_h"": true, ""step_refresh_remainder"": 8, ""step_refresh_remainder_prompt"": 32}"
ours,29,88,225,1,1,1,7.2,"{""h"": 5, ""path_router"": ""routers_e2e/llada_base__cm_clean.pt"", ""select_only_in_h"": true, ""step_refresh_remainder"": 8, ""step_refresh_remainder_prompt"": 32}"
ours,29,90,230,1,1,1,7.2,"{""h"": 5, ""path_router"": ""routers_e2e/llada_base__cm_clean.pt"", ""select_only_in_h"": true, ""step_refresh_remainder"": 8, ""step_refresh_remainder_prompt"": 32}"
ours,30,0,0,1,1,1,7.29,"{""h"": 5, ""path_router"": ""routers_e2e/llada_base__cm_clean.pt"", ""select_only_in_h"": true, ""step_refresh_remainder"": 8, ""step_refresh_remainder_prompt"": 32}"
ours,30,2,5,1,1,1,7.28,"{""h"": 5, ""path_router"": ""routers_e2e/llada_base__cm_clean.pt"", ""select_only_in_h"": true, ""step_refresh_remainder"": 8, ""step_refresh_remainder_prompt"": 32}"
ours,30,4,10,1,1,1,7.28,"{""h"": 5, ""path_router"": ""routers_e2e/llada_base__cm_clean.pt"", ""select_only_in_h"": true, ""step_refresh_remainder"": 8, ""step_refresh_remainder_prompt"": 32}"
ours,30,6,15,1,1,1,7.28,"{""h"": 5, ""path_router"": ""routers_e2e/llada_base__cm_clean.pt"", ""select_only_in_h"": true, ""step_refresh_remainder"": 8, ""step_refresh_remainder_prompt"": 32}"
ours,30,8,20,1,1,1,7.26,"{""h"": 5, ""path_router"": ""routers_e2e/llada_base__cm_clean.pt"", ""select_only_in_h"": true, ""step_refresh_remainder"": 8, ""step_refresh_remainder_prompt"": 32}"
ours,30,10,26,1,1,1,7.26,"{""h"": 5, ""path_router"": ""routers_e2e/llada_base__cm_clean.pt"", ""select_only_in_h"": true, ""step_refresh_remainder"": 8, ""step_refresh_remainder_prompt"": 32}"
ours,30,12,31,1,1,1,7.26,"{""h"": 5, ""path_router"": ""routers_e2e/llada_base__cm_clean.pt"", ""select_only_in_h"": true, ""step_refresh_remainder"": 8, ""step_refresh_remainder_prompt"": 32}"
ours,30,14,36,1,1,1,7.27,"{""h"": 5, ""path_router"": ""routers_e2e/llada_base__cm_clean.pt"", ""select_only_in_h"": true, ""step_refresh_remainder"": 8, ""step_refresh_remainder_prompt"": 32}"
ours,30,16,41,1,1,1,7.25,"{""h"": 5, ""path_router"": ""routers_e2e/llada_base__cm_clean.pt"", ""select_only_in_h"": true, ""step_refresh_remainder"": 8, ""step_refresh_remainder_prompt"": 32}"
ours,30,18,46,1,1,1,7.25,"{""h"": 5, ""path_router"": ""routers_e2e/llada_base__cm_clean.pt"", ""select_only_in_h"": true, ""step_refresh_remainder"": 8, ""step_refresh_remainder_prompt"": 32}"
ours,30,20,51,1,1,1,7.26,"{""h"": 5, ""path_router"": ""routers_e2e/llada_base__cm_clean.pt"", ""select_only_in_h"": true, ""step_refresh_remainder"": 8, ""step_refresh_remainder_prompt"": 32}"
ours,30,22,56,1,1,1,7.26,"{""h"": 5, ""path_router"": ""routers_e2e/llada_base__cm_clean.pt"", ""select_only_in_h"": true, ""step_refresh_remainder"": 8, ""step_refresh_remainder_prompt"": 32}"
ours,30,24,61,1,1,1,7.25,"{""h"": 5, ""path_router"": ""routers_e2e/llada_base__cm_clean.pt"", ""select_only_in_h"": true, ""step_refresh_remainder"": 8, ""step_refresh_remainder_prompt"": 32}"
ours,30,26,67,1,1,1,7.25,"{""h"": 5, ""path_router"": ""routers_e2e/llada_base__cm_clean.pt"", ""select_only_in_h"": true, ""step_refresh_remainder"": 8, ""step_refresh_remainder_prompt"": 32}"
ours,30,28,72,1,1,1,7.25,"{""h"": 5, ""path_router"": ""routers_e2e/llada_base__cm_clean.pt"", ""select_only_in_h"": true, ""step_refresh_remainder"": 8, ""step_refresh_remainder_prompt"": 32}"
ours,30,30,77,1,1,1,7.27,"{""h"": 5, ""path_router"": ""routers_e2e/llada_base__cm_clean.pt"", ""select_only_in_h"": true, ""step_refresh_remainder"": 8, ""step_refresh_remainder_prompt"": 32}"
ours,30,32,82,1,1,1,7.27,"{""h"": 5, ""path_router"": ""routers_e2e/llada_base__cm_clean.pt"", ""select_only_in_h"": true, ""step_refresh_remainder"": 8, ""step_refresh_remainder_prompt"": 32}"
ours,30,34,87,1,1,1,7.27,"{""h"": 5, ""path_router"": ""routers_e2e/llada_base__cm_clean.pt"", ""select_only_in_h"": true, ""step_refresh_remainder"": 8, ""step_refresh_remainder_prompt"": 32}"
ours,30,36,92,1,1,1,7.27,"{""h"": 5, ""path_router"": ""routers_e2e/llada_base__cm_clean.pt"", ""select_only_in_h"": true, ""step_refresh_remainder"": 8, ""step_refresh_remainder_prompt"": 32}"
ours,30,38,97,1,1,1,7.27,"{""h"": 5, ""path_router"": ""routers_e2e/llada_base__cm_clean.pt"", ""select_only_in_h"": true, ""step_refresh_remainder"": 8, ""step_refresh_remainder_prompt"": 32}"
ours,30,40,102,1,1,1,7.27,"{""h"": 5, ""path_router"": ""routers_e2e/llada_base__cm_clean.pt"", ""select_only_in_h"": true, ""step_refresh_remainder"": 8, ""step_refresh_remainder_prompt"": 32}"
ours,30,42,108,1,1,1,7.27,"{""h"": 5, ""path_router"": ""routers_e2e/llada_base__cm_clean.pt"", ""select_only_in_h"": true, ""step_refresh_remainder"": 8, ""step_refresh_remainder_prompt"": 32}"
ours,30,44,113,1,1,1,7.25,"{""h"": 5, ""path_router"": ""routers_e2e/llada_base__cm_clean.pt"", ""select_only_in_h"": true, ""step_refresh_remainder"": 8, ""step_refresh_remainder_prompt"": 32}"
ours,30,46,118,1,1,1,7.24,"{""h"": 5, ""path_router"": ""routers_e2e/llada_base__cm_clean.pt"", ""select_only_in_h"": true, ""step_refresh_remainder"": 8, ""step_refresh_remainder_prompt"": 32}"
ours,30,48,123,1,1,1,7.25,"{""h"": 5, ""path_router"": ""routers_e2e/llada_base__cm_clean.pt"", ""select_only_in_h"": true, ""step_refresh_remainder"": 8, ""step_refresh_remainder_prompt"": 32}"
ours,30,50,128,1,1,1,7.25,"{""h"": 5, ""path_router"": ""routers_e2e/llada_base__cm_clean.pt"", ""select_only_in_h"": true, ""step_refresh_remainder"": 8, ""step_refresh_remainder_prompt"": 32}"
ours,30,52,133,1,1,1,7.26,"{""h"": 5, ""path_router"": ""routers_e2e/llada_base__cm_clean.pt"", ""select_only_in_h"": true, ""step_refresh_remainder"": 8, ""step_refresh_remainder_prompt"": 32}"
ours,30,54,138,1,1,1,7.26,"{""h"": 5, ""path_router"": ""routers_e2e/llada_base__cm_clean.pt"", ""select_only_in_h"": true, ""step_refresh_remainder"": 8, ""step_refresh_remainder_prompt"": 32}"
ours,30,56,143,1,1,1,7.27,"{""h"": 5, ""path_router"": ""routers_e2e/llada_base__cm_clean.pt"", ""select_only_in_h"": true, ""step_refresh_remainder"": 8, ""step_refresh_remainder_prompt"": 32}"
ours,30,58,148,1,1,1,7.27,"{""h"": 5, ""path_router"": ""routers_e2e/llada_base__cm_clean.pt"", ""select_only_in_h"": true, ""step_refresh_remainder"": 8, ""step_refresh_remainder_prompt"": 32}"
ours,30,60,154,1,1,1,7.27,"{""h"": 5, ""path_router"": ""routers_e2e/llada_base__cm_clean.pt"", ""select_only_in_h"": true, ""step_refresh_remainder"": 8, ""step_refresh_remainder_prompt"": 32}"
ours,30,62,159,1,1,1,7.27,"{""h"": 5, ""path_router"": ""routers_e2e/llada_base__cm_clean.pt"", ""select_only_in_h"": true, ""step_refresh_remainder"": 8, ""step_refresh_remainder_prompt"": 32}"
ours,30,64,164,1,1,1,7.26,"{""h"": 5, ""path_router"": ""routers_e2e/llada_base__cm_clean.pt"", ""select_only_in_h"": true, ""step_refresh_remainder"": 8, ""step_refresh_remainder_prompt"": 32}"
ours,30,66,169,1,1,1,7.25,"{""h"": 5, ""path_router"": ""routers_e2e/llada_base__cm_clean.pt"", ""select_only_in_h"": true, ""step_refresh_remainder"": 8, ""step_refresh_remainder_prompt"": 32}"
ours,30,68,174,1,1,1,7.26,"{""h"": 5, ""path_router"": ""routers_e2e/llada_base__cm_clean.pt"", ""select_only_in_h"": true, ""step_refresh_remainder"": 8, ""step_refresh_remainder_prompt"": 32}"
ours,30,70,179,1,1,1,7.27,"{""h"": 5, ""path_router"": ""routers_e2e/llada_base__cm_clean.pt"", ""select_only_in_h"": true, ""step_refresh_remainder"": 8, ""step_refresh_remainder_prompt"": 32}"
ours,30,72,184,1,1,1,7.26,"{""h"": 5, ""path_router"": ""routers_e2e/llada_base__cm_clean.pt"", ""select_only_in_h"": true, ""step_refresh_remainder"": 8, ""step_refresh_remainder_prompt"": 32}"
ours,30,74,189,1,1,1,7.26,"{""h"": 5, ""path_router"": ""routers_e2e/llada_base__cm_clean.pt"", ""select_only_in_h"": true, ""step_refresh_remainder"": 8, ""step_refresh_remainder_prompt"": 32}"
ours,30,76,195,1,1,1,7.26,"{""h"": 5, ""path_router"": ""routers_e2e/llada_base__cm_clean.pt"", ""select_only_in_h"": true, ""step_refresh_remainder"": 8, ""step_refresh_remainder_prompt"": 32}"
ours,30,78,200,1,1,1,7.26,"{""h"": 5, ""path_router"": ""routers_e2e/llada_base__cm_clean.pt"", ""select_only_in_h"": true, ""step_refresh_remainder"": 8, ""step_refresh_remainder_prompt"": 32}"
ours,30,80,205,1,1,1,7.26,"{""h"": 5, ""path_router"": ""routers_e2e/llada_base__cm_clean.pt"", ""select_only_in_h"": true, ""step_refresh_remainder"": 8, ""step_refresh_remainder_prompt"": 32}"
ours,30,82,210,1,1,1,7.26,"{""h"": 5, ""path_router"": ""routers_e2e/llada_base__cm_clean.pt"", ""select_only_in_h"": true, ""step_refresh_remainder"": 8, ""step_refresh_remainder_prompt"": 32}"
ours,30,84,215,1,1,1,7.26,"{""h"": 5, ""path_router"": ""routers_e2e/llada_base__cm_clean.pt"", ""select_only_in_h"": true, ""step_refresh_remainder"": 8, ""step_refresh_remainder_prompt"": 32}"
ours,30,86,220,1,1,1,7.26,"{""h"": 5, ""path_router"": ""routers_e2e/llada_base__cm_clean.pt"", ""select_only_in_h"": true, ""step_refresh_remainder"": 8, ""step_refresh_remainder_prompt"": 32}"
ours,30,88,225,1,1,1,7.26,"{""h"": 5, ""path_router"": ""routers_e2e/llada_base__cm_clean.pt"", ""select_only_in_h"": true, ""step_refresh_remainder"": 8, ""step_refresh_remainder_prompt"": 32}"
ours,30,90,230,1,1,1,7.26,"{""h"": 5, ""path_router"": ""routers_e2e/llada_base__cm_clean.pt"", ""select_only_in_h"": true, ""step_refresh_remainder"": 8, ""step_refresh_remainder_prompt"": 32}"
ours,31,0,0,1,1,1,7.4,"{""h"": 5, ""path_router"": ""routers_e2e/llada_base__cm_clean.pt"", ""select_only_in_h"": true, ""step_refresh_remainder"": 8, ""step_refresh_remainder_prompt"": 32}"
ours,31,2,5,1,1,1,7.39,"{""h"": 5, ""path_router"": ""routers_e2e/llada_base__cm_clean.pt"", ""select_only_in_h"": true, ""step_refresh_remainder"": 8, ""step_refresh_remainder_prompt"": 32}"
ours,31,4,10,1,1,1,7.37,"{""h"": 5, ""path_router"": ""routers_e2e/llada_base__cm_clean.pt"", ""select_only_in_h"": true, ""step_refresh_remainder"": 8, ""step_refresh_remainder_prompt"": 32}"
ours,31,6,15,0,0,1,7.38,"{""h"": 5, ""path_router"": ""routers_e2e/llada_base__cm_clean.pt"", ""select_only_in_h"": true, ""step_refresh_remainder"": 8, ""step_refresh_remainder_prompt"": 32}"
ours,31,8,20,0,0,1,7.37,"{""h"": 5, ""path_router"": ""routers_e2e/llada_base__cm_clean.pt"", ""select_only_in_h"": true, ""step_refresh_remainder"": 8, ""step_refresh_remainder_prompt"": 32}"
ours,31,10,26,0,0,1,7.38,"{""h"": 5, ""path_router"": ""routers_e2e/llada_base__cm_clean.pt"", ""select_only_in_h"": true, ""step_refresh_remainder"": 8, ""step_refresh_remainder_prompt"": 32}"
ours,31,12,31,0,0,1,7.37,"{""h"": 5, ""path_router"": ""routers_e2e/llada_base__cm_clean.pt"", ""select_only_in_h"": true, ""step_refresh_remainder"": 8, ""step_refresh_remainder_prompt"": 32}"
ours,31,14,36,0,0,1,7.38,"{""h"": 5, ""path_router"": ""routers_e2e/llada_base__cm_clean.pt"", ""select_only_in_h"": true, ""step_refresh_remainder"": 8, ""step_refresh_remainder_prompt"": 32}"
ours,31,16,41,1,1,1,7.39,"{""h"": 5, ""path_router"": ""routers_e2e/llada_base__cm_clean.pt"", ""select_only_in_h"": true, ""step_refresh_remainder"": 8, ""step_refresh_remainder_prompt"": 32}"
ours,31,18,46,1,1,1,7.39,"{""h"": 5, ""path_router"": ""routers_e2e/llada_base__cm_clean.pt"", ""select_only_in_h"": true, ""step_refresh_remainder"": 8, ""step_refresh_remainder_prompt"": 32}"
ours,31,20,51,1,1,1,7.39,"{""h"": 5, ""path_router"": ""routers_e2e/llada_base__cm_clean.pt"", ""select_only_in_h"": true, ""step_refresh_remainder"": 8, ""step_refresh_remainder_prompt"": 32}"
ours,31,22,56,1,1,1,7.39,"{""h"": 5, ""path_router"": ""routers_e2e/llada_base__cm_clean.pt"", ""select_only_in_h"": true, ""step_refresh_remainder"": 8, ""step_refresh_remainder_prompt"": 32}"
ours,31,24,61,1,1,1,7.38,"{""h"": 5, ""path_router"": ""routers_e2e/llada_base__cm_clean.pt"", ""select_only_in_h"": true, ""step_refresh_remainder"": 8, ""step_refresh_remainder_prompt"": 32}"
ours,31,26,67,1,1,1,7.38,"{""h"": 5, ""path_router"": ""routers_e2e/llada_base__cm_clean.pt"", ""select_only_in_h"": true, ""step_refresh_remainder"": 8, ""step_refresh_remainder_prompt"": 32}"
ours,31,28,72,1,1,1,7.38,"{""h"": 5, ""path_router"": ""routers_e2e/llada_base__cm_clean.pt"", ""select_only_in_h"": true, ""step_refresh_remainder"": 8, ""step_refresh_remainder_prompt"": 32}"
ours,31,30,77,1,1,1,7.39,"{""h"": 5, ""path_router"": ""routers_e2e/llada_base__cm_clean.pt"", ""select_only_in_h"": true, ""step_refresh_remainder"": 8, ""step_refresh_remainder_prompt"": 32}"
ours,31,32,82,1,1,1,7.39,"{""h"": 5, ""path_router"": ""routers_e2e/llada_base__cm_clean.pt"", ""select_only_in_h"": true, ""step_refresh_remainder"": 8, ""step_refresh_remainder_prompt"": 32}"
ours,31,34,87,1,1,1,7.39,"{""h"": 5, ""path_router"": ""routers_e2e/llada_base__cm_clean.pt"", ""select_only_in_h"": true, ""step_refresh_remainder"": 8, ""step_refresh_remainder_prompt"": 32}"
ours,31,36,92,1,1,1,7.39,"{""h"": 5, ""path_router"": ""routers_e2e/llada_base__cm_clean.pt"", ""select_only_in_h"": true, ""step_refresh_remainder"": 8, ""step_refresh_remainder_prompt"": 32}"
ours,31,38,97,1,1,1,7.39,"{""h"": 5, ""path_router"": ""routers_e2e/llada_base__cm_clean.pt"", ""select_only_in_h"": true, ""step_refresh_remainder"": 8, ""step_refresh_remainder_prompt"": 32}"
ours,31,40,102,1,1,1,7.39,"{""h"": 5, ""path_router"": ""routers_e2e/llada_base__cm_clean.pt"", ""select_only_in_h"": true, ""step_refresh_remainder"": 8, ""step_refresh_remainder_prompt"": 32}"
ours,31,42,108,1,1,1,7.37,"{""h"": 5, ""path_router"": ""routers_e2e/llada_base__cm_clean.pt"", ""select_only_in_h"": true, ""step_refresh_remainder"": 8, ""step_refresh_remainder_prompt"": 32}"
ours,31,44,113,1,1,1,7.36,"{""h"": 5, ""path_router"": ""routers_e2e/llada_base__cm_clean.pt"", ""select_only_in_h"": true, ""step_refresh_remainder"": 8, ""step_refresh_remainder_prompt"": 32}"
ours,31,46,118,1,1,1,7.36,"{""h"": 5, ""path_router"": ""routers_e2e/llada_base__cm_clean.pt"", ""select_only_in_h"": true, ""step_refresh_remainder"": 8, ""step_refresh_remainder_prompt"": 32}"
ours,31,48,123,1,1,1,7.39,"{""h"": 5, ""path_router"": ""routers_e2e/llada_base__cm_clean.pt"", ""select_only_in_h"": true, ""step_refresh_remainder"": 8, ""step_refresh_remainder_prompt"": 32}"
ours,31,50,128,1,1,1,7.38,"{""h"": 5, ""path_router"": ""routers_e2e/llada_base__cm_clean.pt"", ""select_only_in_h"": true, ""step_refresh_remainder"": 8, ""step_refresh_remainder_prompt"": 32}"
ours,31,52,133,1,1,1,7.39,"{""h"": 5, ""path_router"": ""routers_e2e/llada_base__cm_clean.pt"", ""select_only_in_h"": true, ""step_refresh_remainder"": 8, ""step_refresh_remainder_prompt"": 32}"
ours,31,54,138,1,1,1,7.38,"{""h"": 5, ""path_router"": ""routers_e2e/llada_base__cm_clean.pt"", ""select_only_in_h"": true, ""step_refresh_remainder"": 8, ""step_refresh_remainder_prompt"": 32}"
ours,31,56,143,1,1,1,7.38,"{""h"": 5, ""path_router"": ""routers_e2e/llada_base__cm_clean.pt"", ""select_only_in_h"": true, ""step_refresh_remainder"": 8, ""step_refresh_remainder_prompt"": 32}"
ours,31,58,148,1,1,1,7.4,"{""h"": 5, ""path_router"": ""routers_e2e/llada_base__cm_clean.pt"", ""select_only_in_h"": true, ""step_refresh_remainder"": 8, ""step_refresh_remainder_prompt"": 32}"
ours,31,60,154,1,1,1,7.38,"{""h"": 5, ""path_router"": ""routers_e2e/llada_base__cm_clean.pt"", ""select_only_in_h"": true, ""step_refresh_remainder"": 8, ""step_refresh_remainder_prompt"": 32}"
ours,31,62,159,1,1,1,7.38,"{""h"": 5, ""path_router"": ""routers_e2e/llada_base__cm_clean.pt"", ""select_only_in_h"": true, ""step_refresh_remainder"": 8, ""step_refresh_remainder_prompt"": 32}"
ours,31,64,164,1,1,1,7.38,"{""h"": 5, ""path_router"": ""routers_e2e/llada_base__cm_clean.pt"", ""select_only_in_h"": true, ""step_refresh_remainder"": 8, ""step_refresh_remainder_prompt"": 32}"
ours,31,66,169,1,1,1,7.38,"{""h"": 5, ""path_router"": ""routers_e2e/llada_base__cm_clean.pt"", ""select_only_in_h"": true, ""step_refresh_remainder"": 8, ""step_refresh_remainder_prompt"": 32}"
ours,31,68,174,1,1,1,7.38,"{""h"": 5, ""path_router"": ""routers_e2e/llada_base__cm_clean.pt"", ""select_only_in_h"": true, ""step_refresh_remainder"": 8, ""step_refresh_remainder_prompt"": 32}"
ours,31,70,179,1,1,1,7.38,"{""h"": 5, ""path_router"": ""routers_e2e/llada_base__cm_clean.pt"", ""select_only_in_h"": true, ""step_refresh_remainder"": 8, ""step_refresh_remainder_prompt"": 32}"
ours,31,72,184,1,1,1,7.38,"{""h"": 5, ""path_router"": ""routers_e2e/llada_base__cm_clean.pt"", ""select_only_in_h"": true, ""step_refresh_remainder"": 8, ""step_refresh_remainder_prompt"": 32}"
ours,31,74,189,1,1,1,7.38,"{""h"": 5, ""path_router"": ""routers_e2e/llada_base__cm_clean.pt"", ""select_only_in_h"": true, ""step_refresh_remainder"": 8, ""step_refresh_remainder_prompt"": 32}"
ours,31,76,195,1,1,1,7.38,"{""h"": 5, ""path_router"": ""routers_e2e/llada_base__cm_clean.pt"", ""select_only_in_h"": true, ""step_refresh_remainder"": 8, ""step_refresh_remainder_prompt"": 32}"
ours,31,78,200,1,1,1,7.38,"{""h"": 5, ""path_router"": ""routers_e2e/llada_base__cm_clean.pt"", ""select_only_in_h"": true, ""step_refresh_remainder"": 8, ""step_refresh_remainder_prompt"": 32}"
ours,31,80,205,1,1,1,7.38,"{""h"": 5, ""path_router"": ""routers_e2e/llada_base__cm_clean.pt"", ""select_only_in_h"": true, ""step_refresh_remainder"": 8, ""step_refresh_remainder_prompt"": 32}"
ours,31,82,210,1,1,1,7.38,"{""h"": 5, ""path_router"": ""routers_e2e/llada_base__cm_clean.pt"", ""select_only_in_h"": true, ""step_refresh_remainder"": 8, ""step_refresh_remainder_prompt"": 32}"
ours,31,84,215,1,1,1,7.38,"{""h"": 5, ""path_router"": ""routers_e2e/llada_base__cm_clean.pt"", ""select_only_in_h"": true, ""step_refresh_remainder"": 8, ""step_refresh_remainder_prompt"": 32}"
ours,31,86,220,1,1,1,7.38,"{""h"": 5, ""path_router"": ""routers_e2e/llada_base__cm_clean.pt"", ""select_only_in_h"": true, ""step_refresh_remainder"": 8, ""step_refresh_remainder_prompt"": 32}"
ours,31,88,225,1,1,1,7.39,"{""h"": 5, ""path_router"": ""routers_e2e/llada_base__cm_clean.pt"", ""select_only_in_h"": true, ""step_refresh_remainder"": 8, ""step_refresh_remainder_prompt"": 32}"
ours,31,90,230,1,1,1,7.38,"{""h"": 5, ""path_router"": ""routers_e2e/llada_base__cm_clean.pt"", ""select_only_in_h"": true, ""step_refresh_remainder"": 8, ""step_refresh_remainder_prompt"": 32}"
ours,33,0,0,1,1,1,7.19,"{""h"": 5, ""path_router"": ""routers_e2e/llada_base__cm_clean.pt"", ""select_only_in_h"": true, ""step_refresh_remainder"": 8, ""step_refresh_remainder_prompt"": 32}"
ours,33,2,5,1,1,1,7.18,"{""h"": 5, ""path_router"": ""routers_e2e/llada_base__cm_clean.pt"", ""select_only_in_h"": true, ""step_refresh_remainder"": 8, ""step_refresh_remainder_prompt"": 32}"
ours,33,4,10,0,0,1,7.18,"{""h"": 5, ""path_router"": ""routers_e2e/llada_base__cm_clean.pt"", ""select_only_in_h"": true, ""step_refresh_remainder"": 8, ""step_refresh_remainder_prompt"": 32}"
ours,33,6,15,0,0,1,7.15,"{""h"": 5, ""path_router"": ""routers_e2e/llada_base__cm_clean.pt"", ""select_only_in_h"": true, ""step_refresh_remainder"": 8, ""step_refresh_remainder_prompt"": 32}"
ours,33,8,20,1,1,1,7.16,"{""h"": 5, ""path_router"": ""routers_e2e/llada_base__cm_clean.pt"", ""select_only_in_h"": true, ""step_refresh_remainder"": 8, ""step_refresh_remainder_prompt"": 32}"
ours,33,10,26,0,0,1,7.17,"{""h"": 5, ""path_router"": ""routers_e2e/llada_base__cm_clean.pt"", ""select_only_in_h"": true, ""step_refresh_remainder"": 8, ""step_refresh_remainder_prompt"": 32}"
ours,33,12,31,0,0,1,7.17,"{""h"": 5, ""path_router"": ""routers_e2e/llada_base__cm_clean.pt"", ""select_only_in_h"": true, ""step_refresh_remainder"": 8, ""step_refresh_remainder_prompt"": 32}"
ours,33,14,36,1,1,1,7.17,"{""h"": 5, ""path_router"": ""routers_e2e/llada_base__cm_clean.pt"", ""select_only_in_h"": true, ""step_refresh_remainder"": 8, ""step_refresh_remainder_prompt"": 32}"
ours,33,16,41,0,0,1,7.18,"{""h"": 5, ""path_router"": ""routers_e2e/llada_base__cm_clean.pt"", ""select_only_in_h"": true, ""step_refresh_remainder"": 8, ""step_refresh_remainder_prompt"": 32}"
ours,33,18,46,0,0,1,7.17,"{""h"": 5, ""path_router"": ""routers_e2e/llada_base__cm_clean.pt"", ""select_only_in_h"": true, ""step_refresh_remainder"": 8, ""step_refresh_remainder_prompt"": 32}"
ours,33,20,51,1,1,1,7.18,"{""h"": 5, ""path_router"": ""routers_e2e/llada_base__cm_clean.pt"", ""select_only_in_h"": true, ""step_refresh_remainder"": 8, ""step_refresh_remainder_prompt"": 32}"
ours,33,22,56,1,1,1,7.17,"{""h"": 5, ""path_router"": ""routers_e2e/llada_base__cm_clean.pt"", ""select_only_in_h"": true, ""step_refresh_remainder"": 8, ""step_refresh_remainder_prompt"": 32}"
ours,33,24,61,1,1,1,7.17,"{""h"": 5, ""path_router"": ""routers_e2e/llada_base__cm_clean.pt"", ""select_only_in_h"": true, ""step_refresh_remainder"": 8, ""step_refresh_remainder_prompt"": 32}"
ours,33,26,67,1,1,1,7.17,"{""h"": 5, ""path_router"": ""routers_e2e/llada_base__cm_clean.pt"", ""select_only_in_h"": true, ""step_refresh_remainder"": 8, ""step_refresh_remainder_prompt"": 32}"
ours,33,28,72,1,1,1,7.17,"{""h"": 5, ""path_router"": ""routers_e2e/llada_base__cm_clean.pt"", ""select_only_in_h"": true, ""step_refresh_remainder"": 8, ""step_refresh_remainder_prompt"": 32}"
ours,33,30,77,1,1,1,7.17,"{""h"": 5, ""path_router"": ""routers_e2e/llada_base__cm_clean.pt"", ""select_only_in_h"": true, ""step_refresh_remainder"": 8, ""step_refresh_remainder_prompt"": 32}"
ours,33,32,82,1,1,1,7.17,"{""h"": 5, ""path_router"": ""routers_e2e/llada_base__cm_clean.pt"", ""select_only_in_h"": true, ""step_refresh_remainder"": 8, ""step_refresh_remainder_prompt"": 32}"
ours,33,34,87,1,1,1,7.17,"{""h"": 5, ""path_router"": ""routers_e2e/llada_base__cm_clean.pt"", ""select_only_in_h"": true, ""step_refresh_remainder"": 8, ""step_refresh_remainder_prompt"": 32}"
ours,33,36,92,0,0,1,7.17,"{""h"": 5, ""path_router"": ""routers_e2e/llada_base__cm_clean.pt"", ""select_only_in_h"": true, ""step_refresh_remainder"": 8, ""step_refresh_remainder_prompt"": 32}"
ours,33,38,97,0,0,1,7.17,"{""h"": 5, ""path_router"": ""routers_e2e/llada_base__cm_clean.pt"", ""select_only_in_h"": true, ""step_refresh_remainder"": 8, ""step_refresh_remainder_prompt"": 32}"
ours,33,40,102,0,0,1,7.17,"{""h"": 5, ""path_router"": ""routers_e2e/llada_base__cm_clean.pt"", ""select_only_in_h"": true, ""step_refresh_remainder"": 8, ""step_refresh_remainder_prompt"": 32}"
ours,33,42,108,0,0,1,7.17,"{""h"": 5, ""path_router"": ""routers_e2e/llada_base__cm_clean.pt"", ""select_only_in_h"": true, ""step_refresh_remainder"": 8, ""step_refresh_remainder_prompt"": 32}"
ours,33,44,113,0,0,1,7.17,"{""h"": 5, ""path_router"": ""routers_e2e/llada_base__cm_clean.pt"", ""select_only_in_h"": true, ""step_refresh_remainder"": 8, ""step_refresh_remainder_prompt"": 32}"
ours,33,46,118,0,0,1,7.17,"{""h"": 5, ""path_router"": ""routers_e2e/llada_base__cm_clean.pt"", ""select_only_in_h"": true, ""step_refresh_remainder"": 8, ""step_refresh_remainder_prompt"": 32}"
ours,33,48,123,1,1,1,7.17,"{""h"": 5, ""path_router"": ""routers_e2e/llada_base__cm_clean.pt"", ""select_only_in_h"": true, ""step_refresh_remainder"": 8, ""step_refresh_remainder_prompt"": 32}"
ours,33,50,128,1,1,1,7.16,"{""h"": 5, ""path_router"": ""routers_e2e/llada_base__cm_clean.pt"", ""select_only_in_h"": true, ""step_refresh_remainder"": 8, ""step_refresh_remainder_prompt"": 32}"
ours,33,52,133,1,1,1,7.17,"{""h"": 5, ""path_router"": ""routers_e2e/llada_base__cm_clean.pt"", ""select_only_in_h"": true, ""step_refresh_remainder"": 8, ""step_refresh_remainder_prompt"": 32}"
ours,33,54,138,1,1,1,7.16,"{""h"": 5, ""path_router"": ""routers_e2e/llada_base__cm_clean.pt"", ""select_only_in_h"": true, ""step_refresh_remainder"": 8, ""step_refresh_remainder_prompt"": 32}"
ours,33,56,143,1,1,1,7.17,"{""h"": 5, ""path_router"": ""routers_e2e/llada_base__cm_clean.pt"", ""select_only_in_h"": true, ""step_refresh_remainder"": 8, ""step_refresh_remainder_prompt"": 32}"
ours,33,58,148,1,1,1,7.16,"{""h"": 5, ""path_router"": ""routers_e2e/llada_base__cm_clean.pt"", ""select_only_in_h"": true, ""step_refresh_remainder"": 8, ""step_refresh_remainder_prompt"": 32}"
ours,33,60,154,1,1,1,7.16,"{""h"": 5, ""path_router"": ""routers_e2e/llada_base__cm_clean.pt"", ""select_only_in_h"": true, ""step_refresh_remainder"": 8, ""step_refresh_remainder_prompt"": 32}"
ours,33,62,159,1,1,1,7.14,"{""h"": 5, ""path_router"": ""routers_e2e/llada_base__cm_clean.pt"", ""select_only_in_h"": true, ""step_refresh_remainder"": 8, ""step_refresh_remainder_prompt"": 32}"
ours,33,64,164,1,1,1,7.15,"{""h"": 5, ""path_router"": ""routers_e2e/llada_base__cm_clean.pt"", ""select_only_in_h"": true, ""step_refresh_remainder"": 8, ""step_refresh_remainder_prompt"": 32}"
ours,33,66,169,1,1,1,7.15,"{""h"": 5, ""path_router"": ""routers_e2e/llada_base__cm_clean.pt"", ""select_only_in_h"": true, ""step_refresh_remainder"": 8, ""step_refresh_remainder_prompt"": 32}"
ours,33,68,174,1,1,1,7.15,"{""h"": 5, ""path_router"": ""routers_e2e/llada_base__cm_clean.pt"", ""select_only_in_h"": true, ""step_refresh_remainder"": 8, ""step_refresh_remainder_prompt"": 32}"
ours,33,70,179,1,1,1,7.16,"{""h"": 5, ""path_router"": ""routers_e2e/llada_base__cm_clean.pt"", ""select_only_in_h"": true, ""step_refresh_remainder"": 8, ""step_refresh_remainder_prompt"": 32}"
ours,33,72,184,1,1,1,7.16,"{""h"": 5, ""path_router"": ""routers_e2e/llada_base__cm_clean.pt"", ""select_only_in_h"": true, ""step_refresh_remainder"": 8, ""step_refresh_remainder_prompt"": 32}"
ours,33,74,189,1,1,1,7.15,"{""h"": 5, ""path_router"": ""routers_e2e/llada_base__cm_clean.pt"", ""select_only_in_h"": true, ""step_refresh_remainder"": 8, ""step_refresh_remainder_prompt"": 32}"
ours,33,76,195,1,1,1,7.16,"{""h"": 5, ""path_router"": ""routers_e2e/llada_base__cm_clean.pt"", ""select_only_in_h"": true, ""step_refresh_remainder"": 8, ""step_refresh_remainder_prompt"": 32}"
ours,33,78,200,1,1,1,7.15,"{""h"": 5, ""path_router"": ""routers_e2e/llada_base__cm_clean.pt"", ""select_only_in_h"": true, ""step_refresh_remainder"": 8, ""step_refresh_remainder_prompt"": 32}"
ours,33,80,205,1,1,1,7.16,"{""h"": 5, ""path_router"": ""routers_e2e/llada_base__cm_clean.pt"", ""select_only_in_h"": true, ""step_refresh_remainder"": 8, ""step_refresh_remainder_prompt"": 32}"
ours,33,82,210,1,1,1,7.16,"{""h"": 5, ""path_router"": ""routers_e2e/llada_base__cm_clean.pt"", ""select_only_in_h"": true, ""step_refresh_remainder"": 8, ""step_refresh_remainder_prompt"": 32}"
ours,33,84,215,1,1,1,7.16,"{""h"": 5, ""path_router"": ""routers_e2e/llada_base__cm_clean.pt"", ""select_only_in_h"": true, ""step_refresh_remainder"": 8, ""step_refresh_remainder_prompt"": 32}"
ours,33,86,220,1,1,1,7.16,"{""h"": 5, ""path_router"": ""routers_e2e/llada_base__cm_clean.pt"", ""select_only_in_h"": true, ""step_refresh_remainder"": 8, ""step_refresh_remainder_prompt"": 32}"
ours,33,88,225,1,1,1,7.15,"{""h"": 5, ""path_router"": ""routers_e2e/llada_base__cm_clean.pt"", ""select_only_in_h"": true, ""step_refresh_remainder"": 8, ""step_refresh_remainder_prompt"": 32}"
ours,33,90,230,1,1,1,7.16,"{""h"": 5, ""path_router"": ""routers_e2e/llada_base__cm_clean.pt"", ""select_only_in_h"": true, ""step_refresh_remainder"": 8, ""step_refresh_remainder_prompt"": 32}"
ours,34,0,0,1,1,1,7.41,"{""h"": 5, ""path_router"": ""routers_e2e/llada_base__cm_clean.pt"", ""select_only_in_h"": true, ""step_refresh_remainder"": 8, ""step_refresh_remainder_prompt"": 32}"
ours,34,2,5,1,1,1,7.38,"{""h"": 5, ""path_router"": ""routers_e2e/llada_base__cm_clean.pt"", ""select_only_in_h"": true, ""step_refresh_remainder"": 8, ""step_refresh_remainder_prompt"": 32}"
ours,34,4,10,1,1,1,7.38,"{""h"": 5, ""path_router"": ""routers_e2e/llada_base__cm_clean.pt"", ""select_only_in_h"": true, ""step_refresh_remainder"": 8, ""step_refresh_remainder_prompt"": 32}"
ours,34,6,15,1,1,1,7.39,"{""h"": 5, ""path_router"": ""routers_e2e/llada_base__cm_clean.pt"", ""select_only_in_h"": true, ""step_refresh_remainder"": 8, ""step_refresh_remainder_prompt"": 32}"
ours,34,8,20,1,1,1,7.4,"{""h"": 5, ""path_router"": ""routers_e2e/llada_base__cm_clean.pt"", ""select_only_in_h"": true, ""step_refresh_remainder"": 8, ""step_refresh_remainder_prompt"": 32}"
ours,34,10,26,1,1,1,7.4,"{""h"": 5, ""path_router"": ""routers_e2e/llada_base__cm_clean.pt"", ""select_only_in_h"": true, ""step_refresh_remainder"": 8, ""step_refresh_remainder_prompt"": 32}"
ours,34,12,31,1,1,1,7.4,"{""h"": 5, ""path_router"": ""routers_e2e/llada_base__cm_clean.pt"", ""select_only_in_h"": true, ""step_refresh_remainder"": 8, ""step_refresh_remainder_prompt"": 32}"
ours,34,14,36,1,1,1,7.4,"{""h"": 5, ""path_router"": ""routers_e2e/llada_base__cm_clean.pt"", ""select_only_in_h"": true, ""step_refresh_remainder"": 8, ""step_refresh_remainder_prompt"": 32}"
ours,34,16,41,1,1,1,7.4,"{""h"": 5, ""path_router"": ""routers_e2e/llada_base__cm_clean.pt"", ""select_only_in_h"": true, ""step_refresh_remainder"": 8, ""step_refresh_remainder_prompt"": 32}"
ours,34,18,46,1,1,1,7.4,"{""h"": 5, ""path_router"": ""routers_e2e/llada_base__cm_clean.pt"", ""select_only_in_h"": true, ""step_refresh_remainder"": 8, ""step_refresh_remainder_prompt"": 32}"
ours,34,20,51,1,1,1,7.4,"{""h"": 5, ""path_router"": ""routers_e2e/llada_base__cm_clean.pt"", ""select_only_in_h"": true, ""step_refresh_remainder"": 8, ""step_refresh_remainder_prompt"": 32}"
ours,34,22,56,1,1,1,7.4,"{""h"": 5, ""path_router"": ""routers_e2e/llada_base__cm_clean.pt"", ""select_only_in_h"": true, ""step_refresh_remainder"": 8, ""step_refresh_remainder_prompt"": 32}"
ours,34,24,61,1,1,1,7.4,"{""h"": 5, ""path_router"": ""routers_e2e/llada_base__cm_clean.pt"", ""select_only_in_h"": true, ""step_refresh_remainder"": 8, ""step_refresh_remainder_prompt"": 32}"
ours,34,26,67,1,1,1,7.4,"{""h"": 5, ""path_router"": ""routers_e2e/llada_base__cm_clean.pt"", ""select_only_in_h"": true, ""step_refresh_remainder"": 8, ""step_refresh_remainder_prompt"": 32}"
ours,34,28,72,1,1,1,7.4,"{""h"": 5, ""path_router"": ""routers_e2e/llada_base__cm_clean.pt"", ""select_only_in_h"": true, ""step_refresh_remainder"": 8, ""step_refresh_remainder_prompt"": 32}"
ours,34,30,77,1,1,1,7.4,"{""h"": 5, ""path_router"": ""routers_e2e/llada_base__cm_clean.pt"", ""select_only_in_h"": true, ""step_refresh_remainder"": 8, ""step_refresh_remainder_prompt"": 32}"
ours,34,32,82,1,1,1,7.4,"{""h"": 5, ""path_router"": ""routers_e2e/llada_base__cm_clean.pt"", ""select_only_in_h"": true, ""step_refresh_remainder"": 8, ""step_refresh_remainder_prompt"": 32}"
ours,34,34,87,1,1,1,7.4,"{""h"": 5, ""path_router"": ""routers_e2e/llada_base__cm_clean.pt"", ""select_only_in_h"": true, ""step_refresh_remainder"": 8, ""step_refresh_remainder_prompt"": 32}"
ours,34,36,92,1,1,1,7.39,"{""h"": 5, ""path_router"": ""routers_e2e/llada_base__cm_clean.pt"", ""select_only_in_h"": true, ""step_refresh_remainder"": 8, ""step_refresh_remainder_prompt"": 32}"
ours,34,38,97,1,1,1,7.4,"{""h"": 5, ""path_router"": ""routers_e2e/llada_base__cm_clean.pt"", ""select_only_in_h"": true, ""step_refresh_remainder"": 8, ""step_refresh_remainder_prompt"": 32}"
ours,34,40,102,1,1,1,7.4,"{""h"": 5, ""path_router"": ""routers_e2e/llada_base__cm_clean.pt"", ""select_only_in_h"": true, ""step_refresh_remainder"": 8, ""step_refresh_remainder_prompt"": 32}"
ours,34,42,108,1,1,1,7.4,"{""h"": 5, ""path_router"": ""routers_e2e/llada_base__cm_clean.pt"", ""select_only_in_h"": true, ""step_refresh_remainder"": 8, ""step_refresh_remainder_prompt"": 32}"
ours,34,44,113,1,1,1,7.39,"{""h"": 5, ""path_router"": ""routers_e2e/llada_base__cm_clean.pt"", ""select_only_in_h"": true, ""step_refresh_remainder"": 8, ""step_refresh_remainder_prompt"": 32}"
ours,34,46,118,1,1,1,7.39,"{""h"": 5, ""path_router"": ""routers_e2e/llada_base__cm_clean.pt"", ""select_only_in_h"": true, ""step_refresh_remainder"": 8, ""step_refresh_remainder_prompt"": 32}"
ours,34,48,123,1,1,1,7.39,"{""h"": 5, ""path_router"": ""routers_e2e/llada_base__cm_clean.pt"", ""select_only_in_h"": true, ""step_refresh_remainder"": 8, ""step_refresh_remainder_prompt"": 32}"
ours,34,50,128,1,1,1,7.39,"{""h"": 5, ""path_router"": ""routers_e2e/llada_base__cm_clean.pt"", ""select_only_in_h"": true, ""step_refresh_remainder"": 8, ""step_refresh_remainder_prompt"": 32}"
ours,34,52,133,1,1,1,7.39,"{""h"": 5, ""path_router"": ""routers_e2e/llada_base__cm_clean.pt"", ""select_only_in_h"": true, ""step_refresh_remainder"": 8, ""step_refresh_remainder_prompt"": 32}"
ours,34,54,138,1,1,1,7.39,"{""h"": 5, ""path_router"": ""routers_e2e/llada_base__cm_clean.pt"", ""select_only_in_h"": true, ""step_refresh_remainder"": 8, ""step_refresh_remainder_prompt"": 32}"
ours,34,56,143,1,1,1,7.39,"{""h"": 5, ""path_router"": ""routers_e2e/llada_base__cm_clean.pt"", ""select_only_in_h"": true, ""step_refresh_remainder"": 8, ""step_refresh_remainder_prompt"": 32}"
ours,34,58,148,1,1,1,7.39,"{""h"": 5, ""path_router"": ""routers_e2e/llada_base__cm_clean.pt"", ""select_only_in_h"": true, ""step_refresh_remainder"": 8, ""step_refresh_remainder_prompt"": 32}"
ours,34,60,154,1,1,1,7.4,"{""h"": 5, ""path_router"": ""routers_e2e/llada_base__cm_clean.pt"", ""select_only_in_h"": true, ""step_refresh_remainder"": 8, ""step_refresh_remainder_prompt"": 32}"
ours,34,62,159,1,1,1,7.39,"{""h"": 5, ""path_router"": ""routers_e2e/llada_base__cm_clean.pt"", ""select_only_in_h"": true, ""step_refresh_remainder"": 8, ""step_refresh_remainder_prompt"": 32}"
ours,34,64,164,1,1,1,7.39,"{""h"": 5, ""path_router"": ""routers_e2e/llada_base__cm_clean.pt"", ""select_only_in_h"": true, ""step_refresh_remainder"": 8, ""step_refresh_remainder_prompt"": 32}"
ours,34,66,169,1,1,1,7.39,"{""h"": 5, ""path_router"": ""routers_e2e/llada_base__cm_clean.pt"", ""select_only_in_h"": true, ""step_refresh_remainder"": 8, ""step_refresh_remainder_prompt"": 32}"
ours,34,68,174,1,1,1,7.39,"{""h"": 5, ""path_router"": ""routers_e2e/llada_base__cm_clean.pt"", ""select_only_in_h"": true, ""step_refresh_remainder"": 8, ""step_refresh_remainder_prompt"": 32}"
ours,34,70,179,1,1,1,7.39,"{""h"": 5, ""path_router"": ""routers_e2e/llada_base__cm_clean.pt"", ""select_only_in_h"": true, ""step_refresh_remainder"": 8, ""step_refresh_remainder_prompt"": 32}"
ours,34,72,184,1,1,1,7.39,"{""h"": 5, ""path_router"": ""routers_e2e/llada_base__cm_clean.pt"", ""select_only_in_h"": true, ""step_refresh_remainder"": 8, ""step_refresh_remainder_prompt"": 32}"
ours,34,74,189,1,1,1,7.39,"{""h"": 5, ""path_router"": ""routers_e2e/llada_base__cm_clean.pt"", ""select_only_in_h"": true, ""step_refresh_remainder"": 8, ""step_refresh_remainder_prompt"": 32}"
ours,34,76,195,1,1,1,7.39,"{""h"": 5, ""path_router"": ""routers_e2e/llada_base__cm_clean.pt"", ""select_only_in_h"": true, ""step_refresh_remainder"": 8, ""step_refresh_remainder_prompt"": 32}"
ours,34,78,200,1,1,1,7.39,"{""h"": 5, ""path_router"": ""routers_e2e/llada_base__cm_clean.pt"", ""select_only_in_h"": true, ""step_refresh_remainder"": 8, ""step_refresh_remainder_prompt"": 32}"
ours,34,80,205,1,1,1,7.39,"{""h"": 5, ""path_router"": ""routers_e2e/llada_base__cm_clean.pt"", ""select_only_in_h"": true, ""step_refresh_remainder"": 8, ""step_refresh_remainder_prompt"": 32}"
ours,34,82,210,1,1,1,7.38,"{""h"": 5, ""path_router"": ""routers_e2e/llada_base__cm_clean.pt"", ""select_only_in_h"": true, ""step_refresh_remainder"": 8, ""step_refresh_remainder_prompt"": 32}"
ours,34,84,215,1,1,1,7.39,"{""h"": 5, ""path_router"": ""routers_e2e/llada_base__cm_clean.pt"", ""select_only_in_h"": true, ""step_refresh_remainder"": 8, ""step_refresh_remainder_prompt"": 32}"
ours,34,86,220,1,1,1,7.39,"{""h"": 5, ""path_router"": ""routers_e2e/llada_base__cm_clean.pt"", ""select_only_in_h"": true, ""step_refresh_remainder"": 8, ""step_refresh_remainder_prompt"": 32}"
ours,34,88,225,1,1,1,7.38,"{""h"": 5, ""path_router"": ""routers_e2e/llada_base__cm_clean.pt"", ""select_only_in_h"": true, ""step_refresh_remainder"": 8, ""step_refresh_remainder_prompt"": 32}"
ours,34,90,230,1,1,1,7.39,"{""h"": 5, ""path_router"": ""routers_e2e/llada_base__cm_clean.pt"", ""select_only_in_h"": true, ""step_refresh_remainder"": 8, ""step_refresh_remainder_prompt"": 32}"
ours,36,0,0,0,0,1,7.26,"{""h"": 5, ""path_router"": ""routers_e2e/llada_base__cm_clean.pt"", ""select_only_in_h"": true, ""step_refresh_remainder"": 8, ""step_refresh_remainder_prompt"": 32}"
ours,36,2,5,1,1,1,7.24,"{""h"": 5, ""path_router"": ""routers_e2e/llada_base__cm_clean.pt"", ""select_only_in_h"": true, ""step_refresh_remainder"": 8, ""step_refresh_remainder_prompt"": 32}"
ours,36,4,10,1,1,1,7.24,"{""h"": 5, ""path_router"": ""routers_e2e/llada_base__cm_clean.pt"", ""select_only_in_h"": true, ""step_refresh_remainder"": 8, ""step_refresh_remainder_prompt"": 32}"
ours,36,6,15,0,0,1,7.25,"{""h"": 5, ""path_router"": ""routers_e2e/llada_base__cm_clean.pt"", ""select_only_in_h"": true, ""step_refresh_remainder"": 8, ""step_refresh_remainder_prompt"": 32}"
ours,36,8,20,1,1,1,7.25,"{""h"": 5, ""path_router"": ""routers_e2e/llada_base__cm_clean.pt"", ""select_only_in_h"": true, ""step_refresh_remainder"": 8, ""step_refresh_remainder_prompt"": 32}"
ours,36,10,26,1,1,1,7.24,"{""h"": 5, ""path_router"": ""routers_e2e/llada_base__cm_clean.pt"", ""select_only_in_h"": true, ""step_refresh_remainder"": 8, ""step_refresh_remainder_prompt"": 32}"
ours,36,12,31,0,0,1,7.24,"{""h"": 5, ""path_router"": ""routers_e2e/llada_base__cm_clean.pt"", ""select_only_in_h"": true, ""step_refresh_remainder"": 8, ""step_refresh_remainder_prompt"": 32}"
ours,36,14,36,1,1,1,7.24,"{""h"": 5, ""path_router"": ""routers_e2e/llada_base__cm_clean.pt"", ""select_only_in_h"": true, ""step_refresh_remainder"": 8, ""step_refresh_remainder_prompt"": 32}"
ours,36,16,41,1,1,1,7.25,"{""h"": 5, ""path_router"": ""routers_e2e/llada_base__cm_clean.pt"", ""select_only_in_h"": true, ""step_refresh_remainder"": 8, ""step_refresh_remainder_prompt"": 32}"
ours,36,18,46,1,1,1,7.24,"{""h"": 5, ""path_router"": ""routers_e2e/llada_base__cm_clean.pt"", ""select_only_in_h"": true, ""step_refresh_remainder"": 8, ""step_refresh_remainder_prompt"": 32}"
ours,36,20,51,1,1,1,7.23,"{""h"": 5, ""path_router"": ""routers_e2e/llada_base__cm_clean.pt"", ""select_only_in_h"": true, ""step_refresh_remainder"": 8, ""step_refresh_remainder_prompt"": 32}"
ours,36,22,56,1,1,1,7.24,"{""h"": 5, ""path_router"": ""routers_e2e/llada_base__cm_clean.pt"", ""select_only_in_h"": true, ""step_refresh_remainder"": 8, ""step_refresh_remainder_prompt"": 32}"
ours,36,24,61,1,1,1,7.24,"{""h"": 5, ""path_router"": ""routers_e2e/llada_base__cm_clean.pt"", ""select_only_in_h"": true, ""step_refresh_remainder"": 8, ""step_refresh_remainder_prompt"": 32}"
ours,36,26,67,1,1,1,7.24,"{""h"": 5, ""path_router"": ""routers_e2e/llada_base__cm_clean.pt"", ""select_only_in_h"": true, ""step_refresh_remainder"": 8, ""step_refresh_remainder_prompt"": 32}"
ours,36,28,72,1,1,1,7.25,"{""h"": 5, ""path_router"": ""routers_e2e/llada_base__cm_clean.pt"", ""select_only_in_h"": true, ""step_refresh_remainder"": 8, ""step_refresh_remainder_prompt"": 32}"
ours,36,30,77,1,1,1,7.24,"{""h"": 5, ""path_router"": ""routers_e2e/llada_base__cm_clean.pt"", ""select_only_in_h"": true, ""step_refresh_remainder"": 8, ""step_refresh_remainder_prompt"": 32}"
ours,36,32,82,1,1,1,7.24,"{""h"": 5, ""path_router"": ""routers_e2e/llada_base__cm_clean.pt"", ""select_only_in_h"": true, ""step_refresh_remainder"": 8, ""step_refresh_remainder_prompt"": 32}"
ours,36,34,87,1,1,1,7.24,"{""h"": 5, ""path_router"": ""routers_e2e/llada_base__cm_clean.pt"", ""select_only_in_h"": true, ""step_refresh_remainder"": 8, ""step_refresh_remainder_prompt"": 32}"
ours,36,36,92,1,1,1,7.25,"{""h"": 5, ""path_router"": ""routers_e2e/llada_base__cm_clean.pt"", ""select_only_in_h"": true, ""step_refresh_remainder"": 8, ""step_refresh_remainder_prompt"": 32}"
ours,36,38,97,1,1,1,7.25,"{""h"": 5, ""path_router"": ""routers_e2e/llada_base__cm_clean.pt"", ""select_only_in_h"": true, ""step_refresh_remainder"": 8, ""step_refresh_remainder_prompt"": 32}"
ours,36,40,102,1,1,1,7.24,"{""h"": 5, ""path_router"": ""routers_e2e/llada_base__cm_clean.pt"", ""select_only_in_h"": true, ""step_refresh_remainder"": 8, ""step_refresh_remainder_prompt"": 32}"
ours,36,42,108,1,1,1,7.24,"{""h"": 5, ""path_router"": ""routers_e2e/llada_base__cm_clean.pt"", ""select_only_in_h"": true, ""step_refresh_remainder"": 8, ""step_refresh_remainder_prompt"": 32}"
ours,36,44,113,1,1,1,7.24,"{""h"": 5, ""path_router"": ""routers_e2e/llada_base__cm_clean.pt"", ""select_only_in_h"": true, ""step_refresh_remainder"": 8, ""step_refresh_remainder_prompt"": 32}"
ours,36,46,118,1,1,1,7.24,"{""h"": 5, ""path_router"": ""routers_e2e/llada_base__cm_clean.pt"", ""select_only_in_h"": true, ""step_refresh_remainder"": 8, ""step_refresh_remainder_prompt"": 32}"
ours,36,48,123,1,1,1,7.24,"{""h"": 5, ""path_router"": ""routers_e2e/llada_base__cm_clean.pt"", ""select_only_in_h"": true, ""step_refresh_remainder"": 8, ""step_refresh_remainder_prompt"": 32}"
ours,36,50,128,1,1,1,7.24,"{""h"": 5, ""path_router"": ""routers_e2e/llada_base__cm_clean.pt"", ""select_only_in_h"": true, ""step_refresh_remainder"": 8, ""step_refresh_remainder_prompt"": 32}"
ours,36,52,133,1,1,1,7.24,"{""h"": 5, ""path_router"": ""routers_e2e/llada_base__cm_clean.pt"", ""select_only_in_h"": true, ""step_refresh_remainder"": 8, ""step_refresh_remainder_prompt"": 32}"
ours,36,54,138,1,1,1,7.24,"{""h"": 5, ""path_router"": ""routers_e2e/llada_base__cm_clean.pt"", ""select_only_in_h"": true, ""step_refresh_remainder"": 8, ""step_refresh_remainder_prompt"": 32}"
ours,36,56,143,1,1,1,7.24,"{""h"": 5, ""path_router"": ""routers_e2e/llada_base__cm_clean.pt"", ""select_only_in_h"": true, ""step_refresh_remainder"": 8, ""step_refresh_remainder_prompt"": 32}"
ours,36,58,148,1,1,1,7.24,"{""h"": 5, ""path_router"": ""routers_e2e/llada_base__cm_clean.pt"", ""select_only_in_h"": true, ""step_refresh_remainder"": 8, ""step_refresh_remainder_prompt"": 32}"
ours,36,60,154,1,1,1,7.24,"{""h"": 5, ""path_router"": ""routers_e2e/llada_base__cm_clean.pt"", ""select_only_in_h"": true, ""step_refresh_remainder"": 8, ""step_refresh_remainder_prompt"": 32}"
ours,36,62,159,1,1,1,7.24,"{""h"": 5, ""path_router"": ""routers_e2e/llada_base__cm_clean.pt"", ""select_only_in_h"": true, ""step_refresh_remainder"": 8, ""step_refresh_remainder_prompt"": 32}"
ours,36,64,164,1,1,1,7.22,"{""h"": 5, ""path_router"": ""routers_e2e/llada_base__cm_clean.pt"", ""select_only_in_h"": true, ""step_refresh_remainder"": 8, ""step_refresh_remainder_prompt"": 32}"
ours,36,66,169,1,1,1,7.22,"{""h"": 5, ""path_router"": ""routers_e2e/llada_base__cm_clean.pt"", ""select_only_in_h"": true, ""step_refresh_remainder"": 8, ""step_refresh_remainder_prompt"": 32}"
ours,36,68,174,1,1,1,7.23,"{""h"": 5, ""path_router"": ""routers_e2e/llada_base__cm_clean.pt"", ""select_only_in_h"": true, ""step_refresh_remainder"": 8, ""step_refresh_remainder_prompt"": 32}"
ours,36,70,179,1,1,1,7.21,"{""h"": 5, ""path_router"": ""routers_e2e/llada_base__cm_clean.pt"", ""select_only_in_h"": true, ""step_refresh_remainder"": 8, ""step_refresh_remainder_prompt"": 32}"
ours,36,72,184,1,1,1,7.22,"{""h"": 5, ""path_router"": ""routers_e2e/llada_base__cm_clean.pt"", ""select_only_in_h"": true, ""step_refresh_remainder"": 8, ""step_refresh_remainder_prompt"": 32}"
ours,36,74,189,1,1,1,7.22,"{""h"": 5, ""path_router"": ""routers_e2e/llada_base__cm_clean.pt"", ""select_only_in_h"": true, ""step_refresh_remainder"": 8, ""step_refresh_remainder_prompt"": 32}"
ours,36,76,195,1,1,1,7.24,"{""h"": 5, ""path_router"": ""routers_e2e/llada_base__cm_clean.pt"", ""select_only_in_h"": true, ""step_refresh_remainder"": 8, ""step_refresh_remainder_prompt"": 32}"
ours,36,78,200,1,1,1,7.24,"{""h"": 5, ""path_router"": ""routers_e2e/llada_base__cm_clean.pt"", ""select_only_in_h"": true, ""step_refresh_remainder"": 8, ""step_refresh_remainder_prompt"": 32}"
ours,36,80,205,1,1,1,7.24,"{""h"": 5, ""path_router"": ""routers_e2e/llada_base__cm_clean.pt"", ""select_only_in_h"": true, ""step_refresh_remainder"": 8, ""step_refresh_remainder_prompt"": 32}"
ours,36,82,210,1,1,1,7.24,"{""h"": 5, ""path_router"": ""routers_e2e/llada_base__cm_clean.pt"", ""select_only_in_h"": true, ""step_refresh_remainder"": 8, ""step_refresh_remainder_prompt"": 32}"
ours,36,84,215,1,1,1,7.24,"{""h"": 5, ""path_router"": ""routers_e2e/llada_base__cm_clean.pt"", ""select_only_in_h"": true, ""step_refresh_remainder"": 8, ""step_refresh_remainder_prompt"": 32}"
ours,36,86,220,1,1,1,7.24,"{""h"": 5, ""path_router"": ""routers_e2e/llada_base__cm_clean.pt"", ""select_only_in_h"": true, ""step_refresh_remainder"": 8, ""step_refresh_remainder_prompt"": 32}"
ours,36,88,225,1,1,1,7.24,"{""h"": 5, ""path_router"": ""routers_e2e/llada_base__cm_clean.pt"", ""select_only_in_h"": true, ""step_refresh_remainder"": 8, ""step_refresh_remainder_prompt"": 32}"
ours,36,90,230,1,1,1,7.23,"{""h"": 5, ""path_router"": ""routers_e2e/llada_base__cm_clean.pt"", ""select_only_in_h"": true, ""step_refresh_remainder"": 8, ""step_refresh_remainder_prompt"": 32}"
ours,38,0,0,0,0,1,7.11,"{""h"": 5, ""path_router"": ""routers_e2e/llada_base__cm_clean.pt"", ""select_only_in_h"": true, ""step_refresh_remainder"": 8, ""step_refresh_remainder_prompt"": 32}"
ours,38,2,5,0,0,1,7.09,"{""h"": 5, ""path_router"": ""routers_e2e/llada_base__cm_clean.pt"", ""select_only_in_h"": true, ""step_refresh_remainder"": 8, ""step_refresh_remainder_prompt"": 32}"
ours,38,4,10,1,1,1,7.1,"{""h"": 5, ""path_router"": ""routers_e2e/llada_base__cm_clean.pt"", ""select_only_in_h"": true, ""step_refresh_remainder"": 8, ""step_refresh_remainder_prompt"": 32}"
ours,38,6,15,1,1,1,7.09,"{""h"": 5, ""path_router"": ""routers_e2e/llada_base__cm_clean.pt"", ""select_only_in_h"": true, ""step_refresh_remainder"": 8, ""step_refresh_remainder_prompt"": 32}"
ours,38,8,20,1,1,1,7.09,"{""h"": 5, ""path_router"": ""routers_e2e/llada_base__cm_clean.pt"", ""select_only_in_h"": true, ""step_refresh_remainder"": 8, ""step_refresh_remainder_prompt"": 32}"
ours,38,10,26,1,1,1,7.11,"{""h"": 5, ""path_router"": ""routers_e2e/llada_base__cm_clean.pt"", ""select_only_in_h"": true, ""step_refresh_remainder"": 8, ""step_refresh_remainder_prompt"": 32}"
ours,38,12,31,1,1,1,7.11,"{""h"": 5, ""path_router"": ""routers_e2e/llada_base__cm_clean.pt"", ""select_only_in_h"": true, ""step_refresh_remainder"": 8, ""step_refresh_remainder_prompt"": 32}"
ours,38,14,36,1,1,1,7.11,"{""h"": 5, ""path_router"": ""routers_e2e/llada_base__cm_clean.pt"", ""select_only_in_h"": true, ""step_refresh_remainder"": 8, ""step_refresh_remainder_prompt"": 32}"
ours,38,16,41,1,1,1,7.11,"{""h"": 5, ""path_router"": ""routers_e2e/llada_base__cm_clean.pt"", ""select_only_in_h"": true, ""step_refresh_remainder"": 8, ""step_refresh_remainder_prompt"": 32}"
ours,38,18,46,0,0,1,7.11,"{""h"": 5, ""path_router"": ""routers_e2e/llada_base__cm_clean.pt"", ""select_only_in_h"": true, ""step_refresh_remainder"": 8, ""step_refresh_remainder_prompt"": 32}"
ours,38,20,51,0,0,1,7.11,"{""h"": 5, ""path_router"": ""routers_e2e/llada_base__cm_clean.pt"", ""select_only_in_h"": true, ""step_refresh_remainder"": 8, ""step_refresh_remainder_prompt"": 32}"
ours,38,22,56,0,0,1,7.11,"{""h"": 5, ""path_router"": ""routers_e2e/llada_base__cm_clean.pt"", ""select_only_in_h"": true, ""step_refresh_remainder"": 8, ""step_refresh_remainder_prompt"": 32}"
ours,38,24,61,0,0,1,7.11,"{""h"": 5, ""path_router"": ""routers_e2e/llada_base__cm_clean.pt"", ""select_only_in_h"": true, ""step_refresh_remainder"": 8, ""step_refresh_remainder_prompt"": 32}"
ours,38,26,67,0,0,1,7.11,"{""h"": 5, ""path_router"": ""routers_e2e/llada_base__cm_clean.pt"", ""select_only_in_h"": true, ""step_refresh_remainder"": 8, ""step_refresh_remainder_prompt"": 32}"
ours,38,28,72,1,1,1,7.11,"{""h"": 5, ""path_router"": ""routers_e2e/llada_base__cm_clean.pt"", ""select_only_in_h"": true, ""step_refresh_remainder"": 8, ""step_refresh_remainder_prompt"": 32}"
ours,38,30,77,1,1,1,7.09,"{""h"": 5, ""path_router"": ""routers_e2e/llada_base__cm_clean.pt"", ""select_only_in_h"": true, ""step_refresh_remainder"": 8, ""step_refresh_remainder_prompt"": 32}"
ours,38,32,82,1,1,1,7.11,"{""h"": 5, ""path_router"": ""routers_e2e/llada_base__cm_clean.pt"", ""select_only_in_h"": true, ""step_refresh_remainder"": 8, ""step_refresh_remainder_prompt"": 32}"
ours,38,34,87,1,1,1,7.11,"{""h"": 5, ""path_router"": ""routers_e2e/llada_base__cm_clean.pt"", ""select_only_in_h"": true, ""step_refresh_remainder"": 8, ""step_refresh_remainder_prompt"": 32}"
ours,38,36,92,1,1,1,7.11,"{""h"": 5, ""path_router"": ""routers_e2e/llada_base__cm_clean.pt"", ""select_only_in_h"": true, ""step_refresh_remainder"": 8, ""step_refresh_remainder_prompt"": 32}"
ours,38,38,97,1,1,1,7.11,"{""h"": 5, ""path_router"": ""routers_e2e/llada_base__cm_clean.pt"", ""select_only_in_h"": true, ""step_refresh_remainder"": 8, ""step_refresh_remainder_prompt"": 32}"
ours,38,40,102,1,1,1,7.11,"{""h"": 5, ""path_router"": ""routers_e2e/llada_base__cm_clean.pt"", ""select_only_in_h"": true, ""step_refresh_remainder"": 8, ""step_refresh_remainder_prompt"": 32}"
ours,38,42,108,1,1,1,7.09,"{""h"": 5, ""path_router"": ""routers_e2e/llada_base__cm_clean.pt"", ""select_only_in_h"": true, ""step_refresh_remainder"": 8, ""step_refresh_remainder_prompt"": 32}"
ours,38,44,113,1,1,1,7.09,"{""h"": 5, ""path_router"": ""routers_e2e/llada_base__cm_clean.pt"", ""select_only_in_h"": true, ""step_refresh_remainder"": 8, ""step_refresh_remainder_prompt"": 32}"
ours,38,46,118,1,1,1,7.09,"{""h"": 5, ""path_router"": ""routers_e2e/llada_base__cm_clean.pt"", ""select_only_in_h"": true, ""step_refresh_remainder"": 8, ""step_refresh_remainder_prompt"": 32}"
ours,38,48,123,1,1,1,7.1,"{""h"": 5, ""path_router"": ""routers_e2e/llada_base__cm_clean.pt"", ""select_only_in_h"": true, ""step_refresh_remainder"": 8, ""step_refresh_remainder_prompt"": 32}"
ours,38,50,128,1,1,1,7.11,"{""h"": 5, ""path_router"": ""routers_e2e/llada_base__cm_clean.pt"", ""select_only_in_h"": true, ""step_refresh_remainder"": 8, ""step_refresh_remainder_prompt"": 32}"
ours,38,52,133,1,1,1,7.11,"{""h"": 5, ""path_router"": ""routers_e2e/llada_base__cm_clean.pt"", ""select_only_in_h"": true, ""step_refresh_remainder"": 8, ""step_refresh_remainder_prompt"": 32}"
ours,38,54,138,1,1,1,7.1,"{""h"": 5, ""path_router"": ""routers_e2e/llada_base__cm_clean.pt"", ""select_only_in_h"": true, ""step_refresh_remainder"": 8, ""step_refresh_remainder_prompt"": 32}"
ours,38,56,143,1,1,1,7.09,"{""h"": 5, ""path_router"": ""routers_e2e/llada_base__cm_clean.pt"", ""select_only_in_h"": true, ""step_refresh_remainder"": 8, ""step_refresh_remainder_prompt"": 32}"
ours,38,58,148,1,1,1,7.09,"{""h"": 5, ""path_router"": ""routers_e2e/llada_base__cm_clean.pt"", ""select_only_in_h"": true, ""step_refresh_remainder"": 8, ""step_refresh_remainder_prompt"": 32}"
ours,38,60,154,1,1,1,7.09,"{""h"": 5, ""path_router"": ""routers_e2e/llada_base__cm_clean.pt"", ""select_only_in_h"": true, ""step_refresh_remainder"": 8, ""step_refresh_remainder_prompt"": 32}"
ours,38,62,159,1,1,1,7.09,"{""h"": 5, ""path_router"": ""routers_e2e/llada_base__cm_clean.pt"", ""select_only_in_h"": true, ""step_refresh_remainder"": 8, ""step_refresh_remainder_prompt"": 32}"
ours,38,64,164,1,1,1,7.09,"{""h"": 5, ""path_router"": ""routers_e2e/llada_base__cm_clean.pt"", ""select_only_in_h"": true, ""step_refresh_remainder"": 8, ""step_refresh_remainder_prompt"": 32}"
ours,38,66,169,1,1,1,7.09,"{""h"": 5, ""path_router"": ""routers_e2e/llada_base__cm_clean.pt"", ""select_only_in_h"": true, ""step_refresh_remainder"": 8, ""step_refresh_remainder_prompt"": 32}"
ours,38,68,174,1,1,1,7.09,"{""h"": 5, ""path_router"": ""routers_e2e/llada_base__cm_clean.pt"", ""select_only_in_h"": true, ""step_refresh_remainder"": 8, ""step_refresh_remainder_prompt"": 32}"
ours,38,70,179,1,1,1,7.09,"{""h"": 5, ""path_router"": ""routers_e2e/llada_base__cm_clean.pt"", ""select_only_in_h"": true, ""step_refresh_remainder"": 8, ""step_refresh_remainder_prompt"": 32}"
ours,38,72,184,1,1,1,7.1,"{""h"": 5, ""path_router"": ""routers_e2e/llada_base__cm_clean.pt"", ""select_only_in_h"": true, ""step_refresh_remainder"": 8, ""step_refresh_remainder_prompt"": 32}"
ours,38,74,189,1,1,1,7.11,"{""h"": 5, ""path_router"": ""routers_e2e/llada_base__cm_clean.pt"", ""select_only_in_h"": true, ""step_refresh_remainder"": 8, ""step_refresh_remainder_prompt"": 32}"
ours,38,76,195,1,1,1,7.11,"{""h"": 5, ""path_router"": ""routers_e2e/llada_base__cm_clean.pt"", ""select_only_in_h"": true, ""step_refresh_remainder"": 8, ""step_refresh_remainder_prompt"": 32}"
ours,38,78,200,1,1,1,7.11,"{""h"": 5, ""path_router"": ""routers_e2e/llada_base__cm_clean.pt"", ""select_only_in_h"": true, ""step_refresh_remainder"": 8, ""step_refresh_remainder_prompt"": 32}"
ours,38,80,205,1,1,1,7.11,"{""h"": 5, ""path_router"": ""routers_e2e/llada_base__cm_clean.pt"", ""select_only_in_h"": true, ""step_refresh_remainder"": 8, ""step_refresh_remainder_prompt"": 32}"
ours,38,82,210,1,1,1,7.11,"{""h"": 5, ""path_router"": ""routers_e2e/llada_base__cm_clean.pt"", ""select_only_in_h"": true, ""step_refresh_remainder"": 8, ""step_refresh_remainder_prompt"": 32}"
ours,38,84,215,1,1,1,7.1,"{""h"": 5, ""path_router"": ""routers_e2e/llada_base__cm_clean.pt"", ""select_only_in_h"": true, ""step_refresh_remainder"": 8, ""step_refresh_remainder_prompt"": 32}"
ours,38,86,220,1,1,1,7.09,"{""h"": 5, ""path_router"": ""routers_e2e/llada_base__cm_clean.pt"", ""select_only_in_h"": true, ""step_refresh_remainder"": 8, ""step_refresh_remainder_prompt"": 32}"
ours,38,88,225,1,1,1,7.1,"{""h"": 5, ""path_router"": ""routers_e2e/llada_base__cm_clean.pt"", ""select_only_in_h"": true, ""step_refresh_remainder"": 8, ""step_refresh_remainder_prompt"": 32}"
ours,38,90,230,1,1,1,7.11,"{""h"": 5, ""path_router"": ""routers_e2e/llada_base__cm_clean.pt"", ""select_only_in_h"": true, ""step_refresh_remainder"": 8, ""step_refresh_remainder_prompt"": 32}"
ours,40,0,0,1,1,1,7.36,"{""h"": 5, ""path_router"": ""routers_e2e/llada_base__cm_clean.pt"", ""select_only_in_h"": true, ""step_refresh_remainder"": 8, ""step_refresh_remainder_prompt"": 32}"
ours,40,2,5,1,1,1,7.35,"{""h"": 5, ""path_router"": ""routers_e2e/llada_base__cm_clean.pt"", ""select_only_in_h"": true, ""step_refresh_remainder"": 8, ""step_refresh_remainder_prompt"": 32}"
ours,40,4,10,1,1,1,7.36,"{""h"": 5, ""path_router"": ""routers_e2e/llada_base__cm_clean.pt"", ""select_only_in_h"": true, ""step_refresh_remainder"": 8, ""step_refresh_remainder_prompt"": 32}"
ours,40,6,15,1,1,1,7.36,"{""h"": 5, ""path_router"": ""routers_e2e/llada_base__cm_clean.pt"", ""select_only_in_h"": true, ""step_refresh_remainder"": 8, ""step_refresh_remainder_prompt"": 32}"
ours,40,8,20,1,1,1,7.35,"{""h"": 5, ""path_router"": ""routers_e2e/llada_base__cm_clean.pt"", ""select_only_in_h"": true, ""step_refresh_remainder"": 8, ""step_refresh_remainder_prompt"": 32}"
ours,40,10,26,0,0,1,7.36,"{""h"": 5, ""path_router"": ""routers_e2e/llada_base__cm_clean.pt"", ""select_only_in_h"": true, ""step_refresh_remainder"": 8, ""step_refresh_remainder_prompt"": 32}"
ours,40,12,31,1,1,1,7.36,"{""h"": 5, ""path_router"": ""routers_e2e/llada_base__cm_clean.pt"", ""select_only_in_h"": true, ""step_refresh_remainder"": 8, ""step_refresh_remainder_prompt"": 32}"
ours,40,14,36,1,1,1,7.35,"{""h"": 5, ""path_router"": ""routers_e2e/llada_base__cm_clean.pt"", ""select_only_in_h"": true, ""step_refresh_remainder"": 8, ""step_refresh_remainder_prompt"": 32}"
ours,40,16,41,1,1,1,7.35,"{""h"": 5, ""path_router"": ""routers_e2e/llada_base__cm_clean.pt"", ""select_only_in_h"": true, ""step_refresh_remainder"": 8, ""step_refresh_remainder_prompt"": 32}"
ours,40,18,46,1,1,1,7.36,"{""h"": 5, ""path_router"": ""routers_e2e/llada_base__cm_clean.pt"", ""select_only_in_h"": true, ""step_refresh_remainder"": 8, ""step_refresh_remainder_prompt"": 32}"
ours,40,20,51,1,1,1,7.35,"{""h"": 5, ""path_router"": ""routers_e2e/llada_base__cm_clean.pt"", ""select_only_in_h"": true, ""step_refresh_remainder"": 8, ""step_refresh_remainder_prompt"": 32}"
ours,40,22,56,1,1,1,7.36,"{""h"": 5, ""path_router"": ""routers_e2e/llada_base__cm_clean.pt"", ""select_only_in_h"": true, ""step_refresh_remainder"": 8, ""step_refresh_remainder_prompt"": 32}"
ours,40,24,61,1,1,1,7.36,"{""h"": 5, ""path_router"": ""routers_e2e/llada_base__cm_clean.pt"", ""select_only_in_h"": true, ""step_refresh_remainder"": 8, ""step_refresh_remainder_prompt"": 32}"
ours,40,26,67,1,1,1,7.36,"{""h"": 5, ""path_router"": ""routers_e2e/llada_base__cm_clean.pt"", ""select_only_in_h"": true, ""step_refresh_remainder"": 8, ""step_refresh_remainder_prompt"": 32}"
ours,40,28,72,1,1,1,7.36,"{""h"": 5, ""path_router"": ""routers_e2e/llada_base__cm_clean.pt"", ""select_only_in_h"": true, ""step_refresh_remainder"": 8, ""step_refresh_remainder_prompt"": 32}"
ours,40,30,77,1,1,1,7.36,"{""h"": 5, ""path_router"": ""routers_e2e/llada_base__cm_clean.pt"", ""select_only_in_h"": true, ""step_refresh_remainder"": 8, ""step_refresh_remainder_prompt"": 32}"
ours,40,32,82,1,1,0,7.35,"{""h"": 5, ""path_router"": ""routers_e2e/llada_base__cm_clean.pt"", ""select_only_in_h"": true, ""step_refresh_remainder"": 8, ""step_refresh_remainder_prompt"": 32}"
ours,40,34,87,1,1,1,7.34,"{""h"": 5, ""path_router"": ""routers_e2e/llada_base__cm_clean.pt"", ""select_only_in_h"": true, ""step_refresh_remainder"": 8, ""step_refresh_remainder_prompt"": 32}"
ours,40,36,92,1,1,1,7.33,"{""h"": 5, ""path_router"": ""routers_e2e/llada_base__cm_clean.pt"", ""select_only_in_h"": true, ""step_refresh_remainder"": 8, ""step_refresh_remainder_prompt"": 32}"
ours,40,38,97,1,1,1,7.33,"{""h"": 5, ""path_router"": ""routers_e2e/llada_base__cm_clean.pt"", ""select_only_in_h"": true, ""step_refresh_remainder"": 8, ""step_refresh_remainder_prompt"": 32}"
ours,40,40,102,1,1,1,7.33,"{""h"": 5, ""path_router"": ""routers_e2e/llada_base__cm_clean.pt"", ""select_only_in_h"": true, ""step_refresh_remainder"": 8, ""step_refresh_remainder_prompt"": 32}"
ours,40,42,108,1,1,1,7.33,"{""h"": 5, ""path_router"": ""routers_e2e/llada_base__cm_clean.pt"", ""select_only_in_h"": true, ""step_refresh_remainder"": 8, ""step_refresh_remainder_prompt"": 32}"
ours,40,44,113,1,1,1,7.36,"{""h"": 5, ""path_router"": ""routers_e2e/llada_base__cm_clean.pt"", ""select_only_in_h"": true, ""step_refresh_remainder"": 8, ""step_refresh_remainder_prompt"": 32}"
ours,40,46,118,1,1,1,7.34,"{""h"": 5, ""path_router"": ""routers_e2e/llada_base__cm_clean.pt"", ""select_only_in_h"": true, ""step_refresh_remainder"": 8, ""step_refresh_remainder_prompt"": 32}"
ours,40,48,123,1,1,1,7.33,"{""h"": 5, ""path_router"": ""routers_e2e/llada_base__cm_clean.pt"", ""select_only_in_h"": true, ""step_refresh_remainder"": 8, ""step_refresh_remainder_prompt"": 32}"
ours,40,50,128,1,1,1,7.33,"{""h"": 5, ""path_router"": ""routers_e2e/llada_base__cm_clean.pt"", ""select_only_in_h"": true, ""step_refresh_remainder"": 8, ""step_refresh_remainder_prompt"": 32}"
ours,40,52,133,1,1,1,7.33,"{""h"": 5, ""path_router"": ""routers_e2e/llada_base__cm_clean.pt"", ""select_only_in_h"": true, ""step_refresh_remainder"": 8, ""step_refresh_remainder_prompt"": 32}"
ours,40,54,138,1,1,1,7.34,"{""h"": 5, ""path_router"": ""routers_e2e/llada_base__cm_clean.pt"", ""select_only_in_h"": true, ""step_refresh_remainder"": 8, ""step_refresh_remainder_prompt"": 32}"
ours,40,56,143,1,1,1,7.35,"{""h"": 5, ""path_router"": ""routers_e2e/llada_base__cm_clean.pt"", ""select_only_in_h"": true, ""step_refresh_remainder"": 8, ""step_refresh_remainder_prompt"": 32}"
ours,40,58,148,1,1,1,7.35,"{""h"": 5, ""path_router"": ""routers_e2e/llada_base__cm_clean.pt"", ""select_only_in_h"": true, ""step_refresh_remainder"": 8, ""step_refresh_remainder_prompt"": 32}"
ours,40,60,154,1,1,1,7.35,"{""h"": 5, ""path_router"": ""routers_e2e/llada_base__cm_clean.pt"", ""select_only_in_h"": true, ""step_refresh_remainder"": 8, ""step_refresh_remainder_prompt"": 32}"
ours,40,62,159,1,1,1,7.35,"{""h"": 5, ""path_router"": ""routers_e2e/llada_base__cm_clean.pt"", ""select_only_in_h"": true, ""step_refresh_remainder"": 8, ""step_refresh_remainder_prompt"": 32}"
ours,40,64,164,1,1,1,7.35,"{""h"": 5, ""path_router"": ""routers_e2e/llada_base__cm_clean.pt"", ""select_only_in_h"": true, ""step_refresh_remainder"": 8, ""step_refresh_remainder_prompt"": 32}"
ours,40,66,169,1,1,1,7.35,"{""h"": 5, ""path_router"": ""routers_e2e/llada_base__cm_clean.pt"", ""select_only_in_h"": true, ""step_refresh_remainder"": 8, ""step_refresh_remainder_prompt"": 32}"
ours,40,68,174,1,1,1,7.35,"{""h"": 5, ""path_router"": ""routers_e2e/llada_base__cm_clean.pt"", ""select_only_in_h"": true, ""step_refresh_remainder"": 8, ""step_refresh_remainder_prompt"": 32}"
ours,40,70,179,1,1,1,7.35,"{""h"": 5, ""path_router"": ""routers_e2e/llada_base__cm_clean.pt"", ""select_only_in_h"": true, ""step_refresh_remainder"": 8, ""step_refresh_remainder_prompt"": 32}"
ours,40,72,184,1,1,1,7.36,"{""h"": 5, ""path_router"": ""routers_e2e/llada_base__cm_clean.pt"", ""select_only_in_h"": true, ""step_refresh_remainder"": 8, ""step_refresh_remainder_prompt"": 32}"
ours,40,74,189,1,1,1,7.36,"{""h"": 5, ""path_router"": ""routers_e2e/llada_base__cm_clean.pt"", ""select_only_in_h"": true, ""step_refresh_remainder"": 8, ""step_refresh_remainder_prompt"": 32}"
ours,40,76,195,1,1,1,7.35,"{""h"": 5, ""path_router"": ""routers_e2e/llada_base__cm_clean.pt"", ""select_only_in_h"": true, ""step_refresh_remainder"": 8, ""step_refresh_remainder_prompt"": 32}"
ours,40,78,200,1,1,1,7.35,"{""h"": 5, ""path_router"": ""routers_e2e/llada_base__cm_clean.pt"", ""select_only_in_h"": true, ""step_refresh_remainder"": 8, ""step_refresh_remainder_prompt"": 32}"
ours,40,80,205,1,1,1,7.34,"{""h"": 5, ""path_router"": ""routers_e2e/llada_base__cm_clean.pt"", ""select_only_in_h"": true, ""step_refresh_remainder"": 8, ""step_refresh_remainder_prompt"": 32}"
ours,40,82,210,1,1,1,7.34,"{""h"": 5, ""path_router"": ""routers_e2e/llada_base__cm_clean.pt"", ""select_only_in_h"": true, ""step_refresh_remainder"": 8, ""step_refresh_remainder_prompt"": 32}"
ours,40,84,215,1,1,1,7.34,"{""h"": 5, ""path_router"": ""routers_e2e/llada_base__cm_clean.pt"", ""select_only_in_h"": true, ""step_refresh_remainder"": 8, ""step_refresh_remainder_prompt"": 32}"
ours,40,86,220,1,1,1,7.35,"{""h"": 5, ""path_router"": ""routers_e2e/llada_base__cm_clean.pt"", ""select_only_in_h"": true, ""step_refresh_remainder"": 8, ""step_refresh_remainder_prompt"": 32}"
ours,40,88,225,1,1,1,7.35,"{""h"": 5, ""path_router"": ""routers_e2e/llada_base__cm_clean.pt"", ""select_only_in_h"": true, ""step_refresh_remainder"": 8, ""step_refresh_remainder_prompt"": 32}"
ours,40,90,230,1,1,1,7.35,"{""h"": 5, ""path_router"": ""routers_e2e/llada_base__cm_clean.pt"", ""select_only_in_h"": true, ""step_refresh_remainder"": 8, ""step_refresh_remainder_prompt"": 32}"
ours,41,0,0,1,1,1,7.46,"{""h"": 5, ""path_router"": ""routers_e2e/llada_base__cm_clean.pt"", ""select_only_in_h"": true, ""step_refresh_remainder"": 8, ""step_refresh_remainder_prompt"": 32}"
ours,41,2,5,0,0,1,7.45,"{""h"": 5, ""path_router"": ""routers_e2e/llada_base__cm_clean.pt"", ""select_only_in_h"": true, ""step_refresh_remainder"": 8, ""step_refresh_remainder_prompt"": 32}"
ours,41,4,10,1,1,1,7.45,"{""h"": 5, ""path_router"": ""routers_e2e/llada_base__cm_clean.pt"", ""select_only_in_h"": true, ""step_refresh_remainder"": 8, ""step_refresh_remainder_prompt"": 32}"
ours,41,6,15,1,1,1,7.44,"{""h"": 5, ""path_router"": ""routers_e2e/llada_base__cm_clean.pt"", ""select_only_in_h"": true, ""step_refresh_remainder"": 8, ""step_refresh_remainder_prompt"": 32}"
ours,41,8,20,1,1,1,7.44,"{""h"": 5, ""path_router"": ""routers_e2e/llada_base__cm_clean.pt"", ""select_only_in_h"": true, ""step_refresh_remainder"": 8, ""step_refresh_remainder_prompt"": 32}"
ours,41,10,26,1,1,1,7.44,"{""h"": 5, ""path_router"": ""routers_e2e/llada_base__cm_clean.pt"", ""select_only_in_h"": true, ""step_refresh_remainder"": 8, ""step_refresh_remainder_prompt"": 32}"
ours,41,12,31,1,1,1,7.44,"{""h"": 5, ""path_router"": ""routers_e2e/llada_base__cm_clean.pt"", ""select_only_in_h"": true, ""step_refresh_remainder"": 8, ""step_refresh_remainder_prompt"": 32}"
ours,41,14,36,1,1,1,7.45,"{""h"": 5, ""path_router"": ""routers_e2e/llada_base__cm_clean.pt"", ""select_only_in_h"": true, ""step_refresh_remainder"": 8, ""step_refresh_remainder_prompt"": 32}"
ours,41,16,41,1,1,1,7.45,"{""h"": 5, ""path_router"": ""routers_e2e/llada_base__cm_clean.pt"", ""select_only_in_h"": true, ""step_refresh_remainder"": 8, ""step_refresh_remainder_prompt"": 32}"
ours,41,18,46,0,0,1,7.45,"{""h"": 5, ""path_router"": ""routers_e2e/llada_base__cm_clean.pt"", ""select_only_in_h"": true, ""step_refresh_remainder"": 8, ""step_refresh_remainder_prompt"": 32}"
ours,41,20,51,0,0,1,7.44,"{""h"": 5, ""path_router"": ""routers_e2e/llada_base__cm_clean.pt"", ""select_only_in_h"": true, ""step_refresh_remainder"": 8, ""step_refresh_remainder_prompt"": 32}"
ours,41,22,56,1,1,1,7.43,"{""h"": 5, ""path_router"": ""routers_e2e/llada_base__cm_clean.pt"", ""select_only_in_h"": true, ""step_refresh_remainder"": 8, ""step_refresh_remainder_prompt"": 32}"
ours,41,24,61,1,1,1,7.43,"{""h"": 5, ""path_router"": ""routers_e2e/llada_base__cm_clean.pt"", ""select_only_in_h"": true, ""step_refresh_remainder"": 8, ""step_refresh_remainder_prompt"": 32}"
ours,41,26,67,1,1,1,7.44,"{""h"": 5, ""path_router"": ""routers_e2e/llada_base__cm_clean.pt"", ""select_only_in_h"": true, ""step_refresh_remainder"": 8, ""step_refresh_remainder_prompt"": 32}"
ours,41,28,72,1,1,1,7.44,"{""h"": 5, ""path_router"": ""routers_e2e/llada_base__cm_clean.pt"", ""select_only_in_h"": true, ""step_refresh_remainder"": 8, ""step_refresh_remainder_prompt"": 32}"
ours,41,30,77,1,1,1,7.44,"{""h"": 5, ""path_router"": ""routers_e2e/llada_base__cm_clean.pt"", ""select_only_in_h"": true, ""step_refresh_remainder"": 8, ""step_refresh_remainder_prompt"": 32}"
ours,41,32,82,1,1,1,7.43,"{""h"": 5, ""path_router"": ""routers_e2e/llada_base__cm_clean.pt"", ""select_only_in_h"": true, ""step_refresh_remainder"": 8, ""step_refresh_remainder_prompt"": 32}"
ours,41,34,87,1,1,1,7.42,"{""h"": 5, ""path_router"": ""routers_e2e/llada_base__cm_clean.pt"", ""select_only_in_h"": true, ""step_refresh_remainder"": 8, ""step_refresh_remainder_prompt"": 32}"
ours,41,36,92,1,1,1,7.42,"{""h"": 5, ""path_router"": ""routers_e2e/llada_base__cm_clean.pt"", ""select_only_in_h"": true, ""step_refresh_remainder"": 8, ""step_refresh_remainder_prompt"": 32}"
ours,41,38,97,1,1,1,7.44,"{""h"": 5, ""path_router"": ""routers_e2e/llada_base__cm_clean.pt"", ""select_only_in_h"": true, ""step_refresh_remainder"": 8, ""step_refresh_remainder_prompt"": 32}"
ours,41,40,102,1,1,1,7.42,"{""h"": 5, ""path_router"": ""routers_e2e/llada_base__cm_clean.pt"", ""select_only_in_h"": true, ""step_refresh_remainder"": 8, ""step_refresh_remainder_prompt"": 32}"
ours,41,42,108,1,1,1,7.44,"{""h"": 5, ""path_router"": ""routers_e2e/llada_base__cm_clean.pt"", ""select_only_in_h"": true, ""step_refresh_remainder"": 8, ""step_refresh_remainder_prompt"": 32}"
ours,41,44,113,1,1,1,7.42,"{""h"": 5, ""path_router"": ""routers_e2e/llada_base__cm_clean.pt"", ""select_only_in_h"": true, ""step_refresh_remainder"": 8, ""step_refresh_remainder_prompt"": 32}"
ours,41,46,118,1,1,1,7.43,"{""h"": 5, ""path_router"": ""routers_e2e/llada_base__cm_clean.pt"", ""select_only_in_h"": true, ""step_refresh_remainder"": 8, ""step_refresh_remainder_prompt"": 32}"
ours,41,48,123,1,1,1,7.44,"{""h"": 5, ""path_router"": ""routers_e2e/llada_base__cm_clean.pt"", ""select_only_in_h"": true, ""step_refresh_remainder"": 8, ""step_refresh_remainder_prompt"": 32}"
ours,41,50,128,1,1,1,7.44,"{""h"": 5, ""path_router"": ""routers_e2e/llada_base__cm_clean.pt"", ""select_only_in_h"": true, ""step_refresh_remainder"": 8, ""step_refresh_remainder_prompt"": 32}"
ours,41,52,133,1,1,1,7.44,"{""h"": 5, ""path_router"": ""routers_e2e/llada_base__cm_clean.pt"", ""select_only_in_h"": true, ""step_refresh_remainder"": 8, ""step_refresh_remainder_prompt"": 32}"
ours,41,54,138,1,1,1,7.44,"{""h"": 5, ""path_router"": ""routers_e2e/llada_base__cm_clean.pt"", ""select_only_in_h"": true, ""step_refresh_remainder"": 8, ""step_refresh_remainder_prompt"": 32}"
ours,41,56,143,1,1,1,7.44,"{""h"": 5, ""path_router"": ""routers_e2e/llada_base__cm_clean.pt"", ""select_only_in_h"": true, ""step_refresh_remainder"": 8, ""step_refresh_remainder_prompt"": 32}"
ours,41,58,148,1,1,1,7.44,"{""h"": 5, ""path_router"": ""routers_e2e/llada_base__cm_clean.pt"", ""select_only_in_h"": true, ""step_refresh_remainder"": 8, ""step_refresh_remainder_prompt"": 32}"
ours,41,60,154,1,1,1,7.44,"{""h"": 5, ""path_router"": ""routers_e2e/llada_base__cm_clean.pt"", ""select_only_in_h"": true, ""step_refresh_remainder"": 8, ""step_refresh_remainder_prompt"": 32}"
ours,41,62,159,1,1,1,7.44,"{""h"": 5, ""path_router"": ""routers_e2e/llada_base__cm_clean.pt"", ""select_only_in_h"": true, ""step_refresh_remainder"": 8, ""step_refresh_remainder_prompt"": 32}"
ours,41,64,164,1,1,1,7.44,"{""h"": 5, ""path_router"": ""routers_e2e/llada_base__cm_clean.pt"", ""select_only_in_h"": true, ""step_refresh_remainder"": 8, ""step_refresh_remainder_prompt"": 32}"
ours,41,66,169,1,1,1,7.44,"{""h"": 5, ""path_router"": ""routers_e2e/llada_base__cm_clean.pt"", ""select_only_in_h"": true, ""step_refresh_remainder"": 8, ""step_refresh_remainder_prompt"": 32}"
ours,41,68,174,1,1,1,7.43,"{""h"": 5, ""path_router"": ""routers_e2e/llada_base__cm_clean.pt"", ""select_only_in_h"": true, ""step_refresh_remainder"": 8, ""step_refresh_remainder_prompt"": 32}"
ours,41,70,179,1,1,1,7.43,"{""h"": 5, ""path_router"": ""routers_e2e/llada_base__cm_clean.pt"", ""select_only_in_h"": true, ""step_refresh_remainder"": 8, ""step_refresh_remainder_prompt"": 32}"
ours,41,72,184,1,1,1,7.43,"{""h"": 5, ""path_router"": ""routers_e2e/llada_base__cm_clean.pt"", ""select_only_in_h"": true, ""step_refresh_remainder"": 8, ""step_refresh_remainder_prompt"": 32}"
ours,41,74,189,1,1,1,7.43,"{""h"": 5, ""path_router"": ""routers_e2e/llada_base__cm_clean.pt"", ""select_only_in_h"": true, ""step_refresh_remainder"": 8, ""step_refresh_remainder_prompt"": 32}"
ours,41,76,195,1,1,1,7.43,"{""h"": 5, ""path_router"": ""routers_e2e/llada_base__cm_clean.pt"", ""select_only_in_h"": true, ""step_refresh_remainder"": 8, ""step_refresh_remainder_prompt"": 32}"
ours,41,78,200,1,1,1,7.43,"{""h"": 5, ""path_router"": ""routers_e2e/llada_base__cm_clean.pt"", ""select_only_in_h"": true, ""step_refresh_remainder"": 8, ""step_refresh_remainder_prompt"": 32}"
ours,41,80,205,1,1,1,7.43,"{""h"": 5, ""path_router"": ""routers_e2e/llada_base__cm_clean.pt"", ""select_only_in_h"": true, ""step_refresh_remainder"": 8, ""step_refresh_remainder_prompt"": 32}"
ours,41,82,210,1,1,1,7.44,"{""h"": 5, ""path_router"": ""routers_e2e/llada_base__cm_clean.pt"", ""select_only_in_h"": true, ""step_refresh_remainder"": 8, ""step_refresh_remainder_prompt"": 32}"
ours,41,84,215,1,1,1,7.43,"{""h"": 5, ""path_router"": ""routers_e2e/llada_base__cm_clean.pt"", ""select_only_in_h"": true, ""step_refresh_remainder"": 8, ""step_refresh_remainder_prompt"": 32}"
ours,41,86,220,1,1,1,7.43,"{""h"": 5, ""path_router"": ""routers_e2e/llada_base__cm_clean.pt"", ""select_only_in_h"": true, ""step_refresh_remainder"": 8, ""step_refresh_remainder_prompt"": 32}"
ours,41,88,225,1,1,1,7.43,"{""h"": 5, ""path_router"": ""routers_e2e/llada_base__cm_clean.pt"", ""select_only_in_h"": true, ""step_refresh_remainder"": 8, ""step_refresh_remainder_prompt"": 32}"
ours,41,90,230,1,1,1,7.43,"{""h"": 5, ""path_router"": ""routers_e2e/llada_base__cm_clean.pt"", ""select_only_in_h"": true, ""step_refresh_remainder"": 8, ""step_refresh_remainder_prompt"": 32}"
ours,42,0,0,1,1,1,7.19,"{""h"": 5, ""path_router"": ""routers_e2e/llada_base__cm_clean.pt"", ""select_only_in_h"": true, ""step_refresh_remainder"": 8, ""step_refresh_remainder_prompt"": 32}"
ours,42,2,5,1,1,1,7.18,"{""h"": 5, ""path_router"": ""routers_e2e/llada_base__cm_clean.pt"", ""select_only_in_h"": true, ""step_refresh_remainder"": 8, ""step_refresh_remainder_prompt"": 32}"
ours,42,4,10,1,1,1,7.15,"{""h"": 5, ""path_router"": ""routers_e2e/llada_base__cm_clean.pt"", ""select_only_in_h"": true, ""step_refresh_remainder"": 8, ""step_refresh_remainder_prompt"": 32}"
ours,42,6,15,1,1,1,7.15,"{""h"": 5, ""path_router"": ""routers_e2e/llada_base__cm_clean.pt"", ""select_only_in_h"": true, ""step_refresh_remainder"": 8, ""step_refresh_remainder_prompt"": 32}"
ours,42,8,20,1,1,1,7.15,"{""h"": 5, ""path_router"": ""routers_e2e/llada_base__cm_clean.pt"", ""select_only_in_h"": true, ""step_refresh_remainder"": 8, ""step_refresh_remainder_prompt"": 32}"
ours,42,10,26,1,1,1,7.16,"{""h"": 5, ""path_router"": ""routers_e2e/llada_base__cm_clean.pt"", ""select_only_in_h"": true, ""step_refresh_remainder"": 8, ""step_refresh_remainder_prompt"": 32}"
ours,42,12,31,1,1,1,7.17,"{""h"": 5, ""path_router"": ""routers_e2e/llada_base__cm_clean.pt"", ""select_only_in_h"": true, ""step_refresh_remainder"": 8, ""step_refresh_remainder_prompt"": 32}"
ours,42,14,36,1,1,1,7.18,"{""h"": 5, ""path_router"": ""routers_e2e/llada_base__cm_clean.pt"", ""select_only_in_h"": true, ""step_refresh_remainder"": 8, ""step_refresh_remainder_prompt"": 32}"
ours,42,16,41,1,1,1,7.17,"{""h"": 5, ""path_router"": ""routers_e2e/llada_base__cm_clean.pt"", ""select_only_in_h"": true, ""step_refresh_remainder"": 8, ""step_refresh_remainder_prompt"": 32}"
ours,42,18,46,0,1,0,7.17,"{""h"": 5, ""path_router"": ""routers_e2e/llada_base__cm_clean.pt"", ""select_only_in_h"": true, ""step_refresh_remainder"": 8, ""step_refresh_remainder_prompt"": 32}"
ours,42,20,51,1,1,1,7.17,"{""h"": 5, ""path_router"": ""routers_e2e/llada_base__cm_clean.pt"", ""select_only_in_h"": true, ""step_refresh_remainder"": 8, ""step_refresh_remainder_prompt"": 32}"
ours,42,22,56,1,1,1,7.17,"{""h"": 5, ""path_router"": ""routers_e2e/llada_base__cm_clean.pt"", ""select_only_in_h"": true, ""step_refresh_remainder"": 8, ""step_refresh_remainder_prompt"": 32}"
ours,42,24,61,1,1,1,7.17,"{""h"": 5, ""path_router"": ""routers_e2e/llada_base__cm_clean.pt"", ""select_only_in_h"": true, ""step_refresh_remainder"": 8, ""step_refresh_remainder_prompt"": 32}"
ours,42,26,67,1,1,1,7.17,"{""h"": 5, ""path_router"": ""routers_e2e/llada_base__cm_clean.pt"", ""select_only_in_h"": true, ""step_refresh_remainder"": 8, ""step_refresh_remainder_prompt"": 32}"
ours,42,28,72,1,1,1,7.17,"{""h"": 5, ""path_router"": ""routers_e2e/llada_base__cm_clean.pt"", ""select_only_in_h"": true, ""step_refresh_remainder"": 8, ""step_refresh_remainder_prompt"": 32}"
ours,42,30,77,1,1,1,7.17,"{""h"": 5, ""path_router"": ""routers_e2e/llada_base__cm_clean.pt"", ""select_only_in_h"": true, ""step_refresh_remainder"": 8, ""step_refresh_remainder_prompt"": 32}"
ours,42,32,82,1,1,1,7.17,"{""h"": 5, ""path_router"": ""routers_e2e/llada_base__cm_clean.pt"", ""select_only_in_h"": true, ""step_refresh_remainder"": 8, ""step_refresh_remainder_prompt"": 32}"
ours,42,34,87,1,1,1,7.15,"{""h"": 5, ""path_router"": ""routers_e2e/llada_base__cm_clean.pt"", ""select_only_in_h"": true, ""step_refresh_remainder"": 8, ""step_refresh_remainder_prompt"": 32}"
ours,42,36,92,1,1,1,7.15,"{""h"": 5, ""path_router"": ""routers_e2e/llada_base__cm_clean.pt"", ""select_only_in_h"": true, ""step_refresh_remainder"": 8, ""step_refresh_remainder_prompt"": 32}"
ours,42,38,97,1,1,1,7.14,"{""h"": 5, ""path_router"": ""routers_e2e/llada_base__cm_clean.pt"", ""select_only_in_h"": true, ""step_refresh_remainder"": 8, ""step_refresh_remainder_prompt"": 32}"
ours,42,40,102,1,1,1,7.16,"{""h"": 5, ""path_router"": ""routers_e2e/llada_base__cm_clean.pt"", ""select_only_in_h"": true, ""step_refresh_remainder"": 8, ""step_refresh_remainder_prompt"": 32}"
ours,42,42,108,1,1,1,7.16,"{""h"": 5, ""path_router"": ""routers_e2e/llada_base__cm_clean.pt"", ""select_only_in_h"": true, ""step_refresh_remainder"": 8, ""step_refresh_remainder_prompt"": 32}"
ours,42,44,113,1,1,1,7.16,"{""h"": 5, ""path_router"": ""routers_e2e/llada_base__cm_clean.pt"", ""select_only_in_h"": true, ""step_refresh_remainder"": 8, ""step_refresh_remainder_prompt"": 32}"
ours,42,46,118,1,1,1,7.16,"{""h"": 5, ""path_router"": ""routers_e2e/llada_base__cm_clean.pt"", ""select_only_in_h"": true, ""step_refresh_remainder"": 8, ""step_refresh_remainder_prompt"": 32}"
ours,42,48,123,1,1,1,7.16,"{""h"": 5, ""path_router"": ""routers_e2e/llada_base__cm_clean.pt"", ""select_only_in_h"": true, ""step_refresh_remainder"": 8, ""step_refresh_remainder_prompt"": 32}"
ours,42,50,128,1,1,1,7.16,"{""h"": 5, ""path_router"": ""routers_e2e/llada_base__cm_clean.pt"", ""select_only_in_h"": true, ""step_refresh_remainder"": 8, ""step_refresh_remainder_prompt"": 32}"
ours,42,52,133,1,1,1,7.16,"{""h"": 5, ""path_router"": ""routers_e2e/llada_base__cm_clean.pt"", ""select_only_in_h"": true, ""step_refresh_remainder"": 8, ""step_refresh_remainder_prompt"": 32}"
ours,42,54,138,1,1,1,7.16,"{""h"": 5, ""path_router"": ""routers_e2e/llada_base__cm_clean.pt"", ""select_only_in_h"": true, ""step_refresh_remainder"": 8, ""step_refresh_remainder_prompt"": 32}"
ours,42,56,143,1,1,1,7.16,"{""h"": 5, ""path_router"": ""routers_e2e/llada_base__cm_clean.pt"", ""select_only_in_h"": true, ""step_refresh_remainder"": 8, ""step_refresh_remainder_prompt"": 32}"
ours,42,58,148,1,1,1,7.16,"{""h"": 5, ""path_router"": ""routers_e2e/llada_base__cm_clean.pt"", ""select_only_in_h"": true, ""step_refresh_remainder"": 8, ""step_refresh_remainder_prompt"": 32}"
ours,42,60,154,1,1,1,7.16,"{""h"": 5, ""path_router"": ""routers_e2e/llada_base__cm_clean.pt"", ""select_only_in_h"": true, ""step_refresh_remainder"": 8, ""step_refresh_remainder_prompt"": 32}"
ours,42,62,159,1,1,1,7.16,"{""h"": 5, ""path_router"": ""routers_e2e/llada_base__cm_clean.pt"", ""select_only_in_h"": true, ""step_refresh_remainder"": 8, ""step_refresh_remainder_prompt"": 32}"
ours,42,64,164,1,1,1,7.15,"{""h"": 5, ""path_router"": ""routers_e2e/llada_base__cm_clean.pt"", ""select_only_in_h"": true, ""step_refresh_remainder"": 8, ""step_refresh_remainder_prompt"": 32}"
ours,42,66,169,1,1,1,7.16,"{""h"": 5, ""path_router"": ""routers_e2e/llada_base__cm_clean.pt"", ""select_only_in_h"": true, ""step_refresh_remainder"": 8, ""step_refresh_remainder_prompt"": 32}"
ours,42,68,174,1,1,1,7.16,"{""h"": 5, ""path_router"": ""routers_e2e/llada_base__cm_clean.pt"", ""select_only_in_h"": true, ""step_refresh_remainder"": 8, ""step_refresh_remainder_prompt"": 32}"
ours,42,70,179,1,1,1,7.16,"{""h"": 5, ""path_router"": ""routers_e2e/llada_base__cm_clean.pt"", ""select_only_in_h"": true, ""step_refresh_remainder"": 8, ""step_refresh_remainder_prompt"": 32}"
ours,42,72,184,1,1,1,7.16,"{""h"": 5, ""path_router"": ""routers_e2e/llada_base__cm_clean.pt"", ""select_only_in_h"": true, ""step_refresh_remainder"": 8, ""step_refresh_remainder_prompt"": 32}"
ours,42,74,189,1,1,1,7.16,"{""h"": 5, ""path_router"": ""routers_e2e/llada_base__cm_clean.pt"", ""select_only_in_h"": true, ""step_refresh_remainder"": 8, ""step_refresh_remainder_prompt"": 32}"
ours,42,76,195,1,1,1,7.16,"{""h"": 5, ""path_router"": ""routers_e2e/llada_base__cm_clean.pt"", ""select_only_in_h"": true, ""step_refresh_remainder"": 8, ""step_refresh_remainder_prompt"": 32}"
ours,42,78,200,1,1,1,7.16,"{""h"": 5, ""path_router"": ""routers_e2e/llada_base__cm_clean.pt"", ""select_only_in_h"": true, ""step_refresh_remainder"": 8, ""step_refresh_remainder_prompt"": 32}"
ours,42,80,205,1,1,1,7.15,"{""h"": 5, ""path_router"": ""routers_e2e/llada_base__cm_clean.pt"", ""select_only_in_h"": true, ""step_refresh_remainder"": 8, ""step_refresh_remainder_prompt"": 32}"
ours,42,82,210,1,1,1,7.16,"{""h"": 5, ""path_router"": ""routers_e2e/llada_base__cm_clean.pt"", ""select_only_in_h"": true, ""step_refresh_remainder"": 8, ""step_refresh_remainder_prompt"": 32}"
ours,42,84,215,1,1,1,7.16,"{""h"": 5, ""path_router"": ""routers_e2e/llada_base__cm_clean.pt"", ""select_only_in_h"": true, ""step_refresh_remainder"": 8, ""step_refresh_remainder_prompt"": 32}"
ours,42,86,220,1,1,1,7.16,"{""h"": 5, ""path_router"": ""routers_e2e/llada_base__cm_clean.pt"", ""select_only_in_h"": true, ""step_refresh_remainder"": 8, ""step_refresh_remainder_prompt"": 32}"
ours,42,88,225,1,1,1,7.15,"{""h"": 5, ""path_router"": ""routers_e2e/llada_base__cm_clean.pt"", ""select_only_in_h"": true, ""step_refresh_remainder"": 8, ""step_refresh_remainder_prompt"": 32}"
ours,42,90,230,1,1,1,7.15,"{""h"": 5, ""path_router"": ""routers_e2e/llada_base__cm_clean.pt"", ""select_only_in_h"": true, ""step_refresh_remainder"": 8, ""step_refresh_remainder_prompt"": 32}"
ours,45,0,0,1,1,1,7.46,"{""h"": 5, ""path_router"": ""routers_e2e/llada_base__cm_clean.pt"", ""select_only_in_h"": true, ""step_refresh_remainder"": 8, ""step_refresh_remainder_prompt"": 32}"
ours,45,2,5,1,1,1,7.45,"{""h"": 5, ""path_router"": ""routers_e2e/llada_base__cm_clean.pt"", ""select_only_in_h"": true, ""step_refresh_remainder"": 8, ""step_refresh_remainder_prompt"": 32}"
ours,45,4,10,1,1,1,7.45,"{""h"": 5, ""path_router"": ""routers_e2e/llada_base__cm_clean.pt"", ""select_only_in_h"": true, ""step_refresh_remainder"": 8, ""step_refresh_remainder_prompt"": 32}"
ours,45,6,15,1,1,1,7.45,"{""h"": 5, ""path_router"": ""routers_e2e/llada_base__cm_clean.pt"", ""select_only_in_h"": true, ""step_refresh_remainder"": 8, ""step_refresh_remainder_prompt"": 32}"
ours,45,8,20,1,1,1,7.45,"{""h"": 5, ""path_router"": ""routers_e2e/llada_base__cm_clean.pt"", ""select_only_in_h"": true, ""step_refresh_remainder"": 8, ""step_refresh_remainder_prompt"": 32}"
ours,45,10,26,1,1,1,7.45,"{""h"": 5, ""path_router"": ""routers_e2e/llada_base__cm_clean.pt"", ""select_only_in_h"": true, ""step_refresh_remainder"": 8, ""step_refresh_remainder_prompt"": 32}"
ours,45,12,31,1,1,1,7.45,"{""h"": 5, ""path_router"": ""routers_e2e/llada_base__cm_clean.pt"", ""select_only_in_h"": true, ""step_refresh_remainder"": 8, ""step_refresh_remainder_prompt"": 32}"
ours,45,14,36,0,0,1,7.45,"{""h"": 5, ""path_router"": ""routers_e2e/llada_base__cm_clean.pt"", ""select_only_in_h"": true, ""step_refresh_remainder"": 8, ""step_refresh_remainder_prompt"": 32}"
ours,45,16,41,1,1,1,7.45,"{""h"": 5, ""path_router"": ""routers_e2e/llada_base__cm_clean.pt"", ""select_only_in_h"": true, ""step_refresh_remainder"": 8, ""step_refresh_remainder_prompt"": 32}"
ours,45,18,46,1,1,1,7.45,"{""h"": 5, ""path_router"": ""routers_e2e/llada_base__cm_clean.pt"", ""select_only_in_h"": true, ""step_refresh_remainder"": 8, ""step_refresh_remainder_prompt"": 32}"
ours,45,20,51,0,0,1,7.45,"{""h"": 5, ""path_router"": ""routers_e2e/llada_base__cm_clean.pt"", ""select_only_in_h"": true, ""step_refresh_remainder"": 8, ""step_refresh_remainder_prompt"": 32}"
ours,45,22,56,1,1,1,7.45,"{""h"": 5, ""path_router"": ""routers_e2e/llada_base__cm_clean.pt"", ""select_only_in_h"": true, ""step_refresh_remainder"": 8, ""step_refresh_remainder_prompt"": 32}"
ours,45,24,61,1,1,1,7.45,"{""h"": 5, ""path_router"": ""routers_e2e/llada_base__cm_clean.pt"", ""select_only_in_h"": true, ""step_refresh_remainder"": 8, ""step_refresh_remainder_prompt"": 32}"
ours,45,26,67,1,1,1,7.45,"{""h"": 5, ""path_router"": ""routers_e2e/llada_base__cm_clean.pt"", ""select_only_in_h"": true, ""step_refresh_remainder"": 8, ""step_refresh_remainder_prompt"": 32}"
ours,45,28,72,1,1,1,7.44,"{""h"": 5, ""path_router"": ""routers_e2e/llada_base__cm_clean.pt"", ""select_only_in_h"": true, ""step_refresh_remainder"": 8, ""step_refresh_remainder_prompt"": 32}"
ours,45,30,77,1,1,1,7.45,"{""h"": 5, ""path_router"": ""routers_e2e/llada_base__cm_clean.pt"", ""select_only_in_h"": true, ""step_refresh_remainder"": 8, ""step_refresh_remainder_prompt"": 32}"
ours,45,32,82,1,1,1,7.45,"{""h"": 5, ""path_router"": ""routers_e2e/llada_base__cm_clean.pt"", ""select_only_in_h"": true, ""step_refresh_remainder"": 8, ""step_refresh_remainder_prompt"": 32}"
ours,45,34,87,1,1,1,7.45,"{""h"": 5, ""path_router"": ""routers_e2e/llada_base__cm_clean.pt"", ""select_only_in_h"": true, ""step_refresh_remainder"": 8, ""step_refresh_remainder_prompt"": 32}"
ours,45,36,92,1,1,1,7.45,"{""h"": 5, ""path_router"": ""routers_e2e/llada_base__cm_clean.pt"", ""select_only_in_h"": true, ""step_refresh_remainder"": 8, ""step_refresh_remainder_prompt"": 32}"
ours,45,38,97,1,1,1,7.43,"{""h"": 5, ""path_router"": ""routers_e2e/llada_base__cm_clean.pt"", ""select_only_in_h"": true, ""step_refresh_remainder"": 8, ""step_refresh_remainder_prompt"": 32}"
ours,45,40,102,1,1,1,7.42,"{""h"": 5, ""path_router"": ""routers_e2e/llada_base__cm_clean.pt"", ""select_only_in_h"": true, ""step_refresh_remainder"": 8, ""step_refresh_remainder_prompt"": 32}"
ours,45,42,108,0,0,1,7.42,"{""h"": 5, ""path_router"": ""routers_e2e/llada_base__cm_clean.pt"", ""select_only_in_h"": true, ""step_refresh_remainder"": 8, ""step_refresh_remainder_prompt"": 32}"
ours,45,44,113,0,0,1,7.44,"{""h"": 5, ""path_router"": ""routers_e2e/llada_base__cm_clean.pt"", ""select_only_in_h"": true, ""step_refresh_remainder"": 8, ""step_refresh_remainder_prompt"": 32}"
ours,45,46,118,0,0,1,7.44,"{""h"": 5, ""path_router"": ""routers_e2e/llada_base__cm_clean.pt"", ""select_only_in_h"": true, ""step_refresh_remainder"": 8, ""step_refresh_remainder_prompt"": 32}"
ours,45,48,123,0,0,1,7.44,"{""h"": 5, ""path_router"": ""routers_e2e/llada_base__cm_clean.pt"", ""select_only_in_h"": true, ""step_refresh_remainder"": 8, ""step_refresh_remainder_prompt"": 32}"
ours,45,50,128,1,1,1,7.44,"{""h"": 5, ""path_router"": ""routers_e2e/llada_base__cm_clean.pt"", ""select_only_in_h"": true, ""step_refresh_remainder"": 8, ""step_refresh_remainder_prompt"": 32}"
ours,45,52,133,1,1,1,7.44,"{""h"": 5, ""path_router"": ""routers_e2e/llada_base__cm_clean.pt"", ""select_only_in_h"": true, ""step_refresh_remainder"": 8, ""step_refresh_remainder_prompt"": 32}"
ours,45,54,138,1,1,1,7.44,"{""h"": 5, ""path_router"": ""routers_e2e/llada_base__cm_clean.pt"", ""select_only_in_h"": true, ""step_refresh_remainder"": 8, ""step_refresh_remainder_prompt"": 32}"
ours,45,56,143,1,1,1,7.44,"{""h"": 5, ""path_router"": ""routers_e2e/llada_base__cm_clean.pt"", ""select_only_in_h"": true, ""step_refresh_remainder"": 8, ""step_refresh_remainder_prompt"": 32}"
ours,45,58,148,1,1,1,7.44,"{""h"": 5, ""path_router"": ""routers_e2e/llada_base__cm_clean.pt"", ""select_only_in_h"": true, ""step_refresh_remainder"": 8, ""step_refresh_remainder_prompt"": 32}"
ours,45,60,154,1,1,1,7.44,"{""h"": 5, ""path_router"": ""routers_e2e/llada_base__cm_clean.pt"", ""select_only_in_h"": true, ""step_refresh_remainder"": 8, ""step_refresh_remainder_prompt"": 32}"
ours,45,62,159,1,1,1,7.44,"{""h"": 5, ""path_router"": ""routers_e2e/llada_base__cm_clean.pt"", ""select_only_in_h"": true, ""step_refresh_remainder"": 8, ""step_refresh_remainder_prompt"": 32}"
ours,45,64,164,1,1,1,7.44,"{""h"": 5, ""path_router"": ""routers_e2e/llada_base__cm_clean.pt"", ""select_only_in_h"": true, ""step_refresh_remainder"": 8, ""step_refresh_remainder_prompt"": 32}"
ours,45,66,169,1,1,1,7.44,"{""h"": 5, ""path_router"": ""routers_e2e/llada_base__cm_clean.pt"", ""select_only_in_h"": true, ""step_refresh_remainder"": 8, ""step_refresh_remainder_prompt"": 32}"
ours,45,68,174,0,1,0,7.44,"{""h"": 5, ""path_router"": ""routers_e2e/llada_base__cm_clean.pt"", ""select_only_in_h"": true, ""step_refresh_remainder"": 8, ""step_refresh_remainder_prompt"": 32}"
ours,45,70,179,1,1,1,7.44,"{""h"": 5, ""path_router"": ""routers_e2e/llada_base__cm_clean.pt"", ""select_only_in_h"": true, ""step_refresh_remainder"": 8, ""step_refresh_remainder_prompt"": 32}"
ours,45,72,184,1,1,1,7.43,"{""h"": 5, ""path_router"": ""routers_e2e/llada_base__cm_clean.pt"", ""select_only_in_h"": true, ""step_refresh_remainder"": 8, ""step_refresh_remainder_prompt"": 32}"
ours,45,74,189,1,1,1,7.43,"{""h"": 5, ""path_router"": ""routers_e2e/llada_base__cm_clean.pt"", ""select_only_in_h"": true, ""step_refresh_remainder"": 8, ""step_refresh_remainder_prompt"": 32}"
ours,45,76,195,1,1,1,7.43,"{""h"": 5, ""path_router"": ""routers_e2e/llada_base__cm_clean.pt"", ""select_only_in_h"": true, ""step_refresh_remainder"": 8, ""step_refresh_remainder_prompt"": 32}"
ours,45,78,200,1,1,1,7.43,"{""h"": 5, ""path_router"": ""routers_e2e/llada_base__cm_clean.pt"", ""select_only_in_h"": true, ""step_refresh_remainder"": 8, ""step_refresh_remainder_prompt"": 32}"
ours,45,80,205,1,1,1,7.43,"{""h"": 5, ""path_router"": ""routers_e2e/llada_base__cm_clean.pt"", ""select_only_in_h"": true, ""step_refresh_remainder"": 8, ""step_refresh_remainder_prompt"": 32}"
ours,45,82,210,1,1,1,7.43,"{""h"": 5, ""path_router"": ""routers_e2e/llada_base__cm_clean.pt"", ""select_only_in_h"": true, ""step_refresh_remainder"": 8, ""step_refresh_remainder_prompt"": 32}"
ours,45,84,215,1,1,1,7.43,"{""h"": 5, ""path_router"": ""routers_e2e/llada_base__cm_clean.pt"", ""select_only_in_h"": true, ""step_refresh_remainder"": 8, ""step_refresh_remainder_prompt"": 32}"
ours,45,86,220,1,1,1,7.43,"{""h"": 5, ""path_router"": ""routers_e2e/llada_base__cm_clean.pt"", ""select_only_in_h"": true, ""step_refresh_remainder"": 8, ""step_refresh_remainder_prompt"": 32}"
ours,45,88,225,1,1,1,7.43,"{""h"": 5, ""path_router"": ""routers_e2e/llada_base__cm_clean.pt"", ""select_only_in_h"": true, ""step_refresh_remainder"": 8, ""step_refresh_remainder_prompt"": 32}"
ours,45,90,230,1,1,1,7.43,"{""h"": 5, ""path_router"": ""routers_e2e/llada_base__cm_clean.pt"", ""select_only_in_h"": true, ""step_refresh_remainder"": 8, ""step_refresh_remainder_prompt"": 32}"
ours,48,0,0,1,1,1,7.2,"{""h"": 5, ""path_router"": ""routers_e2e/llada_base__cm_clean.pt"", ""select_only_in_h"": true, ""step_refresh_remainder"": 8, ""step_refresh_remainder_prompt"": 32}"
ours,48,2,5,1,1,1,7.19,"{""h"": 5, ""path_router"": ""routers_e2e/llada_base__cm_clean.pt"", ""select_only_in_h"": true, ""step_refresh_remainder"": 8, ""step_refresh_remainder_prompt"": 32}"
ours,48,4,10,1,1,1,7.19,"{""h"": 5, ""path_router"": ""routers_e2e/llada_base__cm_clean.pt"", ""select_only_in_h"": true, ""step_refresh_remainder"": 8, ""step_refresh_remainder_prompt"": 32}"
ours,48,6,15,1,1,1,7.18,"{""h"": 5, ""path_router"": ""routers_e2e/llada_base__cm_clean.pt"", ""select_only_in_h"": true, ""step_refresh_remainder"": 8, ""step_refresh_remainder_prompt"": 32}"
ours,48,8,20,1,1,1,7.18,"{""h"": 5, ""path_router"": ""routers_e2e/llada_base__cm_clean.pt"", ""select_only_in_h"": true, ""step_refresh_remainder"": 8, ""step_refresh_remainder_prompt"": 32}"
ours,48,10,26,1,1,1,7.17,"{""h"": 5, ""path_router"": ""routers_e2e/llada_base__cm_clean.pt"", ""select_only_in_h"": true, ""step_refresh_remainder"": 8, ""step_refresh_remainder_prompt"": 32}"
ours,48,12,31,1,1,1,7.17,"{""h"": 5, ""path_router"": ""routers_e2e/llada_base__cm_clean.pt"", ""select_only_in_h"": true, ""step_refresh_remainder"": 8, ""step_refresh_remainder_prompt"": 32}"
ours,48,14,36,1,1,1,7.18,"{""h"": 5, ""path_router"": ""routers_e2e/llada_base__cm_clean.pt"", ""select_only_in_h"": true, ""step_refresh_remainder"": 8, ""step_refresh_remainder_prompt"": 32}"
ours,48,16,41,1,1,1,7.17,"{""h"": 5, ""path_router"": ""routers_e2e/llada_base__cm_clean.pt"", ""select_only_in_h"": true, ""step_refresh_remainder"": 8, ""step_refresh_remainder_prompt"": 32}"
ours,48,18,46,1,1,1,7.18,"{""h"": 5, ""path_router"": ""routers_e2e/llada_base__cm_clean.pt"", ""select_only_in_h"": true, ""step_refresh_remainder"": 8, ""step_refresh_remainder_prompt"": 32}"
ours,48,20,51,1,1,1,7.19,"{""h"": 5, ""path_router"": ""routers_e2e/llada_base__cm_clean.pt"", ""select_only_in_h"": true, ""step_refresh_remainder"": 8, ""step_refresh_remainder_prompt"": 32}"
ours,48,22,56,1,1,1,7.19,"{""h"": 5, ""path_router"": ""routers_e2e/llada_base__cm_clean.pt"", ""select_only_in_h"": true, ""step_refresh_remainder"": 8, ""step_refresh_remainder_prompt"": 32}"
ours,48,24,61,1,1,1,7.18,"{""h"": 5, ""path_router"": ""routers_e2e/llada_base__cm_clean.pt"", ""select_only_in_h"": true, ""step_refresh_remainder"": 8, ""step_refresh_remainder_prompt"": 32}"
ours,48,26,67,1,1,1,7.18,"{""h"": 5, ""path_router"": ""routers_e2e/llada_base__cm_clean.pt"", ""select_only_in_h"": true, ""step_refresh_remainder"": 8, ""step_refresh_remainder_prompt"": 32}"
ours,48,28,72,1,1,1,7.18,"{""h"": 5, ""path_router"": ""routers_e2e/llada_base__cm_clean.pt"", ""select_only_in_h"": true, ""step_refresh_remainder"": 8, ""step_refresh_remainder_prompt"": 32}"
ours,48,30,77,1,1,1,7.18,"{""h"": 5, ""path_router"": ""routers_e2e/llada_base__cm_clean.pt"", ""select_only_in_h"": true, ""step_refresh_remainder"": 8, ""step_refresh_remainder_prompt"": 32}"
ours,48,32,82,1,1,1,7.18,"{""h"": 5, ""path_router"": ""routers_e2e/llada_base__cm_clean.pt"", ""select_only_in_h"": true, ""step_refresh_remainder"": 8, ""step_refresh_remainder_prompt"": 32}"
ours,48,34,87,1,1,1,7.18,"{""h"": 5, ""path_router"": ""routers_e2e/llada_base__cm_clean.pt"", ""select_only_in_h"": true, ""step_refresh_remainder"": 8, ""step_refresh_remainder_prompt"": 32}"
ours,48,36,92,1,1,1,7.18,"{""h"": 5, ""path_router"": ""routers_e2e/llada_base__cm_clean.pt"", ""select_only_in_h"": true, ""step_refresh_remainder"": 8, ""step_refresh_remainder_prompt"": 32}"
ours,48,38,97,1,1,1,7.18,"{""h"": 5, ""path_router"": ""routers_e2e/llada_base__cm_clean.pt"", ""select_only_in_h"": true, ""step_refresh_remainder"": 8, ""step_refresh_remainder_prompt"": 32}"
ours,48,40,102,1,1,1,7.18,"{""h"": 5, ""path_router"": ""routers_e2e/llada_base__cm_clean.pt"", ""select_only_in_h"": true, ""step_refresh_remainder"": 8, ""step_refresh_remainder_prompt"": 32}"
ours,48,42,108,1,1,1,7.18,"{""h"": 5, ""path_router"": ""routers_e2e/llada_base__cm_clean.pt"", ""select_only_in_h"": true, ""step_refresh_remainder"": 8, ""step_refresh_remainder_prompt"": 32}"
ours,48,44,113,1,1,1,7.18,"{""h"": 5, ""path_router"": ""routers_e2e/llada_base__cm_clean.pt"", ""select_only_in_h"": true, ""step_refresh_remainder"": 8, ""step_refresh_remainder_prompt"": 32}"
ours,48,46,118,1,1,1,7.17,"{""h"": 5, ""path_router"": ""routers_e2e/llada_base__cm_clean.pt"", ""select_only_in_h"": true, ""step_refresh_remainder"": 8, ""step_refresh_remainder_prompt"": 32}"
ours,48,48,123,1,1,1,7.17,"{""h"": 5, ""path_router"": ""routers_e2e/llada_base__cm_clean.pt"", ""select_only_in_h"": true, ""step_refresh_remainder"": 8, ""step_refresh_remainder_prompt"": 32}"
ours,48,50,128,1,1,1,7.18,"{""h"": 5, ""path_router"": ""routers_e2e/llada_base__cm_clean.pt"", ""select_only_in_h"": true, ""step_refresh_remainder"": 8, ""step_refresh_remainder_prompt"": 32}"
ours,48,52,133,1,1,1,7.17,"{""h"": 5, ""path_router"": ""routers_e2e/llada_base__cm_clean.pt"", ""select_only_in_h"": true, ""step_refresh_remainder"": 8, ""step_refresh_remainder_prompt"": 32}"
ours,48,54,138,1,1,1,7.17,"{""h"": 5, ""path_router"": ""routers_e2e/llada_base__cm_clean.pt"", ""select_only_in_h"": true, ""step_refresh_remainder"": 8, ""step_refresh_remainder_prompt"": 32}"
ours,48,56,143,1,1,1,7.15,"{""h"": 5, ""path_router"": ""routers_e2e/llada_base__cm_clean.pt"", ""select_only_in_h"": true, ""step_refresh_remainder"": 8, ""step_refresh_remainder_prompt"": 32}"
ours,48,58,148,1,1,1,7.15,"{""h"": 5, ""path_router"": ""routers_e2e/llada_base__cm_clean.pt"", ""select_only_in_h"": true, ""step_refresh_remainder"": 8, ""step_refresh_remainder_prompt"": 32}"
ours,48,60,154,1,1,1,7.15,"{""h"": 5, ""path_router"": ""routers_e2e/llada_base__cm_clean.pt"", ""select_only_in_h"": true, ""step_refresh_remainder"": 8, ""step_refresh_remainder_prompt"": 32}"
ours,48,62,159,1,1,1,7.15,"{""h"": 5, ""path_router"": ""routers_e2e/llada_base__cm_clean.pt"", ""select_only_in_h"": true, ""step_refresh_remainder"": 8, ""step_refresh_remainder_prompt"": 32}"
ours,48,64,164,1,1,1,7.15,"{""h"": 5, ""path_router"": ""routers_e2e/llada_base__cm_clean.pt"", ""select_only_in_h"": true, ""step_refresh_remainder"": 8, ""step_refresh_remainder_prompt"": 32}"
ours,48,66,169,1,1,1,7.14,"{""h"": 5, ""path_router"": ""routers_e2e/llada_base__cm_clean.pt"", ""select_only_in_h"": true, ""step_refresh_remainder"": 8, ""step_refresh_remainder_prompt"": 32}"
ours,48,68,174,1,1,1,7.15,"{""h"": 5, ""path_router"": ""routers_e2e/llada_base__cm_clean.pt"", ""select_only_in_h"": true, ""step_refresh_remainder"": 8, ""step_refresh_remainder_prompt"": 32}"
ours,48,70,179,1,1,1,7.15,"{""h"": 5, ""path_router"": ""routers_e2e/llada_base__cm_clean.pt"", ""select_only_in_h"": true, ""step_refresh_remainder"": 8, ""step_refresh_remainder_prompt"": 32}"
ours,48,72,184,1,1,1,7.15,"{""h"": 5, ""path_router"": ""routers_e2e/llada_base__cm_clean.pt"", ""select_only_in_h"": true, ""step_refresh_remainder"": 8, ""step_refresh_remainder_prompt"": 32}"
ours,48,74,189,1,1,1,7.15,"{""h"": 5, ""path_router"": ""routers_e2e/llada_base__cm_clean.pt"", ""select_only_in_h"": true, ""step_refresh_remainder"": 8, ""step_refresh_remainder_prompt"": 32}"
ours,48,76,195,1,1,1,7.15,"{""h"": 5, ""path_router"": ""routers_e2e/llada_base__cm_clean.pt"", ""select_only_in_h"": true, ""step_refresh_remainder"": 8, ""step_refresh_remainder_prompt"": 32}"
ours,48,78,200,1,1,1,7.15,"{""h"": 5, ""path_router"": ""routers_e2e/llada_base__cm_clean.pt"", ""select_only_in_h"": true, ""step_refresh_remainder"": 8, ""step_refresh_remainder_prompt"": 32}"
ours,48,80,205,1,1,1,7.15,"{""h"": 5, ""path_router"": ""routers_e2e/llada_base__cm_clean.pt"", ""select_only_in_h"": true, ""step_refresh_remainder"": 8, ""step_refresh_remainder_prompt"": 32}"
ours,48,82,210,1,1,1,7.15,"{""h"": 5, ""path_router"": ""routers_e2e/llada_base__cm_clean.pt"", ""select_only_in_h"": true, ""step_refresh_remainder"": 8, ""step_refresh_remainder_prompt"": 32}"
ours,48,84,215,1,1,1,7.17,"{""h"": 5, ""path_router"": ""routers_e2e/llada_base__cm_clean.pt"", ""select_only_in_h"": true, ""step_refresh_remainder"": 8, ""step_refresh_remainder_prompt"": 32}"
ours,48,86,220,1,1,1,7.16,"{""h"": 5, ""path_router"": ""routers_e2e/llada_base__cm_clean.pt"", ""select_only_in_h"": true, ""step_refresh_remainder"": 8, ""step_refresh_remainder_prompt"": 32}"
ours,48,88,225,1,1,1,7.17,"{""h"": 5, ""path_router"": ""routers_e2e/llada_base__cm_clean.pt"", ""select_only_in_h"": true, ""step_refresh_remainder"": 8, ""step_refresh_remainder_prompt"": 32}"
ours,48,90,230,1,1,1,7.15,"{""h"": 5, ""path_router"": ""routers_e2e/llada_base__cm_clean.pt"", ""select_only_in_h"": true, ""step_refresh_remainder"": 8, ""step_refresh_remainder_prompt"": 32}"
ours,49,0,0,1,1,1,7.25,"{""h"": 5, ""path_router"": ""routers_e2e/llada_base__cm_clean.pt"", ""select_only_in_h"": true, ""step_refresh_remainder"": 8, ""step_refresh_remainder_prompt"": 32}"
ours,49,2,5,1,1,1,7.24,"{""h"": 5, ""path_router"": ""routers_e2e/llada_base__cm_clean.pt"", ""select_only_in_h"": true, ""step_refresh_remainder"": 8, ""step_refresh_remainder_prompt"": 32}"
ours,49,4,10,1,1,1,7.25,"{""h"": 5, ""path_router"": ""routers_e2e/llada_base__cm_clean.pt"", ""select_only_in_h"": true, ""step_refresh_remainder"": 8, ""step_refresh_remainder_prompt"": 32}"
ours,49,6,15,1,1,1,7.25,"{""h"": 5, ""path_router"": ""routers_e2e/llada_base__cm_clean.pt"", ""select_only_in_h"": true, ""step_refresh_remainder"": 8, ""step_refresh_remainder_prompt"": 32}"
ours,49,8,20,1,1,1,7.26,"{""h"": 5, ""path_router"": ""routers_e2e/llada_base__cm_clean.pt"", ""select_only_in_h"": true, ""step_refresh_remainder"": 8, ""step_refresh_remainder_prompt"": 32}"
ours,49,10,26,1,1,1,7.25,"{""h"": 5, ""path_router"": ""routers_e2e/llada_base__cm_clean.pt"", ""select_only_in_h"": true, ""step_refresh_remainder"": 8, ""step_refresh_remainder_prompt"": 32}"
ours,49,12,31,1,1,1,7.25,"{""h"": 5, ""path_router"": ""routers_e2e/llada_base__cm_clean.pt"", ""select_only_in_h"": true, ""step_refresh_remainder"": 8, ""step_refresh_remainder_prompt"": 32}"
ours,49,14,36,1,1,1,7.25,"{""h"": 5, ""path_router"": ""routers_e2e/llada_base__cm_clean.pt"", ""select_only_in_h"": true, ""step_refresh_remainder"": 8, ""step_refresh_remainder_prompt"": 32}"
ours,49,16,41,1,1,1,7.24,"{""h"": 5, ""path_router"": ""routers_e2e/llada_base__cm_clean.pt"", ""select_only_in_h"": true, ""step_refresh_remainder"": 8, ""step_refresh_remainder_prompt"": 32}"
ours,49,18,46,1,1,1,7.24,"{""h"": 5, ""path_router"": ""routers_e2e/llada_base__cm_clean.pt"", ""select_only_in_h"": true, ""step_refresh_remainder"": 8, ""step_refresh_remainder_prompt"": 32}"
ours,49,20,51,1,1,1,7.24,"{""h"": 5, ""path_router"": ""routers_e2e/llada_base__cm_clean.pt"", ""select_only_in_h"": true, ""step_refresh_remainder"": 8, ""step_refresh_remainder_prompt"": 32}"
ours,49,22,56,1,1,1,7.24,"{""h"": 5, ""path_router"": ""routers_e2e/llada_base__cm_clean.pt"", ""select_only_in_h"": true, ""step_refresh_remainder"": 8, ""step_refresh_remainder_prompt"": 32}"
ours,49,24,61,1,1,1,7.26,"{""h"": 5, ""path_router"": ""routers_e2e/llada_base__cm_clean.pt"", ""select_only_in_h"": true, ""step_refresh_remainder"": 8, ""step_refresh_remainder_prompt"": 32}"
ours,49,26,67,1,1,1,7.26,"{""h"": 5, ""path_router"": ""routers_e2e/llada_base__cm_clean.pt"", ""select_only_in_h"": true, ""step_refresh_remainder"": 8, ""step_refresh_remainder_prompt"": 32}"
ours,49,28,72,1,1,1,7.26,"{""h"": 5, ""path_router"": ""routers_e2e/llada_base__cm_clean.pt"", ""select_only_in_h"": true, ""step_refresh_remainder"": 8, ""step_refresh_remainder_prompt"": 32}"
ours,49,30,77,1,1,1,7.25,"{""h"": 5, ""path_router"": ""routers_e2e/llada_base__cm_clean.pt"", ""select_only_in_h"": true, ""step_refresh_remainder"": 8, ""step_refresh_remainder_prompt"": 32}"
ours,49,32,82,1,1,1,7.26,"{""h"": 5, ""path_router"": ""routers_e2e/llada_base__cm_clean.pt"", ""select_only_in_h"": true, ""step_refresh_remainder"": 8, ""step_refresh_remainder_prompt"": 32}"
ours,49,34,87,1,1,1,7.26,"{""h"": 5, ""path_router"": ""routers_e2e/llada_base__cm_clean.pt"", ""select_only_in_h"": true, ""step_refresh_remainder"": 8, ""step_refresh_remainder_prompt"": 32}"
ours,49,36,92,1,1,1,7.25,"{""h"": 5, ""path_router"": ""routers_e2e/llada_base__cm_clean.pt"", ""select_only_in_h"": true, ""step_refresh_remainder"": 8, ""step_refresh_remainder_prompt"": 32}"
ours,49,38,97,1,1,1,7.25,"{""h"": 5, ""path_router"": ""routers_e2e/llada_base__cm_clean.pt"", ""select_only_in_h"": true, ""step_refresh_remainder"": 8, ""step_refresh_remainder_prompt"": 32}"
ours,49,40,102,1,1,1,7.26,"{""h"": 5, ""path_router"": ""routers_e2e/llada_base__cm_clean.pt"", ""select_only_in_h"": true, ""step_refresh_remainder"": 8, ""step_refresh_remainder_prompt"": 32}"
ours,49,42,108,1,1,1,7.25,"{""h"": 5, ""path_router"": ""routers_e2e/llada_base__cm_clean.pt"", ""select_only_in_h"": true, ""step_refresh_remainder"": 8, ""step_refresh_remainder_prompt"": 32}"
ours,49,44,113,1,1,1,7.25,"{""h"": 5, ""path_router"": ""routers_e2e/llada_base__cm_clean.pt"", ""select_only_in_h"": true, ""step_refresh_remainder"": 8, ""step_refresh_remainder_prompt"": 32}"
ours,49,46,118,1,1,1,7.25,"{""h"": 5, ""path_router"": ""routers_e2e/llada_base__cm_clean.pt"", ""select_only_in_h"": true, ""step_refresh_remainder"": 8, ""step_refresh_remainder_prompt"": 32}"
ours,49,48,123,1,1,1,7.25,"{""h"": 5, ""path_router"": ""routers_e2e/llada_base__cm_clean.pt"", ""select_only_in_h"": true, ""step_refresh_remainder"": 8, ""step_refresh_remainder_prompt"": 32}"
ours,49,50,128,1,1,1,7.25,"{""h"": 5, ""path_router"": ""routers_e2e/llada_base__cm_clean.pt"", ""select_only_in_h"": true, ""step_refresh_remainder"": 8, ""step_refresh_remainder_prompt"": 32}"
ours,49,52,133,1,1,1,7.25,"{""h"": 5, ""path_router"": ""routers_e2e/llada_base__cm_clean.pt"", ""select_only_in_h"": true, ""step_refresh_remainder"": 8, ""step_refresh_remainder_prompt"": 32}"
ours,49,54,138,1,1,1,7.25,"{""h"": 5, ""path_router"": ""routers_e2e/llada_base__cm_clean.pt"", ""select_only_in_h"": true, ""step_refresh_remainder"": 8, ""step_refresh_remainder_prompt"": 32}"
ours,49,56,143,1,1,1,7.25,"{""h"": 5, ""path_router"": ""routers_e2e/llada_base__cm_clean.pt"", ""select_only_in_h"": true, ""step_refresh_remainder"": 8, ""step_refresh_remainder_prompt"": 32}"
ours,49,58,148,1,1,1,7.25,"{""h"": 5, ""path_router"": ""routers_e2e/llada_base__cm_clean.pt"", ""select_only_in_h"": true, ""step_refresh_remainder"": 8, ""step_refresh_remainder_prompt"": 32}"
ours,49,60,154,1,1,1,7.25,"{""h"": 5, ""path_router"": ""routers_e2e/llada_base__cm_clean.pt"", ""select_only_in_h"": true, ""step_refresh_remainder"": 8, ""step_refresh_remainder_prompt"": 32}"
ours,49,62,159,1,1,1,7.25,"{""h"": 5, ""path_router"": ""routers_e2e/llada_base__cm_clean.pt"", ""select_only_in_h"": true, ""step_refresh_remainder"": 8, ""step_refresh_remainder_prompt"": 32}"
ours,49,64,164,1,1,1,7.25,"{""h"": 5, ""path_router"": ""routers_e2e/llada_base__cm_clean.pt"", ""select_only_in_h"": true, ""step_refresh_remainder"": 8, ""step_refresh_remainder_prompt"": 32}"
ours,49,66,169,1,1,1,7.25,"{""h"": 5, ""path_router"": ""routers_e2e/llada_base__cm_clean.pt"", ""select_only_in_h"": true, ""step_refresh_remainder"": 8, ""step_refresh_remainder_prompt"": 32}"
ours,49,68,174,1,1,1,7.25,"{""h"": 5, ""path_router"": ""routers_e2e/llada_base__cm_clean.pt"", ""select_only_in_h"": true, ""step_refresh_remainder"": 8, ""step_refresh_remainder_prompt"": 32}"
ours,49,70,179,1,1,1,7.25,"{""h"": 5, ""path_router"": ""routers_e2e/llada_base__cm_clean.pt"", ""select_only_in_h"": true, ""step_refresh_remainder"": 8, ""step_refresh_remainder_prompt"": 32}"
ours,49,72,184,1,1,1,7.25,"{""h"": 5, ""path_router"": ""routers_e2e/llada_base__cm_clean.pt"", ""select_only_in_h"": true, ""step_refresh_remainder"": 8, ""step_refresh_remainder_prompt"": 32}"
ours,49,74,189,1,1,1,7.24,"{""h"": 5, ""path_router"": ""routers_e2e/llada_base__cm_clean.pt"", ""select_only_in_h"": true, ""step_refresh_remainder"": 8, ""step_refresh_remainder_prompt"": 32}"
ours,49,76,195,1,1,1,7.24,"{""h"": 5, ""path_router"": ""routers_e2e/llada_base__cm_clean.pt"", ""select_only_in_h"": true, ""step_refresh_remainder"": 8, ""step_refresh_remainder_prompt"": 32}"
ours,49,78,200,1,1,1,7.25,"{""h"": 5, ""path_router"": ""routers_e2e/llada_base__cm_clean.pt"", ""select_only_in_h"": true, ""step_refresh_remainder"": 8, ""step_refresh_remainder_prompt"": 32}"
ours,49,80,205,1,1,1,7.25,"{""h"": 5, ""path_router"": ""routers_e2e/llada_base__cm_clean.pt"", ""select_only_in_h"": true, ""step_refresh_remainder"": 8, ""step_refresh_remainder_prompt"": 32}"
ours,49,82,210,1,1,1,7.26,"{""h"": 5, ""path_router"": ""routers_e2e/llada_base__cm_clean.pt"", ""select_only_in_h"": true, ""step_refresh_remainder"": 8, ""step_refresh_remainder_prompt"": 32}"
ours,49,84,215,1,1,1,7.25,"{""h"": 5, ""path_router"": ""routers_e2e/llada_base__cm_clean.pt"", ""select_only_in_h"": true, ""step_refresh_remainder"": 8, ""step_refresh_remainder_prompt"": 32}"
ours,49,86,220,1,1,1,7.25,"{""h"": 5, ""path_router"": ""routers_e2e/llada_base__cm_clean.pt"", ""select_only_in_h"": true, ""step_refresh_remainder"": 8, ""step_refresh_remainder_prompt"": 32}"
ours,49,88,225,1,1,1,7.25,"{""h"": 5, ""path_router"": ""routers_e2e/llada_base__cm_clean.pt"", ""select_only_in_h"": true, ""step_refresh_remainder"": 8, ""step_refresh_remainder_prompt"": 32}"
ours,49,90,230,1,1,1,7.25,"{""h"": 5, ""path_router"": ""routers_e2e/llada_base__cm_clean.pt"", ""select_only_in_h"": true, ""step_refresh_remainder"": 8, ""step_refresh_remainder_prompt"": 32}"
ours,50,0,0,1,1,1,7.26,"{""h"": 5, ""path_router"": ""routers_e2e/llada_base__cm_clean.pt"", ""select_only_in_h"": true, ""step_refresh_remainder"": 8, ""step_refresh_remainder_prompt"": 32}"
ours,50,2,5,1,1,1,7.25,"{""h"": 5, ""path_router"": ""routers_e2e/llada_base__cm_clean.pt"", ""select_only_in_h"": true, ""step_refresh_remainder"": 8, ""step_refresh_remainder_prompt"": 32}"
ours,50,4,10,1,1,1,7.25,"{""h"": 5, ""path_router"": ""routers_e2e/llada_base__cm_clean.pt"", ""select_only_in_h"": true, ""step_refresh_remainder"": 8, ""step_refresh_remainder_prompt"": 32}"
ours,50,6,15,0,0,1,7.25,"{""h"": 5, ""path_router"": ""routers_e2e/llada_base__cm_clean.pt"", ""select_only_in_h"": true, ""step_refresh_remainder"": 8, ""step_refresh_remainder_prompt"": 32}"
ours,50,8,20,1,1,1,7.24,"{""h"": 5, ""path_router"": ""routers_e2e/llada_base__cm_clean.pt"", ""select_only_in_h"": true, ""step_refresh_remainder"": 8, ""step_refresh_remainder_prompt"": 32}"
ours,50,10,26,0,0,1,7.25,"{""h"": 5, ""path_router"": ""routers_e2e/llada_base__cm_clean.pt"", ""select_only_in_h"": true, ""step_refresh_remainder"": 8, ""step_refresh_remainder_prompt"": 32}"
ours,50,12,31,0,0,1,7.25,"{""h"": 5, ""path_router"": ""routers_e2e/llada_base__cm_clean.pt"", ""select_only_in_h"": true, ""step_refresh_remainder"": 8, ""step_refresh_remainder_prompt"": 32}"
ours,50,14,36,1,1,1,7.25,"{""h"": 5, ""path_router"": ""routers_e2e/llada_base__cm_clean.pt"", ""select_only_in_h"": true, ""step_refresh_remainder"": 8, ""step_refresh_remainder_prompt"": 32}"
ours,50,16,41,0,0,1,7.25,"{""h"": 5, ""path_router"": ""routers_e2e/llada_base__cm_clean.pt"", ""select_only_in_h"": true, ""step_refresh_remainder"": 8, ""step_refresh_remainder_prompt"": 32}"
ours,50,18,46,0,0,1,7.25,"{""h"": 5, ""path_router"": ""routers_e2e/llada_base__cm_clean.pt"", ""select_only_in_h"": true, ""step_refresh_remainder"": 8, ""step_refresh_remainder_prompt"": 32}"
ours,50,20,51,0,0,1,7.25,"{""h"": 5, ""path_router"": ""routers_e2e/llada_base__cm_clean.pt"", ""select_only_in_h"": true, ""step_refresh_remainder"": 8, ""step_refresh_remainder_prompt"": 32}"
ours,50,22,56,1,1,1,7.25,"{""h"": 5, ""path_router"": ""routers_e2e/llada_base__cm_clean.pt"", ""select_only_in_h"": true, ""step_refresh_remainder"": 8, ""step_refresh_remainder_prompt"": 32}"
ours,50,24,61,1,1,1,7.25,"{""h"": 5, ""path_router"": ""routers_e2e/llada_base__cm_clean.pt"", ""select_only_in_h"": true, ""step_refresh_remainder"": 8, ""step_refresh_remainder_prompt"": 32}"
ours,50,26,67,1,1,1,7.24,"{""h"": 5, ""path_router"": ""routers_e2e/llada_base__cm_clean.pt"", ""select_only_in_h"": true, ""step_refresh_remainder"": 8, ""step_refresh_remainder_prompt"": 32}"
ours,50,28,72,1,1,1,7.25,"{""h"": 5, ""path_router"": ""routers_e2e/llada_base__cm_clean.pt"", ""select_only_in_h"": true, ""step_refresh_remainder"": 8, ""step_refresh_remainder_prompt"": 32}"
ours,50,30,77,1,1,1,7.25,"{""h"": 5, ""path_router"": ""routers_e2e/llada_base__cm_clean.pt"", ""select_only_in_h"": true, ""step_refresh_remainder"": 8, ""step_refresh_remainder_prompt"": 32}"
ours,50,32,82,1,1,1,7.25,"{""h"": 5, ""path_router"": ""routers_e2e/llada_base__cm_clean.pt"", ""select_only_in_h"": true, ""step_refresh_remainder"": 8, ""step_refresh_remainder_prompt"": 32}"
ours,50,34,87,1,1,1,7.24,"{""h"": 5, ""path_router"": ""routers_e2e/llada_base__cm_clean.pt"", ""select_only_in_h"": true, ""step_refresh_remainder"": 8, ""step_refresh_remainder_prompt"": 32}"
ours,50,36,92,1,1,1,7.24,"{""h"": 5, ""path_router"": ""routers_e2e/llada_base__cm_clean.pt"", ""select_only_in_h"": true, ""step_refresh_remainder"": 8, ""step_refresh_remainder_prompt"": 32}"
ours,50,38,97,1,1,1,7.24,"{""h"": 5, ""path_router"": ""routers_e2e/llada_base__cm_clean.pt"", ""select_only_in_h"": true, ""step_refresh_remainder"": 8, ""step_refresh_remainder_prompt"": 32}"
ours,50,40,102,1,1,1,7.25,"{""h"": 5, ""path_router"": ""routers_e2e/llada_base__cm_clean.pt"", ""select_only_in_h"": true, ""step_refresh_remainder"": 8, ""step_refresh_remainder_prompt"": 32}"
ours,50,42,108,1,1,1,7.24,"{""h"": 5, ""path_router"": ""routers_e2e/llada_base__cm_clean.pt"", ""select_only_in_h"": true, ""step_refresh_remainder"": 8, ""step_refresh_remainder_prompt"": 32}"
ours,50,44,113,1,1,1,7.24,"{""h"": 5, ""path_router"": ""routers_e2e/llada_base__cm_clean.pt"", ""select_only_in_h"": true, ""step_refresh_remainder"": 8, ""step_refresh_remainder_prompt"": 32}"
ours,50,46,118,1,1,1,7.24,"{""h"": 5, ""path_router"": ""routers_e2e/llada_base__cm_clean.pt"", ""select_only_in_h"": true, ""step_refresh_remainder"": 8, ""step_refresh_remainder_prompt"": 32}"
ours,50,48,123,1,1,1,7.24,"{""h"": 5, ""path_router"": ""routers_e2e/llada_base__cm_clean.pt"", ""select_only_in_h"": true, ""step_refresh_remainder"": 8, ""step_refresh_remainder_prompt"": 32}"
ours,50,50,128,1,1,1,7.24,"{""h"": 5, ""path_router"": ""routers_e2e/llada_base__cm_clean.pt"", ""select_only_in_h"": true, ""step_refresh_remainder"": 8, ""step_refresh_remainder_prompt"": 32}"
ours,50,52,133,1,1,1,7.25,"{""h"": 5, ""path_router"": ""routers_e2e/llada_base__cm_clean.pt"", ""select_only_in_h"": true, ""step_refresh_remainder"": 8, ""step_refresh_remainder_prompt"": 32}"
ours,50,54,138,1,1,1,7.25,"{""h"": 5, ""path_router"": ""routers_e2e/llada_base__cm_clean.pt"", ""select_only_in_h"": true, ""step_refresh_remainder"": 8, ""step_refresh_remainder_prompt"": 32}"
ours,50,56,143,1,1,1,7.24,"{""h"": 5, ""path_router"": ""routers_e2e/llada_base__cm_clean.pt"", ""select_only_in_h"": true, ""step_refresh_remainder"": 8, ""step_refresh_remainder_prompt"": 32}"
ours,50,58,148,1,1,1,7.24,"{""h"": 5, ""path_router"": ""routers_e2e/llada_base__cm_clean.pt"", ""select_only_in_h"": true, ""step_refresh_remainder"": 8, ""step_refresh_remainder_prompt"": 32}"
ours,50,60,154,1,1,1,7.24,"{""h"": 5, ""path_router"": ""routers_e2e/llada_base__cm_clean.pt"", ""select_only_in_h"": true, ""step_refresh_remainder"": 8, ""step_refresh_remainder_prompt"": 32}"
ours,50,62,159,1,1,1,7.24,"{""h"": 5, ""path_router"": ""routers_e2e/llada_base__cm_clean.pt"", ""select_only_in_h"": true, ""step_refresh_remainder"": 8, ""step_refresh_remainder_prompt"": 32}"
ours,50,64,164,1,1,1,7.24,"{""h"": 5, ""path_router"": ""routers_e2e/llada_base__cm_clean.pt"", ""select_only_in_h"": true, ""step_refresh_remainder"": 8, ""step_refresh_remainder_prompt"": 32}"
ours,50,66,169,1,1,1,7.24,"{""h"": 5, ""path_router"": ""routers_e2e/llada_base__cm_clean.pt"", ""select_only_in_h"": true, ""step_refresh_remainder"": 8, ""step_refresh_remainder_prompt"": 32}"
ours,50,68,174,1,1,1,7.24,"{""h"": 5, ""path_router"": ""routers_e2e/llada_base__cm_clean.pt"", ""select_only_in_h"": true, ""step_refresh_remainder"": 8, ""step_refresh_remainder_prompt"": 32}"
ours,50,70,179,1,1,1,7.24,"{""h"": 5, ""path_router"": ""routers_e2e/llada_base__cm_clean.pt"", ""select_only_in_h"": true, ""step_refresh_remainder"": 8, ""step_refresh_remainder_prompt"": 32}"
ours,50,72,184,1,1,1,7.24,"{""h"": 5, ""path_router"": ""routers_e2e/llada_base__cm_clean.pt"", ""select_only_in_h"": true, ""step_refresh_remainder"": 8, ""step_refresh_remainder_prompt"": 32}"
ours,50,74,189,1,1,1,7.23,"{""h"": 5, ""path_router"": ""routers_e2e/llada_base__cm_clean.pt"", ""select_only_in_h"": true, ""step_refresh_remainder"": 8, ""step_refresh_remainder_prompt"": 32}"
ours,50,76,195,1,1,1,7.22,"{""h"": 5, ""path_router"": ""routers_e2e/llada_base__cm_clean.pt"", ""select_only_in_h"": true, ""step_refresh_remainder"": 8, ""step_refresh_remainder_prompt"": 32}"
ours,50,78,200,1,1,1,7.22,"{""h"": 5, ""path_router"": ""routers_e2e/llada_base__cm_clean.pt"", ""select_only_in_h"": true, ""step_refresh_remainder"": 8, ""step_refresh_remainder_prompt"": 32}"
ours,50,80,205,1,1,1,7.22,"{""h"": 5, ""path_router"": ""routers_e2e/llada_base__cm_clean.pt"", ""select_only_in_h"": true, ""step_refresh_remainder"": 8, ""step_refresh_remainder_prompt"": 32}"
ours,50,82,210,1,1,1,7.24,"{""h"": 5, ""path_router"": ""routers_e2e/llada_base__cm_clean.pt"", ""select_only_in_h"": true, ""step_refresh_remainder"": 8, ""step_refresh_remainder_prompt"": 32}"
ours,50,84,215,1,1,1,7.24,"{""h"": 5, ""path_router"": ""routers_e2e/llada_base__cm_clean.pt"", ""select_only_in_h"": true, ""step_refresh_remainder"": 8, ""step_refresh_remainder_prompt"": 32}"
ours,50,86,220,1,1,1,7.24,"{""h"": 5, ""path_router"": ""routers_e2e/llada_base__cm_clean.pt"", ""select_only_in_h"": true, ""step_refresh_remainder"": 8, ""step_refresh_remainder_prompt"": 32}"
ours,50,88,225,1,1,1,7.24,"{""h"": 5, ""path_router"": ""routers_e2e/llada_base__cm_clean.pt"", ""select_only_in_h"": true, ""step_refresh_remainder"": 8, ""step_refresh_remainder_prompt"": 32}"
ours,50,90,230,1,1,1,7.24,"{""h"": 5, ""path_router"": ""routers_e2e/llada_base__cm_clean.pt"", ""select_only_in_h"": true, ""step_refresh_remainder"": 8, ""step_refresh_remainder_prompt"": 32}"
ours,51,0,0,1,1,1,7.19,"{""h"": 5, ""path_router"": ""routers_e2e/llada_base__cm_clean.pt"", ""select_only_in_h"": true, ""step_refresh_remainder"": 8, ""step_refresh_remainder_prompt"": 32}"
ours,51,2,5,1,1,1,7.18,"{""h"": 5, ""path_router"": ""routers_e2e/llada_base__cm_clean.pt"", ""select_only_in_h"": true, ""step_refresh_remainder"": 8, ""step_refresh_remainder_prompt"": 32}"
ours,51,4,10,0,0,1,7.18,"{""h"": 5, ""path_router"": ""routers_e2e/llada_base__cm_clean.pt"", ""select_only_in_h"": true, ""step_refresh_remainder"": 8, ""step_refresh_remainder_prompt"": 32}"
ours,51,6,15,0,0,1,7.18,"{""h"": 5, ""path_router"": ""routers_e2e/llada_base__cm_clean.pt"", ""select_only_in_h"": true, ""step_refresh_remainder"": 8, ""step_refresh_remainder_prompt"": 32}"
ours,51,8,20,0,0,1,7.18,"{""h"": 5, ""path_router"": ""routers_e2e/llada_base__cm_clean.pt"", ""select_only_in_h"": true, ""step_refresh_remainder"": 8, ""step_refresh_remainder_prompt"": 32}"
ours,51,10,26,0,0,1,7.18,"{""h"": 5, ""path_router"": ""routers_e2e/llada_base__cm_clean.pt"", ""select_only_in_h"": true, ""step_refresh_remainder"": 8, ""step_refresh_remainder_prompt"": 32}"
ours,51,12,31,0,0,1,7.18,"{""h"": 5, ""path_router"": ""routers_e2e/llada_base__cm_clean.pt"", ""select_only_in_h"": true, ""step_refresh_remainder"": 8, ""step_refresh_remainder_prompt"": 32}"
ours,51,14,36,0,0,1,7.18,"{""h"": 5, ""path_router"": ""routers_e2e/llada_base__cm_clean.pt"", ""select_only_in_h"": true, ""step_refresh_remainder"": 8, ""step_refresh_remainder_prompt"": 32}"
ours,51,16,41,0,0,1,7.18,"{""h"": 5, ""path_router"": ""routers_e2e/llada_base__cm_clean.pt"", ""select_only_in_h"": true, ""step_refresh_remainder"": 8, ""step_refresh_remainder_prompt"": 32}"
ours,51,18,46,0,0,1,7.18,"{""h"": 5, ""path_router"": ""routers_e2e/llada_base__cm_clean.pt"", ""select_only_in_h"": true, ""step_refresh_remainder"": 8, ""step_refresh_remainder_prompt"": 32}"
ours,51,20,51,0,0,1,7.17,"{""h"": 5, ""path_router"": ""routers_e2e/llada_base__cm_clean.pt"", ""select_only_in_h"": true, ""step_refresh_remainder"": 8, ""step_refresh_remainder_prompt"": 32}"
ours,51,22,56,0,0,1,7.17,"{""h"": 5, ""path_router"": ""routers_e2e/llada_base__cm_clean.pt"", ""select_only_in_h"": true, ""step_refresh_remainder"": 8, ""step_refresh_remainder_prompt"": 32}"
ours,51,24,61,0,0,1,7.18,"{""h"": 5, ""path_router"": ""routers_e2e/llada_base__cm_clean.pt"", ""select_only_in_h"": true, ""step_refresh_remainder"": 8, ""step_refresh_remainder_prompt"": 32}"
ours,51,26,67,1,1,1,7.18,"{""h"": 5, ""path_router"": ""routers_e2e/llada_base__cm_clean.pt"", ""select_only_in_h"": true, ""step_refresh_remainder"": 8, ""step_refresh_remainder_prompt"": 32}"
ours,51,28,72,1,1,1,7.18,"{""h"": 5, ""path_router"": ""routers_e2e/llada_base__cm_clean.pt"", ""select_only_in_h"": true, ""step_refresh_remainder"": 8, ""step_refresh_remainder_prompt"": 32}"
ours,51,30,77,1,1,1,7.17,"{""h"": 5, ""path_router"": ""routers_e2e/llada_base__cm_clean.pt"", ""select_only_in_h"": true, ""step_refresh_remainder"": 8, ""step_refresh_remainder_prompt"": 32}"
ours,51,32,82,1,1,1,7.17,"{""h"": 5, ""path_router"": ""routers_e2e/llada_base__cm_clean.pt"", ""select_only_in_h"": true, ""step_refresh_remainder"": 8, ""step_refresh_remainder_prompt"": 32}"
ours,51,34,87,1,1,1,7.17,"{""h"": 5, ""path_router"": ""routers_e2e/llada_base__cm_clean.pt"", ""select_only_in_h"": true, ""step_refresh_remainder"": 8, ""step_refresh_remainder_prompt"": 32}"
ours,51,36,92,1,1,1,7.17,"{""h"": 5, ""path_router"": ""routers_e2e/llada_base__cm_clean.pt"", ""select_only_in_h"": true, ""step_refresh_remainder"": 8, ""step_refresh_remainder_prompt"": 32}"
ours,51,38,97,1,1,1,7.17,"{""h"": 5, ""path_router"": ""routers_e2e/llada_base__cm_clean.pt"", ""select_only_in_h"": true, ""step_refresh_remainder"": 8, ""step_refresh_remainder_prompt"": 32}"
ours,51,40,102,1,1,1,7.16,"{""h"": 5, ""path_router"": ""routers_e2e/llada_base__cm_clean.pt"", ""select_only_in_h"": true, ""step_refresh_remainder"": 8, ""step_refresh_remainder_prompt"": 32}"
ours,51,42,108,1,1,1,7.14,"{""h"": 5, ""path_router"": ""routers_e2e/llada_base__cm_clean.pt"", ""select_only_in_h"": true, ""step_refresh_remainder"": 8, ""step_refresh_remainder_prompt"": 32}"
ours,51,44,113,1,1,1,7.16,"{""h"": 5, ""path_router"": ""routers_e2e/llada_base__cm_clean.pt"", ""select_only_in_h"": true, ""step_refresh_remainder"": 8, ""step_refresh_remainder_prompt"": 32}"
ours,51,46,118,1,1,1,7.17,"{""h"": 5, ""path_router"": ""routers_e2e/llada_base__cm_clean.pt"", ""select_only_in_h"": true, ""step_refresh_remainder"": 8, ""step_refresh_remainder_prompt"": 32}"
ours,51,48,123,1,1,1,7.17,"{""h"": 5, ""path_router"": ""routers_e2e/llada_base__cm_clean.pt"", ""select_only_in_h"": true, ""step_refresh_remainder"": 8, ""step_refresh_remainder_prompt"": 32}"
ours,51,50,128,1,1,1,7.17,"{""h"": 5, ""path_router"": ""routers_e2e/llada_base__cm_clean.pt"", ""select_only_in_h"": true, ""step_refresh_remainder"": 8, ""step_refresh_remainder_prompt"": 32}"
ours,51,52,133,1,1,1,7.17,"{""h"": 5, ""path_router"": ""routers_e2e/llada_base__cm_clean.pt"", ""select_only_in_h"": true, ""step_refresh_remainder"": 8, ""step_refresh_remainder_prompt"": 32}"
ours,51,54,138,1,1,1,7.16,"{""h"": 5, ""path_router"": ""routers_e2e/llada_base__cm_clean.pt"", ""select_only_in_h"": true, ""step_refresh_remainder"": 8, ""step_refresh_remainder_prompt"": 32}"
ours,51,56,143,1,1,1,7.17,"{""h"": 5, ""path_router"": ""routers_e2e/llada_base__cm_clean.pt"", ""select_only_in_h"": true, ""step_refresh_remainder"": 8, ""step_refresh_remainder_prompt"": 32}"
ours,51,58,148,1,1,1,7.17,"{""h"": 5, ""path_router"": ""routers_e2e/llada_base__cm_clean.pt"", ""select_only_in_h"": true, ""step_refresh_remainder"": 8, ""step_refresh_remainder_prompt"": 32}"
ours,51,60,154,1,1,1,7.17,"{""h"": 5, ""path_router"": ""routers_e2e/llada_base__cm_clean.pt"", ""select_only_in_h"": true, ""step_refresh_remainder"": 8, ""step_refresh_remainder_prompt"": 32}"
ours,51,62,159,1,1,1,7.17,"{""h"": 5, ""path_router"": ""routers_e2e/llada_base__cm_clean.pt"", ""select_only_in_h"": true, ""step_refresh_remainder"": 8, ""step_refresh_remainder_prompt"": 32}"
ours,51,64,164,1,1,1,7.16,"{""h"": 5, ""path_router"": ""routers_e2e/llada_base__cm_clean.pt"", ""select_only_in_h"": true, ""step_refresh_remainder"": 8, ""step_refresh_remainder_prompt"": 32}"
ours,51,66,169,1,1,1,7.16,"{""h"": 5, ""path_router"": ""routers_e2e/llada_base__cm_clean.pt"", ""select_only_in_h"": true, ""step_refresh_remainder"": 8, ""step_refresh_remainder_prompt"": 32}"
ours,51,68,174,1,1,1,7.16,"{""h"": 5, ""path_router"": ""routers_e2e/llada_base__cm_clean.pt"", ""select_only_in_h"": true, ""step_refresh_remainder"": 8, ""step_refresh_remainder_prompt"": 32}"
ours,51,70,179,1,1,1,7.16,"{""h"": 5, ""path_router"": ""routers_e2e/llada_base__cm_clean.pt"", ""select_only_in_h"": true, ""step_refresh_remainder"": 8, ""step_refresh_remainder_prompt"": 32}"
ours,51,72,184,1,1,1,7.16,"{""h"": 5, ""path_router"": ""routers_e2e/llada_base__cm_clean.pt"", ""select_only_in_h"": true, ""step_refresh_remainder"": 8, ""step_refresh_remainder_prompt"": 32}"
ours,51,74,189,1,1,1,7.16,"{""h"": 5, ""path_router"": ""routers_e2e/llada_base__cm_clean.pt"", ""select_only_in_h"": true, ""step_refresh_remainder"": 8, ""step_refresh_remainder_prompt"": 32}"
ours,51,76,195,1,1,1,7.16,"{""h"": 5, ""path_router"": ""routers_e2e/llada_base__cm_clean.pt"", ""select_only_in_h"": true, ""step_refresh_remainder"": 8, ""step_refresh_remainder_prompt"": 32}"
ours,51,78,200,1,1,1,7.16,"{""h"": 5, ""path_router"": ""routers_e2e/llada_base__cm_clean.pt"", ""select_only_in_h"": true, ""step_refresh_remainder"": 8, ""step_refresh_remainder_prompt"": 32}"
ours,51,80,205,1,1,1,7.16,"{""h"": 5, ""path_router"": ""routers_e2e/llada_base__cm_clean.pt"", ""select_only_in_h"": true, ""step_refresh_remainder"": 8, ""step_refresh_remainder_prompt"": 32}"
ours,51,82,210,1,1,1,7.16,"{""h"": 5, ""path_router"": ""routers_e2e/llada_base__cm_clean.pt"", ""select_only_in_h"": true, ""step_refresh_remainder"": 8, ""step_refresh_remainder_prompt"": 32}"
ours,51,84,215,1,1,1,7.16,"{""h"": 5, ""path_router"": ""routers_e2e/llada_base__cm_clean.pt"", ""select_only_in_h"": true, ""step_refresh_remainder"": 8, ""step_refresh_remainder_prompt"": 32}"
ours,51,86,220,1,1,1,7.16,"{""h"": 5, ""path_router"": ""routers_e2e/llada_base__cm_clean.pt"", ""select_only_in_h"": true, ""step_refresh_remainder"": 8, ""step_refresh_remainder_prompt"": 32}"
ours,51,88,225,1,1,1,7.16,"{""h"": 5, ""path_router"": ""routers_e2e/llada_base__cm_clean.pt"", ""select_only_in_h"": true, ""step_refresh_remainder"": 8, ""step_refresh_remainder_prompt"": 32}"
ours,51,90,230,1,1,1,7.16,"{""h"": 5, ""path_router"": ""routers_e2e/llada_base__cm_clean.pt"", ""select_only_in_h"": true, ""step_refresh_remainder"": 8, ""step_refresh_remainder_prompt"": 32}"
ours,52,0,0,0,0,1,7.2,"{""h"": 5, ""path_router"": ""routers_e2e/llada_base__cm_clean.pt"", ""select_only_in_h"": true, ""step_refresh_remainder"": 8, ""step_refresh_remainder_prompt"": 32}"
ours,52,2,5,1,1,1,7.19,"{""h"": 5, ""path_router"": ""routers_e2e/llada_base__cm_clean.pt"", ""select_only_in_h"": true, ""step_refresh_remainder"": 8, ""step_refresh_remainder_prompt"": 32}"
ours,52,4,10,1,1,1,7.19,"{""h"": 5, ""path_router"": ""routers_e2e/llada_base__cm_clean.pt"", ""select_only_in_h"": true, ""step_refresh_remainder"": 8, ""step_refresh_remainder_prompt"": 32}"
ours,52,6,15,1,1,1,7.19,"{""h"": 5, ""path_router"": ""routers_e2e/llada_base__cm_clean.pt"", ""select_only_in_h"": true, ""step_refresh_remainder"": 8, ""step_refresh_remainder_prompt"": 32}"
ours,52,8,20,1,1,1,7.19,"{""h"": 5, ""path_router"": ""routers_e2e/llada_base__cm_clean.pt"", ""select_only_in_h"": true, ""step_refresh_remainder"": 8, ""step_refresh_remainder_prompt"": 32}"
ours,52,10,26,1,1,1,7.19,"{""h"": 5, ""path_router"": ""routers_e2e/llada_base__cm_clean.pt"", ""select_only_in_h"": true, ""step_refresh_remainder"": 8, ""step_refresh_remainder_prompt"": 32}"
ours,52,12,31,1,1,1,7.19,"{""h"": 5, ""path_router"": ""routers_e2e/llada_base__cm_clean.pt"", ""select_only_in_h"": true, ""step_refresh_remainder"": 8, ""step_refresh_remainder_prompt"": 32}"
ours,52,14,36,1,1,1,7.19,"{""h"": 5, ""path_router"": ""routers_e2e/llada_base__cm_clean.pt"", ""select_only_in_h"": true, ""step_refresh_remainder"": 8, ""step_refresh_remainder_prompt"": 32}"
ours,52,16,41,1,1,1,7.18,"{""h"": 5, ""path_router"": ""routers_e2e/llada_base__cm_clean.pt"", ""select_only_in_h"": true, ""step_refresh_remainder"": 8, ""step_refresh_remainder_prompt"": 32}"
ours,52,18,46,1,1,1,7.19,"{""h"": 5, ""path_router"": ""routers_e2e/llada_base__cm_clean.pt"", ""select_only_in_h"": true, ""step_refresh_remainder"": 8, ""step_refresh_remainder_prompt"": 32}"
ours,52,20,51,1,1,1,7.19,"{""h"": 5, ""path_router"": ""routers_e2e/llada_base__cm_clean.pt"", ""select_only_in_h"": true, ""step_refresh_remainder"": 8, ""step_refresh_remainder_prompt"": 32}"
ours,52,22,56,1,1,1,7.19,"{""h"": 5, ""path_router"": ""routers_e2e/llada_base__cm_clean.pt"", ""select_only_in_h"": true, ""step_refresh_remainder"": 8, ""step_refresh_remainder_prompt"": 32}"
ours,52,24,61,1,1,1,7.18,"{""h"": 5, ""path_router"": ""routers_e2e/llada_base__cm_clean.pt"", ""select_only_in_h"": true, ""step_refresh_remainder"": 8, ""step_refresh_remainder_prompt"": 32}"
ours,52,26,67,1,1,1,7.18,"{""h"": 5, ""path_router"": ""routers_e2e/llada_base__cm_clean.pt"", ""select_only_in_h"": true, ""step_refresh_remainder"": 8, ""step_refresh_remainder_prompt"": 32}"
ours,52,28,72,1,1,1,7.18,"{""h"": 5, ""path_router"": ""routers_e2e/llada_base__cm_clean.pt"", ""select_only_in_h"": true, ""step_refresh_remainder"": 8, ""step_refresh_remainder_prompt"": 32}"
ours,52,30,77,1,1,1,7.19,"{""h"": 5, ""path_router"": ""routers_e2e/llada_base__cm_clean.pt"", ""select_only_in_h"": true, ""step_refresh_remainder"": 8, ""step_refresh_remainder_prompt"": 32}"
ours,52,32,82,1,1,1,7.19,"{""h"": 5, ""path_router"": ""routers_e2e/llada_base__cm_clean.pt"", ""select_only_in_h"": true, ""step_refresh_remainder"": 8, ""step_refresh_remainder_prompt"": 32}"
ours,52,34,87,1,1,1,7.19,"{""h"": 5, ""path_router"": ""routers_e2e/llada_base__cm_clean.pt"", ""select_only_in_h"": true, ""step_refresh_remainder"": 8, ""step_refresh_remainder_prompt"": 32}"
ours,52,36,92,1,1,1,7.19,"{""h"": 5, ""path_router"": ""routers_e2e/llada_base__cm_clean.pt"", ""select_only_in_h"": true, ""step_refresh_remainder"": 8, ""step_refresh_remainder_prompt"": 32}"
ours,52,38,97,1,1,1,7.19,"{""h"": 5, ""path_router"": ""routers_e2e/llada_base__cm_clean.pt"", ""select_only_in_h"": true, ""step_refresh_remainder"": 8, ""step_refresh_remainder_prompt"": 32}"
ours,52,40,102,1,1,1,7.18,"{""h"": 5, ""path_router"": ""routers_e2e/llada_base__cm_clean.pt"", ""select_only_in_h"": true, ""step_refresh_remainder"": 8, ""step_refresh_remainder_prompt"": 32}"
ours,52,42,108,1,1,1,7.18,"{""h"": 5, ""path_router"": ""routers_e2e/llada_base__cm_clean.pt"", ""select_only_in_h"": true, ""step_refresh_remainder"": 8, ""step_refresh_remainder_prompt"": 32}"
ours,52,44,113,1,1,1,7.18,"{""h"": 5, ""path_router"": ""routers_e2e/llada_base__cm_clean.pt"", ""select_only_in_h"": true, ""step_refresh_remainder"": 8, ""step_refresh_remainder_prompt"": 32}"
ours,52,46,118,1,1,1,7.19,"{""h"": 5, ""path_router"": ""routers_e2e/llada_base__cm_clean.pt"", ""select_only_in_h"": true, ""step_refresh_remainder"": 8, ""step_refresh_remainder_prompt"": 32}"
ours,52,48,123,1,1,1,7.19,"{""h"": 5, ""path_router"": ""routers_e2e/llada_base__cm_clean.pt"", ""select_only_in_h"": true, ""step_refresh_remainder"": 8, ""step_refresh_remainder_prompt"": 32}"
ours,52,50,128,1,1,1,7.19,"{""h"": 5, ""path_router"": ""routers_e2e/llada_base__cm_clean.pt"", ""select_only_in_h"": true, ""step_refresh_remainder"": 8, ""step_refresh_remainder_prompt"": 32}"
ours,52,52,133,1,1,1,7.19,"{""h"": 5, ""path_router"": ""routers_e2e/llada_base__cm_clean.pt"", ""select_only_in_h"": true, ""step_refresh_remainder"": 8, ""step_refresh_remainder_prompt"": 32}"
ours,52,54,138,1,1,1,7.18,"{""h"": 5, ""path_router"": ""routers_e2e/llada_base__cm_clean.pt"", ""select_only_in_h"": true, ""step_refresh_remainder"": 8, ""step_refresh_remainder_prompt"": 32}"
ours,52,56,143,1,1,1,7.18,"{""h"": 5, ""path_router"": ""routers_e2e/llada_base__cm_clean.pt"", ""select_only_in_h"": true, ""step_refresh_remainder"": 8, ""step_refresh_remainder_prompt"": 32}"
ours,52,58,148,1,1,1,7.16,"{""h"": 5, ""path_router"": ""routers_e2e/llada_base__cm_clean.pt"", ""select_only_in_h"": true, ""step_refresh_remainder"": 8, ""step_refresh_remainder_prompt"": 32}"
ours,52,60,154,1,1,1,7.18,"{""h"": 5, ""path_router"": ""routers_e2e/llada_base__cm_clean.pt"", ""select_only_in_h"": true, ""step_refresh_remainder"": 8, ""step_refresh_remainder_prompt"": 32}"
ours,52,62,159,1,1,1,7.18,"{""h"": 5, ""path_router"": ""routers_e2e/llada_base__cm_clean.pt"", ""select_only_in_h"": true, ""step_refresh_remainder"": 8, ""step_refresh_remainder_prompt"": 32}"
ours,52,64,164,1,1,1,7.18,"{""h"": 5, ""path_router"": ""routers_e2e/llada_base__cm_clean.pt"", ""select_only_in_h"": true, ""step_refresh_remainder"": 8, ""step_refresh_remainder_prompt"": 32}"
ours,52,66,169,1,1,1,7.18,"{""h"": 5, ""path_router"": ""routers_e2e/llada_base__cm_clean.pt"", ""select_only_in_h"": true, ""step_refresh_remainder"": 8, ""step_refresh_remainder_prompt"": 32}"
ours,52,68,174,1,1,1,7.18,"{""h"": 5, ""path_router"": ""routers_e2e/llada_base__cm_clean.pt"", ""select_only_in_h"": true, ""step_refresh_remainder"": 8, ""step_refresh_remainder_prompt"": 32}"
ours,52,70,179,1,1,1,7.18,"{""h"": 5, ""path_router"": ""routers_e2e/llada_base__cm_clean.pt"", ""select_only_in_h"": true, ""step_refresh_remainder"": 8, ""step_refresh_remainder_prompt"": 32}"
ours,52,72,184,1,1,1,7.18,"{""h"": 5, ""path_router"": ""routers_e2e/llada_base__cm_clean.pt"", ""select_only_in_h"": true, ""step_refresh_remainder"": 8, ""step_refresh_remainder_prompt"": 32}"
ours,52,74,189,1,1,1,7.18,"{""h"": 5, ""path_router"": ""routers_e2e/llada_base__cm_clean.pt"", ""select_only_in_h"": true, ""step_refresh_remainder"": 8, ""step_refresh_remainder_prompt"": 32}"
ours,52,76,195,1,1,1,7.18,"{""h"": 5, ""path_router"": ""routers_e2e/llada_base__cm_clean.pt"", ""select_only_in_h"": true, ""step_refresh_remainder"": 8, ""step_refresh_remainder_prompt"": 32}"
ours,52,78,200,1,1,1,7.18,"{""h"": 5, ""path_router"": ""routers_e2e/llada_base__cm_clean.pt"", ""select_only_in_h"": true, ""step_refresh_remainder"": 8, ""step_refresh_remainder_prompt"": 32}"
ours,52,80,205,1,1,1,7.18,"{""h"": 5, ""path_router"": ""routers_e2e/llada_base__cm_clean.pt"", ""select_only_in_h"": true, ""step_refresh_remainder"": 8, ""step_refresh_remainder_prompt"": 32}"
ours,52,82,210,1,1,1,7.18,"{""h"": 5, ""path_router"": ""routers_e2e/llada_base__cm_clean.pt"", ""select_only_in_h"": true, ""step_refresh_remainder"": 8, ""step_refresh_remainder_prompt"": 32}"
ours,52,84,215,1,1,1,7.18,"{""h"": 5, ""path_router"": ""routers_e2e/llada_base__cm_clean.pt"", ""select_only_in_h"": true, ""step_refresh_remainder"": 8, ""step_refresh_remainder_prompt"": 32}"
ours,52,86,220,1,1,1,7.18,"{""h"": 5, ""path_router"": ""routers_e2e/llada_base__cm_clean.pt"", ""select_only_in_h"": true, ""step_refresh_remainder"": 8, ""step_refresh_remainder_prompt"": 32}"
ours,52,88,225,1,1,1,7.18,"{""h"": 5, ""path_router"": ""routers_e2e/llada_base__cm_clean.pt"", ""select_only_in_h"": true, ""step_refresh_remainder"": 8, ""step_refresh_remainder_prompt"": 32}"
ours,52,90,230,1,1,1,7.18,"{""h"": 5, ""path_router"": ""routers_e2e/llada_base__cm_clean.pt"", ""select_only_in_h"": true, ""step_refresh_remainder"": 8, ""step_refresh_remainder_prompt"": 32}"
ours,53,0,0,1,1,1,7.74,"{""h"": 5, ""path_router"": ""routers_e2e/llada_base__cm_clean.pt"", ""select_only_in_h"": true, ""step_refresh_remainder"": 8, ""step_refresh_remainder_prompt"": 32}"
ours,53,2,5,1,1,1,7.73,"{""h"": 5, ""path_router"": ""routers_e2e/llada_base__cm_clean.pt"", ""select_only_in_h"": true, ""step_refresh_remainder"": 8, ""step_refresh_remainder_prompt"": 32}"
ours,53,4,10,1,1,1,7.73,"{""h"": 5, ""path_router"": ""routers_e2e/llada_base__cm_clean.pt"", ""select_only_in_h"": true, ""step_refresh_remainder"": 8, ""step_refresh_remainder_prompt"": 32}"
ours,53,6,15,1,1,1,7.73,"{""h"": 5, ""path_router"": ""routers_e2e/llada_base__cm_clean.pt"", ""select_only_in_h"": true, ""step_refresh_remainder"": 8, ""step_refresh_remainder_prompt"": 32}"
ours,53,8,20,1,1,1,7.73,"{""h"": 5, ""path_router"": ""routers_e2e/llada_base__cm_clean.pt"", ""select_only_in_h"": true, ""step_refresh_remainder"": 8, ""step_refresh_remainder_prompt"": 32}"
ours,53,10,26,1,1,1,7.73,"{""h"": 5, ""path_router"": ""routers_e2e/llada_base__cm_clean.pt"", ""select_only_in_h"": true, ""step_refresh_remainder"": 8, ""step_refresh_remainder_prompt"": 32}"
ours,53,12,31,1,1,1,7.73,"{""h"": 5, ""path_router"": ""routers_e2e/llada_base__cm_clean.pt"", ""select_only_in_h"": true, ""step_refresh_remainder"": 8, ""step_refresh_remainder_prompt"": 32}"
ours,53,14,36,1,1,1,7.73,"{""h"": 5, ""path_router"": ""routers_e2e/llada_base__cm_clean.pt"", ""select_only_in_h"": true, ""step_refresh_remainder"": 8, ""step_refresh_remainder_prompt"": 32}"
ours,53,16,41,0,0,1,7.73,"{""h"": 5, ""path_router"": ""routers_e2e/llada_base__cm_clean.pt"", ""select_only_in_h"": true, ""step_refresh_remainder"": 8, ""step_refresh_remainder_prompt"": 32}"
ours,53,18,46,0,0,1,7.73,"{""h"": 5, ""path_router"": ""routers_e2e/llada_base__cm_clean.pt"", ""select_only_in_h"": true, ""step_refresh_remainder"": 8, ""step_refresh_remainder_prompt"": 32}"
ours,53,20,51,1,1,1,7.73,"{""h"": 5, ""path_router"": ""routers_e2e/llada_base__cm_clean.pt"", ""select_only_in_h"": true, ""step_refresh_remainder"": 8, ""step_refresh_remainder_prompt"": 32}"
ours,53,22,56,0,0,1,7.73,"{""h"": 5, ""path_router"": ""routers_e2e/llada_base__cm_clean.pt"", ""select_only_in_h"": true, ""step_refresh_remainder"": 8, ""step_refresh_remainder_prompt"": 32}"
ours,53,24,61,1,1,1,7.73,"{""h"": 5, ""path_router"": ""routers_e2e/llada_base__cm_clean.pt"", ""select_only_in_h"": true, ""step_refresh_remainder"": 8, ""step_refresh_remainder_prompt"": 32}"
ours,53,26,67,1,1,1,7.73,"{""h"": 5, ""path_router"": ""routers_e2e/llada_base__cm_clean.pt"", ""select_only_in_h"": true, ""step_refresh_remainder"": 8, ""step_refresh_remainder_prompt"": 32}"
ours,53,28,72,1,1,1,7.73,"{""h"": 5, ""path_router"": ""routers_e2e/llada_base__cm_clean.pt"", ""select_only_in_h"": true, ""step_refresh_remainder"": 8, ""step_refresh_remainder_prompt"": 32}"
ours,53,30,77,1,1,1,7.73,"{""h"": 5, ""path_router"": ""routers_e2e/llada_base__cm_clean.pt"", ""select_only_in_h"": true, ""step_refresh_remainder"": 8, ""step_refresh_remainder_prompt"": 32}"
ours,53,32,82,0,0,1,7.73,"{""h"": 5, ""path_router"": ""routers_e2e/llada_base__cm_clean.pt"", ""select_only_in_h"": true, ""step_refresh_remainder"": 8, ""step_refresh_remainder_prompt"": 32}"
ours,53,34,87,1,1,1,7.73,"{""h"": 5, ""path_router"": ""routers_e2e/llada_base__cm_clean.pt"", ""select_only_in_h"": true, ""step_refresh_remainder"": 8, ""step_refresh_remainder_prompt"": 32}"
ours,53,36,92,1,1,1,7.73,"{""h"": 5, ""path_router"": ""routers_e2e/llada_base__cm_clean.pt"", ""select_only_in_h"": true, ""step_refresh_remainder"": 8, ""step_refresh_remainder_prompt"": 32}"
ours,53,38,97,1,1,1,7.73,"{""h"": 5, ""path_router"": ""routers_e2e/llada_base__cm_clean.pt"", ""select_only_in_h"": true, ""step_refresh_remainder"": 8, ""step_refresh_remainder_prompt"": 32}"
ours,53,40,102,1,1,1,7.73,"{""h"": 5, ""path_router"": ""routers_e2e/llada_base__cm_clean.pt"", ""select_only_in_h"": true, ""step_refresh_remainder"": 8, ""step_refresh_remainder_prompt"": 32}"
ours,53,42,108,1,1,1,7.73,"{""h"": 5, ""path_router"": ""routers_e2e/llada_base__cm_clean.pt"", ""select_only_in_h"": true, ""step_refresh_remainder"": 8, ""step_refresh_remainder_prompt"": 32}"
ours,53,44,113,0,0,1,7.72,"{""h"": 5, ""path_router"": ""routers_e2e/llada_base__cm_clean.pt"", ""select_only_in_h"": true, ""step_refresh_remainder"": 8, ""step_refresh_remainder_prompt"": 32}"
ours,53,46,118,1,1,1,7.73,"{""h"": 5, ""path_router"": ""routers_e2e/llada_base__cm_clean.pt"", ""select_only_in_h"": true, ""step_refresh_remainder"": 8, ""step_refresh_remainder_prompt"": 32}"
ours,53,48,123,1,1,1,7.73,"{""h"": 5, ""path_router"": ""routers_e2e/llada_base__cm_clean.pt"", ""select_only_in_h"": true, ""step_refresh_remainder"": 8, ""step_refresh_remainder_prompt"": 32}"
ours,53,50,128,1,1,1,7.73,"{""h"": 5, ""path_router"": ""routers_e2e/llada_base__cm_clean.pt"", ""select_only_in_h"": true, ""step_refresh_remainder"": 8, ""step_refresh_remainder_prompt"": 32}"
ours,53,52,133,0,0,0,7.73,"{""h"": 5, ""path_router"": ""routers_e2e/llada_base__cm_clean.pt"", ""select_only_in_h"": true, ""step_refresh_remainder"": 8, ""step_refresh_remainder_prompt"": 32}"
ours,53,54,138,0,0,1,7.73,"{""h"": 5, ""path_router"": ""routers_e2e/llada_base__cm_clean.pt"", ""select_only_in_h"": true, ""step_refresh_remainder"": 8, ""step_refresh_remainder_prompt"": 32}"
ours,53,56,143,1,1,1,7.73,"{""h"": 5, ""path_router"": ""routers_e2e/llada_base__cm_clean.pt"", ""select_only_in_h"": true, ""step_refresh_remainder"": 8, ""step_refresh_remainder_prompt"": 32}"
ours,53,58,148,1,1,1,7.73,"{""h"": 5, ""path_router"": ""routers_e2e/llada_base__cm_clean.pt"", ""select_only_in_h"": true, ""step_refresh_remainder"": 8, ""step_refresh_remainder_prompt"": 32}"
ours,53,60,154,1,1,1,7.72,"{""h"": 5, ""path_router"": ""routers_e2e/llada_base__cm_clean.pt"", ""select_only_in_h"": true, ""step_refresh_remainder"": 8, ""step_refresh_remainder_prompt"": 32}"
ours,53,62,159,1,1,1,7.73,"{""h"": 5, ""path_router"": ""routers_e2e/llada_base__cm_clean.pt"", ""select_only_in_h"": true, ""step_refresh_remainder"": 8, ""step_refresh_remainder_prompt"": 32}"
ours,53,64,164,1,1,1,7.73,"{""h"": 5, ""path_router"": ""routers_e2e/llada_base__cm_clean.pt"", ""select_only_in_h"": true, ""step_refresh_remainder"": 8, ""step_refresh_remainder_prompt"": 32}"
ours,53,66,169,1,1,1,7.72,"{""h"": 5, ""path_router"": ""routers_e2e/llada_base__cm_clean.pt"", ""select_only_in_h"": true, ""step_refresh_remainder"": 8, ""step_refresh_remainder_prompt"": 32}"
ours,53,68,174,1,1,1,7.72,"{""h"": 5, ""path_router"": ""routers_e2e/llada_base__cm_clean.pt"", ""select_only_in_h"": true, ""step_refresh_remainder"": 8, ""step_refresh_remainder_prompt"": 32}"
ours,53,70,179,1,1,1,7.72,"{""h"": 5, ""path_router"": ""routers_e2e/llada_base__cm_clean.pt"", ""select_only_in_h"": true, ""step_refresh_remainder"": 8, ""step_refresh_remainder_prompt"": 32}"
ours,53,72,184,1,1,1,7.7,"{""h"": 5, ""path_router"": ""routers_e2e/llada_base__cm_clean.pt"", ""select_only_in_h"": true, ""step_refresh_remainder"": 8, ""step_refresh_remainder_prompt"": 32}"
ours,53,74,189,1,1,1,7.7,"{""h"": 5, ""path_router"": ""routers_e2e/llada_base__cm_clean.pt"", ""select_only_in_h"": true, ""step_refresh_remainder"": 8, ""step_refresh_remainder_prompt"": 32}"
ours,53,76,195,1,1,1,7.72,"{""h"": 5, ""path_router"": ""routers_e2e/llada_base__cm_clean.pt"", ""select_only_in_h"": true, ""step_refresh_remainder"": 8, ""step_refresh_remainder_prompt"": 32}"
ours,53,78,200,1,1,1,7.73,"{""h"": 5, ""path_router"": ""routers_e2e/llada_base__cm_clean.pt"", ""select_only_in_h"": true, ""step_refresh_remainder"": 8, ""step_refresh_remainder_prompt"": 32}"
ours,53,80,205,1,1,1,7.72,"{""h"": 5, ""path_router"": ""routers_e2e/llada_base__cm_clean.pt"", ""select_only_in_h"": true, ""step_refresh_remainder"": 8, ""step_refresh_remainder_prompt"": 32}"
ours,53,82,210,1,1,0,7.72,"{""h"": 5, ""path_router"": ""routers_e2e/llada_base__cm_clean.pt"", ""select_only_in_h"": true, ""step_refresh_remainder"": 8, ""step_refresh_remainder_prompt"": 32}"
ours,53,84,215,1,1,0,7.72,"{""h"": 5, ""path_router"": ""routers_e2e/llada_base__cm_clean.pt"", ""select_only_in_h"": true, ""step_refresh_remainder"": 8, ""step_refresh_remainder_prompt"": 32}"
ours,53,86,220,1,1,1,7.72,"{""h"": 5, ""path_router"": ""routers_e2e/llada_base__cm_clean.pt"", ""select_only_in_h"": true, ""step_refresh_remainder"": 8, ""step_refresh_remainder_prompt"": 32}"
ours,53,88,225,1,1,0,7.72,"{""h"": 5, ""path_router"": ""routers_e2e/llada_base__cm_clean.pt"", ""select_only_in_h"": true, ""step_refresh_remainder"": 8, ""step_refresh_remainder_prompt"": 32}"
ours,53,90,230,1,1,1,7.72,"{""h"": 5, ""path_router"": ""routers_e2e/llada_base__cm_clean.pt"", ""select_only_in_h"": true, ""step_refresh_remainder"": 8, ""step_refresh_remainder_prompt"": 32}"
ours,55,0,0,1,1,1,7.41,"{""h"": 5, ""path_router"": ""routers_e2e/llada_base__cm_clean.pt"", ""select_only_in_h"": true, ""step_refresh_remainder"": 8, ""step_refresh_remainder_prompt"": 32}"
ours,55,2,5,1,1,1,7.39,"{""h"": 5, ""path_router"": ""routers_e2e/llada_base__cm_clean.pt"", ""select_only_in_h"": true, ""step_refresh_remainder"": 8, ""step_refresh_remainder_prompt"": 32}"
ours,55,4,10,1,1,1,7.4,"{""h"": 5, ""path_router"": ""routers_e2e/llada_base__cm_clean.pt"", ""select_only_in_h"": true, ""step_refresh_remainder"": 8, ""step_refresh_remainder_prompt"": 32}"
ours,55,6,15,1,1,1,7.4,"{""h"": 5, ""path_router"": ""routers_e2e/llada_base__cm_clean.pt"", ""select_only_in_h"": true, ""step_refresh_remainder"": 8, ""step_refresh_remainder_prompt"": 32}"
ours,55,8,20,1,1,1,7.4,"{""h"": 5, ""path_router"": ""routers_e2e/llada_base__cm_clean.pt"", ""select_only_in_h"": true, ""step_refresh_remainder"": 8, ""step_refresh_remainder_prompt"": 32}"
ours,55,10,26,1,1,1,7.39,"{""h"": 5, ""path_router"": ""routers_e2e/llada_base__cm_clean.pt"", ""select_only_in_h"": true, ""step_refresh_remainder"": 8, ""step_refresh_remainder_prompt"": 32}"
ours,55,12,31,1,1,1,7.4,"{""h"": 5, ""path_router"": ""routers_e2e/llada_base__cm_clean.pt"", ""select_only_in_h"": true, ""step_refresh_remainder"": 8, ""step_refresh_remainder_prompt"": 32}"
ours,55,14,36,1,1,1,7.42,"{""h"": 5, ""path_router"": ""routers_e2e/llada_base__cm_clean.pt"", ""select_only_in_h"": true, ""step_refresh_remainder"": 8, ""step_refresh_remainder_prompt"": 32}"
ours,55,16,41,1,1,1,7.42,"{""h"": 5, ""path_router"": ""routers_e2e/llada_base__cm_clean.pt"", ""select_only_in_h"": true, ""step_refresh_remainder"": 8, ""step_refresh_remainder_prompt"": 32}"
ours,55,18,46,1,1,1,7.42,"{""h"": 5, ""path_router"": ""routers_e2e/llada_base__cm_clean.pt"", ""select_only_in_h"": true, ""step_refresh_remainder"": 8, ""step_refresh_remainder_prompt"": 32}"
ours,55,20,51,1,1,1,7.41,"{""h"": 5, ""path_router"": ""routers_e2e/llada_base__cm_clean.pt"", ""select_only_in_h"": true, ""step_refresh_remainder"": 8, ""step_refresh_remainder_prompt"": 32}"
ours,55,22,56,1,1,1,7.41,"{""h"": 5, ""path_router"": ""routers_e2e/llada_base__cm_clean.pt"", ""select_only_in_h"": true, ""step_refresh_remainder"": 8, ""step_refresh_remainder_prompt"": 32}"
ours,55,24,61,1,1,1,7.41,"{""h"": 5, ""path_router"": ""routers_e2e/llada_base__cm_clean.pt"", ""select_only_in_h"": true, ""step_refresh_remainder"": 8, ""step_refresh_remainder_prompt"": 32}"
ours,55,26,67,1,1,1,7.41,"{""h"": 5, ""path_router"": ""routers_e2e/llada_base__cm_clean.pt"", ""select_only_in_h"": true, ""step_refresh_remainder"": 8, ""step_refresh_remainder_prompt"": 32}"
ours,55,28,72,1,1,1,7.41,"{""h"": 5, ""path_router"": ""routers_e2e/llada_base__cm_clean.pt"", ""select_only_in_h"": true, ""step_refresh_remainder"": 8, ""step_refresh_remainder_prompt"": 32}"
ours,55,30,77,1,1,1,7.41,"{""h"": 5, ""path_router"": ""routers_e2e/llada_base__cm_clean.pt"", ""select_only_in_h"": true, ""step_refresh_remainder"": 8, ""step_refresh_remainder_prompt"": 32}"
ours,55,32,82,1,1,1,7.41,"{""h"": 5, ""path_router"": ""routers_e2e/llada_base__cm_clean.pt"", ""select_only_in_h"": true, ""step_refresh_remainder"": 8, ""step_refresh_remainder_prompt"": 32}"
ours,55,34,87,1,1,1,7.41,"{""h"": 5, ""path_router"": ""routers_e2e/llada_base__cm_clean.pt"", ""select_only_in_h"": true, ""step_refresh_remainder"": 8, ""step_refresh_remainder_prompt"": 32}"
ours,55,36,92,1,1,1,7.41,"{""h"": 5, ""path_router"": ""routers_e2e/llada_base__cm_clean.pt"", ""select_only_in_h"": true, ""step_refresh_remainder"": 8, ""step_refresh_remainder_prompt"": 32}"
ours,55,38,97,1,1,1,7.41,"{""h"": 5, ""path_router"": ""routers_e2e/llada_base__cm_clean.pt"", ""select_only_in_h"": true, ""step_refresh_remainder"": 8, ""step_refresh_remainder_prompt"": 32}"
ours,55,40,102,1,1,1,7.4,"{""h"": 5, ""path_router"": ""routers_e2e/llada_base__cm_clean.pt"", ""select_only_in_h"": true, ""step_refresh_remainder"": 8, ""step_refresh_remainder_prompt"": 32}"
ours,55,42,108,1,1,1,7.41,"{""h"": 5, ""path_router"": ""routers_e2e/llada_base__cm_clean.pt"", ""select_only_in_h"": true, ""step_refresh_remainder"": 8, ""step_refresh_remainder_prompt"": 32}"
ours,55,44,113,1,1,1,7.4,"{""h"": 5, ""path_router"": ""routers_e2e/llada_base__cm_clean.pt"", ""select_only_in_h"": true, ""step_refresh_remainder"": 8, ""step_refresh_remainder_prompt"": 32}"
ours,55,46,118,1,1,1,7.41,"{""h"": 5, ""path_router"": ""routers_e2e/llada_base__cm_clean.pt"", ""select_only_in_h"": true, ""step_refresh_remainder"": 8, ""step_refresh_remainder_prompt"": 32}"
ours,55,48,123,1,1,1,7.41,"{""h"": 5, ""path_router"": ""routers_e2e/llada_base__cm_clean.pt"", ""select_only_in_h"": true, ""step_refresh_remainder"": 8, ""step_refresh_remainder_prompt"": 32}"
ours,55,50,128,1,1,1,7.4,"{""h"": 5, ""path_router"": ""routers_e2e/llada_base__cm_clean.pt"", ""select_only_in_h"": true, ""step_refresh_remainder"": 8, ""step_refresh_remainder_prompt"": 32}"
ours,55,52,133,1,1,1,7.41,"{""h"": 5, ""path_router"": ""routers_e2e/llada_base__cm_clean.pt"", ""select_only_in_h"": true, ""step_refresh_remainder"": 8, ""step_refresh_remainder_prompt"": 32}"
ours,55,54,138,1,1,1,7.41,"{""h"": 5, ""path_router"": ""routers_e2e/llada_base__cm_clean.pt"", ""select_only_in_h"": true, ""step_refresh_remainder"": 8, ""step_refresh_remainder_prompt"": 32}"
ours,55,56,143,1,1,1,7.41,"{""h"": 5, ""path_router"": ""routers_e2e/llada_base__cm_clean.pt"", ""select_only_in_h"": true, ""step_refresh_remainder"": 8, ""step_refresh_remainder_prompt"": 32}"
ours,55,58,148,1,1,1,7.4,"{""h"": 5, ""path_router"": ""routers_e2e/llada_base__cm_clean.pt"", ""select_only_in_h"": true, ""step_refresh_remainder"": 8, ""step_refresh_remainder_prompt"": 32}"
ours,55,60,154,1,1,1,7.4,"{""h"": 5, ""path_router"": ""routers_e2e/llada_base__cm_clean.pt"", ""select_only_in_h"": true, ""step_refresh_remainder"": 8, ""step_refresh_remainder_prompt"": 32}"
ours,55,62,159,1,1,1,7.4,"{""h"": 5, ""path_router"": ""routers_e2e/llada_base__cm_clean.pt"", ""select_only_in_h"": true, ""step_refresh_remainder"": 8, ""step_refresh_remainder_prompt"": 32}"
ours,55,64,164,1,1,1,7.4,"{""h"": 5, ""path_router"": ""routers_e2e/llada_base__cm_clean.pt"", ""select_only_in_h"": true, ""step_refresh_remainder"": 8, ""step_refresh_remainder_prompt"": 32}"
ours,55,66,169,1,1,1,7.4,"{""h"": 5, ""path_router"": ""routers_e2e/llada_base__cm_clean.pt"", ""select_only_in_h"": true, ""step_refresh_remainder"": 8, ""step_refresh_remainder_prompt"": 32}"
ours,55,68,174,1,1,1,7.4,"{""h"": 5, ""path_router"": ""routers_e2e/llada_base__cm_clean.pt"", ""select_only_in_h"": true, ""step_refresh_remainder"": 8, ""step_refresh_remainder_prompt"": 32}"
ours,55,70,179,1,1,1,7.4,"{""h"": 5, ""path_router"": ""routers_e2e/llada_base__cm_clean.pt"", ""select_only_in_h"": true, ""step_refresh_remainder"": 8, ""step_refresh_remainder_prompt"": 32}"
ours,55,72,184,1,1,1,7.4,"{""h"": 5, ""path_router"": ""routers_e2e/llada_base__cm_clean.pt"", ""select_only_in_h"": true, ""step_refresh_remainder"": 8, ""step_refresh_remainder_prompt"": 32}"
ours,55,74,189,1,1,1,7.4,"{""h"": 5, ""path_router"": ""routers_e2e/llada_base__cm_clean.pt"", ""select_only_in_h"": true, ""step_refresh_remainder"": 8, ""step_refresh_remainder_prompt"": 32}"
ours,55,76,195,1,1,1,7.4,"{""h"": 5, ""path_router"": ""routers_e2e/llada_base__cm_clean.pt"", ""select_only_in_h"": true, ""step_refresh_remainder"": 8, ""step_refresh_remainder_prompt"": 32}"
ours,55,78,200,1,1,1,7.4,"{""h"": 5, ""path_router"": ""routers_e2e/llada_base__cm_clean.pt"", ""select_only_in_h"": true, ""step_refresh_remainder"": 8, ""step_refresh_remainder_prompt"": 32}"
ours,55,80,205,1,1,1,7.4,"{""h"": 5, ""path_router"": ""routers_e2e/llada_base__cm_clean.pt"", ""select_only_in_h"": true, ""step_refresh_remainder"": 8, ""step_refresh_remainder_prompt"": 32}"
ours,55,82,210,1,1,1,7.4,"{""h"": 5, ""path_router"": ""routers_e2e/llada_base__cm_clean.pt"", ""select_only_in_h"": true, ""step_refresh_remainder"": 8, ""step_refresh_remainder_prompt"": 32}"
ours,55,84,215,1,1,1,7.4,"{""h"": 5, ""path_router"": ""routers_e2e/llada_base__cm_clean.pt"", ""select_only_in_h"": true, ""step_refresh_remainder"": 8, ""step_refresh_remainder_prompt"": 32}"
ours,55,86,220,1,1,1,7.4,"{""h"": 5, ""path_router"": ""routers_e2e/llada_base__cm_clean.pt"", ""select_only_in_h"": true, ""step_refresh_remainder"": 8, ""step_refresh_remainder_prompt"": 32}"
ours,55,88,225,1,1,1,7.4,"{""h"": 5, ""path_router"": ""routers_e2e/llada_base__cm_clean.pt"", ""select_only_in_h"": true, ""step_refresh_remainder"": 8, ""step_refresh_remainder_prompt"": 32}"
ours,55,90,230,1,1,1,7.39,"{""h"": 5, ""path_router"": ""routers_e2e/llada_base__cm_clean.pt"", ""select_only_in_h"": true, ""step_refresh_remainder"": 8, ""step_refresh_remainder_prompt"": 32}"
ours,56,0,0,1,1,1,7.43,"{""h"": 5, ""path_router"": ""routers_e2e/llada_base__cm_clean.pt"", ""select_only_in_h"": true, ""step_refresh_remainder"": 8, ""step_refresh_remainder_prompt"": 32}"
ours,56,2,5,0,0,1,7.43,"{""h"": 5, ""path_router"": ""routers_e2e/llada_base__cm_clean.pt"", ""select_only_in_h"": true, ""step_refresh_remainder"": 8, ""step_refresh_remainder_prompt"": 32}"
ours,56,4,10,0,0,1,7.57,"{""h"": 5, ""path_router"": ""routers_e2e/llada_base__cm_clean.pt"", ""select_only_in_h"": true, ""step_refresh_remainder"": 8, ""step_refresh_remainder_prompt"": 32}"
ours,56,6,15,0,0,1,7.57,"{""h"": 5, ""path_router"": ""routers_e2e/llada_base__cm_clean.pt"", ""select_only_in_h"": true, ""step_refresh_remainder"": 8, ""step_refresh_remainder_prompt"": 32}"
ours,56,8,20,0,0,1,7.56,"{""h"": 5, ""path_router"": ""routers_e2e/llada_base__cm_clean.pt"", ""select_only_in_h"": true, ""step_refresh_remainder"": 8, ""step_refresh_remainder_prompt"": 32}"
ours,56,10,26,0,0,1,7.54,"{""h"": 5, ""path_router"": ""routers_e2e/llada_base__cm_clean.pt"", ""select_only_in_h"": true, ""step_refresh_remainder"": 8, ""step_refresh_remainder_prompt"": 32}"
ours,56,12,31,1,1,1,7.47,"{""h"": 5, ""path_router"": ""routers_e2e/llada_base__cm_clean.pt"", ""select_only_in_h"": true, ""step_refresh_remainder"": 8, ""step_refresh_remainder_prompt"": 32}"
ours,56,14,36,1,1,1,7.47,"{""h"": 5, ""path_router"": ""routers_e2e/llada_base__cm_clean.pt"", ""select_only_in_h"": true, ""step_refresh_remainder"": 8, ""step_refresh_remainder_prompt"": 32}"
ours,56,16,41,1,1,1,7.47,"{""h"": 5, ""path_router"": ""routers_e2e/llada_base__cm_clean.pt"", ""select_only_in_h"": true, ""step_refresh_remainder"": 8, ""step_refresh_remainder_prompt"": 32}"
ours,56,18,46,1,1,1,7.46,"{""h"": 5, ""path_router"": ""routers_e2e/llada_base__cm_clean.pt"", ""select_only_in_h"": true, ""step_refresh_remainder"": 8, ""step_refresh_remainder_prompt"": 32}"
ours,56,20,51,1,1,1,7.48,"{""h"": 5, ""path_router"": ""routers_e2e/llada_base__cm_clean.pt"", ""select_only_in_h"": true, ""step_refresh_remainder"": 8, ""step_refresh_remainder_prompt"": 32}"
ours,56,22,56,1,1,1,7.49,"{""h"": 5, ""path_router"": ""routers_e2e/llada_base__cm_clean.pt"", ""select_only_in_h"": true, ""step_refresh_remainder"": 8, ""step_refresh_remainder_prompt"": 32}"
ours,56,24,61,1,1,1,7.39,"{""h"": 5, ""path_router"": ""routers_e2e/llada_base__cm_clean.pt"", ""select_only_in_h"": true, ""step_refresh_remainder"": 8, ""step_refresh_remainder_prompt"": 32}"
ours,56,26,67,1,1,1,7.4,"{""h"": 5, ""path_router"": ""routers_e2e/llada_base__cm_clean.pt"", ""select_only_in_h"": true, ""step_refresh_remainder"": 8, ""step_refresh_remainder_prompt"": 32}"
ours,56,28,72,1,1,1,7.42,"{""h"": 5, ""path_router"": ""routers_e2e/llada_base__cm_clean.pt"", ""select_only_in_h"": true, ""step_refresh_remainder"": 8, ""step_refresh_remainder_prompt"": 32}"
ours,56,30,77,1,1,1,7.42,"{""h"": 5, ""path_router"": ""routers_e2e/llada_base__cm_clean.pt"", ""select_only_in_h"": true, ""step_refresh_remainder"": 8, ""step_refresh_remainder_prompt"": 32}"
ours,56,32,82,1,1,1,7.42,"{""h"": 5, ""path_router"": ""routers_e2e/llada_base__cm_clean.pt"", ""select_only_in_h"": true, ""step_refresh_remainder"": 8, ""step_refresh_remainder_prompt"": 32}"
ours,56,34,87,1,1,1,7.42,"{""h"": 5, ""path_router"": ""routers_e2e/llada_base__cm_clean.pt"", ""select_only_in_h"": true, ""step_refresh_remainder"": 8, ""step_refresh_remainder_prompt"": 32}"
ours,56,36,92,1,1,1,7.42,"{""h"": 5, ""path_router"": ""routers_e2e/llada_base__cm_clean.pt"", ""select_only_in_h"": true, ""step_refresh_remainder"": 8, ""step_refresh_remainder_prompt"": 32}"
ours,56,38,97,1,1,1,7.42,"{""h"": 5, ""path_router"": ""routers_e2e/llada_base__cm_clean.pt"", ""select_only_in_h"": true, ""step_refresh_remainder"": 8, ""step_refresh_remainder_prompt"": 32}"
ours,56,40,102,1,1,1,7.42,"{""h"": 5, ""path_router"": ""routers_e2e/llada_base__cm_clean.pt"", ""select_only_in_h"": true, ""step_refresh_remainder"": 8, ""step_refresh_remainder_prompt"": 32}"
ours,56,42,108,1,1,1,7.42,"{""h"": 5, ""path_router"": ""routers_e2e/llada_base__cm_clean.pt"", ""select_only_in_h"": true, ""step_refresh_remainder"": 8, ""step_refresh_remainder_prompt"": 32}"
ours,56,44,113,1,1,1,7.42,"{""h"": 5, ""path_router"": ""routers_e2e/llada_base__cm_clean.pt"", ""select_only_in_h"": true, ""step_refresh_remainder"": 8, ""step_refresh_remainder_prompt"": 32}"
ours,56,46,118,1,1,1,7.42,"{""h"": 5, ""path_router"": ""routers_e2e/llada_base__cm_clean.pt"", ""select_only_in_h"": true, ""step_refresh_remainder"": 8, ""step_refresh_remainder_prompt"": 32}"
ours,56,48,123,1,1,1,7.42,"{""h"": 5, ""path_router"": ""routers_e2e/llada_base__cm_clean.pt"", ""select_only_in_h"": true, ""step_refresh_remainder"": 8, ""step_refresh_remainder_prompt"": 32}"
ours,56,50,128,1,1,1,7.41,"{""h"": 5, ""path_router"": ""routers_e2e/llada_base__cm_clean.pt"", ""select_only_in_h"": true, ""step_refresh_remainder"": 8, ""step_refresh_remainder_prompt"": 32}"
ours,56,52,133,1,1,1,7.42,"{""h"": 5, ""path_router"": ""routers_e2e/llada_base__cm_clean.pt"", ""select_only_in_h"": true, ""step_refresh_remainder"": 8, ""step_refresh_remainder_prompt"": 32}"
ours,56,54,138,1,1,1,7.42,"{""h"": 5, ""path_router"": ""routers_e2e/llada_base__cm_clean.pt"", ""select_only_in_h"": true, ""step_refresh_remainder"": 8, ""step_refresh_remainder_prompt"": 32}"
ours,56,56,143,1,1,1,7.42,"{""h"": 5, ""path_router"": ""routers_e2e/llada_base__cm_clean.pt"", ""select_only_in_h"": true, ""step_refresh_remainder"": 8, ""step_refresh_remainder_prompt"": 32}"
ours,56,58,148,1,1,1,7.42,"{""h"": 5, ""path_router"": ""routers_e2e/llada_base__cm_clean.pt"", ""select_only_in_h"": true, ""step_refresh_remainder"": 8, ""step_refresh_remainder_prompt"": 32}"
ours,56,60,154,1,1,1,7.41,"{""h"": 5, ""path_router"": ""routers_e2e/llada_base__cm_clean.pt"", ""select_only_in_h"": true, ""step_refresh_remainder"": 8, ""step_refresh_remainder_prompt"": 32}"
ours,56,62,159,1,1,1,7.41,"{""h"": 5, ""path_router"": ""routers_e2e/llada_base__cm_clean.pt"", ""select_only_in_h"": true, ""step_refresh_remainder"": 8, ""step_refresh_remainder_prompt"": 32}"
ours,56,64,164,1,1,1,7.41,"{""h"": 5, ""path_router"": ""routers_e2e/llada_base__cm_clean.pt"", ""select_only_in_h"": true, ""step_refresh_remainder"": 8, ""step_refresh_remainder_prompt"": 32}"
ours,56,66,169,1,1,1,7.41,"{""h"": 5, ""path_router"": ""routers_e2e/llada_base__cm_clean.pt"", ""select_only_in_h"": true, ""step_refresh_remainder"": 8, ""step_refresh_remainder_prompt"": 32}"
ours,56,68,174,1,1,1,7.41,"{""h"": 5, ""path_router"": ""routers_e2e/llada_base__cm_clean.pt"", ""select_only_in_h"": true, ""step_refresh_remainder"": 8, ""step_refresh_remainder_prompt"": 32}"
ours,56,70,179,1,1,1,7.41,"{""h"": 5, ""path_router"": ""routers_e2e/llada_base__cm_clean.pt"", ""select_only_in_h"": true, ""step_refresh_remainder"": 8, ""step_refresh_remainder_prompt"": 32}"
ours,56,72,184,1,1,1,7.42,"{""h"": 5, ""path_router"": ""routers_e2e/llada_base__cm_clean.pt"", ""select_only_in_h"": true, ""step_refresh_remainder"": 8, ""step_refresh_remainder_prompt"": 32}"
ours,56,74,189,1,1,1,7.41,"{""h"": 5, ""path_router"": ""routers_e2e/llada_base__cm_clean.pt"", ""select_only_in_h"": true, ""step_refresh_remainder"": 8, ""step_refresh_remainder_prompt"": 32}"
ours,56,76,195,1,1,1,7.4,"{""h"": 5, ""path_router"": ""routers_e2e/llada_base__cm_clean.pt"", ""select_only_in_h"": true, ""step_refresh_remainder"": 8, ""step_refresh_remainder_prompt"": 32}"
ours,56,78,200,1,1,1,7.4,"{""h"": 5, ""path_router"": ""routers_e2e/llada_base__cm_clean.pt"", ""select_only_in_h"": true, ""step_refresh_remainder"": 8, ""step_refresh_remainder_prompt"": 32}"
ours,56,80,205,1,1,1,7.4,"{""h"": 5, ""path_router"": ""routers_e2e/llada_base__cm_clean.pt"", ""select_only_in_h"": true, ""step_refresh_remainder"": 8, ""step_refresh_remainder_prompt"": 32}"
ours,56,82,210,1,1,1,7.41,"{""h"": 5, ""path_router"": ""routers_e2e/llada_base__cm_clean.pt"", ""select_only_in_h"": true, ""step_refresh_remainder"": 8, ""step_refresh_remainder_prompt"": 32}"
ours,56,84,215,1,1,1,7.41,"{""h"": 5, ""path_router"": ""routers_e2e/llada_base__cm_clean.pt"", ""select_only_in_h"": true, ""step_refresh_remainder"": 8, ""step_refresh_remainder_prompt"": 32}"
ours,56,86,220,1,1,1,7.4,"{""h"": 5, ""path_router"": ""routers_e2e/llada_base__cm_clean.pt"", ""select_only_in_h"": true, ""step_refresh_remainder"": 8, ""step_refresh_remainder_prompt"": 32}"
ours,56,88,225,1,1,1,7.41,"{""h"": 5, ""path_router"": ""routers_e2e/llada_base__cm_clean.pt"", ""select_only_in_h"": true, ""step_refresh_remainder"": 8, ""step_refresh_remainder_prompt"": 32}"
ours,56,90,230,1,1,1,7.41,"{""h"": 5, ""path_router"": ""routers_e2e/llada_base__cm_clean.pt"", ""select_only_in_h"": true, ""step_refresh_remainder"": 8, ""step_refresh_remainder_prompt"": 32}"
ours,57,0,0,0,0,0,7.48,"{""h"": 5, ""path_router"": ""routers_e2e/llada_base__cm_clean.pt"", ""select_only_in_h"": true, ""step_refresh_remainder"": 8, ""step_refresh_remainder_prompt"": 32}"
ours,57,2,5,0,0,1,7.47,"{""h"": 5, ""path_router"": ""routers_e2e/llada_base__cm_clean.pt"", ""select_only_in_h"": true, ""step_refresh_remainder"": 8, ""step_refresh_remainder_prompt"": 32}"
ours,57,4,10,0,0,1,7.47,"{""h"": 5, ""path_router"": ""routers_e2e/llada_base__cm_clean.pt"", ""select_only_in_h"": true, ""step_refresh_remainder"": 8, ""step_refresh_remainder_prompt"": 32}"
ours,57,6,15,0,0,0,7.47,"{""h"": 5, ""path_router"": ""routers_e2e/llada_base__cm_clean.pt"", ""select_only_in_h"": true, ""step_refresh_remainder"": 8, ""step_refresh_remainder_prompt"": 32}"
ours,57,8,20,0,0,1,7.46,"{""h"": 5, ""path_router"": ""routers_e2e/llada_base__cm_clean.pt"", ""select_only_in_h"": true, ""step_refresh_remainder"": 8, ""step_refresh_remainder_prompt"": 32}"
ours,57,10,26,1,1,1,7.47,"{""h"": 5, ""path_router"": ""routers_e2e/llada_base__cm_clean.pt"", ""select_only_in_h"": true, ""step_refresh_remainder"": 8, ""step_refresh_remainder_prompt"": 32}"
ours,57,12,31,0,0,1,7.46,"{""h"": 5, ""path_router"": ""routers_e2e/llada_base__cm_clean.pt"", ""select_only_in_h"": true, ""step_refresh_remainder"": 8, ""step_refresh_remainder_prompt"": 32}"
ours,57,14,36,0,0,1,7.47,"{""h"": 5, ""path_router"": ""routers_e2e/llada_base__cm_clean.pt"", ""select_only_in_h"": true, ""step_refresh_remainder"": 8, ""step_refresh_remainder_prompt"": 32}"
ours,57,16,41,1,1,1,7.46,"{""h"": 5, ""path_router"": ""routers_e2e/llada_base__cm_clean.pt"", ""select_only_in_h"": true, ""step_refresh_remainder"": 8, ""step_refresh_remainder_prompt"": 32}"
ours,57,18,46,1,1,1,7.46,"{""h"": 5, ""path_router"": ""routers_e2e/llada_base__cm_clean.pt"", ""select_only_in_h"": true, ""step_refresh_remainder"": 8, ""step_refresh_remainder_prompt"": 32}"
ours,57,20,51,1,1,1,7.46,"{""h"": 5, ""path_router"": ""routers_e2e/llada_base__cm_clean.pt"", ""select_only_in_h"": true, ""step_refresh_remainder"": 8, ""step_refresh_remainder_prompt"": 32}"
ours,57,22,56,1,1,1,7.46,"{""h"": 5, ""path_router"": ""routers_e2e/llada_base__cm_clean.pt"", ""select_only_in_h"": true, ""step_refresh_remainder"": 8, ""step_refresh_remainder_prompt"": 32}"
ours,57,24,61,1,1,1,7.46,"{""h"": 5, ""path_router"": ""routers_e2e/llada_base__cm_clean.pt"", ""select_only_in_h"": true, ""step_refresh_remainder"": 8, ""step_refresh_remainder_prompt"": 32}"
ours,57,26,67,1,1,1,7.46,"{""h"": 5, ""path_router"": ""routers_e2e/llada_base__cm_clean.pt"", ""select_only_in_h"": true, ""step_refresh_remainder"": 8, ""step_refresh_remainder_prompt"": 32}"
ours,57,28,72,1,1,1,7.46,"{""h"": 5, ""path_router"": ""routers_e2e/llada_base__cm_clean.pt"", ""select_only_in_h"": true, ""step_refresh_remainder"": 8, ""step_refresh_remainder_prompt"": 32}"
ours,57,30,77,1,1,1,7.46,"{""h"": 5, ""path_router"": ""routers_e2e/llada_base__cm_clean.pt"", ""select_only_in_h"": true, ""step_refresh_remainder"": 8, ""step_refresh_remainder_prompt"": 32}"
ours,57,32,82,1,1,1,7.46,"{""h"": 5, ""path_router"": ""routers_e2e/llada_base__cm_clean.pt"", ""select_only_in_h"": true, ""step_refresh_remainder"": 8, ""step_refresh_remainder_prompt"": 32}"
ours,57,34,87,1,1,1,7.46,"{""h"": 5, ""path_router"": ""routers_e2e/llada_base__cm_clean.pt"", ""select_only_in_h"": true, ""step_refresh_remainder"": 8, ""step_refresh_remainder_prompt"": 32}"
ours,57,36,92,1,1,1,7.46,"{""h"": 5, ""path_router"": ""routers_e2e/llada_base__cm_clean.pt"", ""select_only_in_h"": true, ""step_refresh_remainder"": 8, ""step_refresh_remainder_prompt"": 32}"
ours,57,38,97,1,1,1,7.46,"{""h"": 5, ""path_router"": ""routers_e2e/llada_base__cm_clean.pt"", ""select_only_in_h"": true, ""step_refresh_remainder"": 8, ""step_refresh_remainder_prompt"": 32}"
ours,57,40,102,1,1,1,7.46,"{""h"": 5, ""path_router"": ""routers_e2e/llada_base__cm_clean.pt"", ""select_only_in_h"": true, ""step_refresh_remainder"": 8, ""step_refresh_remainder_prompt"": 32}"
ours,57,42,108,1,1,1,7.46,"{""h"": 5, ""path_router"": ""routers_e2e/llada_base__cm_clean.pt"", ""select_only_in_h"": true, ""step_refresh_remainder"": 8, ""step_refresh_remainder_prompt"": 32}"
ours,57,44,113,1,1,1,7.46,"{""h"": 5, ""path_router"": ""routers_e2e/llada_base__cm_clean.pt"", ""select_only_in_h"": true, ""step_refresh_remainder"": 8, ""step_refresh_remainder_prompt"": 32}"
ours,57,46,118,1,1,1,7.46,"{""h"": 5, ""path_router"": ""routers_e2e/llada_base__cm_clean.pt"", ""select_only_in_h"": true, ""step_refresh_remainder"": 8, ""step_refresh_remainder_prompt"": 32}"
ours,57,48,123,1,1,1,7.46,"{""h"": 5, ""path_router"": ""routers_e2e/llada_base__cm_clean.pt"", ""select_only_in_h"": true, ""step_refresh_remainder"": 8, ""step_refresh_remainder_prompt"": 32}"
ours,57,50,128,1,1,1,7.45,"{""h"": 5, ""path_router"": ""routers_e2e/llada_base__cm_clean.pt"", ""select_only_in_h"": true, ""step_refresh_remainder"": 8, ""step_refresh_remainder_prompt"": 32}"
ours,57,52,133,1,1,1,7.45,"{""h"": 5, ""path_router"": ""routers_e2e/llada_base__cm_clean.pt"", ""select_only_in_h"": true, ""step_refresh_remainder"": 8, ""step_refresh_remainder_prompt"": 32}"
ours,57,54,138,1,1,1,7.46,"{""h"": 5, ""path_router"": ""routers_e2e/llada_base__cm_clean.pt"", ""select_only_in_h"": true, ""step_refresh_remainder"": 8, ""step_refresh_remainder_prompt"": 32}"
ours,57,56,143,1,1,1,7.45,"{""h"": 5, ""path_router"": ""routers_e2e/llada_base__cm_clean.pt"", ""select_only_in_h"": true, ""step_refresh_remainder"": 8, ""step_refresh_remainder_prompt"": 32}"
ours,57,58,148,1,1,1,7.45,"{""h"": 5, ""path_router"": ""routers_e2e/llada_base__cm_clean.pt"", ""select_only_in_h"": true, ""step_refresh_remainder"": 8, ""step_refresh_remainder_prompt"": 32}"
ours,57,60,154,1,1,1,7.45,"{""h"": 5, ""path_router"": ""routers_e2e/llada_base__cm_clean.pt"", ""select_only_in_h"": true, ""step_refresh_remainder"": 8, ""step_refresh_remainder_prompt"": 32}"
ours,57,62,159,1,1,1,7.45,"{""h"": 5, ""path_router"": ""routers_e2e/llada_base__cm_clean.pt"", ""select_only_in_h"": true, ""step_refresh_remainder"": 8, ""step_refresh_remainder_prompt"": 32}"
ours,57,64,164,1,1,1,7.44,"{""h"": 5, ""path_router"": ""routers_e2e/llada_base__cm_clean.pt"", ""select_only_in_h"": true, ""step_refresh_remainder"": 8, ""step_refresh_remainder_prompt"": 32}"
ours,57,66,169,1,0,1,7.42,"{""h"": 5, ""path_router"": ""routers_e2e/llada_base__cm_clean.pt"", ""select_only_in_h"": true, ""step_refresh_remainder"": 8, ""step_refresh_remainder_prompt"": 32}"
ours,57,68,174,1,0,1,7.44,"{""h"": 5, ""path_router"": ""routers_e2e/llada_base__cm_clean.pt"", ""select_only_in_h"": true, ""step_refresh_remainder"": 8, ""step_refresh_remainder_prompt"": 32}"
ours,57,70,179,1,1,1,7.44,"{""h"": 5, ""path_router"": ""routers_e2e/llada_base__cm_clean.pt"", ""select_only_in_h"": true, ""step_refresh_remainder"": 8, ""step_refresh_remainder_prompt"": 32}"
ours,57,72,184,1,1,1,7.45,"{""h"": 5, ""path_router"": ""routers_e2e/llada_base__cm_clean.pt"", ""select_only_in_h"": true, ""step_refresh_remainder"": 8, ""step_refresh_remainder_prompt"": 32}"
ours,57,74,189,1,1,1,7.44,"{""h"": 5, ""path_router"": ""routers_e2e/llada_base__cm_clean.pt"", ""select_only_in_h"": true, ""step_refresh_remainder"": 8, ""step_refresh_remainder_prompt"": 32}"
ours,57,76,195,1,1,1,7.44,"{""h"": 5, ""path_router"": ""routers_e2e/llada_base__cm_clean.pt"", ""select_only_in_h"": true, ""step_refresh_remainder"": 8, ""step_refresh_remainder_prompt"": 32}"
ours,57,78,200,1,1,1,7.45,"{""h"": 5, ""path_router"": ""routers_e2e/llada_base__cm_clean.pt"", ""select_only_in_h"": true, ""step_refresh_remainder"": 8, ""step_refresh_remainder_prompt"": 32}"
ours,57,80,205,1,1,1,7.44,"{""h"": 5, ""path_router"": ""routers_e2e/llada_base__cm_clean.pt"", ""select_only_in_h"": true, ""step_refresh_remainder"": 8, ""step_refresh_remainder_prompt"": 32}"
ours,57,82,210,1,1,1,7.44,"{""h"": 5, ""path_router"": ""routers_e2e/llada_base__cm_clean.pt"", ""select_only_in_h"": true, ""step_refresh_remainder"": 8, ""step_refresh_remainder_prompt"": 32}"
ours,57,84,215,1,1,1,7.44,"{""h"": 5, ""path_router"": ""routers_e2e/llada_base__cm_clean.pt"", ""select_only_in_h"": true, ""step_refresh_remainder"": 8, ""step_refresh_remainder_prompt"": 32}"
ours,57,86,220,1,1,1,7.45,"{""h"": 5, ""path_router"": ""routers_e2e/llada_base__cm_clean.pt"", ""select_only_in_h"": true, ""step_refresh_remainder"": 8, ""step_refresh_remainder_prompt"": 32}"
ours,57,88,225,1,1,1,7.43,"{""h"": 5, ""path_router"": ""routers_e2e/llada_base__cm_clean.pt"", ""select_only_in_h"": true, ""step_refresh_remainder"": 8, ""step_refresh_remainder_prompt"": 32}"
ours,57,90,230,1,1,1,7.44,"{""h"": 5, ""path_router"": ""routers_e2e/llada_base__cm_clean.pt"", ""select_only_in_h"": true, ""step_refresh_remainder"": 8, ""step_refresh_remainder_prompt"": 32}"
ours,58,0,0,1,1,1,7.49,"{""h"": 5, ""path_router"": ""routers_e2e/llada_base__cm_clean.pt"", ""select_only_in_h"": true, ""step_refresh_remainder"": 8, ""step_refresh_remainder_prompt"": 32}"
ours,58,2,5,1,1,1,7.48,"{""h"": 5, ""path_router"": ""routers_e2e/llada_base__cm_clean.pt"", ""select_only_in_h"": true, ""step_refresh_remainder"": 8, ""step_refresh_remainder_prompt"": 32}"
ours,58,4,10,1,1,1,7.48,"{""h"": 5, ""path_router"": ""routers_e2e/llada_base__cm_clean.pt"", ""select_only_in_h"": true, ""step_refresh_remainder"": 8, ""step_refresh_remainder_prompt"": 32}"
ours,58,6,15,1,1,1,7.47,"{""h"": 5, ""path_router"": ""routers_e2e/llada_base__cm_clean.pt"", ""select_only_in_h"": true, ""step_refresh_remainder"": 8, ""step_refresh_remainder_prompt"": 32}"
ours,58,8,20,1,1,1,7.47,"{""h"": 5, ""path_router"": ""routers_e2e/llada_base__cm_clean.pt"", ""select_only_in_h"": true, ""step_refresh_remainder"": 8, ""step_refresh_remainder_prompt"": 32}"
ours,58,10,26,1,1,1,7.47,"{""h"": 5, ""path_router"": ""routers_e2e/llada_base__cm_clean.pt"", ""select_only_in_h"": true, ""step_refresh_remainder"": 8, ""step_refresh_remainder_prompt"": 32}"
ours,58,12,31,1,1,1,7.47,"{""h"": 5, ""path_router"": ""routers_e2e/llada_base__cm_clean.pt"", ""select_only_in_h"": true, ""step_refresh_remainder"": 8, ""step_refresh_remainder_prompt"": 32}"
ours,58,14,36,1,1,1,7.47,"{""h"": 5, ""path_router"": ""routers_e2e/llada_base__cm_clean.pt"", ""select_only_in_h"": true, ""step_refresh_remainder"": 8, ""step_refresh_remainder_prompt"": 32}"
ours,58,16,41,1,1,1,7.47,"{""h"": 5, ""path_router"": ""routers_e2e/llada_base__cm_clean.pt"", ""select_only_in_h"": true, ""step_refresh_remainder"": 8, ""step_refresh_remainder_prompt"": 32}"
ours,58,18,46,1,1,1,7.47,"{""h"": 5, ""path_router"": ""routers_e2e/llada_base__cm_clean.pt"", ""select_only_in_h"": true, ""step_refresh_remainder"": 8, ""step_refresh_remainder_prompt"": 32}"
ours,58,20,51,1,1,1,7.48,"{""h"": 5, ""path_router"": ""routers_e2e/llada_base__cm_clean.pt"", ""select_only_in_h"": true, ""step_refresh_remainder"": 8, ""step_refresh_remainder_prompt"": 32}"
ours,58,22,56,1,1,1,7.47,"{""h"": 5, ""path_router"": ""routers_e2e/llada_base__cm_clean.pt"", ""select_only_in_h"": true, ""step_refresh_remainder"": 8, ""step_refresh_remainder_prompt"": 32}"
ours,58,24,61,1,1,1,7.47,"{""h"": 5, ""path_router"": ""routers_e2e/llada_base__cm_clean.pt"", ""select_only_in_h"": true, ""step_refresh_remainder"": 8, ""step_refresh_remainder_prompt"": 32}"
ours,58,26,67,0,0,1,7.48,"{""h"": 5, ""path_router"": ""routers_e2e/llada_base__cm_clean.pt"", ""select_only_in_h"": true, ""step_refresh_remainder"": 8, ""step_refresh_remainder_prompt"": 32}"
ours,58,28,72,1,1,1,7.47,"{""h"": 5, ""path_router"": ""routers_e2e/llada_base__cm_clean.pt"", ""select_only_in_h"": true, ""step_refresh_remainder"": 8, ""step_refresh_remainder_prompt"": 32}"
ours,58,30,77,0,0,1,7.47,"{""h"": 5, ""path_router"": ""routers_e2e/llada_base__cm_clean.pt"", ""select_only_in_h"": true, ""step_refresh_remainder"": 8, ""step_refresh_remainder_prompt"": 32}"
ours,58,32,82,1,1,1,7.47,"{""h"": 5, ""path_router"": ""routers_e2e/llada_base__cm_clean.pt"", ""select_only_in_h"": true, ""step_refresh_remainder"": 8, ""step_refresh_remainder_prompt"": 32}"
ours,58,34,87,1,1,1,7.47,"{""h"": 5, ""path_router"": ""routers_e2e/llada_base__cm_clean.pt"", ""select_only_in_h"": true, ""step_refresh_remainder"": 8, ""step_refresh_remainder_prompt"": 32}"
ours,58,36,92,0,0,1,7.47,"{""h"": 5, ""path_router"": ""routers_e2e/llada_base__cm_clean.pt"", ""select_only_in_h"": true, ""step_refresh_remainder"": 8, ""step_refresh_remainder_prompt"": 32}"
ours,58,38,97,1,1,1,7.47,"{""h"": 5, ""path_router"": ""routers_e2e/llada_base__cm_clean.pt"", ""select_only_in_h"": true, ""step_refresh_remainder"": 8, ""step_refresh_remainder_prompt"": 32}"
ours,58,40,102,1,1,1,7.47,"{""h"": 5, ""path_router"": ""routers_e2e/llada_base__cm_clean.pt"", ""select_only_in_h"": true, ""step_refresh_remainder"": 8, ""step_refresh_remainder_prompt"": 32}"
ours,58,42,108,0,0,1,7.48,"{""h"": 5, ""path_router"": ""routers_e2e/llada_base__cm_clean.pt"", ""select_only_in_h"": true, ""step_refresh_remainder"": 8, ""step_refresh_remainder_prompt"": 32}"
ours,58,44,113,0,0,1,7.47,"{""h"": 5, ""path_router"": ""routers_e2e/llada_base__cm_clean.pt"", ""select_only_in_h"": true, ""step_refresh_remainder"": 8, ""step_refresh_remainder_prompt"": 32}"
ours,58,46,118,0,0,1,7.47,"{""h"": 5, ""path_router"": ""routers_e2e/llada_base__cm_clean.pt"", ""select_only_in_h"": true, ""step_refresh_remainder"": 8, ""step_refresh_remainder_prompt"": 32}"
ours,58,48,123,1,1,1,7.47,"{""h"": 5, ""path_router"": ""routers_e2e/llada_base__cm_clean.pt"", ""select_only_in_h"": true, ""step_refresh_remainder"": 8, ""step_refresh_remainder_prompt"": 32}"
ours,58,50,128,0,0,1,7.47,"{""h"": 5, ""path_router"": ""routers_e2e/llada_base__cm_clean.pt"", ""select_only_in_h"": true, ""step_refresh_remainder"": 8, ""step_refresh_remainder_prompt"": 32}"
ours,58,52,133,0,0,1,7.47,"{""h"": 5, ""path_router"": ""routers_e2e/llada_base__cm_clean.pt"", ""select_only_in_h"": true, ""step_refresh_remainder"": 8, ""step_refresh_remainder_prompt"": 32}"
ours,58,54,138,1,1,1,7.47,"{""h"": 5, ""path_router"": ""routers_e2e/llada_base__cm_clean.pt"", ""select_only_in_h"": true, ""step_refresh_remainder"": 8, ""step_refresh_remainder_prompt"": 32}"
ours,58,56,143,1,1,1,7.47,"{""h"": 5, ""path_router"": ""routers_e2e/llada_base__cm_clean.pt"", ""select_only_in_h"": true, ""step_refresh_remainder"": 8, ""step_refresh_remainder_prompt"": 32}"
ours,58,58,148,1,1,1,7.47,"{""h"": 5, ""path_router"": ""routers_e2e/llada_base__cm_clean.pt"", ""select_only_in_h"": true, ""step_refresh_remainder"": 8, ""step_refresh_remainder_prompt"": 32}"
ours,58,60,154,1,1,1,7.47,"{""h"": 5, ""path_router"": ""routers_e2e/llada_base__cm_clean.pt"", ""select_only_in_h"": true, ""step_refresh_remainder"": 8, ""step_refresh_remainder_prompt"": 32}"
ours,58,62,159,1,1,1,7.47,"{""h"": 5, ""path_router"": ""routers_e2e/llada_base__cm_clean.pt"", ""select_only_in_h"": true, ""step_refresh_remainder"": 8, ""step_refresh_remainder_prompt"": 32}"
ours,58,64,164,1,1,1,7.47,"{""h"": 5, ""path_router"": ""routers_e2e/llada_base__cm_clean.pt"", ""select_only_in_h"": true, ""step_refresh_remainder"": 8, ""step_refresh_remainder_prompt"": 32}"
ours,58,66,169,1,1,1,7.46,"{""h"": 5, ""path_router"": ""routers_e2e/llada_base__cm_clean.pt"", ""select_only_in_h"": true, ""step_refresh_remainder"": 8, ""step_refresh_remainder_prompt"": 32}"
ours,58,68,174,1,1,1,7.45,"{""h"": 5, ""path_router"": ""routers_e2e/llada_base__cm_clean.pt"", ""select_only_in_h"": true, ""step_refresh_remainder"": 8, ""step_refresh_remainder_prompt"": 32}"
ours,58,70,179,1,1,1,7.47,"{""h"": 5, ""path_router"": ""routers_e2e/llada_base__cm_clean.pt"", ""select_only_in_h"": true, ""step_refresh_remainder"": 8, ""step_refresh_remainder_prompt"": 32}"
ours,58,72,184,1,1,1,7.47,"{""h"": 5, ""path_router"": ""routers_e2e/llada_base__cm_clean.pt"", ""select_only_in_h"": true, ""step_refresh_remainder"": 8, ""step_refresh_remainder_prompt"": 32}"
ours,58,74,189,1,1,1,7.47,"{""h"": 5, ""path_router"": ""routers_e2e/llada_base__cm_clean.pt"", ""select_only_in_h"": true, ""step_refresh_remainder"": 8, ""step_refresh_remainder_prompt"": 32}"
ours,58,76,195,1,1,1,7.47,"{""h"": 5, ""path_router"": ""routers_e2e/llada_base__cm_clean.pt"", ""select_only_in_h"": true, ""step_refresh_remainder"": 8, ""step_refresh_remainder_prompt"": 32}"
ours,58,78,200,1,1,1,7.47,"{""h"": 5, ""path_router"": ""routers_e2e/llada_base__cm_clean.pt"", ""select_only_in_h"": true, ""step_refresh_remainder"": 8, ""step_refresh_remainder_prompt"": 32}"
ours,58,80,205,1,1,1,7.46,"{""h"": 5, ""path_router"": ""routers_e2e/llada_base__cm_clean.pt"", ""select_only_in_h"": true, ""step_refresh_remainder"": 8, ""step_refresh_remainder_prompt"": 32}"
ours,58,82,210,1,1,1,7.46,"{""h"": 5, ""path_router"": ""routers_e2e/llada_base__cm_clean.pt"", ""select_only_in_h"": true, ""step_refresh_remainder"": 8, ""step_refresh_remainder_prompt"": 32}"
ours,58,84,215,1,1,1,7.47,"{""h"": 5, ""path_router"": ""routers_e2e/llada_base__cm_clean.pt"", ""select_only_in_h"": true, ""step_refresh_remainder"": 8, ""step_refresh_remainder_prompt"": 32}"
ours,58,86,220,1,1,1,7.47,"{""h"": 5, ""path_router"": ""routers_e2e/llada_base__cm_clean.pt"", ""select_only_in_h"": true, ""step_refresh_remainder"": 8, ""step_refresh_remainder_prompt"": 32}"
ours,58,88,225,1,1,1,7.46,"{""h"": 5, ""path_router"": ""routers_e2e/llada_base__cm_clean.pt"", ""select_only_in_h"": true, ""step_refresh_remainder"": 8, ""step_refresh_remainder_prompt"": 32}"
ours,58,90,230,1,1,1,7.46,"{""h"": 5, ""path_router"": ""routers_e2e/llada_base__cm_clean.pt"", ""select_only_in_h"": true, ""step_refresh_remainder"": 8, ""step_refresh_remainder_prompt"": 32}"
ours,61,0,0,1,1,1,7.19,"{""h"": 5, ""path_router"": ""routers_e2e/llada_base__cm_clean.pt"", ""select_only_in_h"": true, ""step_refresh_remainder"": 8, ""step_refresh_remainder_prompt"": 32}"
ours,61,2,5,1,1,1,7.18,"{""h"": 5, ""path_router"": ""routers_e2e/llada_base__cm_clean.pt"", ""select_only_in_h"": true, ""step_refresh_remainder"": 8, ""step_refresh_remainder_prompt"": 32}"
ours,61,4,10,1,1,1,7.18,"{""h"": 5, ""path_router"": ""routers_e2e/llada_base__cm_clean.pt"", ""select_only_in_h"": true, ""step_refresh_remainder"": 8, ""step_refresh_remainder_prompt"": 32}"
ours,61,6,15,1,1,1,7.18,"{""h"": 5, ""path_router"": ""routers_e2e/llada_base__cm_clean.pt"", ""select_only_in_h"": true, ""step_refresh_remainder"": 8, ""step_refresh_remainder_prompt"": 32}"
ours,61,8,20,1,1,1,7.18,"{""h"": 5, ""path_router"": ""routers_e2e/llada_base__cm_clean.pt"", ""select_only_in_h"": true, ""step_refresh_remainder"": 8, ""step_refresh_remainder_prompt"": 32}"
ours,61,10,26,1,1,1,7.17,"{""h"": 5, ""path_router"": ""routers_e2e/llada_base__cm_clean.pt"", ""select_only_in_h"": true, ""step_refresh_remainder"": 8, ""step_refresh_remainder_prompt"": 32}"
ours,61,12,31,1,1,1,7.18,"{""h"": 5, ""path_router"": ""routers_e2e/llada_base__cm_clean.pt"", ""select_only_in_h"": true, ""step_refresh_remainder"": 8, ""step_refresh_remainder_prompt"": 32}"
ours,61,14,36,1,1,1,7.18,"{""h"": 5, ""path_router"": ""routers_e2e/llada_base__cm_clean.pt"", ""select_only_in_h"": true, ""step_refresh_remainder"": 8, ""step_refresh_remainder_prompt"": 32}"
ours,61,16,41,1,1,1,7.18,"{""h"": 5, ""path_router"": ""routers_e2e/llada_base__cm_clean.pt"", ""select_only_in_h"": true, ""step_refresh_remainder"": 8, ""step_refresh_remainder_prompt"": 32}"
ours,61,18,46,1,1,1,7.18,"{""h"": 5, ""path_router"": ""routers_e2e/llada_base__cm_clean.pt"", ""select_only_in_h"": true, ""step_refresh_remainder"": 8, ""step_refresh_remainder_prompt"": 32}"
ours,61,20,51,1,1,1,7.18,"{""h"": 5, ""path_router"": ""routers_e2e/llada_base__cm_clean.pt"", ""select_only_in_h"": true, ""step_refresh_remainder"": 8, ""step_refresh_remainder_prompt"": 32}"
ours,61,22,56,1,1,1,7.18,"{""h"": 5, ""path_router"": ""routers_e2e/llada_base__cm_clean.pt"", ""select_only_in_h"": true, ""step_refresh_remainder"": 8, ""step_refresh_remainder_prompt"": 32}"
ours,61,24,61,1,1,1,7.18,"{""h"": 5, ""path_router"": ""routers_e2e/llada_base__cm_clean.pt"", ""select_only_in_h"": true, ""step_refresh_remainder"": 8, ""step_refresh_remainder_prompt"": 32}"
ours,61,26,67,1,1,1,7.17,"{""h"": 5, ""path_router"": ""routers_e2e/llada_base__cm_clean.pt"", ""select_only_in_h"": true, ""step_refresh_remainder"": 8, ""step_refresh_remainder_prompt"": 32}"
ours,61,28,72,1,1,1,7.17,"{""h"": 5, ""path_router"": ""routers_e2e/llada_base__cm_clean.pt"", ""select_only_in_h"": true, ""step_refresh_remainder"": 8, ""step_refresh_remainder_prompt"": 32}"
ours,61,30,77,1,1,1,7.18,"{""h"": 5, ""path_router"": ""routers_e2e/llada_base__cm_clean.pt"", ""select_only_in_h"": true, ""step_refresh_remainder"": 8, ""step_refresh_remainder_prompt"": 32}"
ours,61,32,82,1,1,1,7.18,"{""h"": 5, ""path_router"": ""routers_e2e/llada_base__cm_clean.pt"", ""select_only_in_h"": true, ""step_refresh_remainder"": 8, ""step_refresh_remainder_prompt"": 32}"
ours,61,34,87,1,1,1,7.18,"{""h"": 5, ""path_router"": ""routers_e2e/llada_base__cm_clean.pt"", ""select_only_in_h"": true, ""step_refresh_remainder"": 8, ""step_refresh_remainder_prompt"": 32}"
ours,61,36,92,1,1,1,7.17,"{""h"": 5, ""path_router"": ""routers_e2e/llada_base__cm_clean.pt"", ""select_only_in_h"": true, ""step_refresh_remainder"": 8, ""step_refresh_remainder_prompt"": 32}"
ours,61,38,97,1,1,1,7.17,"{""h"": 5, ""path_router"": ""routers_e2e/llada_base__cm_clean.pt"", ""select_only_in_h"": true, ""step_refresh_remainder"": 8, ""step_refresh_remainder_prompt"": 32}"
ours,61,40,102,1,1,1,7.17,"{""h"": 5, ""path_router"": ""routers_e2e/llada_base__cm_clean.pt"", ""select_only_in_h"": true, ""step_refresh_remainder"": 8, ""step_refresh_remainder_prompt"": 32}"
ours,61,42,108,1,1,1,7.18,"{""h"": 5, ""path_router"": ""routers_e2e/llada_base__cm_clean.pt"", ""select_only_in_h"": true, ""step_refresh_remainder"": 8, ""step_refresh_remainder_prompt"": 32}"
ours,61,44,113,1,1,1,7.17,"{""h"": 5, ""path_router"": ""routers_e2e/llada_base__cm_clean.pt"", ""select_only_in_h"": true, ""step_refresh_remainder"": 8, ""step_refresh_remainder_prompt"": 32}"
ours,61,46,118,1,1,1,7.17,"{""h"": 5, ""path_router"": ""routers_e2e/llada_base__cm_clean.pt"", ""select_only_in_h"": true, ""step_refresh_remainder"": 8, ""step_refresh_remainder_prompt"": 32}"
ours,61,48,123,1,1,1,7.17,"{""h"": 5, ""path_router"": ""routers_e2e/llada_base__cm_clean.pt"", ""select_only_in_h"": true, ""step_refresh_remainder"": 8, ""step_refresh_remainder_prompt"": 32}"
ours,61,50,128,1,1,1,7.17,"{""h"": 5, ""path_router"": ""routers_e2e/llada_base__cm_clean.pt"", ""select_only_in_h"": true, ""step_refresh_remainder"": 8, ""step_refresh_remainder_prompt"": 32}"
ours,61,52,133,1,1,1,7.17,"{""h"": 5, ""path_router"": ""routers_e2e/llada_base__cm_clean.pt"", ""select_only_in_h"": true, ""step_refresh_remainder"": 8, ""step_refresh_remainder_prompt"": 32}"
ours,61,54,138,1,1,1,7.16,"{""h"": 5, ""path_router"": ""routers_e2e/llada_base__cm_clean.pt"", ""select_only_in_h"": true, ""step_refresh_remainder"": 8, ""step_refresh_remainder_prompt"": 32}"
ours,61,56,143,1,1,1,7.17,"{""h"": 5, ""path_router"": ""routers_e2e/llada_base__cm_clean.pt"", ""select_only_in_h"": true, ""step_refresh_remainder"": 8, ""step_refresh_remainder_prompt"": 32}"
ours,61,58,148,1,1,1,7.16,"{""h"": 5, ""path_router"": ""routers_e2e/llada_base__cm_clean.pt"", ""select_only_in_h"": true, ""step_refresh_remainder"": 8, ""step_refresh_remainder_prompt"": 32}"
ours,61,60,154,1,1,1,7.17,"{""h"": 5, ""path_router"": ""routers_e2e/llada_base__cm_clean.pt"", ""select_only_in_h"": true, ""step_refresh_remainder"": 8, ""step_refresh_remainder_prompt"": 32}"
ours,61,62,159,1,1,1,7.16,"{""h"": 5, ""path_router"": ""routers_e2e/llada_base__cm_clean.pt"", ""select_only_in_h"": true, ""step_refresh_remainder"": 8, ""step_refresh_remainder_prompt"": 32}"
ours,61,64,164,1,1,1,7.17,"{""h"": 5, ""path_router"": ""routers_e2e/llada_base__cm_clean.pt"", ""select_only_in_h"": true, ""step_refresh_remainder"": 8, ""step_refresh_remainder_prompt"": 32}"
ours,61,66,169,1,1,1,7.17,"{""h"": 5, ""path_router"": ""routers_e2e/llada_base__cm_clean.pt"", ""select_only_in_h"": true, ""step_refresh_remainder"": 8, ""step_refresh_remainder_prompt"": 32}"
ours,61,68,174,1,1,1,7.16,"{""h"": 5, ""path_router"": ""routers_e2e/llada_base__cm_clean.pt"", ""select_only_in_h"": true, ""step_refresh_remainder"": 8, ""step_refresh_remainder_prompt"": 32}"
ours,61,70,179,1,1,1,7.16,"{""h"": 5, ""path_router"": ""routers_e2e/llada_base__cm_clean.pt"", ""select_only_in_h"": true, ""step_refresh_remainder"": 8, ""step_refresh_remainder_prompt"": 32}"
ours,61,72,184,1,1,1,7.16,"{""h"": 5, ""path_router"": ""routers_e2e/llada_base__cm_clean.pt"", ""select_only_in_h"": true, ""step_refresh_remainder"": 8, ""step_refresh_remainder_prompt"": 32}"
ours,61,74,189,1,1,1,7.15,"{""h"": 5, ""path_router"": ""routers_e2e/llada_base__cm_clean.pt"", ""select_only_in_h"": true, ""step_refresh_remainder"": 8, ""step_refresh_remainder_prompt"": 32}"
ours,61,76,195,1,1,1,7.16,"{""h"": 5, ""path_router"": ""routers_e2e/llada_base__cm_clean.pt"", ""select_only_in_h"": true, ""step_refresh_remainder"": 8, ""step_refresh_remainder_prompt"": 32}"
ours,61,78,200,1,1,1,7.16,"{""h"": 5, ""path_router"": ""routers_e2e/llada_base__cm_clean.pt"", ""select_only_in_h"": true, ""step_refresh_remainder"": 8, ""step_refresh_remainder_prompt"": 32}"
ours,61,80,205,1,1,1,7.16,"{""h"": 5, ""path_router"": ""routers_e2e/llada_base__cm_clean.pt"", ""select_only_in_h"": true, ""step_refresh_remainder"": 8, ""step_refresh_remainder_prompt"": 32}"
ours,61,82,210,1,1,1,7.16,"{""h"": 5, ""path_router"": ""routers_e2e/llada_base__cm_clean.pt"", ""select_only_in_h"": true, ""step_refresh_remainder"": 8, ""step_refresh_remainder_prompt"": 32}"
ours,61,84,215,1,1,1,7.16,"{""h"": 5, ""path_router"": ""routers_e2e/llada_base__cm_clean.pt"", ""select_only_in_h"": true, ""step_refresh_remainder"": 8, ""step_refresh_remainder_prompt"": 32}"
ours,61,86,220,1,1,1,7.16,"{""h"": 5, ""path_router"": ""routers_e2e/llada_base__cm_clean.pt"", ""select_only_in_h"": true, ""step_refresh_remainder"": 8, ""step_refresh_remainder_prompt"": 32}"
ours,61,88,225,1,1,1,7.16,"{""h"": 5, ""path_router"": ""routers_e2e/llada_base__cm_clean.pt"", ""select_only_in_h"": true, ""step_refresh_remainder"": 8, ""step_refresh_remainder_prompt"": 32}"
ours,61,90,230,1,1,1,7.16,"{""h"": 5, ""path_router"": ""routers_e2e/llada_base__cm_clean.pt"", ""select_only_in_h"": true, ""step_refresh_remainder"": 8, ""step_refresh_remainder_prompt"": 32}"
ours,63,0,0,1,1,1,7.14,"{""h"": 5, ""path_router"": ""routers_e2e/llada_base__cm_clean.pt"", ""select_only_in_h"": true, ""step_refresh_remainder"": 8, ""step_refresh_remainder_prompt"": 32}"
ours,63,2,5,1,1,1,7.13,"{""h"": 5, ""path_router"": ""routers_e2e/llada_base__cm_clean.pt"", ""select_only_in_h"": true, ""step_refresh_remainder"": 8, ""step_refresh_remainder_prompt"": 32}"
ours,63,4,10,1,1,1,7.13,"{""h"": 5, ""path_router"": ""routers_e2e/llada_base__cm_clean.pt"", ""select_only_in_h"": true, ""step_refresh_remainder"": 8, ""step_refresh_remainder_prompt"": 32}"
ours,63,6,15,0,0,1,7.13,"{""h"": 5, ""path_router"": ""routers_e2e/llada_base__cm_clean.pt"", ""select_only_in_h"": true, ""step_refresh_remainder"": 8, ""step_refresh_remainder_prompt"": 32}"
ours,63,8,20,1,1,0,7.12,"{""h"": 5, ""path_router"": ""routers_e2e/llada_base__cm_clean.pt"", ""select_only_in_h"": true, ""step_refresh_remainder"": 8, ""step_refresh_remainder_prompt"": 32}"
ours,63,10,26,1,1,0,7.13,"{""h"": 5, ""path_router"": ""routers_e2e/llada_base__cm_clean.pt"", ""select_only_in_h"": true, ""step_refresh_remainder"": 8, ""step_refresh_remainder_prompt"": 32}"
ours,63,12,31,1,1,1,7.13,"{""h"": 5, ""path_router"": ""routers_e2e/llada_base__cm_clean.pt"", ""select_only_in_h"": true, ""step_refresh_remainder"": 8, ""step_refresh_remainder_prompt"": 32}"
ours,63,14,36,1,1,1,7.13,"{""h"": 5, ""path_router"": ""routers_e2e/llada_base__cm_clean.pt"", ""select_only_in_h"": true, ""step_refresh_remainder"": 8, ""step_refresh_remainder_prompt"": 32}"
ours,63,16,41,1,1,1,7.13,"{""h"": 5, ""path_router"": ""routers_e2e/llada_base__cm_clean.pt"", ""select_only_in_h"": true, ""step_refresh_remainder"": 8, ""step_refresh_remainder_prompt"": 32}"
ours,63,18,46,1,1,1,7.14,"{""h"": 5, ""path_router"": ""routers_e2e/llada_base__cm_clean.pt"", ""select_only_in_h"": true, ""step_refresh_remainder"": 8, ""step_refresh_remainder_prompt"": 32}"
ours,63,20,51,1,1,1,7.13,"{""h"": 5, ""path_router"": ""routers_e2e/llada_base__cm_clean.pt"", ""select_only_in_h"": true, ""step_refresh_remainder"": 8, ""step_refresh_remainder_prompt"": 32}"
ours,63,22,56,1,1,1,7.13,"{""h"": 5, ""path_router"": ""routers_e2e/llada_base__cm_clean.pt"", ""select_only_in_h"": true, ""step_refresh_remainder"": 8, ""step_refresh_remainder_prompt"": 32}"
ours,63,24,61,1,1,1,7.13,"{""h"": 5, ""path_router"": ""routers_e2e/llada_base__cm_clean.pt"", ""select_only_in_h"": true, ""step_refresh_remainder"": 8, ""step_refresh_remainder_prompt"": 32}"
ours,63,26,67,1,1,1,7.12,"{""h"": 5, ""path_router"": ""routers_e2e/llada_base__cm_clean.pt"", ""select_only_in_h"": true, ""step_refresh_remainder"": 8, ""step_refresh_remainder_prompt"": 32}"
ours,63,28,72,1,1,1,7.1,"{""h"": 5, ""path_router"": ""routers_e2e/llada_base__cm_clean.pt"", ""select_only_in_h"": true, ""step_refresh_remainder"": 8, ""step_refresh_remainder_prompt"": 32}"
ours,63,30,77,1,1,1,7.1,"{""h"": 5, ""path_router"": ""routers_e2e/llada_base__cm_clean.pt"", ""select_only_in_h"": true, ""step_refresh_remainder"": 8, ""step_refresh_remainder_prompt"": 32}"
ours,63,32,82,1,1,1,7.1,"{""h"": 5, ""path_router"": ""routers_e2e/llada_base__cm_clean.pt"", ""select_only_in_h"": true, ""step_refresh_remainder"": 8, ""step_refresh_remainder_prompt"": 32}"
ours,63,34,87,1,1,1,7.1,"{""h"": 5, ""path_router"": ""routers_e2e/llada_base__cm_clean.pt"", ""select_only_in_h"": true, ""step_refresh_remainder"": 8, ""step_refresh_remainder_prompt"": 32}"
ours,63,36,92,1,1,1,7.1,"{""h"": 5, ""path_router"": ""routers_e2e/llada_base__cm_clean.pt"", ""select_only_in_h"": true, ""step_refresh_remainder"": 8, ""step_refresh_remainder_prompt"": 32}"
ours,63,38,97,1,1,1,7.11,"{""h"": 5, ""path_router"": ""routers_e2e/llada_base__cm_clean.pt"", ""select_only_in_h"": true, ""step_refresh_remainder"": 8, ""step_refresh_remainder_prompt"": 32}"
ours,63,40,102,1,1,1,7.12,"{""h"": 5, ""path_router"": ""routers_e2e/llada_base__cm_clean.pt"", ""select_only_in_h"": true, ""step_refresh_remainder"": 8, ""step_refresh_remainder_prompt"": 32}"
ours,63,42,108,1,1,1,7.13,"{""h"": 5, ""path_router"": ""routers_e2e/llada_base__cm_clean.pt"", ""select_only_in_h"": true, ""step_refresh_remainder"": 8, ""step_refresh_remainder_prompt"": 32}"
ours,63,44,113,1,1,1,7.12,"{""h"": 5, ""path_router"": ""routers_e2e/llada_base__cm_clean.pt"", ""select_only_in_h"": true, ""step_refresh_remainder"": 8, ""step_refresh_remainder_prompt"": 32}"
ours,63,46,118,1,1,1,7.12,"{""h"": 5, ""path_router"": ""routers_e2e/llada_base__cm_clean.pt"", ""select_only_in_h"": true, ""step_refresh_remainder"": 8, ""step_refresh_remainder_prompt"": 32}"
ours,63,48,123,1,1,1,7.12,"{""h"": 5, ""path_router"": ""routers_e2e/llada_base__cm_clean.pt"", ""select_only_in_h"": true, ""step_refresh_remainder"": 8, ""step_refresh_remainder_prompt"": 32}"
ours,63,50,128,1,1,1,7.12,"{""h"": 5, ""path_router"": ""routers_e2e/llada_base__cm_clean.pt"", ""select_only_in_h"": true, ""step_refresh_remainder"": 8, ""step_refresh_remainder_prompt"": 32}"
ours,63,52,133,1,1,1,7.12,"{""h"": 5, ""path_router"": ""routers_e2e/llada_base__cm_clean.pt"", ""select_only_in_h"": true, ""step_refresh_remainder"": 8, ""step_refresh_remainder_prompt"": 32}"
ours,63,54,138,1,1,1,7.12,"{""h"": 5, ""path_router"": ""routers_e2e/llada_base__cm_clean.pt"", ""select_only_in_h"": true, ""step_refresh_remainder"": 8, ""step_refresh_remainder_prompt"": 32}"
ours,63,56,143,1,1,1,7.11,"{""h"": 5, ""path_router"": ""routers_e2e/llada_base__cm_clean.pt"", ""select_only_in_h"": true, ""step_refresh_remainder"": 8, ""step_refresh_remainder_prompt"": 32}"
ours,63,58,148,1,1,1,7.12,"{""h"": 5, ""path_router"": ""routers_e2e/llada_base__cm_clean.pt"", ""select_only_in_h"": true, ""step_refresh_remainder"": 8, ""step_refresh_remainder_prompt"": 32}"
ours,63,60,154,1,1,1,7.12,"{""h"": 5, ""path_router"": ""routers_e2e/llada_base__cm_clean.pt"", ""select_only_in_h"": true, ""step_refresh_remainder"": 8, ""step_refresh_remainder_prompt"": 32}"
ours,63,62,159,1,1,1,7.12,"{""h"": 5, ""path_router"": ""routers_e2e/llada_base__cm_clean.pt"", ""select_only_in_h"": true, ""step_refresh_remainder"": 8, ""step_refresh_remainder_prompt"": 32}"
ours,63,64,164,1,1,1,7.12,"{""h"": 5, ""path_router"": ""routers_e2e/llada_base__cm_clean.pt"", ""select_only_in_h"": true, ""step_refresh_remainder"": 8, ""step_refresh_remainder_prompt"": 32}"
ours,63,66,169,1,1,1,7.12,"{""h"": 5, ""path_router"": ""routers_e2e/llada_base__cm_clean.pt"", ""select_only_in_h"": true, ""step_refresh_remainder"": 8, ""step_refresh_remainder_prompt"": 32}"
ours,63,68,174,1,1,1,7.12,"{""h"": 5, ""path_router"": ""routers_e2e/llada_base__cm_clean.pt"", ""select_only_in_h"": true, ""step_refresh_remainder"": 8, ""step_refresh_remainder_prompt"": 32}"
ours,63,70,179,1,1,1,7.12,"{""h"": 5, ""path_router"": ""routers_e2e/llada_base__cm_clean.pt"", ""select_only_in_h"": true, ""step_refresh_remainder"": 8, ""step_refresh_remainder_prompt"": 32}"
ours,63,72,184,1,1,1,7.11,"{""h"": 5, ""path_router"": ""routers_e2e/llada_base__cm_clean.pt"", ""select_only_in_h"": true, ""step_refresh_remainder"": 8, ""step_refresh_remainder_prompt"": 32}"
ours,63,74,189,1,1,1,7.11,"{""h"": 5, ""path_router"": ""routers_e2e/llada_base__cm_clean.pt"", ""select_only_in_h"": true, ""step_refresh_remainder"": 8, ""step_refresh_remainder_prompt"": 32}"
ours,63,76,195,1,1,1,7.11,"{""h"": 5, ""path_router"": ""routers_e2e/llada_base__cm_clean.pt"", ""select_only_in_h"": true, ""step_refresh_remainder"": 8, ""step_refresh_remainder_prompt"": 32}"
ours,63,78,200,1,1,1,7.11,"{""h"": 5, ""path_router"": ""routers_e2e/llada_base__cm_clean.pt"", ""select_only_in_h"": true, ""step_refresh_remainder"": 8, ""step_refresh_remainder_prompt"": 32}"
ours,63,80,205,1,1,1,7.12,"{""h"": 5, ""path_router"": ""routers_e2e/llada_base__cm_clean.pt"", ""select_only_in_h"": true, ""step_refresh_remainder"": 8, ""step_refresh_remainder_prompt"": 32}"
ours,63,82,210,1,1,1,7.11,"{""h"": 5, ""path_router"": ""routers_e2e/llada_base__cm_clean.pt"", ""select_only_in_h"": true, ""step_refresh_remainder"": 8, ""step_refresh_remainder_prompt"": 32}"
ours,63,84,215,1,1,1,7.09,"{""h"": 5, ""path_router"": ""routers_e2e/llada_base__cm_clean.pt"", ""select_only_in_h"": true, ""step_refresh_remainder"": 8, ""step_refresh_remainder_prompt"": 32}"
ours,63,86,220,1,1,1,7.1,"{""h"": 5, ""path_router"": ""routers_e2e/llada_base__cm_clean.pt"", ""select_only_in_h"": true, ""step_refresh_remainder"": 8, ""step_refresh_remainder_prompt"": 32}"
ours,63,88,225,1,1,1,7.1,"{""h"": 5, ""path_router"": ""routers_e2e/llada_base__cm_clean.pt"", ""select_only_in_h"": true, ""step_refresh_remainder"": 8, ""step_refresh_remainder_prompt"": 32}"
ours,63,90,230,1,1,1,7.11,"{""h"": 5, ""path_router"": ""routers_e2e/llada_base__cm_clean.pt"", ""select_only_in_h"": true, ""step_refresh_remainder"": 8, ""step_refresh_remainder_prompt"": 32}"
