method,id_doc,n,k_injected,correct_flex,correct_strict,has_done,seconds,setting
d2cache,0,0,0,1,1,1,6.84,"{""d2c_conf_mode"": ""live"", ""d2c_k"": 8, ""d2c_rollout_p"": 0.05, ""d2c_sigma"": 10.0}"
d2cache,0,10,26,1,1,1,5.65,"{""d2c_conf_mode"": ""live"", ""d2c_k"": 8, ""d2c_rollout_p"": 0.05, ""d2c_sigma"": 10.0}"
d2cache,0,20,51,1,1,1,5.06,"{""d2c_conf_mode"": ""live"", ""d2c_k"": 8, ""d2c_rollout_p"": 0.05, ""d2c_sigma"": 10.0}"
d2cache,0,30,77,1,1,1,4.42,"{""d2c_conf_mode"": ""live"", ""d2c_k"": 8, ""d2c_rollout_p"": 0.05, ""d2c_sigma"": 10.0}"
d2cache,0,40,102,1,1,1,3.83,"{""d2c_conf_mode"": ""live"", ""d2c_k"": 8, ""d2c_rollout_p"": 0.05, ""d2c_sigma"": 10.0}"
d2cache,0,50,128,1,1,1,3.21,"{""d2c_conf_mode"": ""live"", ""d2c_k"": 8, ""d2c_rollout_p"": 0.05, ""d2c_sigma"": 10.0}"
d2cache,0,60,154,1,1,1,2.59,"{""d2c_conf_mode"": ""live"", ""d2c_k"": 8, ""d2c_rollout_p"": 0.05, ""d2c_sigma"": 10.0}"
d2cache,0,70,179,1,1,1,1.99,"{""d2c_conf_mode"": ""live"", ""d2c_k"": 8, ""d2c_rollout_p"": 0.05, ""d2c_sigma"": 10.0}"
d2cache,0,80,205,1,1,1,1.37,"{""d2c_conf_mode"": ""live"", ""d2c_k"": 8, ""d2c_rollout_p"": 0.05, ""d2c_sigma"": 10.0}"
d2cache,0,90,230,1,1,1,0.76,"{""d2c_conf_mode"": ""live"", ""d2c_k"": 8, ""d2c_rollout_p"": 0.05, ""d2c_sigma"": 10.0}"
d2cache,1,0,0,1,1,1,6.64,"{""d2c_conf_mode"": ""live"", ""d2c_k"": 8, ""d2c_rollout_p"": 0.05, ""d2c_sigma"": 10.0}"
d2cache,1,10,26,1,1,1,5.93,"{""d2c_conf_mode"": ""live"", ""d2c_k"": 8, ""d2c_rollout_p"": 0.05, ""d2c_sigma"": 10.0}"
d2cache,1,20,51,1,1,1,5.33,"{""d2c_conf_mode"": ""live"", ""d2c_k"": 8, ""d2c_rollout_p"": 0.05, ""d2c_sigma"": 10.0}"
d2cache,1,30,77,1,1,1,4.67,"{""d2c_conf_mode"": ""live"", ""d2c_k"": 8, ""d2c_rollout_p"": 0.05, ""d2c_sigma"": 10.0}"
d2cache,1,40,102,1,1,1,4.05,"{""d2c_conf_mode"": ""live"", ""d2c_k"": 8, ""d2c_rollout_p"": 0.05, ""d2c_sigma"": 10.0}"
d2cache,1,50,128,1,1,1,3.39,"{""d2c_conf_mode"": ""live"", ""d2c_k"": 8, ""d2c_rollout_p"": 0.05, ""d2c_sigma"": 10.0}"
d2cache,1,60,154,1,1,1,2.73,"{""d2c_conf_mode"": ""live"", ""d2c_k"": 8, ""d2c_rollout_p"": 0.05, ""d2c_sigma"": 10.0}"
d2cache,1,70,179,1,1,1,2.1,"{""d2c_conf_mode"": ""live"", ""d2c_k"": 8, ""d2c_rollout_p"": 0.05, ""d2c_sigma"": 10.0}"
d2cache,1,80,205,1,1,1,1.44,"{""d2c_conf_mode"": ""live"", ""d2c_k"": 8, ""d2c_rollout_p"": 0.05, ""d2c_sigma"": 10.0}"
d2cache,1,90,230,1,1,1,0.81,"{""d2c_conf_mode"": ""live"", ""d2c_k"": 8, ""d2c_rollout_p"": 0.05, ""d2c_sigma"": 10.0}"
d2cache,3,0,0,1,1,1,6.2,"{""d2c_conf_mode"": ""live"", ""d2c_k"": 8, ""d2c_rollout_p"": 0.05, ""d2c_sigma"": 10.0}"
d2cache,3,10,26,1,1,1,5.61,"{""d2c_conf_mode"": ""live"", ""d2c_k"": 8, ""d2c_rollout_p"": 0.05, ""d2c_sigma"": 10.0}"
d2cache,3,20,51,1,1,1,4.91,"{""d2c_conf_mode"": ""live"", ""d2c_k"": 8, ""d2c_rollout_p"": 0.05, ""d2c_sigma"": 10.0}"
d2cache,3,30,77,1,1,1,4.35,"{""d2c_conf_mode"": ""live"", ""d2c_k"": 8, ""d2c_rollout_p"": 0.05, ""d2c_sigma"": 10.0}"
d2cache,3,40,102,1,1,1,3.76,"{""d2c_conf_mode"": ""live"", ""d2c_k"": 8, ""d2c_rollout_p"": 0.05, ""d2c_sigma"": 10.0}"
d2cache,3,50,128,1,1,1,3.09,"{""d2c_conf_mode"": ""live"", ""d2c_k"": 8, ""d2c_rollout_p"": 0.05, ""d2c_sigma"": 10.0}"
d2cache,3,60,154,1,1,1,2.52,"{""d2c_conf_mode"": ""live"", ""d2c_k"": 8, ""d2c_rollout_p"": 0.05, ""d2c_sigma"": 10.0}"
d2cache,3,70,179,1,1,1,1.91,"{""d2c_conf_mode"": ""live"", ""d2c_k"": 8, ""d2c_rollout_p"": 0.05, ""d2c_sigma"": 10.0}"
d2cache,3,80,205,1,1,1,1.3,"{""d2c_conf_mode"": ""live"", ""d2c_k"": 8, ""d2c_rollout_p"": 0.05, ""d2c_sigma"": 10.0}"
d2cache,3,90,230,1,1,1,0.72,"{""d2c_conf_mode"": ""live"", ""d2c_k"": 8, ""d2c_rollout_p"": 0.05, ""d2c_sigma"": 10.0}"
d2cache,4,0,0,1,1,1,6.36,"{""d2c_conf_mode"": ""live"", ""d2c_k"": 8, ""d2c_rollout_p"": 0.05, ""d2c_sigma"": 10.0}"
d2cache,4,10,26,1,1,1,5.73,"{""d2c_conf_mode"": ""live"", ""d2c_k"": 8, ""d2c_rollout_p"": 0.05, ""d2c_sigma"": 10.0}"
d2cache,4,20,51,1,1,1,5.13,"{""d2c_conf_mode"": ""live"", ""d2c_k"": 8, ""d2c_rollout_p"": 0.05, ""d2c_sigma"": 10.0}"
d2cache,4,30,77,1,1,1,4.49,"{""d2c_conf_mode"": ""live"", ""d2c_k"": 8, ""d2c_rollout_p"": 0.05, ""d2c_sigma"": 10.0}"
d2cache,4,40,102,1,1,1,3.89,"{""d2c_conf_mode"": ""live"", ""d2c_k"": 8, ""d2c_rollout_p"": 0.05, ""d2c_sigma"": 10.0}"
d2cache,4,50,128,1,1,1,3.25,"{""d2c_conf_mode"": ""live"", ""d2c_k"": 8, ""d2c_rollout_p"": 0.05, ""d2c_sigma"": 10.0}"
d2cache,4,60,154,1,1,1,2.62,"{""d2c_conf_mode"": ""live"", ""d2c_k"": 8, ""d2c_rollout_p"": 0.05, ""d2c_sigma"": 10.0}"
d2cache,4,70,179,1,1,1,2.01,"{""d2c_conf_mode"": ""live"", ""d2c_k"": 8, ""d2c_rollout_p"": 0.05, ""d2c_sigma"": 10.0}"
d2cache,4,80,205,1,1,1,1.38,"{""d2c_conf_mode"": ""live"", ""d2c_k"": 8, ""d2c_rollout_p"": 0.05, ""d2c_sigma"": 10.0}"
d2cache,4,90,230,1,1,1,0.77,"{""d2c_conf_mode"": ""live"", ""d2c_k"": 8, ""d2c_rollout_p"": 0.05, ""d2c_sigma"": 10.0}"
d2cache,6,0,0,1,1,0,6.37,"{""d2c_conf_mode"": ""live"", ""d2c_k"": 8, ""d2c_rollout_p"": 0.05, ""d2c_sigma"": 10.0}"
d2cache,6,10,26,1,1,0,5.72,"{""d2c_conf_mode"": ""live"", ""d2c_k"": 8, ""d2c_rollout_p"": 0.05, ""d2c_sigma"": 10.0}"
d2cache,6,20,51,1,1,1,5.11,"{""d2c_conf_mode"": ""live"", ""d2c_k"": 8, ""d2c_rollout_p"": 0.05, ""d2c_sigma"": 10.0}"
d2cache,6,30,77,1,1,1,4.4,"{""d2c_conf_mode"": ""live"", ""d2c_k"": 8, ""d2c_rollout_p"": 0.05, ""d2c_sigma"": 10.0}"
d2cache,6,40,102,1,1,1,3.76,"{""d2c_conf_mode"": ""live"", ""d2c_k"": 8, ""d2c_rollout_p"": 0.05, ""d2c_sigma"": 10.0}"
d2cache,6,50,128,1,1,1,3.19,"{""d2c_conf_mode"": ""live"", ""d2c_k"": 8, ""d2c_rollout_p"": 0.05, ""d2c_sigma"": 10.0}"
d2cache,6,60,154,1,1,1,2.57,"{""d2c_conf_mode"": ""live"", ""d2c_k"": 8, ""d2c_rollout_p"": 0.05, ""d2c_sigma"": 10.0}"
d2cache,6,70,179,1,1,1,1.97,"{""d2c_conf_mode"": ""live"", ""d2c_k"": 8, ""d2c_rollout_p"": 0.05, ""d2c_sigma"": 10.0}"
d2cache,6,80,205,1,1,1,1.33,"{""d2c_conf_mode"": ""live"", ""d2c_k"": 8, ""d2c_rollout_p"": 0.05, ""d2c_sigma"": 10.0}"
d2cache,6,90,230,1,1,1,0.74,"{""d2c_conf_mode"": ""live"", ""d2c_k"": 8, ""d2c_rollout_p"": 0.05, ""d2c_sigma"": 10.0}"
d2cache,9,0,0,1,1,1,6.01,"{""d2c_conf_mode"": ""live"", ""d2c_k"": 8, ""d2c_rollout_p"": 0.05, ""d2c_sigma"": 10.0}"
d2cache,9,10,26,1,1,1,5.35,"{""d2c_conf_mode"": ""live"", ""d2c_k"": 8, ""d2c_rollout_p"": 0.05, ""d2c_sigma"": 10.0}"
d2cache,9,20,51,1,1,1,4.77,"{""d2c_conf_mode"": ""live"", ""d2c_k"": 8, ""d2c_rollout_p"": 0.05, ""d2c_sigma"": 10.0}"
d2cache,9,30,77,1,1,1,4.23,"{""d2c_conf_mode"": ""live"", ""d2c_k"": 8, ""d2c_rollout_p"": 0.05, ""d2c_sigma"": 10.0}"
d2cache,9,40,102,1,1,1,3.62,"{""d2c_conf_mode"": ""live"", ""d2c_k"": 8, ""d2c_rollout_p"": 0.05, ""d2c_sigma"": 10.0}"
d2cache,9,50,128,1,1,1,3.05,"{""d2c_conf_mode"": ""live"", ""d2c_k"": 8, ""d2c_rollout_p"": 0.05, ""d2c_sigma"": 10.0}"
d2cache,9,60,154,1,1,1,2.39,"{""d2c_conf_mode"": ""live"", ""d2c_k"": 8, ""d2c_rollout_p"": 0.05, ""d2c_sigma"": 10.0}"
d2cache,9,70,179,1,1,1,1.83,"{""d2c_conf_mode"": ""live"", ""d2c_k"": 8, ""d2c_rollout_p"": 0.05, ""d2c_sigma"": 10.0}"
d2cache,9,80,205,1,1,1,1.25,"{""d2c_conf_mode"": ""live"", ""d2c_k"": 8, ""d2c_rollout_p"": 0.05, ""d2c_sigma"": 10.0}"
d2cache,9,90,230,1,1,1,0.69,"{""d2c_conf_mode"": ""live"", ""d2c_k"": 8, ""d2c_rollout_p"": 0.05, ""d2c_sigma"": 10.0}"
d2cache,10,0,0,1,1,1,6.39,"{""d2c_conf_mode"": ""live"", ""d2c_k"": 8, ""d2c_rollout_p"": 0.05, ""d2c_sigma"": 10.0}"
d2cache,10,10,26,0,0,1,5.76,"{""d2c_conf_mode"": ""live"", ""d2c_k"": 8, ""d2c_rollout_p"": 0.05, ""d2c_sigma"": 10.0}"
d2cache,10,20,51,0,0,1,5.16,"{""d2c_conf_mode"": ""live"", ""d2c_k"": 8, ""d2c_rollout_p"": 0.05, ""d2c_sigma"": 10.0}"
d2cache,10,30,77,1,1,1,4.53,"{""d2c_conf_mode"": ""live"", ""d2c_k"": 8, ""d2c_rollout_p"": 0.05, ""d2c_sigma"": 10.0}"
d2cache,10,40,102,1,1,1,3.84,"{""d2c_conf_mode"": ""live"", ""d2c_k"": 8, ""d2c_rollout_p"": 0.05, ""d2c_sigma"": 10.0}"
d2cache,10,50,128,1,1,1,3.21,"{""d2c_conf_mode"": ""live"", ""d2c_k"": 8, ""d2c_rollout_p"": 0.05, ""d2c_sigma"": 10.0}"
d2cache,10,60,154,1,1,1,2.56,"{""d2c_conf_mode"": ""live"", ""d2c_k"": 8, ""d2c_rollout_p"": 0.05, ""d2c_sigma"": 10.0}"
d2cache,10,70,179,1,1,1,1.99,"{""d2c_conf_mode"": ""live"", ""d2c_k"": 8, ""d2c_rollout_p"": 0.05, ""d2c_sigma"": 10.0}"
d2cache,10,80,205,1,1,1,1.34,"{""d2c_conf_mode"": ""live"", ""d2c_k"": 8, ""d2c_rollout_p"": 0.05, ""d2c_sigma"": 10.0}"
d2cache,10,90,230,1,1,1,0.74,"{""d2c_conf_mode"": ""live"", ""d2c_k"": 8, ""d2c_rollout_p"": 0.05, ""d2c_sigma"": 10.0}"
d2cache,11,0,0,1,1,1,6.93,"{""d2c_conf_mode"": ""live"", ""d2c_k"": 8, ""d2c_rollout_p"": 0.05, ""d2c_sigma"": 10.0}"
d2cache,11,10,26,1,1,1,6.24,"{""d2c_conf_mode"": ""live"", ""d2c_k"": 8, ""d2c_rollout_p"": 0.05, ""d2c_sigma"": 10.0}"
d2cache,11,20,51,1,1,1,5.54,"{""d2c_conf_mode"": ""live"", ""d2c_k"": 8, ""d2c_rollout_p"": 0.05, ""d2c_sigma"": 10.0}"
d2cache,11,30,77,1,1,1,4.88,"{""d2c_conf_mode"": ""live"", ""d2c_k"": 8, ""d2c_rollout_p"": 0.05, ""d2c_sigma"": 10.0}"
d2cache,11,40,102,1,1,1,4.21,"{""d2c_conf_mode"": ""live"", ""d2c_k"": 8, ""d2c_rollout_p"": 0.05, ""d2c_sigma"": 10.0}"
d2cache,11,50,128,1,1,1,3.56,"{""d2c_conf_mode"": ""live"", ""d2c_k"": 8, ""d2c_rollout_p"": 0.05, ""d2c_sigma"": 10.0}"
d2cache,11,60,154,1,1,1,2.84,"{""d2c_conf_mode"": ""live"", ""d2c_k"": 8, ""d2c_rollout_p"": 0.05, ""d2c_sigma"": 10.0}"
d2cache,11,70,179,1,1,1,2.2,"{""d2c_conf_mode"": ""live"", ""d2c_k"": 8, ""d2c_rollout_p"": 0.05, ""d2c_sigma"": 10.0}"
d2cache,11,80,205,1,1,1,1.53,"{""d2c_conf_mode"": ""live"", ""d2c_k"": 8, ""d2c_rollout_p"": 0.05, ""d2c_sigma"": 10.0}"
d2cache,11,90,230,1,1,1,0.87,"{""d2c_conf_mode"": ""live"", ""d2c_k"": 8, ""d2c_rollout_p"": 0.05, ""d2c_sigma"": 10.0}"
d2cache,14,0,0,1,1,1,6.28,"{""d2c_conf_mode"": ""live"", ""d2c_k"": 8, ""d2c_rollout_p"": 0.05, ""d2c_sigma"": 10.0}"
d2cache,14,10,26,1,1,1,5.65,"{""d2c_conf_mode"": ""live"", ""d2c_k"": 8, ""d2c_rollout_p"": 0.05, ""d2c_sigma"": 10.0}"
d2cache,14,20,51,1,1,1,4.98,"{""d2c_conf_mode"": ""live"", ""d2c_k"": 8, ""d2c_rollout_p"": 0.05, ""d2c_sigma"": 10.0}"
d2cache,14,30,77,1,1,1,4.42,"{""d2c_conf_mode"": ""live"", ""d2c_k"": 8, ""d2c_rollout_p"": 0.05, ""d2c_sigma"": 10.0}"
d2cache,14,40,102,1,1,1,3.8,"{""d2c_conf_mode"": ""live"", ""d2c_k"": 8, ""d2c_rollout_p"": 0.05, ""d2c_sigma"": 10.0}"
d2cache,14,50,128,1,1,1,3.16,"{""d2c_conf_mode"": ""live"", ""d2c_k"": 8, ""d2c_rollout_p"": 0.05, ""d2c_sigma"": 10.0}"
d2cache,14,60,154,1,1,1,2.5,"{""d2c_conf_mode"": ""live"", ""d2c_k"": 8, ""d2c_rollout_p"": 0.05, ""d2c_sigma"": 10.0}"
d2cache,14,70,179,1,1,1,1.91,"{""d2c_conf_mode"": ""live"", ""d2c_k"": 8, ""d2c_rollout_p"": 0.05, ""d2c_sigma"": 10.0}"
d2cache,14,80,205,1,1,1,1.3,"{""d2c_conf_mode"": ""live"", ""d2c_k"": 8, ""d2c_rollout_p"": 0.05, ""d2c_sigma"": 10.0}"
d2cache,14,90,230,1,1,1,0.72,"{""d2c_conf_mode"": ""live"", ""d2c_k"": 8, ""d2c_rollout_p"": 0.05, ""d2c_sigma"": 10.0}"
d2cache,17,0,0,1,1,1,6.06,"{""d2c_conf_mode"": ""live"", ""d2c_k"": 8, ""d2c_rollout_p"": 0.05, ""d2c_sigma"": 10.0}"
d2cache,17,10,26,1,1,1,5.45,"{""d2c_conf_mode"": ""live"", ""d2c_k"": 8, ""d2c_rollout_p"": 0.05, ""d2c_sigma"": 10.0}"
d2cache,17,20,51,1,1,1,4.87,"{""d2c_conf_mode"": ""live"", ""d2c_k"": 8, ""d2c_rollout_p"": 0.05, ""d2c_sigma"": 10.0}"
d2cache,17,30,77,1,1,1,4.27,"{""d2c_conf_mode"": ""live"", ""d2c_k"": 8, ""d2c_rollout_p"": 0.05, ""d2c_sigma"": 10.0}"
d2cache,17,40,102,1,1,1,3.66,"{""d2c_conf_mode"": ""live"", ""d2c_k"": 8, ""d2c_rollout_p"": 0.05, ""d2c_sigma"": 10.0}"
d2cache,17,50,128,1,1,1,3.08,"{""d2c_conf_mode"": ""live"", ""d2c_k"": 8, ""d2c_rollout_p"": 0.05, ""d2c_sigma"": 10.0}"
d2cache,17,60,154,1,1,1,2.45,"{""d2c_conf_mode"": ""live"", ""d2c_k"": 8, ""d2c_rollout_p"": 0.05, ""d2c_sigma"": 10.0}"
d2cache,17,70,179,1,1,1,1.86,"{""d2c_conf_mode"": ""live"", ""d2c_k"": 8, ""d2c_rollout_p"": 0.05, ""d2c_sigma"": 10.0}"
d2cache,17,80,205,1,1,1,1.26,"{""d2c_conf_mode"": ""live"", ""d2c_k"": 8, ""d2c_rollout_p"": 0.05, ""d2c_sigma"": 10.0}"
d2cache,17,90,230,1,1,1,0.7,"{""d2c_conf_mode"": ""live"", ""d2c_k"": 8, ""d2c_rollout_p"": 0.05, ""d2c_sigma"": 10.0}"
d2cache,18,0,0,1,1,1,6.17,"{""d2c_conf_mode"": ""live"", ""d2c_k"": 8, ""d2c_rollout_p"": 0.05, ""d2c_sigma"": 10.0}"
d2cache,18,10,26,0,1,0,5.51,"{""d2c_conf_mode"": ""live"", ""d2c_k"": 8, ""d2c_rollout_p"": 0.05, ""d2c_sigma"": 10.0}"
d2cache,18,20,51,1,1,1,4.95,"{""d2c_conf_mode"": ""live"", ""d2c_k"": 8, ""d2c_rollout_p"": 0.05, ""d2c_sigma"": 10.0}"
d2cache,18,30,77,1,1,1,4.33,"{""d2c_conf_mode"": ""live"", ""d2c_k"": 8, ""d2c_rollout_p"": 0.05, ""d2c_sigma"": 10.0}"
d2cache,18,40,102,1,1,1,3.69,"{""d2c_conf_mode"": ""live"", ""d2c_k"": 8, ""d2c_rollout_p"": 0.05, ""d2c_sigma"": 10.0}"
d2cache,18,50,128,1,1,1,3.1,"{""d2c_conf_mode"": ""live"", ""d2c_k"": 8, ""d2c_rollout_p"": 0.05, ""d2c_sigma"": 10.0}"
d2cache,18,60,154,1,1,1,2.53,"{""d2c_conf_mode"": ""live"", ""d2c_k"": 8, ""d2c_rollout_p"": 0.05, ""d2c_sigma"": 10.0}"
d2cache,18,70,179,1,1,1,1.95,"{""d2c_conf_mode"": ""live"", ""d2c_k"": 8, ""d2c_rollout_p"": 0.05, ""d2c_sigma"": 10.0}"
d2cache,18,80,205,1,1,1,1.3,"{""d2c_conf_mode"": ""live"", ""d2c_k"": 8, ""d2c_rollout_p"": 0.05, ""d2c_sigma"": 10.0}"
d2cache,18,90,230,1,1,1,0.72,"{""d2c_conf_mode"": ""live"", ""d2c_k"": 8, ""d2c_rollout_p"": 0.05, ""d2c_sigma"": 10.0}"
d2cache,19,0,0,0,0,1,6.39,"{""d2c_conf_mode"": ""live"", ""d2c_k"": 8, ""d2c_rollout_p"": 0.05, ""d2c_sigma"": 10.0}"
d2cache,19,10,26,1,1,1,5.74,"{""d2c_conf_mode"": ""live"", ""d2c_k"": 8, ""d2c_rollout_p"": 0.05, ""d2c_sigma"": 10.0}"
d2cache,19,20,51,1,1,1,5.09,"{""d2c_conf_mode"": ""live"", ""d2c_k"": 8, ""d2c_rollout_p"": 0.05, ""d2c_sigma"": 10.0}"
d2cache,19,30,77,1,1,1,4.5,"{""d2c_conf_mode"": ""live"", ""d2c_k"": 8, ""d2c_rollout_p"": 0.05, ""d2c_sigma"": 10.0}"
d2cache,19,40,102,1,1,1,3.77,"{""d2c_conf_mode"": ""live"", ""d2c_k"": 8, ""d2c_rollout_p"": 0.05, ""d2c_sigma"": 10.0}"
d2cache,19,50,128,1,1,1,3.17,"{""d2c_conf_mode"": ""live"", ""d2c_k"": 8, ""d2c_rollout_p"": 0.05, ""d2c_sigma"": 10.0}"
d2cache,19,60,154,1,1,1,2.57,"{""d2c_conf_mode"": ""live"", ""d2c_k"": 8, ""d2c_rollout_p"": 0.05, ""d2c_sigma"": 10.0}"
d2cache,19,70,179,1,1,1,1.98,"{""d2c_conf_mode"": ""live"", ""d2c_k"": 8, ""d2c_rollout_p"": 0.05, ""d2c_sigma"": 10.0}"
d2cache,19,80,205,1,1,1,1.34,"{""d2c_conf_mode"": ""live"", ""d2c_k"": 8, ""d2c_rollout_p"": 0.05, ""d2c_sigma"": 10.0}"
d2cache,19,90,230,1,1,1,0.74,"{""d2c_conf_mode"": ""live"", ""d2c_k"": 8, ""d2c_rollout_p"": 0.05, ""d2c_sigma"": 10.0}"
d2cache,22,0,0,1,1,1,6.83,"{""d2c_conf_mode"": ""live"", ""d2c_k"": 8, ""d2c_rollout_p"": 0.05, ""d2c_sigma"": 10.0}"
d2cache,22,10,26,1,1,1,6.14,"{""d2c_conf_mode"": ""live"", ""d2c_k"": 8, ""d2c_rollout_p"": 0.05, ""d2c_sigma"": 10.0}"
d2cache,22,20,51,1,1,1,5.49,"{""d2c_conf_mode"": ""live"", ""d2c_k"": 8, ""d2c_rollout_p"": 0.05, ""d2c_sigma"": 10.0}"
d2cache,22,30,77,1,1,1,4.82,"{""d2c_conf_mode"": ""live"", ""d2c_k"": 8, ""d2c_rollout_p"": 0.05, ""d2c_sigma"": 10.0}"
d2cache,22,40,102,1,1,1,4.16,"{""d2c_conf_mode"": ""live"", ""d2c_k"": 8, ""d2c_rollout_p"": 0.05, ""d2c_sigma"": 10.0}"
d2cache,22,50,128,1,1,1,3.46,"{""d2c_conf_mode"": ""live"", ""d2c_k"": 8, ""d2c_rollout_p"": 0.05, ""d2c_sigma"": 10.0}"
d2cache,22,60,154,1,1,1,2.82,"{""d2c_conf_mode"": ""live"", ""d2c_k"": 8, ""d2c_rollout_p"": 0.05, ""d2c_sigma"": 10.0}"
d2cache,22,70,179,1,1,1,2.17,"{""d2c_conf_mode"": ""live"", ""d2c_k"": 8, ""d2c_rollout_p"": 0.05, ""d2c_sigma"": 10.0}"
d2cache,22,80,205,1,1,1,1.49,"{""d2c_conf_mode"": ""live"", ""d2c_k"": 8, ""d2c_rollout_p"": 0.05, ""d2c_sigma"": 10.0}"
d2cache,22,90,230,1,1,1,0.84,"{""d2c_conf_mode"": ""live"", ""d2c_k"": 8, ""d2c_rollout_p"": 0.05, ""d2c_sigma"": 10.0}"
d2cache,23,0,0,1,1,1,6.43,"{""d2c_conf_mode"": ""live"", ""d2c_k"": 8, ""d2c_rollout_p"": 0.05, ""d2c_sigma"": 10.0}"
d2cache,23,10,26,1,1,1,5.78,"{""d2c_conf_mode"": ""live"", ""d2c_k"": 8, ""d2c_rollout_p"": 0.05, ""d2c_sigma"": 10.0}"
d2cache,23,20,51,1,1,1,5.19,"{""d2c_conf_mode"": ""live"", ""d2c_k"": 8, ""d2c_rollout_p"": 0.05, ""d2c_sigma"": 10.0}"
d2cache,23,30,77,1,1,1,4.54,"{""d2c_conf_mode"": ""live"", ""d2c_k"": 8, ""d2c_rollout_p"": 0.05, ""d2c_sigma"": 10.0}"
d2cache,23,40,102,1,1,1,3.92,"{""d2c_conf_mode"": ""live"", ""d2c_k"": 8, ""d2c_rollout_p"": 0.05, ""d2c_sigma"": 10.0}"
d2cache,23,50,128,1,1,1,3.28,"{""d2c_conf_mode"": ""live"", ""d2c_k"": 8, ""d2c_rollout_p"": 0.05, ""d2c_sigma"": 10.0}"
d2cache,23,60,154,1,1,1,2.64,"{""d2c_conf_mode"": ""live"", ""d2c_k"": 8, ""d2c_rollout_p"": 0.05, ""d2c_sigma"": 10.0}"
d2cache,23,70,179,1,1,1,2.03,"{""d2c_conf_mode"": ""live"", ""d2c_k"": 8, ""d2c_rollout_p"": 0.05, ""d2c_sigma"": 10.0}"
d2cache,23,80,205,1,1,1,1.38,"{""d2c_conf_mode"": ""live"", ""d2c_k"": 8, ""d2c_rollout_p"": 0.05, ""d2c_sigma"": 10.0}"
d2cache,23,90,230,1,1,1,0.77,"{""d2c_conf_mode"": ""live"", ""d2c_k"": 8, ""d2c_rollout_p"": 0.05, ""d2c_sigma"": 10.0}"
d2cache,24,0,0,1,1,1,6.71,"{""d2c_conf_mode"": ""live"", ""d2c_k"": 8, ""d2c_rollout_p"": 0.05, ""d2c_sigma"": 10.0}"
d2cache,24,10,26,1,1,1,6.03,"{""d2c_conf_mode"": ""live"", ""d2c_k"": 8, ""d2c_rollout_p"": 0.05, ""d2c_sigma"": 10.0}"
d2cache,24,20,51,1,1,1,5.39,"{""d2c_conf_mode"": ""live"", ""d2c_k"": 8, ""d2c_rollout_p"": 0.05, ""d2c_sigma"": 10.0}"
d2cache,24,30,77,1,1,1,4.72,"{""d2c_conf_mode"": ""live"", ""d2c_k"": 8, ""d2c_rollout_p"": 0.05, ""d2c_sigma"": 10.0}"
d2cache,24,40,102,1,1,1,4.08,"{""d2c_conf_mode"": ""live"", ""d2c_k"": 8, ""d2c_rollout_p"": 0.05, ""d2c_sigma"": 10.0}"
d2cache,24,50,128,1,1,1,3.42,"{""d2c_conf_mode"": ""live"", ""d2c_k"": 8, ""d2c_rollout_p"": 0.05, ""d2c_sigma"": 10.0}"
d2cache,24,60,154,1,1,1,2.76,"{""d2c_conf_mode"": ""live"", ""d2c_k"": 8, ""d2c_rollout_p"": 0.05, ""d2c_sigma"": 10.0}"
d2cache,24,70,179,1,1,1,2.12,"{""d2c_conf_mode"": ""live"", ""d2c_k"": 8, ""d2c_rollout_p"": 0.05, ""d2c_sigma"": 10.0}"
d2cache,24,80,205,1,1,1,1.45,"{""d2c_conf_mode"": ""live"", ""d2c_k"": 8, ""d2c_rollout_p"": 0.05, ""d2c_sigma"": 10.0}"
d2cache,24,90,230,1,1,1,0.82,"{""d2c_conf_mode"": ""live"", ""d2c_k"": 8, ""d2c_rollout_p"": 0.05, ""d2c_sigma"": 10.0}"
d2cache,25,0,0,1,1,0,6.68,"{""d2c_conf_mode"": ""live"", ""d2c_k"": 8, ""d2c_rollout_p"": 0.05, ""d2c_sigma"": 10.0}"
d2cache,25,10,26,1,1,1,6.03,"{""d2c_conf_mode"": ""live"", ""d2c_k"": 8, ""d2c_rollout_p"": 0.05, ""d2c_sigma"": 10.0}"
d2cache,25,20,51,1,1,1,5.38,"{""d2c_conf_mode"": ""live"", ""d2c_k"": 8, ""d2c_rollout_p"": 0.05, ""d2c_sigma"": 10.0}"
d2cache,25,30,77,1,1,1,4.71,"{""d2c_conf_mode"": ""live"", ""d2c_k"": 8, ""d2c_rollout_p"": 0.05, ""d2c_sigma"": 10.0}"
d2cache,25,40,102,1,1,1,4.08,"{""d2c_conf_mode"": ""live"", ""d2c_k"": 8, ""d2c_rollout_p"": 0.05, ""d2c_sigma"": 10.0}"
d2cache,25,50,128,1,1,1,3.41,"{""d2c_conf_mode"": ""live"", ""d2c_k"": 8, ""d2c_rollout_p"": 0.05, ""d2c_sigma"": 10.0}"
d2cache,25,60,154,1,1,1,2.75,"{""d2c_conf_mode"": ""live"", ""d2c_k"": 8, ""d2c_rollout_p"": 0.05, ""d2c_sigma"": 10.0}"
d2cache,25,70,179,1,1,1,2.1,"{""d2c_conf_mode"": ""live"", ""d2c_k"": 8, ""d2c_rollout_p"": 0.05, ""d2c_sigma"": 10.0}"
d2cache,25,80,205,1,1,1,1.41,"{""d2c_conf_mode"": ""live"", ""d2c_k"": 8, ""d2c_rollout_p"": 0.05, ""d2c_sigma"": 10.0}"
d2cache,25,90,230,1,1,1,0.81,"{""d2c_conf_mode"": ""live"", ""d2c_k"": 8, ""d2c_rollout_p"": 0.05, ""d2c_sigma"": 10.0}"
d2cache,26,0,0,1,1,1,6.5,"{""d2c_conf_mode"": ""live"", ""d2c_k"": 8, ""d2c_rollout_p"": 0.05, ""d2c_sigma"": 10.0}"
d2cache,26,10,26,0,1,0,5.85,"{""d2c_conf_mode"": ""live"", ""d2c_k"": 8, ""d2c_rollout_p"": 0.05, ""d2c_sigma"": 10.0}"
d2cache,26,20,51,0,0,1,5.21,"{""d2c_conf_mode"": ""live"", ""d2c_k"": 8, ""d2c_rollout_p"": 0.05, ""d2c_sigma"": 10.0}"
d2cache,26,30,77,1,1,1,4.58,"{""d2c_conf_mode"": ""live"", ""d2c_k"": 8, ""d2c_rollout_p"": 0.05, ""d2c_sigma"": 10.0}"
d2cache,26,40,102,1,1,1,3.95,"{""d2c_conf_mode"": ""live"", ""d2c_k"": 8, ""d2c_rollout_p"": 0.05, ""d2c_sigma"": 10.0}"
d2cache,26,50,128,1,1,1,3.31,"{""d2c_conf_mode"": ""live"", ""d2c_k"": 8, ""d2c_rollout_p"": 0.05, ""d2c_sigma"": 10.0}"
d2cache,26,60,154,1,1,1,2.66,"{""d2c_conf_mode"": ""live"", ""d2c_k"": 8, ""d2c_rollout_p"": 0.05, ""d2c_sigma"": 10.0}"
d2cache,26,70,179,1,1,1,2.04,"{""d2c_conf_mode"": ""live"", ""d2c_k"": 8, ""d2c_rollout_p"": 0.05, ""d2c_sigma"": 10.0}"
d2cache,26,80,205,1,1,1,1.39,"{""d2c_conf_mode"": ""live"", ""d2c_k"": 8, ""d2c_rollout_p"": 0.05, ""d2c_sigma"": 10.0}"
d2cache,26,90,230,1,1,1,0.77,"{""d2c_conf_mode"": ""live"", ""d2c_k"": 8, ""d2c_rollout_p"": 0.05, ""d2c_sigma"": 10.0}"
d2cache,27,0,0,1,1,1,5.94,"{""d2c_conf_mode"": ""live"", ""d2c_k"": 8, ""d2c_rollout_p"": 0.05, ""d2c_sigma"": 10.0}"
d2cache,27,10,26,1,1,1,5.35,"{""d2c_conf_mode"": ""live"", ""d2c_k"": 8, ""d2c_rollout_p"": 0.05, ""d2c_sigma"": 10.0}"
d2cache,27,20,51,1,1,1,4.77,"{""d2c_conf_mode"": ""live"", ""d2c_k"": 8, ""d2c_rollout_p"": 0.05, ""d2c_sigma"": 10.0}"
d2cache,27,30,77,1,1,1,4.13,"{""d2c_conf_mode"": ""live"", ""d2c_k"": 8, ""d2c_rollout_p"": 0.05, ""d2c_sigma"": 10.0}"
d2cache,27,40,102,1,1,1,3.57,"{""d2c_conf_mode"": ""live"", ""d2c_k"": 8, ""d2c_rollout_p"": 0.05, ""d2c_sigma"": 10.0}"
d2cache,27,50,128,1,1,1,2.99,"{""d2c_conf_mode"": ""live"", ""d2c_k"": 8, ""d2c_rollout_p"": 0.05, ""d2c_sigma"": 10.0}"
d2cache,27,60,154,1,1,1,2.39,"{""d2c_conf_mode"": ""live"", ""d2c_k"": 8, ""d2c_rollout_p"": 0.05, ""d2c_sigma"": 10.0}"
d2cache,27,70,179,1,1,1,1.83,"{""d2c_conf_mode"": ""live"", ""d2c_k"": 8, ""d2c_rollout_p"": 0.05, ""d2c_sigma"": 10.0}"
d2cache,27,80,205,1,1,1,1.25,"{""d2c_conf_mode"": ""live"", ""d2c_k"": 8, ""d2c_rollout_p"": 0.05, ""d2c_sigma"": 10.0}"
d2cache,27,90,230,1,1,1,0.69,"{""d2c_conf_mode"": ""live"", ""d2c_k"": 8, ""d2c_rollout_p"": 0.05, ""d2c_sigma"": 10.0}"
d2cache,29,0,0,1,1,1,6.13,"{""d2c_conf_mode"": ""live"", ""d2c_k"": 8, ""d2c_rollout_p"": 0.05, ""d2c_sigma"": 10.0}"
d2cache,29,10,26,1,1,1,5.5,"{""d2c_conf_mode"": ""live"", ""d2c_k"": 8, ""d2c_rollout_p"": 0.05, ""d2c_sigma"": 10.0}"
d2cache,29,20,51,1,1,1,4.91,"{""d2c_conf_mode"": ""live"", ""d2c_k"": 8, ""d2c_rollout_p"": 0.05, ""d2c_sigma"": 10.0}"
d2cache,29,30,77,1,1,1,4.27,"{""d2c_conf_mode"": ""live"", ""d2c_k"": 8, ""d2c_rollout_p"": 0.05, ""d2c_sigma"": 10.0}"
d2cache,29,40,102,1,1,1,3.64,"{""d2c_conf_mode"": ""live"", ""d2c_k"": 8, ""d2c_rollout_p"": 0.05, ""d2c_sigma"": 10.0}"
d2cache,29,50,128,1,1,1,3.04,"{""d2c_conf_mode"": ""live"", ""d2c_k"": 8, ""d2c_rollout_p"": 0.05, ""d2c_sigma"": 10.0}"
d2cache,29,60,154,1,1,1,2.45,"{""d2c_conf_mode"": ""live"", ""d2c_k"": 8, ""d2c_rollout_p"": 0.05, ""d2c_sigma"": 10.0}"
d2cache,29,70,179,1,1,1,1.88,"{""d2c_conf_mode"": ""live"", ""d2c_k"": 8, ""d2c_rollout_p"": 0.05, ""d2c_sigma"": 10.0}"
d2cache,29,80,205,1,1,1,1.29,"{""d2c_conf_mode"": ""live"", ""d2c_k"": 8, ""d2c_rollout_p"": 0.05, ""d2c_sigma"": 10.0}"
d2cache,29,90,230,1,1,1,0.72,"{""d2c_conf_mode"": ""live"", ""d2c_k"": 8, ""d2c_rollout_p"": 0.05, ""d2c_sigma"": 10.0}"
d2cache,30,0,0,0,0,1,6.37,"{""d2c_conf_mode"": ""live"", ""d2c_k"": 8, ""d2c_rollout_p"": 0.05, ""d2c_sigma"": 10.0}"
d2cache,30,10,26,1,1,1,5.73,"{""d2c_conf_mode"": ""live"", ""d2c_k"": 8, ""d2c_rollout_p"": 0.05, ""d2c_sigma"": 10.0}"
d2cache,30,20,51,1,1,1,5.12,"{""d2c_conf_mode"": ""live"", ""d2c_k"": 8, ""d2c_rollout_p"": 0.05, ""d2c_sigma"": 10.0}"
d2cache,30,30,77,1,1,1,4.49,"{""d2c_conf_mode"": ""live"", ""d2c_k"": 8, ""d2c_rollout_p"": 0.05, ""d2c_sigma"": 10.0}"
d2cache,30,40,102,1,1,1,3.87,"{""d2c_conf_mode"": ""live"", ""d2c_k"": 8, ""d2c_rollout_p"": 0.05, ""d2c_sigma"": 10.0}"
d2cache,30,50,128,1,1,1,3.24,"{""d2c_conf_mode"": ""live"", ""d2c_k"": 8, ""d2c_rollout_p"": 0.05, ""d2c_sigma"": 10.0}"
d2cache,30,60,154,1,1,1,2.59,"{""d2c_conf_mode"": ""live"", ""d2c_k"": 8, ""d2c_rollout_p"": 0.05, ""d2c_sigma"": 10.0}"
d2cache,30,70,179,1,1,1,1.99,"{""d2c_conf_mode"": ""live"", ""d2c_k"": 8, ""d2c_rollout_p"": 0.05, ""d2c_sigma"": 10.0}"
d2cache,30,80,205,1,1,1,1.36,"{""d2c_conf_mode"": ""live"", ""d2c_k"": 8, ""d2c_rollout_p"": 0.05, ""d2c_sigma"": 10.0}"
d2cache,30,90,230,1,1,1,0.75,"{""d2c_conf_mode"": ""live"", ""d2c_k"": 8, ""d2c_rollout_p"": 0.05, ""d2c_sigma"": 10.0}"
d2cache,31,0,0,0,0,1,6.39,"{""d2c_conf_mode"": ""live"", ""d2c_k"": 8, ""d2c_rollout_p"": 0.05, ""d2c_sigma"": 10.0}"
d2cache,31,10,26,1,1,1,5.74,"{""d2c_conf_mode"": ""live"", ""d2c_k"": 8, ""d2c_rollout_p"": 0.05, ""d2c_sigma"": 10.0}"
d2cache,31,20,51,1,1,1,5.14,"{""d2c_conf_mode"": ""live"", ""d2c_k"": 8, ""d2c_rollout_p"": 0.05, ""d2c_sigma"": 10.0}"
d2cache,31,30,77,1,1,1,4.5,"{""d2c_conf_mode"": ""live"", ""d2c_k"": 8, ""d2c_rollout_p"": 0.05, ""d2c_sigma"": 10.0}"
d2cache,31,40,102,1,1,1,3.9,"{""d2c_conf_mode"": ""live"", ""d2c_k"": 8, ""d2c_rollout_p"": 0.05, ""d2c_sigma"": 10.0}"
d2cache,31,50,128,1,1,1,3.26,"{""d2c_conf_mode"": ""live"", ""d2c_k"": 8, ""d2c_rollout_p"": 0.05, ""d2c_sigma"": 10.0}"
d2cache,31,60,154,1,1,1,2.63,"{""d2c_conf_mode"": ""live"", ""d2c_k"": 8, ""d2c_rollout_p"": 0.05, ""d2c_sigma"": 10.0}"
d2cache,31,70,179,1,1,1,2.02,"{""d2c_conf_mode"": ""live"", ""d2c_k"": 8, ""d2c_rollout_p"": 0.05, ""d2c_sigma"": 10.0}"
d2cache,31,80,205,1,1,1,1.39,"{""d2c_conf_mode"": ""live"", ""d2c_k"": 8, ""d2c_rollout_p"": 0.05, ""d2c_sigma"": 10.0}"
d2cache,31,90,230,1,1,1,0.78,"{""d2c_conf_mode"": ""live"", ""d2c_k"": 8, ""d2c_rollout_p"": 0.05, ""d2c_sigma"": 10.0}"
d2cache,33,0,0,1,1,1,6.29,"{""d2c_conf_mode"": ""live"", ""d2c_k"": 8, ""d2c_rollout_p"": 0.05, ""d2c_sigma"": 10.0}"
d2cache,33,10,26,0,0,1,5.62,"{""d2c_conf_mode"": ""live"", ""d2c_k"": 8, ""d2c_rollout_p"": 0.05, ""d2c_sigma"": 10.0}"
d2cache,33,20,51,0,0,1,5.07,"{""d2c_conf_mode"": ""live"", ""d2c_k"": 8, ""d2c_rollout_p"": 0.05, ""d2c_sigma"": 10.0}"
d2cache,33,30,77,0,0,1,4.43,"{""d2c_conf_mode"": ""live"", ""d2c_k"": 8, ""d2c_rollout_p"": 0.05, ""d2c_sigma"": 10.0}"
d2cache,33,40,102,0,0,1,3.81,"{""d2c_conf_mode"": ""live"", ""d2c_k"": 8, ""d2c_rollout_p"": 0.05, ""d2c_sigma"": 10.0}"
d2cache,33,50,128,1,1,1,3.2,"{""d2c_conf_mode"": ""live"", ""d2c_k"": 8, ""d2c_rollout_p"": 0.05, ""d2c_sigma"": 10.0}"
d2cache,33,60,154,1,1,1,2.55,"{""d2c_conf_mode"": ""live"", ""d2c_k"": 8, ""d2c_rollout_p"": 0.05, ""d2c_sigma"": 10.0}"
d2cache,33,70,179,1,1,1,1.97,"{""d2c_conf_mode"": ""live"", ""d2c_k"": 8, ""d2c_rollout_p"": 0.05, ""d2c_sigma"": 10.0}"
d2cache,33,80,205,1,1,1,1.33,"{""d2c_conf_mode"": ""live"", ""d2c_k"": 8, ""d2c_rollout_p"": 0.05, ""d2c_sigma"": 10.0}"
d2cache,33,90,230,1,1,1,0.74,"{""d2c_conf_mode"": ""live"", ""d2c_k"": 8, ""d2c_rollout_p"": 0.05, ""d2c_sigma"": 10.0}"
d2cache,34,0,0,0,0,1,6.61,"{""d2c_conf_mode"": ""live"", ""d2c_k"": 8, ""d2c_rollout_p"": 0.05, ""d2c_sigma"": 10.0}"
d2cache,34,10,26,1,1,1,5.91,"{""d2c_conf_mode"": ""live"", ""d2c_k"": 8, ""d2c_rollout_p"": 0.05, ""d2c_sigma"": 10.0}"
d2cache,34,20,51,1,1,1,5.32,"{""d2c_conf_mode"": ""live"", ""d2c_k"": 8, ""d2c_rollout_p"": 0.05, ""d2c_sigma"": 10.0}"
d2cache,34,30,77,1,1,1,4.66,"{""d2c_conf_mode"": ""live"", ""d2c_k"": 8, ""d2c_rollout_p"": 0.05, ""d2c_sigma"": 10.0}"
d2cache,34,40,102,1,1,1,3.95,"{""d2c_conf_mode"": ""live"", ""d2c_k"": 8, ""d2c_rollout_p"": 0.05, ""d2c_sigma"": 10.0}"
d2cache,34,50,128,1,1,1,3.31,"{""d2c_conf_mode"": ""live"", ""d2c_k"": 8, ""d2c_rollout_p"": 0.05, ""d2c_sigma"": 10.0}"
d2cache,34,60,154,1,1,1,2.7,"{""d2c_conf_mode"": ""live"", ""d2c_k"": 8, ""d2c_rollout_p"": 0.05, ""d2c_sigma"": 10.0}"
d2cache,34,70,179,1,1,1,2.07,"{""d2c_conf_mode"": ""live"", ""d2c_k"": 8, ""d2c_rollout_p"": 0.05, ""d2c_sigma"": 10.0}"
d2cache,34,80,205,1,1,1,1.41,"{""d2c_conf_mode"": ""live"", ""d2c_k"": 8, ""d2c_rollout_p"": 0.05, ""d2c_sigma"": 10.0}"
d2cache,34,90,230,1,1,1,0.8,"{""d2c_conf_mode"": ""live"", ""d2c_k"": 8, ""d2c_rollout_p"": 0.05, ""d2c_sigma"": 10.0}"
d2cache,36,0,0,0,0,1,6.32,"{""d2c_conf_mode"": ""live"", ""d2c_k"": 8, ""d2c_rollout_p"": 0.05, ""d2c_sigma"": 10.0}"
d2cache,36,10,26,1,1,1,5.68,"{""d2c_conf_mode"": ""live"", ""d2c_k"": 8, ""d2c_rollout_p"": 0.05, ""d2c_sigma"": 10.0}"
d2cache,36,20,51,1,1,1,5.04,"{""d2c_conf_mode"": ""live"", ""d2c_k"": 8, ""d2c_rollout_p"": 0.05, ""d2c_sigma"": 10.0}"
d2cache,36,30,77,1,1,1,4.44,"{""d2c_conf_mode"": ""live"", ""d2c_k"": 8, ""d2c_rollout_p"": 0.05, ""d2c_sigma"": 10.0}"
d2cache,36,40,102,1,1,1,3.84,"{""d2c_conf_mode"": ""live"", ""d2c_k"": 8, ""d2c_rollout_p"": 0.05, ""d2c_sigma"": 10.0}"
d2cache,36,50,128,1,1,1,3.22,"{""d2c_conf_mode"": ""live"", ""d2c_k"": 8, ""d2c_rollout_p"": 0.05, ""d2c_sigma"": 10.0}"
d2cache,36,60,154,1,1,1,2.55,"{""d2c_conf_mode"": ""live"", ""d2c_k"": 8, ""d2c_rollout_p"": 0.05, ""d2c_sigma"": 10.0}"
d2cache,36,70,179,1,1,1,1.94,"{""d2c_conf_mode"": ""live"", ""d2c_k"": 8, ""d2c_rollout_p"": 0.05, ""d2c_sigma"": 10.0}"
d2cache,36,80,205,1,1,1,1.33,"{""d2c_conf_mode"": ""live"", ""d2c_k"": 8, ""d2c_rollout_p"": 0.05, ""d2c_sigma"": 10.0}"
d2cache,36,90,230,1,1,1,0.73,"{""d2c_conf_mode"": ""live"", ""d2c_k"": 8, ""d2c_rollout_p"": 0.05, ""d2c_sigma"": 10.0}"
d2cache,38,0,0,1,1,1,6.01,"{""d2c_conf_mode"": ""live"", ""d2c_k"": 8, ""d2c_rollout_p"": 0.05, ""d2c_sigma"": 10.0}"
d2cache,38,10,26,1,1,1,5.43,"{""d2c_conf_mode"": ""live"", ""d2c_k"": 8, ""d2c_rollout_p"": 0.05, ""d2c_sigma"": 10.0}"
d2cache,38,20,51,1,1,1,4.77,"{""d2c_conf_mode"": ""live"", ""d2c_k"": 8, ""d2c_rollout_p"": 0.05, ""d2c_sigma"": 10.0}"
d2cache,38,30,77,0,1,0,4.15,"{""d2c_conf_mode"": ""live"", ""d2c_k"": 8, ""d2c_rollout_p"": 0.05, ""d2c_sigma"": 10.0}"
d2cache,38,40,102,1,1,1,3.56,"{""d2c_conf_mode"": ""live"", ""d2c_k"": 8, ""d2c_rollout_p"": 0.05, ""d2c_sigma"": 10.0}"
d2cache,38,50,128,1,1,1,3.01,"{""d2c_conf_mode"": ""live"", ""d2c_k"": 8, ""d2c_rollout_p"": 0.05, ""d2c_sigma"": 10.0}"
d2cache,38,60,154,1,1,1,2.44,"{""d2c_conf_mode"": ""live"", ""d2c_k"": 8, ""d2c_rollout_p"": 0.05, ""d2c_sigma"": 10.0}"
d2cache,38,70,179,1,1,1,1.88,"{""d2c_conf_mode"": ""live"", ""d2c_k"": 8, ""d2c_rollout_p"": 0.05, ""d2c_sigma"": 10.0}"
d2cache,38,80,205,1,1,1,1.28,"{""d2c_conf_mode"": ""live"", ""d2c_k"": 8, ""d2c_rollout_p"": 0.05, ""d2c_sigma"": 10.0}"
d2cache,38,90,230,1,1,1,0.7,"{""d2c_conf_mode"": ""live"", ""d2c_k"": 8, ""d2c_rollout_p"": 0.05, ""d2c_sigma"": 10.0}"
d2cache,40,0,0,1,1,1,6.36,"{""d2c_conf_mode"": ""live"", ""d2c_k"": 8, ""d2c_rollout_p"": 0.05, ""d2c_sigma"": 10.0}"
d2cache,40,10,26,1,1,1,5.72,"{""d2c_conf_mode"": ""live"", ""d2c_k"": 8, ""d2c_rollout_p"": 0.05, ""d2c_sigma"": 10.0}"
d2cache,40,20,51,1,1,1,5.08,"{""d2c_conf_mode"": ""live"", ""d2c_k"": 8, ""d2c_rollout_p"": 0.05, ""d2c_sigma"": 10.0}"
d2cache,40,30,77,1,1,1,4.45,"{""d2c_conf_mode"": ""live"", ""d2c_k"": 8, ""d2c_rollout_p"": 0.05, ""d2c_sigma"": 10.0}"
d2cache,40,40,102,1,1,1,3.87,"{""d2c_conf_mode"": ""live"", ""d2c_k"": 8, ""d2c_rollout_p"": 0.05, ""d2c_sigma"": 10.0}"
d2cache,40,50,128,1,1,1,3.24,"{""d2c_conf_mode"": ""live"", ""d2c_k"": 8, ""d2c_rollout_p"": 0.05, ""d2c_sigma"": 10.0}"
d2cache,40,60,154,1,1,1,2.61,"{""d2c_conf_mode"": ""live"", ""d2c_k"": 8, ""d2c_rollout_p"": 0.05, ""d2c_sigma"": 10.0}"
d2cache,40,70,179,1,1,1,2.01,"{""d2c_conf_mode"": ""live"", ""d2c_k"": 8, ""d2c_rollout_p"": 0.05, ""d2c_sigma"": 10.0}"
d2cache,40,80,205,1,1,1,1.38,"{""d2c_conf_mode"": ""live"", ""d2c_k"": 8, ""d2c_rollout_p"": 0.05, ""d2c_sigma"": 10.0}"
d2cache,40,90,230,1,1,1,0.77,"{""d2c_conf_mode"": ""live"", ""d2c_k"": 8, ""d2c_rollout_p"": 0.05, ""d2c_sigma"": 10.0}"
d2cache,41,0,0,1,1,1,6.71,"{""d2c_conf_mode"": ""live"", ""d2c_k"": 8, ""d2c_rollout_p"": 0.05, ""d2c_sigma"": 10.0}"
d2cache,41,10,26,1,1,1,6.04,"{""d2c_conf_mode"": ""live"", ""d2c_k"": 8, ""d2c_rollout_p"": 0.05, ""d2c_sigma"": 10.0}"
d2cache,41,20,51,1,1,1,5.4,"{""d2c_conf_mode"": ""live"", ""d2c_k"": 8, ""d2c_rollout_p"": 0.05, ""d2c_sigma"": 10.0}"
d2cache,41,30,77,1,1,1,4.73,"{""d2c_conf_mode"": ""live"", ""d2c_k"": 8, ""d2c_rollout_p"": 0.05, ""d2c_sigma"": 10.0}"
d2cache,41,40,102,1,1,1,4.09,"{""d2c_conf_mode"": ""live"", ""d2c_k"": 8, ""d2c_rollout_p"": 0.05, ""d2c_sigma"": 10.0}"
d2cache,41,50,128,1,1,1,3.42,"{""d2c_conf_mode"": ""live"", ""d2c_k"": 8, ""d2c_rollout_p"": 0.05, ""d2c_sigma"": 10.0}"
d2cache,41,60,154,1,1,1,2.76,"{""d2c_conf_mode"": ""live"", ""d2c_k"": 8, ""d2c_rollout_p"": 0.05, ""d2c_sigma"": 10.0}"
d2cache,41,70,179,1,1,1,2.12,"{""d2c_conf_mode"": ""live"", ""d2c_k"": 8, ""d2c_rollout_p"": 0.05, ""d2c_sigma"": 10.0}"
d2cache,41,80,205,1,1,1,1.45,"{""d2c_conf_mode"": ""live"", ""d2c_k"": 8, ""d2c_rollout_p"": 0.05, ""d2c_sigma"": 10.0}"
d2cache,41,90,230,1,1,1,0.81,"{""d2c_conf_mode"": ""live"", ""d2c_k"": 8, ""d2c_rollout_p"": 0.05, ""d2c_sigma"": 10.0}"
d2cache,42,0,0,1,1,1,6.27,"{""d2c_conf_mode"": ""live"", ""d2c_k"": 8, ""d2c_rollout_p"": 0.05, ""d2c_sigma"": 10.0}"
d2cache,42,10,26,1,1,1,5.52,"{""d2c_conf_mode"": ""live"", ""d2c_k"": 8, ""d2c_rollout_p"": 0.05, ""d2c_sigma"": 10.0}"
d2cache,42,20,51,1,1,1,5.02,"{""d2c_conf_mode"": ""live"", ""d2c_k"": 8, ""d2c_rollout_p"": 0.05, ""d2c_sigma"": 10.0}"
d2cache,42,30,77,1,1,1,4.3,"{""d2c_conf_mode"": ""live"", ""d2c_k"": 8, ""d2c_rollout_p"": 0.05, ""d2c_sigma"": 10.0}"
d2cache,42,40,102,1,1,1,3.75,"{""d2c_conf_mode"": ""live"", ""d2c_k"": 8, ""d2c_rollout_p"": 0.05, ""d2c_sigma"": 10.0}"
d2cache,42,50,128,1,1,1,3.1,"{""d2c_conf_mode"": ""live"", ""d2c_k"": 8, ""d2c_rollout_p"": 0.05, ""d2c_sigma"": 10.0}"
d2cache,42,60,154,1,1,1,2.52,"{""d2c_conf_mode"": ""live"", ""d2c_k"": 8, ""d2c_rollout_p"": 0.05, ""d2c_sigma"": 10.0}"
d2cache,42,70,179,1,1,1,1.95,"{""d2c_conf_mode"": ""live"", ""d2c_k"": 8, ""d2c_rollout_p"": 0.05, ""d2c_sigma"": 10.0}"
d2cache,42,80,205,1,1,1,1.33,"{""d2c_conf_mode"": ""live"", ""d2c_k"": 8, ""d2c_rollout_p"": 0.05, ""d2c_sigma"": 10.0}"
d2cache,42,90,230,1,1,1,0.72,"{""d2c_conf_mode"": ""live"", ""d2c_k"": 8, ""d2c_rollout_p"": 0.05, ""d2c_sigma"": 10.0}"
d2cache,45,0,0,0,1,0,6.72,"{""d2c_conf_mode"": ""live"", ""d2c_k"": 8, ""d2c_rollout_p"": 0.05, ""d2c_sigma"": 10.0}"
d2cache,45,10,26,1,1,1,6.04,"{""d2c_conf_mode"": ""live"", ""d2c_k"": 8, ""d2c_rollout_p"": 0.05, ""d2c_sigma"": 10.0}"
d2cache,45,20,51,1,1,1,5.4,"{""d2c_conf_mode"": ""live"", ""d2c_k"": 8, ""d2c_rollout_p"": 0.05, ""d2c_sigma"": 10.0}"
d2cache,45,30,77,1,1,1,4.74,"{""d2c_conf_mode"": ""live"", ""d2c_k"": 8, ""d2c_rollout_p"": 0.05, ""d2c_sigma"": 10.0}"
d2cache,45,40,102,0,1,0,4.09,"{""d2c_conf_mode"": ""live"", ""d2c_k"": 8, ""d2c_rollout_p"": 0.05, ""d2c_sigma"": 10.0}"
d2cache,45,50,128,1,1,1,3.42,"{""d2c_conf_mode"": ""live"", ""d2c_k"": 8, ""d2c_rollout_p"": 0.05, ""d2c_sigma"": 10.0}"
d2cache,45,60,154,1,1,1,2.76,"{""d2c_conf_mode"": ""live"", ""d2c_k"": 8, ""d2c_rollout_p"": 0.05, ""d2c_sigma"": 10.0}"
d2cache,45,70,179,0,1,0,2.11,"{""d2c_conf_mode"": ""live"", ""d2c_k"": 8, ""d2c_rollout_p"": 0.05, ""d2c_sigma"": 10.0}"
d2cache,45,80,205,1,1,1,1.45,"{""d2c_conf_mode"": ""live"", ""d2c_k"": 8, ""d2c_rollout_p"": 0.05, ""d2c_sigma"": 10.0}"
d2cache,45,90,230,1,1,1,0.81,"{""d2c_conf_mode"": ""live"", ""d2c_k"": 8, ""d2c_rollout_p"": 0.05, ""d2c_sigma"": 10.0}"
d2cache,48,0,0,1,1,1,6.23,"{""d2c_conf_mode"": ""live"", ""d2c_k"": 8, ""d2c_rollout_p"": 0.05, ""d2c_sigma"": 10.0}"
d2cache,48,10,26,1,1,1,5.59,"{""d2c_conf_mode"": ""live"", ""d2c_k"": 8, ""d2c_rollout_p"": 0.05, ""d2c_sigma"": 10.0}"
d2cache,48,20,51,1,1,1,4.97,"{""d2c_conf_mode"": ""live"", ""d2c_k"": 8, ""d2c_rollout_p"": 0.05, ""d2c_sigma"": 10.0}"
d2cache,48,30,77,1,1,1,4.3,"{""d2c_conf_mode"": ""live"", ""d2c_k"": 8, ""d2c_rollout_p"": 0.05, ""d2c_sigma"": 10.0}"
d2cache,48,40,102,1,1,1,3.77,"{""d2c_conf_mode"": ""live"", ""d2c_k"": 8, ""d2c_rollout_p"": 0.05, ""d2c_sigma"": 10.0}"
d2cache,48,50,128,1,1,1,3.17,"{""d2c_conf_mode"": ""live"", ""d2c_k"": 8, ""d2c_rollout_p"": 0.05, ""d2c_sigma"": 10.0}"
d2cache,48,60,154,1,1,1,2.51,"{""d2c_conf_mode"": ""live"", ""d2c_k"": 8, ""d2c_rollout_p"": 0.05, ""d2c_sigma"": 10.0}"
d2cache,48,70,179,1,1,1,1.92,"{""d2c_conf_mode"": ""live"", ""d2c_k"": 8, ""d2c_rollout_p"": 0.05, ""d2c_sigma"": 10.0}"
d2cache,48,80,205,1,1,1,1.33,"{""d2c_conf_mode"": ""live"", ""d2c_k"": 8, ""d2c_rollout_p"": 0.05, ""d2c_sigma"": 10.0}"
d2cache,48,90,230,1,1,1,0.73,"{""d2c_conf_mode"": ""live"", ""d2c_k"": 8, ""d2c_rollout_p"": 0.05, ""d2c_sigma"": 10.0}"
d2cache,49,0,0,1,1,1,6.41,"{""d2c_conf_mode"": ""live"", ""d2c_k"": 8, ""d2c_rollout_p"": 0.05, ""d2c_sigma"": 10.0}"
d2cache,49,10,26,1,1,1,5.76,"{""d2c_conf_mode"": ""live"", ""d2c_k"": 8, ""d2c_rollout_p"": 0.05, ""d2c_sigma"": 10.0}"
d2cache,49,20,51,1,1,1,5.15,"{""d2c_conf_mode"": ""live"", ""d2c_k"": 8, ""d2c_rollout_p"": 0.05, ""d2c_sigma"": 10.0}"
d2cache,49,30,77,1,1,1,4.51,"{""d2c_conf_mode"": ""live"", ""d2c_k"": 8, ""d2c_rollout_p"": 0.05, ""d2c_sigma"": 10.0}"
d2cache,49,40,102,1,1,1,3.9,"{""d2c_conf_mode"": ""live"", ""d2c_k"": 8, ""d2c_rollout_p"": 0.05, ""d2c_sigma"": 10.0}"
d2cache,49,50,128,1,1,1,3.21,"{""d2c_conf_mode"": ""live"", ""d2c_k"": 8, ""d2c_rollout_p"": 0.05, ""d2c_sigma"": 10.0}"
d2cache,49,60,154,1,1,1,2.63,"{""d2c_conf_mode"": ""live"", ""d2c_k"": 8, ""d2c_rollout_p"": 0.05, ""d2c_sigma"": 10.0}"
d2cache,49,70,179,1,1,1,2.01,"{""d2c_conf_mode"": ""live"", ""d2c_k"": 8, ""d2c_rollout_p"": 0.05, ""d2c_sigma"": 10.0}"
d2cache,49,80,205,1,1,1,1.37,"{""d2c_conf_mode"": ""live"", ""d2c_k"": 8, ""d2c_rollout_p"": 0.05, ""d2c_sigma"": 10.0}"
d2cache,49,90,230,1,1,1,0.76,"{""d2c_conf_mode"": ""live"", ""d2c_k"": 8, ""d2c_rollout_p"": 0.05, ""d2c_sigma"": 10.0}"
d2cache,50,0,0,1,1,1,6.23,"{""d2c_conf_mode"": ""live"", ""d2c_k"": 8, ""d2c_rollout_p"": 0.05, ""d2c_sigma"": 10.0}"
d2cache,50,10,26,1,1,1,5.61,"{""d2c_conf_mode"": ""live"", ""d2c_k"": 8, ""d2c_rollout_p"": 0.05, ""d2c_sigma"": 10.0}"
d2cache,50,20,51,1,1,1,5.01,"{""d2c_conf_mode"": ""live"", ""d2c_k"": 8, ""d2c_rollout_p"": 0.05, ""d2c_sigma"": 10.0}"
d2cache,50,30,77,1,1,1,4.35,"{""d2c_conf_mode"": ""live"", ""d2c_k"": 8, ""d2c_rollout_p"": 0.05, ""d2c_sigma"": 10.0}"
d2cache,50,40,102,1,1,1,3.74,"{""d2c_conf_mode"": ""live"", ""d2c_k"": 8, ""d2c_rollout_p"": 0.05, ""d2c_sigma"": 10.0}"
d2cache,50,50,128,1,1,1,3.17,"{""d2c_conf_mode"": ""live"", ""d2c_k"": 8, ""d2c_rollout_p"": 0.05, ""d2c_sigma"": 10.0}"
d2cache,50,60,154,1,1,1,2.54,"{""d2c_conf_mode"": ""live"", ""d2c_k"": 8, ""d2c_rollout_p"": 0.05, ""d2c_sigma"": 10.0}"
d2cache,50,70,179,1,1,1,1.95,"{""d2c_conf_mode"": ""live"", ""d2c_k"": 8, ""d2c_rollout_p"": 0.05, ""d2c_sigma"": 10.0}"
d2cache,50,80,205,1,1,1,1.34,"{""d2c_conf_mode"": ""live"", ""d2c_k"": 8, ""d2c_rollout_p"": 0.05, ""d2c_sigma"": 10.0}"
d2cache,50,90,230,1,1,1,0.74,"{""d2c_conf_mode"": ""live"", ""d2c_k"": 8, ""d2c_rollout_p"": 0.05, ""d2c_sigma"": 10.0}"
d2cache,51,0,0,1,1,1,6.29,"{""d2c_conf_mode"": ""live"", ""d2c_k"": 8, ""d2c_rollout_p"": 0.05, ""d2c_sigma"": 10.0}"
d2cache,51,10,26,1,1,1,5.65,"{""d2c_conf_mode"": ""live"", ""d2c_k"": 8, ""d2c_rollout_p"": 0.05, ""d2c_sigma"": 10.0}"
d2cache,51,20,51,1,1,1,5.07,"{""d2c_conf_mode"": ""live"", ""d2c_k"": 8, ""d2c_rollout_p"": 0.05, ""d2c_sigma"": 10.0}"
d2cache,51,30,77,1,1,1,4.34,"{""d2c_conf_mode"": ""live"", ""d2c_k"": 8, ""d2c_rollout_p"": 0.05, ""d2c_sigma"": 10.0}"
d2cache,51,40,102,1,1,1,3.71,"{""d2c_conf_mode"": ""live"", ""d2c_k"": 8, ""d2c_rollout_p"": 0.05, ""d2c_sigma"": 10.0}"
d2cache,51,50,128,1,1,1,3.12,"{""d2c_conf_mode"": ""live"", ""d2c_k"": 8, ""d2c_rollout_p"": 0.05, ""d2c_sigma"": 10.0}"
d2cache,51,60,154,1,1,1,2.55,"{""d2c_conf_mode"": ""live"", ""d2c_k"": 8, ""d2c_rollout_p"": 0.05, ""d2c_sigma"": 10.0}"
d2cache,51,70,179,1,1,1,1.97,"{""d2c_conf_mode"": ""live"", ""d2c_k"": 8, ""d2c_rollout_p"": 0.05, ""d2c_sigma"": 10.0}"
d2cache,51,80,205,1,1,1,1.33,"{""d2c_conf_mode"": ""live"", ""d2c_k"": 8, ""d2c_rollout_p"": 0.05, ""d2c_sigma"": 10.0}"
d2cache,51,90,230,1,1,1,0.73,"{""d2c_conf_mode"": ""live"", ""d2c_k"": 8, ""d2c_rollout_p"": 0.05, ""d2c_sigma"": 10.0}"
d2cache,52,0,0,0,0,1,6.33,"{""d2c_conf_mode"": ""live"", ""d2c_k"": 8, ""d2c_rollout_p"": 0.05, ""d2c_sigma"": 10.0}"
d2cache,52,10,26,0,0,1,5.69,"{""d2c_conf_mode"": ""live"", ""d2c_k"": 8, ""d2c_rollout_p"": 0.05, ""d2c_sigma"": 10.0}"
d2cache,52,20,51,1,1,1,5.09,"{""d2c_conf_mode"": ""live"", ""d2c_k"": 8, ""d2c_rollout_p"": 0.05, ""d2c_sigma"": 10.0}"
d2cache,52,30,77,1,1,1,4.43,"{""d2c_conf_mode"": ""live"", ""d2c_k"": 8, ""d2c_rollout_p"": 0.05, ""d2c_sigma"": 10.0}"
d2cache,52,40,102,1,1,1,3.85,"{""d2c_conf_mode"": ""live"", ""d2c_k"": 8, ""d2c_rollout_p"": 0.05, ""d2c_sigma"": 10.0}"
d2cache,52,50,128,1,1,1,3.22,"{""d2c_conf_mode"": ""live"", ""d2c_k"": 8, ""d2c_rollout_p"": 0.05, ""d2c_sigma"": 10.0}"
d2cache,52,60,154,1,1,1,2.52,"{""d2c_conf_mode"": ""live"", ""d2c_k"": 8, ""d2c_rollout_p"": 0.05, ""d2c_sigma"": 10.0}"
d2cache,52,70,179,1,1,1,1.93,"{""d2c_conf_mode"": ""live"", ""d2c_k"": 8, ""d2c_rollout_p"": 0.05, ""d2c_sigma"": 10.0}"
d2cache,52,80,205,1,1,1,1.31,"{""d2c_conf_mode"": ""live"", ""d2c_k"": 8, ""d2c_rollout_p"": 0.05, ""d2c_sigma"": 10.0}"
d2cache,52,90,230,1,1,1,0.73,"{""d2c_conf_mode"": ""live"", ""d2c_k"": 8, ""d2c_rollout_p"": 0.05, ""d2c_sigma"": 10.0}"
d2cache,53,0,0,0,0,1,6.71,"{""d2c_conf_mode"": ""live"", ""d2c_k"": 8, ""d2c_rollout_p"": 0.05, ""d2c_sigma"": 10.0}"
d2cache,53,10,26,1,1,1,6.01,"{""d2c_conf_mode"": ""live"", ""d2c_k"": 8, ""d2c_rollout_p"": 0.05, ""d2c_sigma"": 10.0}"
d2cache,53,20,51,1,1,1,5.46,"{""d2c_conf_mode"": ""live"", ""d2c_k"": 8, ""d2c_rollout_p"": 0.05, ""d2c_sigma"": 10.0}"
d2cache,53,30,77,0,0,1,4.77,"{""d2c_conf_mode"": ""live"", ""d2c_k"": 8, ""d2c_rollout_p"": 0.05, ""d2c_sigma"": 10.0}"
d2cache,53,40,102,0,0,1,4.07,"{""d2c_conf_mode"": ""live"", ""d2c_k"": 8, ""d2c_rollout_p"": 0.05, ""d2c_sigma"": 10.0}"
d2cache,53,50,128,0,0,1,3.44,"{""d2c_conf_mode"": ""live"", ""d2c_k"": 8, ""d2c_rollout_p"": 0.05, ""d2c_sigma"": 10.0}"
d2cache,53,60,154,0,0,1,2.8,"{""d2c_conf_mode"": ""live"", ""d2c_k"": 8, ""d2c_rollout_p"": 0.05, ""d2c_sigma"": 10.0}"
d2cache,53,70,179,1,1,1,2.13,"{""d2c_conf_mode"": ""live"", ""d2c_k"": 8, ""d2c_rollout_p"": 0.05, ""d2c_sigma"": 10.0}"
d2cache,53,80,205,1,1,1,1.48,"{""d2c_conf_mode"": ""live"", ""d2c_k"": 8, ""d2c_rollout_p"": 0.05, ""d2c_sigma"": 10.0}"
d2cache,53,90,230,1,1,1,0.84,"{""d2c_conf_mode"": ""live"", ""d2c_k"": 8, ""d2c_rollout_p"": 0.05, ""d2c_sigma"": 10.0}"
d2cache,55,0,0,1,1,1,6.66,"{""d2c_conf_mode"": ""live"", ""d2c_k"": 8, ""d2c_rollout_p"": 0.05, ""d2c_sigma"": 10.0}"
d2cache,55,10,26,1,1,1,5.98,"{""d2c_conf_mode"": ""live"", ""d2c_k"": 8, ""d2c_rollout_p"": 0.05, ""d2c_sigma"": 10.0}"
d2cache,55,20,51,1,1,1,5.35,"{""d2c_conf_mode"": ""live"", ""d2c_k"": 8, ""d2c_rollout_p"": 0.05, ""d2c_sigma"": 10.0}"
d2cache,55,30,77,1,1,1,4.69,"{""d2c_conf_mode"": ""live"", ""d2c_k"": 8, ""d2c_rollout_p"": 0.05, ""d2c_sigma"": 10.0}"
d2cache,55,40,102,1,1,1,4.06,"{""d2c_conf_mode"": ""live"", ""d2c_k"": 8, ""d2c_rollout_p"": 0.05, ""d2c_sigma"": 10.0}"
d2cache,55,50,128,1,1,1,3.4,"{""d2c_conf_mode"": ""live"", ""d2c_k"": 8, ""d2c_rollout_p"": 0.05, ""d2c_sigma"": 10.0}"
d2cache,55,60,154,1,1,1,2.73,"{""d2c_conf_mode"": ""live"", ""d2c_k"": 8, ""d2c_rollout_p"": 0.05, ""d2c_sigma"": 10.0}"
d2cache,55,70,179,1,1,1,2.1,"{""d2c_conf_mode"": ""live"", ""d2c_k"": 8, ""d2c_rollout_p"": 0.05, ""d2c_sigma"": 10.0}"
d2cache,55,80,205,1,1,1,1.44,"{""d2c_conf_mode"": ""live"", ""d2c_k"": 8, ""d2c_rollout_p"": 0.05, ""d2c_sigma"": 10.0}"
d2cache,55,90,230,1,1,1,0.81,"{""d2c_conf_mode"": ""live"", ""d2c_k"": 8, ""d2c_rollout_p"": 0.05, ""d2c_sigma"": 10.0}"
d2cache,56,0,0,1,1,1,6.65,"{""d2c_conf_mode"": ""live"", ""d2c_k"": 8, ""d2c_rollout_p"": 0.05, ""d2c_sigma"": 10.0}"
d2cache,56,10,26,1,1,1,6.0,"{""d2c_conf_mode"": ""live"", ""d2c_k"": 8, ""d2c_rollout_p"": 0.05, ""d2c_sigma"": 10.0}"
d2cache,56,20,51,1,1,1,5.37,"{""d2c_conf_mode"": ""live"", ""d2c_k"": 8, ""d2c_rollout_p"": 0.05, ""d2c_sigma"": 10.0}"
d2cache,56,30,77,1,1,1,4.7,"{""d2c_conf_mode"": ""live"", ""d2c_k"": 8, ""d2c_rollout_p"": 0.05, ""d2c_sigma"": 10.0}"
d2cache,56,40,102,1,1,1,4.06,"{""d2c_conf_mode"": ""live"", ""d2c_k"": 8, ""d2c_rollout_p"": 0.05, ""d2c_sigma"": 10.0}"
d2cache,56,50,128,1,1,1,3.4,"{""d2c_conf_mode"": ""live"", ""d2c_k"": 8, ""d2c_rollout_p"": 0.05, ""d2c_sigma"": 10.0}"
d2cache,56,60,154,1,1,1,2.74,"{""d2c_conf_mode"": ""live"", ""d2c_k"": 8, ""d2c_rollout_p"": 0.05, ""d2c_sigma"": 10.0}"
d2cache,56,70,179,1,1,1,2.11,"{""d2c_conf_mode"": ""live"", ""d2c_k"": 8, ""d2c_rollout_p"": 0.05, ""d2c_sigma"": 10.0}"
d2cache,56,80,205,1,1,1,1.44,"{""d2c_conf_mode"": ""live"", ""d2c_k"": 8, ""d2c_rollout_p"": 0.05, ""d2c_sigma"": 10.0}"
d2cache,56,90,230,1,1,1,0.81,"{""d2c_conf_mode"": ""live"", ""d2c_k"": 8, ""d2c_rollout_p"": 0.05, ""d2c_sigma"": 10.0}"
d2cache,57,0,0,0,0,1,6.74,"{""d2c_conf_mode"": ""live"", ""d2c_k"": 8, ""d2c_rollout_p"": 0.05, ""d2c_sigma"": 10.0}"
d2cache,57,10,26,1,1,1,6.08,"{""d2c_conf_mode"": ""live"", ""d2c_k"": 8, ""d2c_rollout_p"": 0.05, ""d2c_sigma"": 10.0}"
d2cache,57,20,51,1,1,1,5.43,"{""d2c_conf_mode"": ""live"", ""d2c_k"": 8, ""d2c_rollout_p"": 0.05, ""d2c_sigma"": 10.0}"
d2cache,57,30,77,1,1,1,4.76,"{""d2c_conf_mode"": ""live"", ""d2c_k"": 8, ""d2c_rollout_p"": 0.05, ""d2c_sigma"": 10.0}"
d2cache,57,40,102,1,1,1,4.12,"{""d2c_conf_mode"": ""live"", ""d2c_k"": 8, ""d2c_rollout_p"": 0.05, ""d2c_sigma"": 10.0}"
d2cache,57,50,128,1,1,1,3.45,"{""d2c_conf_mode"": ""live"", ""d2c_k"": 8, ""d2c_rollout_p"": 0.05, ""d2c_sigma"": 10.0}"
d2cache,57,60,154,1,1,1,2.77,"{""d2c_conf_mode"": ""live"", ""d2c_k"": 8, ""d2c_rollout_p"": 0.05, ""d2c_sigma"": 10.0}"
d2cache,57,70,179,1,1,1,2.13,"{""d2c_conf_mode"": ""live"", ""d2c_k"": 8, ""d2c_rollout_p"": 0.05, ""d2c_sigma"": 10.0}"
d2cache,57,80,205,1,1,1,1.46,"{""d2c_conf_mode"": ""live"", ""d2c_k"": 8, ""d2c_rollout_p"": 0.05, ""d2c_sigma"": 10.0}"
d2cache,57,90,230,1,1,1,0.81,"{""d2c_conf_mode"": ""live"", ""d2c_k"": 8, ""d2c_rollout_p"": 0.05, ""d2c_sigma"": 10.0}"
d2cache,58,0,0,1,1,1,6.52,"{""d2c_conf_mode"": ""live"", ""d2c_k"": 8, ""d2c_rollout_p"": 0.05, ""d2c_sigma"": 10.0}"
d2cache,58,10,26,1,1,1,5.86,"{""d2c_conf_mode"": ""live"", ""d2c_k"": 8, ""d2c_rollout_p"": 0.05, ""d2c_sigma"": 10.0}"
d2cache,58,20,51,1,1,1,5.25,"{""d2c_conf_mode"": ""live"", ""d2c_k"": 8, ""d2c_rollout_p"": 0.05, ""d2c_sigma"": 10.0}"
d2cache,58,30,77,0,0,1,4.6,"{""d2c_conf_mode"": ""live"", ""d2c_k"": 8, ""d2c_rollout_p"": 0.05, ""d2c_sigma"": 10.0}"
d2cache,58,40,102,0,0,1,3.95,"{""d2c_conf_mode"": ""live"", ""d2c_k"": 8, ""d2c_rollout_p"": 0.05, ""d2c_sigma"": 10.0}"
d2cache,58,50,128,1,1,1,3.33,"{""d2c_conf_mode"": ""live"", ""d2c_k"": 8, ""d2c_rollout_p"": 0.05, ""d2c_sigma"": 10.0}"
d2cache,58,60,154,1,1,1,2.7,"{""d2c_conf_mode"": ""live"", ""d2c_k"": 8, ""d2c_rollout_p"": 0.05, ""d2c_sigma"": 10.0}"
d2cache,58,70,179,1,1,1,2.08,"{""d2c_conf_mode"": ""live"", ""d2c_k"": 8, ""d2c_rollout_p"": 0.05, ""d2c_sigma"": 10.0}"
d2cache,58,80,205,1,1,1,1.42,"{""d2c_conf_mode"": ""live"", ""d2c_k"": 8, ""d2c_rollout_p"": 0.05, ""d2c_sigma"": 10.0}"
d2cache,58,90,230,1,1,1,0.8,"{""d2c_conf_mode"": ""live"", ""d2c_k"": 8, ""d2c_rollout_p"": 0.05, ""d2c_sigma"": 10.0}"
d2cache,61,0,0,0,1,0,6.28,"{""d2c_conf_mode"": ""live"", ""d2c_k"": 8, ""d2c_rollout_p"": 0.05, ""d2c_sigma"": 10.0}"
d2cache,61,10,26,1,1,1,5.57,"{""d2c_conf_mode"": ""live"", ""d2c_k"": 8, ""d2c_rollout_p"": 0.05, ""d2c_sigma"": 10.0}"
d2cache,61,20,51,1,1,1,4.99,"{""d2c_conf_mode"": ""live"", ""d2c_k"": 8, ""d2c_rollout_p"": 0.05, ""d2c_sigma"": 10.0}"
d2cache,61,30,77,1,1,1,4.41,"{""d2c_conf_mode"": ""live"", ""d2c_k"": 8, ""d2c_rollout_p"": 0.05, ""d2c_sigma"": 10.0}"
d2cache,61,40,102,1,1,1,3.83,"{""d2c_conf_mode"": ""live"", ""d2c_k"": 8, ""d2c_rollout_p"": 0.05, ""d2c_sigma"": 10.0}"
d2cache,61,50,128,1,1,1,3.11,"{""d2c_conf_mode"": ""live"", ""d2c_k"": 8, ""d2c_rollout_p"": 0.05, ""d2c_sigma"": 10.0}"
d2cache,61,60,154,1,1,1,2.52,"{""d2c_conf_mode"": ""live"", ""d2c_k"": 8, ""d2c_rollout_p"": 0.05, ""d2c_sigma"": 10.0}"
d2cache,61,70,179,1,1,1,1.92,"{""d2c_conf_mode"": ""live"", ""d2c_k"": 8, ""d2c_rollout_p"": 0.05, ""d2c_sigma"": 10.0}"
d2cache,61,80,205,1,1,1,1.32,"{""d2c_conf_mode"": ""live"", ""d2c_k"": 8, ""d2c_rollout_p"": 0.05, ""d2c_sigma"": 10.0}"
d2cache,61,90,230,1,1,1,0.74,"{""d2c_conf_mode"": ""live"", ""d2c_k"": 8, ""d2c_rollout_p"": 0.05, ""d2c_sigma"": 10.0}"
d2cache,63,0,0,1,1,1,6.08,"{""d2c_conf_mode"": ""live"", ""d2c_k"": 8, ""d2c_rollout_p"": 0.05, ""d2c_sigma"": 10.0}"
d2cache,63,10,26,1,1,1,5.46,"{""d2c_conf_mode"": ""live"", ""d2c_k"": 8, ""d2c_rollout_p"": 0.05, ""d2c_sigma"": 10.0}"
d2cache,63,20,51,1,1,1,4.89,"{""d2c_conf_mode"": ""live"", ""d2c_k"": 8, ""d2c_rollout_p"": 0.05, ""d2c_sigma"": 10.0}"
d2cache,63,30,77,1,1,1,4.27,"{""d2c_conf_mode"": ""live"", ""d2c_k"": 8, ""d2c_rollout_p"": 0.05, ""d2c_sigma"": 10.0}"
d2cache,63,40,102,1,1,1,3.68,"{""d2c_conf_mode"": ""live"", ""d2c_k"": 8, ""d2c_rollout_p"": 0.05, ""d2c_sigma"": 10.0}"
d2cache,63,50,128,1,1,1,3.09,"{""d2c_conf_mode"": ""live"", ""d2c_k"": 8, ""d2c_rollout_p"": 0.05, ""d2c_sigma"": 10.0}"
d2cache,63,60,154,1,1,1,2.48,"{""d2c_conf_mode"": ""live"", ""d2c_k"": 8, ""d2c_rollout_p"": 0.05, ""d2c_sigma"": 10.0}"
d2cache,63,70,179,1,1,1,1.89,"{""d2c_conf_mode"": ""live"", ""d2c_k"": 8, ""d2c_rollout_p"": 0.05, ""d2c_sigma"": 10.0}"
d2cache,63,80,205,1,1,1,1.28,"{""d2c_conf_mode"": ""live"", ""d2c_k"": 8, ""d2c_rollout_p"": 0.05, ""d2c_sigma"": 10.0}"
d2cache,63,90,230,1,1,1,0.7,"{""d2c_conf_mode"": ""live"", ""d2c_k"": 8, ""d2c_rollout_p"": 0.05, ""d2c_sigma"": 10.0}"
d2cache,0,2,5,1,1,1,6.76,"{""d2c_conf_mode"": ""live"", ""d2c_k"": 8, ""d2c_rollout_p"": 0.05, ""d2c_sigma"": 10.0}"
d2cache,0,4,10,1,1,1,5.98,"{""d2c_conf_mode"": ""live"", ""d2c_k"": 8, ""d2c_rollout_p"": 0.05, ""d2c_sigma"": 10.0}"
d2cache,0,6,15,1,1,1,5.91,"{""d2c_conf_mode"": ""live"", ""d2c_k"": 8, ""d2c_rollout_p"": 0.05, ""d2c_sigma"": 10.0}"
d2cache,0,8,20,1,1,1,5.79,"{""d2c_conf_mode"": ""live"", ""d2c_k"": 8, ""d2c_rollout_p"": 0.05, ""d2c_sigma"": 10.0}"
d2cache,0,12,31,1,1,1,5.54,"{""d2c_conf_mode"": ""live"", ""d2c_k"": 8, ""d2c_rollout_p"": 0.05, ""d2c_sigma"": 10.0}"
d2cache,0,14,36,1,1,1,5.42,"{""d2c_conf_mode"": ""live"", ""d2c_k"": 8, ""d2c_rollout_p"": 0.05, ""d2c_sigma"": 10.0}"
d2cache,0,16,41,1,1,1,5.3,"{""d2c_conf_mode"": ""live"", ""d2c_k"": 8, ""d2c_rollout_p"": 0.05, ""d2c_sigma"": 10.0}"
d2cache,0,18,46,1,1,1,5.18,"{""d2c_conf_mode"": ""live"", ""d2c_k"": 8, ""d2c_rollout_p"": 0.05, ""d2c_sigma"": 10.0}"
d2cache,0,22,56,1,1,1,4.91,"{""d2c_conf_mode"": ""live"", ""d2c_k"": 8, ""d2c_rollout_p"": 0.05, ""d2c_sigma"": 10.0}"
d2cache,0,24,61,1,1,1,4.84,"{""d2c_conf_mode"": ""live"", ""d2c_k"": 8, ""d2c_rollout_p"": 0.05, ""d2c_sigma"": 10.0}"
d2cache,0,26,67,1,1,1,4.67,"{""d2c_conf_mode"": ""live"", ""d2c_k"": 8, ""d2c_rollout_p"": 0.05, ""d2c_sigma"": 10.0}"
d2cache,0,28,72,1,1,1,4.55,"{""d2c_conf_mode"": ""live"", ""d2c_k"": 8, ""d2c_rollout_p"": 0.05, ""d2c_sigma"": 10.0}"
d2cache,0,32,82,1,1,1,4.31,"{""d2c_conf_mode"": ""live"", ""d2c_k"": 8, ""d2c_rollout_p"": 0.05, ""d2c_sigma"": 10.0}"
d2cache,0,34,87,1,1,1,4.18,"{""d2c_conf_mode"": ""live"", ""d2c_k"": 8, ""d2c_rollout_p"": 0.05, ""d2c_sigma"": 10.0}"
d2cache,0,36,92,1,1,1,4.07,"{""d2c_conf_mode"": ""live"", ""d2c_k"": 8, ""d2c_rollout_p"": 0.05, ""d2c_sigma"": 10.0}"
d2cache,0,38,97,1,1,1,3.97,"{""d2c_conf_mode"": ""live"", ""d2c_k"": 8, ""d2c_rollout_p"": 0.05, ""d2c_sigma"": 10.0}"
d2cache,0,42,108,1,1,1,3.7,"{""d2c_conf_mode"": ""live"", ""d2c_k"": 8, ""d2c_rollout_p"": 0.05, ""d2c_sigma"": 10.0}"
d2cache,0,44,113,1,1,1,3.58,"{""d2c_conf_mode"": ""live"", ""d2c_k"": 8, ""d2c_rollout_p"": 0.05, ""d2c_sigma"": 10.0}"
d2cache,0,46,118,1,1,1,3.45,"{""d2c_conf_mode"": ""live"", ""d2c_k"": 8, ""d2c_rollout_p"": 0.05, ""d2c_sigma"": 10.0}"
d2cache,0,48,123,1,1,1,3.34,"{""d2c_conf_mode"": ""live"", ""d2c_k"": 8, ""d2c_rollout_p"": 0.05, ""d2c_sigma"": 10.0}"
d2cache,0,52,133,1,1,1,3.1,"{""d2c_conf_mode"": ""live"", ""d2c_k"": 8, ""d2c_rollout_p"": 0.05, ""d2c_sigma"": 10.0}"
d2cache,0,54,138,1,1,1,2.98,"{""d2c_conf_mode"": ""live"", ""d2c_k"": 8, ""d2c_rollout_p"": 0.05, ""d2c_sigma"": 10.0}"
d2cache,0,56,143,1,1,1,2.86,"{""d2c_conf_mode"": ""live"", ""d2c_k"": 8, ""d2c_rollout_p"": 0.05, ""d2c_sigma"": 10.0}"
d2cache,0,58,148,1,1,1,2.74,"{""d2c_conf_mode"": ""live"", ""d2c_k"": 8, ""d2c_rollout_p"": 0.05, ""d2c_sigma"": 10.0}"
d2cache,0,62,159,1,1,1,2.47,"{""d2c_conf_mode"": ""live"", ""d2c_k"": 8, ""d2c_rollout_p"": 0.05, ""d2c_sigma"": 10.0}"
d2cache,0,64,164,1,1,1,2.36,"{""d2c_conf_mode"": ""live"", ""d2c_k"": 8, ""d2c_rollout_p"": 0.05, ""d2c_sigma"": 10.0}"
d2cache,0,66,169,1,1,1,2.24,"{""d2c_conf_mode"": ""live"", ""d2c_k"": 8, ""d2c_rollout_p"": 0.05, ""d2c_sigma"": 10.0}"
d2cache,0,68,174,1,1,1,2.11,"{""d2c_conf_mode"": ""live"", ""d2c_k"": 8, ""d2c_rollout_p"": 0.05, ""d2c_sigma"": 10.0}"
d2cache,0,72,184,1,1,1,1.88,"{""d2c_conf_mode"": ""live"", ""d2c_k"": 8, ""d2c_rollout_p"": 0.05, ""d2c_sigma"": 10.0}"
d2cache,0,74,189,1,1,1,1.75,"{""d2c_conf_mode"": ""live"", ""d2c_k"": 8, ""d2c_rollout_p"": 0.05, ""d2c_sigma"": 10.0}"
d2cache,0,76,195,1,1,1,1.61,"{""d2c_conf_mode"": ""live"", ""d2c_k"": 8, ""d2c_rollout_p"": 0.05, ""d2c_sigma"": 10.0}"
d2cache,0,78,200,1,1,1,1.49,"{""d2c_conf_mode"": ""live"", ""d2c_k"": 8, ""d2c_rollout_p"": 0.05, ""d2c_sigma"": 10.0}"
d2cache,0,82,210,1,1,1,1.25,"{""d2c_conf_mode"": ""live"", ""d2c_k"": 8, ""d2c_rollout_p"": 0.05, ""d2c_sigma"": 10.0}"
d2cache,0,84,215,1,1,1,1.13,"{""d2c_conf_mode"": ""live"", ""d2c_k"": 8, ""d2c_rollout_p"": 0.05, ""d2c_sigma"": 10.0}"
d2cache,0,86,220,1,1,1,1.01,"{""d2c_conf_mode"": ""live"", ""d2c_k"": 8, ""d2c_rollout_p"": 0.05, ""d2c_sigma"": 10.0}"
d2cache,0,88,225,1,1,1,0.89,"{""d2c_conf_mode"": ""live"", ""d2c_k"": 8, ""d2c_rollout_p"": 0.05, ""d2c_sigma"": 10.0}"
d2cache,1,2,5,1,1,1,6.52,"{""d2c_conf_mode"": ""live"", ""d2c_k"": 8, ""d2c_rollout_p"": 0.05, ""d2c_sigma"": 10.0}"
d2cache,1,4,10,1,1,1,6.39,"{""d2c_conf_mode"": ""live"", ""d2c_k"": 8, ""d2c_rollout_p"": 0.05, ""d2c_sigma"": 10.0}"
d2cache,1,6,15,1,1,1,6.27,"{""d2c_conf_mode"": ""live"", ""d2c_k"": 8, ""d2c_rollout_p"": 0.05, ""d2c_sigma"": 10.0}"
d2cache,1,8,20,1,1,1,6.11,"{""d2c_conf_mode"": ""live"", ""d2c_k"": 8, ""d2c_rollout_p"": 0.05, ""d2c_sigma"": 10.0}"
d2cache,1,12,31,1,1,1,5.85,"{""d2c_conf_mode"": ""live"", ""d2c_k"": 8, ""d2c_rollout_p"": 0.05, ""d2c_sigma"": 10.0}"
d2cache,1,14,36,1,1,1,5.73,"{""d2c_conf_mode"": ""live"", ""d2c_k"": 8, ""d2c_rollout_p"": 0.05, ""d2c_sigma"": 10.0}"
d2cache,1,16,41,1,1,1,5.6,"{""d2c_conf_mode"": ""live"", ""d2c_k"": 8, ""d2c_rollout_p"": 0.05, ""d2c_sigma"": 10.0}"
d2cache,1,18,46,1,1,1,5.47,"{""d2c_conf_mode"": ""live"", ""d2c_k"": 8, ""d2c_rollout_p"": 0.05, ""d2c_sigma"": 10.0}"
d2cache,1,22,56,1,1,1,5.21,"{""d2c_conf_mode"": ""live"", ""d2c_k"": 8, ""d2c_rollout_p"": 0.05, ""d2c_sigma"": 10.0}"
d2cache,1,24,61,1,1,1,5.09,"{""d2c_conf_mode"": ""live"", ""d2c_k"": 8, ""d2c_rollout_p"": 0.05, ""d2c_sigma"": 10.0}"
d2cache,1,26,67,1,1,1,4.95,"{""d2c_conf_mode"": ""live"", ""d2c_k"": 8, ""d2c_rollout_p"": 0.05, ""d2c_sigma"": 10.0}"
d2cache,1,28,72,1,1,1,4.81,"{""d2c_conf_mode"": ""live"", ""d2c_k"": 8, ""d2c_rollout_p"": 0.05, ""d2c_sigma"": 10.0}"
d2cache,1,32,82,1,1,1,4.56,"{""d2c_conf_mode"": ""live"", ""d2c_k"": 8, ""d2c_rollout_p"": 0.05, ""d2c_sigma"": 10.0}"
d2cache,1,34,87,1,1,1,4.44,"{""d2c_conf_mode"": ""live"", ""d2c_k"": 8, ""d2c_rollout_p"": 0.05, ""d2c_sigma"": 10.0}"
d2cache,1,36,92,1,1,1,4.31,"{""d2c_conf_mode"": ""live"", ""d2c_k"": 8, ""d2c_rollout_p"": 0.05, ""d2c_sigma"": 10.0}"
d2cache,1,38,97,1,1,1,4.18,"{""d2c_conf_mode"": ""live"", ""d2c_k"": 8, ""d2c_rollout_p"": 0.05, ""d2c_sigma"": 10.0}"
d2cache,1,42,108,1,1,1,3.9,"{""d2c_conf_mode"": ""live"", ""d2c_k"": 8, ""d2c_rollout_p"": 0.05, ""d2c_sigma"": 10.0}"
d2cache,1,44,113,1,1,1,3.78,"{""d2c_conf_mode"": ""live"", ""d2c_k"": 8, ""d2c_rollout_p"": 0.05, ""d2c_sigma"": 10.0}"
d2cache,1,46,118,1,1,1,3.65,"{""d2c_conf_mode"": ""live"", ""d2c_k"": 8, ""d2c_rollout_p"": 0.05, ""d2c_sigma"": 10.0}"
d2cache,1,48,123,1,1,1,3.52,"{""d2c_conf_mode"": ""live"", ""d2c_k"": 8, ""d2c_rollout_p"": 0.05, ""d2c_sigma"": 10.0}"
d2cache,1,52,133,1,1,1,3.27,"{""d2c_conf_mode"": ""live"", ""d2c_k"": 8, ""d2c_rollout_p"": 0.05, ""d2c_sigma"": 10.0}"
d2cache,1,54,138,1,1,1,3.14,"{""d2c_conf_mode"": ""live"", ""d2c_k"": 8, ""d2c_rollout_p"": 0.05, ""d2c_sigma"": 10.0}"
d2cache,1,56,143,1,1,1,3.01,"{""d2c_conf_mode"": ""live"", ""d2c_k"": 8, ""d2c_rollout_p"": 0.05, ""d2c_sigma"": 10.0}"
d2cache,1,58,148,1,1,1,2.89,"{""d2c_conf_mode"": ""live"", ""d2c_k"": 8, ""d2c_rollout_p"": 0.05, ""d2c_sigma"": 10.0}"
d2cache,1,62,159,1,1,1,2.61,"{""d2c_conf_mode"": ""live"", ""d2c_k"": 8, ""d2c_rollout_p"": 0.05, ""d2c_sigma"": 10.0}"
d2cache,1,64,164,1,1,1,2.48,"{""d2c_conf_mode"": ""live"", ""d2c_k"": 8, ""d2c_rollout_p"": 0.05, ""d2c_sigma"": 10.0}"
d2cache,1,66,169,1,1,1,2.36,"{""d2c_conf_mode"": ""live"", ""d2c_k"": 8, ""d2c_rollout_p"": 0.05, ""d2c_sigma"": 10.0}"
d2cache,1,68,174,1,1,1,2.24,"{""d2c_conf_mode"": ""live"", ""d2c_k"": 8, ""d2c_rollout_p"": 0.05, ""d2c_sigma"": 10.0}"
d2cache,1,72,184,1,1,1,1.98,"{""d2c_conf_mode"": ""live"", ""d2c_k"": 8, ""d2c_rollout_p"": 0.05, ""d2c_sigma"": 10.0}"
d2cache,1,74,189,1,1,1,1.85,"{""d2c_conf_mode"": ""live"", ""d2c_k"": 8, ""d2c_rollout_p"": 0.05, ""d2c_sigma"": 10.0}"
d2cache,1,76,195,1,1,1,1.69,"{""d2c_conf_mode"": ""live"", ""d2c_k"": 8, ""d2c_rollout_p"": 0.05, ""d2c_sigma"": 10.0}"
d2cache,1,78,200,1,1,1,1.57,"{""d2c_conf_mode"": ""live"", ""d2c_k"": 8, ""d2c_rollout_p"": 0.05, ""d2c_sigma"": 10.0}"
d2cache,1,82,210,1,1,1,1.31,"{""d2c_conf_mode"": ""live"", ""d2c_k"": 8, ""d2c_rollout_p"": 0.05, ""d2c_sigma"": 10.0}"
d2cache,1,84,215,1,1,1,1.19,"{""d2c_conf_mode"": ""live"", ""d2c_k"": 8, ""d2c_rollout_p"": 0.05, ""d2c_sigma"": 10.0}"
d2cache,1,86,220,1,1,1,1.07,"{""d2c_conf_mode"": ""live"", ""d2c_k"": 8, ""d2c_rollout_p"": 0.05, ""d2c_sigma"": 10.0}"
d2cache,1,88,225,1,1,1,0.93,"{""d2c_conf_mode"": ""live"", ""d2c_k"": 8, ""d2c_rollout_p"": 0.05, ""d2c_sigma"": 10.0}"
d2cache,3,2,5,1,1,1,5.99,"{""d2c_conf_mode"": ""live"", ""d2c_k"": 8, ""d2c_rollout_p"": 0.05, ""d2c_sigma"": 10.0}"
d2cache,3,4,10,1,1,1,6.0,"{""d2c_conf_mode"": ""live"", ""d2c_k"": 8, ""d2c_rollout_p"": 0.05, ""d2c_sigma"": 10.0}"
d2cache,3,6,15,1,1,1,5.76,"{""d2c_conf_mode"": ""live"", ""d2c_k"": 8, ""d2c_rollout_p"": 0.05, ""d2c_sigma"": 10.0}"
d2cache,3,8,20,1,1,1,5.75,"{""d2c_conf_mode"": ""live"", ""d2c_k"": 8, ""d2c_rollout_p"": 0.05, ""d2c_sigma"": 10.0}"
d2cache,3,12,31,1,1,1,5.43,"{""d2c_conf_mode"": ""live"", ""d2c_k"": 8, ""d2c_rollout_p"": 0.05, ""d2c_sigma"": 10.0}"
d2cache,3,14,36,1,1,1,5.4,"{""d2c_conf_mode"": ""live"", ""d2c_k"": 8, ""d2c_rollout_p"": 0.05, ""d2c_sigma"": 10.0}"
d2cache,3,16,41,1,1,1,5.19,"{""d2c_conf_mode"": ""live"", ""d2c_k"": 8, ""d2c_rollout_p"": 0.05, ""d2c_sigma"": 10.0}"
d2cache,3,18,46,1,1,1,5.12,"{""d2c_conf_mode"": ""live"", ""d2c_k"": 8, ""d2c_rollout_p"": 0.05, ""d2c_sigma"": 10.0}"
d2cache,3,22,56,1,1,1,4.92,"{""d2c_conf_mode"": ""live"", ""d2c_k"": 8, ""d2c_rollout_p"": 0.05, ""d2c_sigma"": 10.0}"
d2cache,3,24,61,1,1,1,4.67,"{""d2c_conf_mode"": ""live"", ""d2c_k"": 8, ""d2c_rollout_p"": 0.05, ""d2c_sigma"": 10.0}"
d2cache,3,26,67,1,1,1,4.54,"{""d2c_conf_mode"": ""live"", ""d2c_k"": 8, ""d2c_rollout_p"": 0.05, ""d2c_sigma"": 10.0}"
d2cache,3,28,72,1,1,1,4.42,"{""d2c_conf_mode"": ""live"", ""d2c_k"": 8, ""d2c_rollout_p"": 0.05, ""d2c_sigma"": 10.0}"
d2cache,3,32,82,1,1,1,4.17,"{""d2c_conf_mode"": ""live"", ""d2c_k"": 8, ""d2c_rollout_p"": 0.05, ""d2c_sigma"": 10.0}"
d2cache,3,34,87,1,1,1,4.12,"{""d2c_conf_mode"": ""live"", ""d2c_k"": 8, ""d2c_rollout_p"": 0.05, ""d2c_sigma"": 10.0}"
d2cache,3,36,92,1,1,1,4.01,"{""d2c_conf_mode"": ""live"", ""d2c_k"": 8, ""d2c_rollout_p"": 0.05, ""d2c_sigma"": 10.0}"
d2cache,3,38,97,1,1,1,3.84,"{""d2c_conf_mode"": ""live"", ""d2c_k"": 8, ""d2c_rollout_p"": 0.05, ""d2c_sigma"": 10.0}"
d2cache,3,42,108,1,1,1,3.6,"{""d2c_conf_mode"": ""live"", ""d2c_k"": 8, ""d2c_rollout_p"": 0.05, ""d2c_sigma"": 10.0}"
d2cache,3,44,113,1,1,1,3.48,"{""d2c_conf_mode"": ""live"", ""d2c_k"": 8, ""d2c_rollout_p"": 0.05, ""d2c_sigma"": 10.0}"
d2cache,3,46,118,1,1,1,3.33,"{""d2c_conf_mode"": ""live"", ""d2c_k"": 8, ""d2c_rollout_p"": 0.05, ""d2c_sigma"": 10.0}"
d2cache,3,48,123,1,1,1,3.22,"{""d2c_conf_mode"": ""live"", ""d2c_k"": 8, ""d2c_rollout_p"": 0.05, ""d2c_sigma"": 10.0}"
d2cache,3,52,133,1,1,1,3.0,"{""d2c_conf_mode"": ""live"", ""d2c_k"": 8, ""d2c_rollout_p"": 0.05, ""d2c_sigma"": 10.0}"
d2cache,3,54,138,1,1,1,2.87,"{""d2c_conf_mode"": ""live"", ""d2c_k"": 8, ""d2c_rollout_p"": 0.05, ""d2c_sigma"": 10.0}"
d2cache,3,56,143,1,1,1,2.76,"{""d2c_conf_mode"": ""live"", ""d2c_k"": 8, ""d2c_rollout_p"": 0.05, ""d2c_sigma"": 10.0}"
d2cache,3,58,148,1,1,1,2.66,"{""d2c_conf_mode"": ""live"", ""d2c_k"": 8, ""d2c_rollout_p"": 0.05, ""d2c_sigma"": 10.0}"
d2cache,3,62,159,1,1,1,2.38,"{""d2c_conf_mode"": ""live"", ""d2c_k"": 8, ""d2c_rollout_p"": 0.05, ""d2c_sigma"": 10.0}"
d2cache,3,64,164,1,1,1,2.26,"{""d2c_conf_mode"": ""live"", ""d2c_k"": 8, ""d2c_rollout_p"": 0.05, ""d2c_sigma"": 10.0}"
d2cache,3,66,169,1,1,1,2.15,"{""d2c_conf_mode"": ""live"", ""d2c_k"": 8, ""d2c_rollout_p"": 0.05, ""d2c_sigma"": 10.0}"
d2cache,3,68,174,1,1,1,2.03,"{""d2c_conf_mode"": ""live"", ""d2c_k"": 8, ""d2c_rollout_p"": 0.05, ""d2c_sigma"": 10.0}"
d2cache,3,72,184,1,1,1,1.79,"{""d2c_conf_mode"": ""live"", ""d2c_k"": 8, ""d2c_rollout_p"": 0.05, ""d2c_sigma"": 10.0}"
d2cache,3,74,189,1,1,1,1.68,"{""d2c_conf_mode"": ""live"", ""d2c_k"": 8, ""d2c_rollout_p"": 0.05, ""d2c_sigma"": 10.0}"
d2cache,3,76,195,1,1,1,1.54,"{""d2c_conf_mode"": ""live"", ""d2c_k"": 8, ""d2c_rollout_p"": 0.05, ""d2c_sigma"": 10.0}"
d2cache,3,78,200,1,1,1,1.42,"{""d2c_conf_mode"": ""live"", ""d2c_k"": 8, ""d2c_rollout_p"": 0.05, ""d2c_sigma"": 10.0}"
d2cache,3,82,210,1,1,1,1.19,"{""d2c_conf_mode"": ""live"", ""d2c_k"": 8, ""d2c_rollout_p"": 0.05, ""d2c_sigma"": 10.0}"
d2cache,3,84,215,1,1,1,1.07,"{""d2c_conf_mode"": ""live"", ""d2c_k"": 8, ""d2c_rollout_p"": 0.05, ""d2c_sigma"": 10.0}"
d2cache,3,86,220,1,1,1,0.95,"{""d2c_conf_mode"": ""live"", ""d2c_k"": 8, ""d2c_rollout_p"": 0.05, ""d2c_sigma"": 10.0}"
d2cache,3,88,225,1,1,1,0.84,"{""d2c_conf_mode"": ""live"", ""d2c_k"": 8, ""d2c_rollout_p"": 0.05, ""d2c_sigma"": 10.0}"
d2cache,4,2,5,1,1,1,6.25,"{""d2c_conf_mode"": ""live"", ""d2c_k"": 8, ""d2c_rollout_p"": 0.05, ""d2c_sigma"": 10.0}"
d2cache,4,4,10,1,1,1,6.14,"{""d2c_conf_mode"": ""live"", ""d2c_k"": 8, ""d2c_rollout_p"": 0.05, ""d2c_sigma"": 10.0}"
d2cache,4,6,15,1,1,1,6.0,"{""d2c_conf_mode"": ""live"", ""d2c_k"": 8, ""d2c_rollout_p"": 0.05, ""d2c_sigma"": 10.0}"
d2cache,4,8,20,1,1,1,5.88,"{""d2c_conf_mode"": ""live"", ""d2c_k"": 8, ""d2c_rollout_p"": 0.05, ""d2c_sigma"": 10.0}"
d2cache,4,12,31,1,1,1,5.61,"{""d2c_conf_mode"": ""live"", ""d2c_k"": 8, ""d2c_rollout_p"": 0.05, ""d2c_sigma"": 10.0}"
d2cache,4,14,36,1,1,1,5.51,"{""d2c_conf_mode"": ""live"", ""d2c_k"": 8, ""d2c_rollout_p"": 0.05, ""d2c_sigma"": 10.0}"
d2cache,4,16,41,1,1,1,5.37,"{""d2c_conf_mode"": ""live"", ""d2c_k"": 8, ""d2c_rollout_p"": 0.05, ""d2c_sigma"": 10.0}"
d2cache,4,18,46,1,1,1,5.25,"{""d2c_conf_mode"": ""live"", ""d2c_k"": 8, ""d2c_rollout_p"": 0.05, ""d2c_sigma"": 10.0}"
d2cache,4,22,56,1,1,1,5.01,"{""d2c_conf_mode"": ""live"", ""d2c_k"": 8, ""d2c_rollout_p"": 0.05, ""d2c_sigma"": 10.0}"
d2cache,4,24,61,1,1,1,4.88,"{""d2c_conf_mode"": ""live"", ""d2c_k"": 8, ""d2c_rollout_p"": 0.05, ""d2c_sigma"": 10.0}"
d2cache,4,26,67,1,1,1,4.74,"{""d2c_conf_mode"": ""live"", ""d2c_k"": 8, ""d2c_rollout_p"": 0.05, ""d2c_sigma"": 10.0}"
d2cache,4,28,72,1,1,1,4.62,"{""d2c_conf_mode"": ""live"", ""d2c_k"": 8, ""d2c_rollout_p"": 0.05, ""d2c_sigma"": 10.0}"
d2cache,4,32,82,1,1,1,4.38,"{""d2c_conf_mode"": ""live"", ""d2c_k"": 8, ""d2c_rollout_p"": 0.05, ""d2c_sigma"": 10.0}"
d2cache,4,34,87,1,1,1,4.26,"{""d2c_conf_mode"": ""live"", ""d2c_k"": 8, ""d2c_rollout_p"": 0.05, ""d2c_sigma"": 10.0}"
d2cache,4,36,92,1,1,1,4.13,"{""d2c_conf_mode"": ""live"", ""d2c_k"": 8, ""d2c_rollout_p"": 0.05, ""d2c_sigma"": 10.0}"
d2cache,4,38,97,1,1,1,4.0,"{""d2c_conf_mode"": ""live"", ""d2c_k"": 8, ""d2c_rollout_p"": 0.05, ""d2c_sigma"": 10.0}"
d2cache,4,42,108,1,1,1,3.74,"{""d2c_conf_mode"": ""live"", ""d2c_k"": 8, ""d2c_rollout_p"": 0.05, ""d2c_sigma"": 10.0}"
d2cache,4,44,113,1,1,1,3.61,"{""d2c_conf_mode"": ""live"", ""d2c_k"": 8, ""d2c_rollout_p"": 0.05, ""d2c_sigma"": 10.0}"
d2cache,4,46,118,1,1,1,3.5,"{""d2c_conf_mode"": ""live"", ""d2c_k"": 8, ""d2c_rollout_p"": 0.05, ""d2c_sigma"": 10.0}"
d2cache,4,48,123,1,1,1,3.37,"{""d2c_conf_mode"": ""live"", ""d2c_k"": 8, ""d2c_rollout_p"": 0.05, ""d2c_sigma"": 10.0}"
d2cache,4,52,133,1,1,1,3.13,"{""d2c_conf_mode"": ""live"", ""d2c_k"": 8, ""d2c_rollout_p"": 0.05, ""d2c_sigma"": 10.0}"
d2cache,4,54,138,1,1,1,3.02,"{""d2c_conf_mode"": ""live"", ""d2c_k"": 8, ""d2c_rollout_p"": 0.05, ""d2c_sigma"": 10.0}"
d2cache,4,56,143,1,1,1,2.89,"{""d2c_conf_mode"": ""live"", ""d2c_k"": 8, ""d2c_rollout_p"": 0.05, ""d2c_sigma"": 10.0}"
d2cache,4,58,148,1,1,1,2.76,"{""d2c_conf_mode"": ""live"", ""d2c_k"": 8, ""d2c_rollout_p"": 0.05, ""d2c_sigma"": 10.0}"
d2cache,4,62,159,1,1,1,2.49,"{""d2c_conf_mode"": ""live"", ""d2c_k"": 8, ""d2c_rollout_p"": 0.05, ""d2c_sigma"": 10.0}"
d2cache,4,64,164,1,1,1,2.37,"{""d2c_conf_mode"": ""live"", ""d2c_k"": 8, ""d2c_rollout_p"": 0.05, ""d2c_sigma"": 10.0}"
d2cache,4,66,169,1,1,1,2.26,"{""d2c_conf_mode"": ""live"", ""d2c_k"": 8, ""d2c_rollout_p"": 0.05, ""d2c_sigma"": 10.0}"
d2cache,4,68,174,1,1,1,2.13,"{""d2c_conf_mode"": ""live"", ""d2c_k"": 8, ""d2c_rollout_p"": 0.05, ""d2c_sigma"": 10.0}"
d2cache,4,72,184,1,1,1,1.88,"{""d2c_conf_mode"": ""live"", ""d2c_k"": 8, ""d2c_rollout_p"": 0.05, ""d2c_sigma"": 10.0}"
d2cache,4,74,189,1,1,1,1.76,"{""d2c_conf_mode"": ""live"", ""d2c_k"": 8, ""d2c_rollout_p"": 0.05, ""d2c_sigma"": 10.0}"
d2cache,4,76,195,1,1,1,1.62,"{""d2c_conf_mode"": ""live"", ""d2c_k"": 8, ""d2c_rollout_p"": 0.05, ""d2c_sigma"": 10.0}"
d2cache,4,78,200,1,1,1,1.5,"{""d2c_conf_mode"": ""live"", ""d2c_k"": 8, ""d2c_rollout_p"": 0.05, ""d2c_sigma"": 10.0}"
d2cache,4,82,210,1,1,1,1.25,"{""d2c_conf_mode"": ""live"", ""d2c_k"": 8, ""d2c_rollout_p"": 0.05, ""d2c_sigma"": 10.0}"
d2cache,4,84,215,1,1,1,1.13,"{""d2c_conf_mode"": ""live"", ""d2c_k"": 8, ""d2c_rollout_p"": 0.05, ""d2c_sigma"": 10.0}"
d2cache,4,86,220,1,1,1,1.01,"{""d2c_conf_mode"": ""live"", ""d2c_k"": 8, ""d2c_rollout_p"": 0.05, ""d2c_sigma"": 10.0}"
d2cache,4,88,225,1,1,1,0.89,"{""d2c_conf_mode"": ""live"", ""d2c_k"": 8, ""d2c_rollout_p"": 0.05, ""d2c_sigma"": 10.0}"
d2cache,6,2,5,1,1,1,6.23,"{""d2c_conf_mode"": ""live"", ""d2c_k"": 8, ""d2c_rollout_p"": 0.05, ""d2c_sigma"": 10.0}"
d2cache,6,4,10,1,1,1,6.08,"{""d2c_conf_mode"": ""live"", ""d2c_k"": 8, ""d2c_rollout_p"": 0.05, ""d2c_sigma"": 10.0}"
d2cache,6,6,15,1,1,1,5.95,"{""d2c_conf_mode"": ""live"", ""d2c_k"": 8, ""d2c_rollout_p"": 0.05, ""d2c_sigma"": 10.0}"
d2cache,6,8,20,1,1,1,5.8,"{""d2c_conf_mode"": ""live"", ""d2c_k"": 8, ""d2c_rollout_p"": 0.05, ""d2c_sigma"": 10.0}"
d2cache,6,12,31,1,1,1,5.59,"{""d2c_conf_mode"": ""live"", ""d2c_k"": 8, ""d2c_rollout_p"": 0.05, ""d2c_sigma"": 10.0}"
d2cache,6,14,36,1,1,1,5.41,"{""d2c_conf_mode"": ""live"", ""d2c_k"": 8, ""d2c_rollout_p"": 0.05, ""d2c_sigma"": 10.0}"
d2cache,6,16,41,1,1,1,5.35,"{""d2c_conf_mode"": ""live"", ""d2c_k"": 8, ""d2c_rollout_p"": 0.05, ""d2c_sigma"": 10.0}"
d2cache,6,18,46,1,1,0,5.23,"{""d2c_conf_mode"": ""live"", ""d2c_k"": 8, ""d2c_rollout_p"": 0.05, ""d2c_sigma"": 10.0}"
d2cache,6,22,56,1,1,1,4.92,"{""d2c_conf_mode"": ""live"", ""d2c_k"": 8, ""d2c_rollout_p"": 0.05, ""d2c_sigma"": 10.0}"
d2cache,6,24,61,1,1,1,4.87,"{""d2c_conf_mode"": ""live"", ""d2c_k"": 8, ""d2c_rollout_p"": 0.05, ""d2c_sigma"": 10.0}"
d2cache,6,26,67,1,1,1,4.72,"{""d2c_conf_mode"": ""live"", ""d2c_k"": 8, ""d2c_rollout_p"": 0.05, ""d2c_sigma"": 10.0}"
d2cache,6,28,72,0,1,0,4.59,"{""d2c_conf_mode"": ""live"", ""d2c_k"": 8, ""d2c_rollout_p"": 0.05, ""d2c_sigma"": 10.0}"
d2cache,6,32,82,1,1,0,4.38,"{""d2c_conf_mode"": ""live"", ""d2c_k"": 8, ""d2c_rollout_p"": 0.05, ""d2c_sigma"": 10.0}"
d2cache,6,34,87,1,1,1,4.18,"{""d2c_conf_mode"": ""live"", ""d2c_k"": 8, ""d2c_rollout_p"": 0.05, ""d2c_sigma"": 10.0}"
d2cache,6,36,92,1,1,1,4.04,"{""d2c_conf_mode"": ""live"", ""d2c_k"": 8, ""d2c_rollout_p"": 0.05, ""d2c_sigma"": 10.0}"
d2cache,6,38,97,1,1,1,3.92,"{""d2c_conf_mode"": ""live"", ""d2c_k"": 8, ""d2c_rollout_p"": 0.05, ""d2c_sigma"": 10.0}"
d2cache,6,42,108,1,1,1,3.65,"{""d2c_conf_mode"": ""live"", ""d2c_k"": 8, ""d2c_rollout_p"": 0.05, ""d2c_sigma"": 10.0}"
d2cache,6,44,113,1,1,1,3.49,"{""d2c_conf_mode"": ""live"", ""d2c_k"": 8, ""d2c_rollout_p"": 0.05, ""d2c_sigma"": 10.0}"
d2cache,6,46,118,1,1,1,3.41,"{""d2c_conf_mode"": ""live"", ""d2c_k"": 8, ""d2c_rollout_p"": 0.05, ""d2c_sigma"": 10.0}"
d2cache,6,48,123,1,1,1,3.29,"{""d2c_conf_mode"": ""live"", ""d2c_k"": 8, ""d2c_rollout_p"": 0.05, ""d2c_sigma"": 10.0}"
d2cache,6,52,133,1,1,1,3.04,"{""d2c_conf_mode"": ""live"", ""d2c_k"": 8, ""d2c_rollout_p"": 0.05, ""d2c_sigma"": 10.0}"
d2cache,6,54,138,1,1,1,2.93,"{""d2c_conf_mode"": ""live"", ""d2c_k"": 8, ""d2c_rollout_p"": 0.05, ""d2c_sigma"": 10.0}"
d2cache,6,56,143,1,1,1,2.81,"{""d2c_conf_mode"": ""live"", ""d2c_k"": 8, ""d2c_rollout_p"": 0.05, ""d2c_sigma"": 10.0}"
d2cache,6,58,148,1,1,1,2.71,"{""d2c_conf_mode"": ""live"", ""d2c_k"": 8, ""d2c_rollout_p"": 0.05, ""d2c_sigma"": 10.0}"
d2cache,6,62,159,1,1,1,2.41,"{""d2c_conf_mode"": ""live"", ""d2c_k"": 8, ""d2c_rollout_p"": 0.05, ""d2c_sigma"": 10.0}"
d2cache,6,64,164,1,1,1,2.32,"{""d2c_conf_mode"": ""live"", ""d2c_k"": 8, ""d2c_rollout_p"": 0.05, ""d2c_sigma"": 10.0}"
d2cache,6,66,169,1,1,1,2.18,"{""d2c_conf_mode"": ""live"", ""d2c_k"": 8, ""d2c_rollout_p"": 0.05, ""d2c_sigma"": 10.0}"
d2cache,6,68,174,1,1,1,2.06,"{""d2c_conf_mode"": ""live"", ""d2c_k"": 8, ""d2c_rollout_p"": 0.05, ""d2c_sigma"": 10.0}"
d2cache,6,72,184,1,1,1,1.83,"{""d2c_conf_mode"": ""live"", ""d2c_k"": 8, ""d2c_rollout_p"": 0.05, ""d2c_sigma"": 10.0}"
d2cache,6,74,189,1,1,1,1.71,"{""d2c_conf_mode"": ""live"", ""d2c_k"": 8, ""d2c_rollout_p"": 0.05, ""d2c_sigma"": 10.0}"
d2cache,6,76,195,1,1,1,1.56,"{""d2c_conf_mode"": ""live"", ""d2c_k"": 8, ""d2c_rollout_p"": 0.05, ""d2c_sigma"": 10.0}"
d2cache,6,78,200,1,1,1,1.44,"{""d2c_conf_mode"": ""live"", ""d2c_k"": 8, ""d2c_rollout_p"": 0.05, ""d2c_sigma"": 10.0}"
d2cache,6,82,210,1,1,1,1.22,"{""d2c_conf_mode"": ""live"", ""d2c_k"": 8, ""d2c_rollout_p"": 0.05, ""d2c_sigma"": 10.0}"
d2cache,6,84,215,1,1,1,1.09,"{""d2c_conf_mode"": ""live"", ""d2c_k"": 8, ""d2c_rollout_p"": 0.05, ""d2c_sigma"": 10.0}"
d2cache,6,86,220,1,1,1,0.97,"{""d2c_conf_mode"": ""live"", ""d2c_k"": 8, ""d2c_rollout_p"": 0.05, ""d2c_sigma"": 10.0}"
d2cache,6,88,225,1,1,1,0.85,"{""d2c_conf_mode"": ""live"", ""d2c_k"": 8, ""d2c_rollout_p"": 0.05, ""d2c_sigma"": 10.0}"
d2cache,9,2,5,1,1,1,5.88,"{""d2c_conf_mode"": ""live"", ""d2c_k"": 8, ""d2c_rollout_p"": 0.05, ""d2c_sigma"": 10.0}"
d2cache,9,4,10,1,1,1,5.75,"{""d2c_conf_mode"": ""live"", ""d2c_k"": 8, ""d2c_rollout_p"": 0.05, ""d2c_sigma"": 10.0}"
d2cache,9,6,15,1,1,1,5.61,"{""d2c_conf_mode"": ""live"", ""d2c_k"": 8, ""d2c_rollout_p"": 0.05, ""d2c_sigma"": 10.0}"
d2cache,9,8,20,1,1,1,5.5,"{""d2c_conf_mode"": ""live"", ""d2c_k"": 8, ""d2c_rollout_p"": 0.05, ""d2c_sigma"": 10.0}"
d2cache,9,12,31,1,1,1,5.24,"{""d2c_conf_mode"": ""live"", ""d2c_k"": 8, ""d2c_rollout_p"": 0.05, ""d2c_sigma"": 10.0}"
d2cache,9,14,36,1,1,1,5.17,"{""d2c_conf_mode"": ""live"", ""d2c_k"": 8, ""d2c_rollout_p"": 0.05, ""d2c_sigma"": 10.0}"
d2cache,9,16,41,1,1,1,4.99,"{""d2c_conf_mode"": ""live"", ""d2c_k"": 8, ""d2c_rollout_p"": 0.05, ""d2c_sigma"": 10.0}"
d2cache,9,18,46,1,1,1,4.92,"{""d2c_conf_mode"": ""live"", ""d2c_k"": 8, ""d2c_rollout_p"": 0.05, ""d2c_sigma"": 10.0}"
d2cache,9,22,56,1,1,1,4.68,"{""d2c_conf_mode"": ""live"", ""d2c_k"": 8, ""d2c_rollout_p"": 0.05, ""d2c_sigma"": 10.0}"
d2cache,9,24,61,1,1,1,4.52,"{""d2c_conf_mode"": ""live"", ""d2c_k"": 8, ""d2c_rollout_p"": 0.05, ""d2c_sigma"": 10.0}"
d2cache,9,26,67,1,1,1,4.39,"{""d2c_conf_mode"": ""live"", ""d2c_k"": 8, ""d2c_rollout_p"": 0.05, ""d2c_sigma"": 10.0}"
d2cache,9,28,72,1,1,1,4.31,"{""d2c_conf_mode"": ""live"", ""d2c_k"": 8, ""d2c_rollout_p"": 0.05, ""d2c_sigma"": 10.0}"
d2cache,9,32,82,0,0,1,4.08,"{""d2c_conf_mode"": ""live"", ""d2c_k"": 8, ""d2c_rollout_p"": 0.05, ""d2c_sigma"": 10.0}"
d2cache,9,34,87,1,1,1,3.91,"{""d2c_conf_mode"": ""live"", ""d2c_k"": 8, ""d2c_rollout_p"": 0.05, ""d2c_sigma"": 10.0}"
d2cache,9,36,92,1,1,1,3.85,"{""d2c_conf_mode"": ""live"", ""d2c_k"": 8, ""d2c_rollout_p"": 0.05, ""d2c_sigma"": 10.0}"
d2cache,9,38,97,1,1,1,3.7,"{""d2c_conf_mode"": ""live"", ""d2c_k"": 8, ""d2c_rollout_p"": 0.05, ""d2c_sigma"": 10.0}"
d2cache,9,42,108,1,1,1,3.42,"{""d2c_conf_mode"": ""live"", ""d2c_k"": 8, ""d2c_rollout_p"": 0.05, ""d2c_sigma"": 10.0}"
d2cache,9,44,113,1,1,1,3.33,"{""d2c_conf_mode"": ""live"", ""d2c_k"": 8, ""d2c_rollout_p"": 0.05, ""d2c_sigma"": 10.0}"
d2cache,9,46,118,1,1,1,3.25,"{""d2c_conf_mode"": ""live"", ""d2c_k"": 8, ""d2c_rollout_p"": 0.05, ""d2c_sigma"": 10.0}"
d2cache,9,48,123,1,1,1,3.13,"{""d2c_conf_mode"": ""live"", ""d2c_k"": 8, ""d2c_rollout_p"": 0.05, ""d2c_sigma"": 10.0}"
d2cache,9,52,133,1,1,1,2.87,"{""d2c_conf_mode"": ""live"", ""d2c_k"": 8, ""d2c_rollout_p"": 0.05, ""d2c_sigma"": 10.0}"
d2cache,9,54,138,1,1,1,2.82,"{""d2c_conf_mode"": ""live"", ""d2c_k"": 8, ""d2c_rollout_p"": 0.05, ""d2c_sigma"": 10.0}"
d2cache,9,56,143,1,1,1,2.64,"{""d2c_conf_mode"": ""live"", ""d2c_k"": 8, ""d2c_rollout_p"": 0.05, ""d2c_sigma"": 10.0}"
d2cache,9,58,148,1,1,1,2.53,"{""d2c_conf_mode"": ""live"", ""d2c_k"": 8, ""d2c_rollout_p"": 0.05, ""d2c_sigma"": 10.0}"
d2cache,9,62,159,1,1,1,2.27,"{""d2c_conf_mode"": ""live"", ""d2c_k"": 8, ""d2c_rollout_p"": 0.05, ""d2c_sigma"": 10.0}"
d2cache,9,64,164,1,1,1,2.16,"{""d2c_conf_mode"": ""live"", ""d2c_k"": 8, ""d2c_rollout_p"": 0.05, ""d2c_sigma"": 10.0}"
d2cache,9,66,169,1,1,1,2.05,"{""d2c_conf_mode"": ""live"", ""d2c_k"": 8, ""d2c_rollout_p"": 0.05, ""d2c_sigma"": 10.0}"
d2cache,9,68,174,1,1,1,1.94,"{""d2c_conf_mode"": ""live"", ""d2c_k"": 8, ""d2c_rollout_p"": 0.05, ""d2c_sigma"": 10.0}"
d2cache,9,72,184,1,1,1,1.72,"{""d2c_conf_mode"": ""live"", ""d2c_k"": 8, ""d2c_rollout_p"": 0.05, ""d2c_sigma"": 10.0}"
d2cache,9,74,189,1,1,1,1.6,"{""d2c_conf_mode"": ""live"", ""d2c_k"": 8, ""d2c_rollout_p"": 0.05, ""d2c_sigma"": 10.0}"
d2cache,9,76,195,1,1,1,1.47,"{""d2c_conf_mode"": ""live"", ""d2c_k"": 8, ""d2c_rollout_p"": 0.05, ""d2c_sigma"": 10.0}"
d2cache,9,78,200,1,1,1,1.36,"{""d2c_conf_mode"": ""live"", ""d2c_k"": 8, ""d2c_rollout_p"": 0.05, ""d2c_sigma"": 10.0}"
d2cache,9,82,210,1,1,1,1.14,"{""d2c_conf_mode"": ""live"", ""d2c_k"": 8, ""d2c_rollout_p"": 0.05, ""d2c_sigma"": 10.0}"
d2cache,9,84,215,1,1,1,1.02,"{""d2c_conf_mode"": ""live"", ""d2c_k"": 8, ""d2c_rollout_p"": 0.05, ""d2c_sigma"": 10.0}"
d2cache,9,86,220,1,1,1,0.91,"{""d2c_conf_mode"": ""live"", ""d2c_k"": 8, ""d2c_rollout_p"": 0.05, ""d2c_sigma"": 10.0}"
d2cache,9,88,225,1,1,1,0.8,"{""d2c_conf_mode"": ""live"", ""d2c_k"": 8, ""d2c_rollout_p"": 0.05, ""d2c_sigma"": 10.0}"
d2cache,10,2,5,1,1,1,6.22,"{""d2c_conf_mode"": ""live"", ""d2c_k"": 8, ""d2c_rollout_p"": 0.05, ""d2c_sigma"": 10.0}"
d2cache,10,4,10,1,1,1,6.16,"{""d2c_conf_mode"": ""live"", ""d2c_k"": 8, ""d2c_rollout_p"": 0.05, ""d2c_sigma"": 10.0}"
d2cache,10,6,15,0,1,0,6.01,"{""d2c_conf_mode"": ""live"", ""d2c_k"": 8, ""d2c_rollout_p"": 0.05, ""d2c_sigma"": 10.0}"
d2cache,10,8,20,1,1,1,5.93,"{""d2c_conf_mode"": ""live"", ""d2c_k"": 8, ""d2c_rollout_p"": 0.05, ""d2c_sigma"": 10.0}"
d2cache,10,12,31,1,1,0,5.59,"{""d2c_conf_mode"": ""live"", ""d2c_k"": 8, ""d2c_rollout_p"": 0.05, ""d2c_sigma"": 10.0}"
d2cache,10,14,36,1,1,1,5.53,"{""d2c_conf_mode"": ""live"", ""d2c_k"": 8, ""d2c_rollout_p"": 0.05, ""d2c_sigma"": 10.0}"
d2cache,10,16,41,1,1,1,5.4,"{""d2c_conf_mode"": ""live"", ""d2c_k"": 8, ""d2c_rollout_p"": 0.05, ""d2c_sigma"": 10.0}"
d2cache,10,18,46,1,1,1,5.29,"{""d2c_conf_mode"": ""live"", ""d2c_k"": 8, ""d2c_rollout_p"": 0.05, ""d2c_sigma"": 10.0}"
d2cache,10,22,56,1,1,1,5.03,"{""d2c_conf_mode"": ""live"", ""d2c_k"": 8, ""d2c_rollout_p"": 0.05, ""d2c_sigma"": 10.0}"
d2cache,10,24,61,1,1,1,4.92,"{""d2c_conf_mode"": ""live"", ""d2c_k"": 8, ""d2c_rollout_p"": 0.05, ""d2c_sigma"": 10.0}"
d2cache,10,26,67,1,1,1,4.77,"{""d2c_conf_mode"": ""live"", ""d2c_k"": 8, ""d2c_rollout_p"": 0.05, ""d2c_sigma"": 10.0}"
d2cache,10,28,72,1,1,1,4.64,"{""d2c_conf_mode"": ""live"", ""d2c_k"": 8, ""d2c_rollout_p"": 0.05, ""d2c_sigma"": 10.0}"
d2cache,10,32,82,1,1,1,4.38,"{""d2c_conf_mode"": ""live"", ""d2c_k"": 8, ""d2c_rollout_p"": 0.05, ""d2c_sigma"": 10.0}"
d2cache,10,34,87,0,1,0,4.27,"{""d2c_conf_mode"": ""live"", ""d2c_k"": 8, ""d2c_rollout_p"": 0.05, ""d2c_sigma"": 10.0}"
d2cache,10,36,92,1,1,1,4.16,"{""d2c_conf_mode"": ""live"", ""d2c_k"": 8, ""d2c_rollout_p"": 0.05, ""d2c_sigma"": 10.0}"
d2cache,10,38,97,1,1,1,4.02,"{""d2c_conf_mode"": ""live"", ""d2c_k"": 8, ""d2c_rollout_p"": 0.05, ""d2c_sigma"": 10.0}"
d2cache,10,42,108,1,1,1,3.76,"{""d2c_conf_mode"": ""live"", ""d2c_k"": 8, ""d2c_rollout_p"": 0.05, ""d2c_sigma"": 10.0}"
d2cache,10,44,113,1,1,1,3.63,"{""d2c_conf_mode"": ""live"", ""d2c_k"": 8, ""d2c_rollout_p"": 0.05, ""d2c_sigma"": 10.0}"
d2cache,10,46,118,1,1,1,3.47,"{""d2c_conf_mode"": ""live"", ""d2c_k"": 8, ""d2c_rollout_p"": 0.05, ""d2c_sigma"": 10.0}"
d2cache,10,48,123,1,1,1,3.34,"{""d2c_conf_mode"": ""live"", ""d2c_k"": 8, ""d2c_rollout_p"": 0.05, ""d2c_sigma"": 10.0}"
d2cache,10,52,133,1,1,1,3.05,"{""d2c_conf_mode"": ""live"", ""d2c_k"": 8, ""d2c_rollout_p"": 0.05, ""d2c_sigma"": 10.0}"
d2cache,10,54,138,1,1,1,2.98,"{""d2c_conf_mode"": ""live"", ""d2c_k"": 8, ""d2c_rollout_p"": 0.05, ""d2c_sigma"": 10.0}"
d2cache,10,56,143,1,1,1,2.86,"{""d2c_conf_mode"": ""live"", ""d2c_k"": 8, ""d2c_rollout_p"": 0.05, ""d2c_sigma"": 10.0}"
d2cache,10,58,148,1,1,1,2.71,"{""d2c_conf_mode"": ""live"", ""d2c_k"": 8, ""d2c_rollout_p"": 0.05, ""d2c_sigma"": 10.0}"
d2cache,10,62,159,1,1,1,2.45,"{""d2c_conf_mode"": ""live"", ""d2c_k"": 8, ""d2c_rollout_p"": 0.05, ""d2c_sigma"": 10.0}"
d2cache,10,64,164,1,1,1,2.31,"{""d2c_conf_mode"": ""live"", ""d2c_k"": 8, ""d2c_rollout_p"": 0.05, ""d2c_sigma"": 10.0}"
d2cache,10,66,169,1,1,1,2.19,"{""d2c_conf_mode"": ""live"", ""d2c_k"": 8, ""d2c_rollout_p"": 0.05, ""d2c_sigma"": 10.0}"
d2cache,10,68,174,1,1,1,2.08,"{""d2c_conf_mode"": ""live"", ""d2c_k"": 8, ""d2c_rollout_p"": 0.05, ""d2c_sigma"": 10.0}"
d2cache,10,72,184,1,1,1,1.87,"{""d2c_conf_mode"": ""live"", ""d2c_k"": 8, ""d2c_rollout_p"": 0.05, ""d2c_sigma"": 10.0}"
d2cache,10,74,189,1,1,1,1.72,"{""d2c_conf_mode"": ""live"", ""d2c_k"": 8, ""d2c_rollout_p"": 0.05, ""d2c_sigma"": 10.0}"
d2cache,10,76,195,1,1,1,1.61,"{""d2c_conf_mode"": ""live"", ""d2c_k"": 8, ""d2c_rollout_p"": 0.05, ""d2c_sigma"": 10.0}"
d2cache,10,78,200,1,1,1,1.46,"{""d2c_conf_mode"": ""live"", ""d2c_k"": 8, ""d2c_rollout_p"": 0.05, ""d2c_sigma"": 10.0}"
d2cache,10,82,210,1,1,1,1.22,"{""d2c_conf_mode"": ""live"", ""d2c_k"": 8, ""d2c_rollout_p"": 0.05, ""d2c_sigma"": 10.0}"
d2cache,10,84,215,1,1,1,1.1,"{""d2c_conf_mode"": ""live"", ""d2c_k"": 8, ""d2c_rollout_p"": 0.05, ""d2c_sigma"": 10.0}"
d2cache,10,86,220,1,1,1,0.98,"{""d2c_conf_mode"": ""live"", ""d2c_k"": 8, ""d2c_rollout_p"": 0.05, ""d2c_sigma"": 10.0}"
d2cache,10,88,225,1,1,1,0.86,"{""d2c_conf_mode"": ""live"", ""d2c_k"": 8, ""d2c_rollout_p"": 0.05, ""d2c_sigma"": 10.0}"
d2cache,11,2,5,1,1,1,6.8,"{""d2c_conf_mode"": ""live"", ""d2c_k"": 8, ""d2c_rollout_p"": 0.05, ""d2c_sigma"": 10.0}"
d2cache,11,4,10,1,1,1,6.64,"{""d2c_conf_mode"": ""live"", ""d2c_k"": 8, ""d2c_rollout_p"": 0.05, ""d2c_sigma"": 10.0}"
d2cache,11,6,15,1,1,1,6.53,"{""d2c_conf_mode"": ""live"", ""d2c_k"": 8, ""d2c_rollout_p"": 0.05, ""d2c_sigma"": 10.0}"
d2cache,11,8,20,1,1,1,6.42,"{""d2c_conf_mode"": ""live"", ""d2c_k"": 8, ""d2c_rollout_p"": 0.05, ""d2c_sigma"": 10.0}"
d2cache,11,12,31,1,1,1,6.06,"{""d2c_conf_mode"": ""live"", ""d2c_k"": 8, ""d2c_rollout_p"": 0.05, ""d2c_sigma"": 10.0}"
d2cache,11,14,36,1,1,1,6.0,"{""d2c_conf_mode"": ""live"", ""d2c_k"": 8, ""d2c_rollout_p"": 0.05, ""d2c_sigma"": 10.0}"
d2cache,11,16,41,1,1,1,5.83,"{""d2c_conf_mode"": ""live"", ""d2c_k"": 8, ""d2c_rollout_p"": 0.05, ""d2c_sigma"": 10.0}"
d2cache,11,18,46,1,1,1,5.71,"{""d2c_conf_mode"": ""live"", ""d2c_k"": 8, ""d2c_rollout_p"": 0.05, ""d2c_sigma"": 10.0}"
d2cache,11,22,56,1,1,1,5.44,"{""d2c_conf_mode"": ""live"", ""d2c_k"": 8, ""d2c_rollout_p"": 0.05, ""d2c_sigma"": 10.0}"
d2cache,11,24,61,1,1,1,5.3,"{""d2c_conf_mode"": ""live"", ""d2c_k"": 8, ""d2c_rollout_p"": 0.05, ""d2c_sigma"": 10.0}"
d2cache,11,26,67,1,1,1,5.16,"{""d2c_conf_mode"": ""live"", ""d2c_k"": 8, ""d2c_rollout_p"": 0.05, ""d2c_sigma"": 10.0}"
d2cache,11,28,72,1,1,1,5.01,"{""d2c_conf_mode"": ""live"", ""d2c_k"": 8, ""d2c_rollout_p"": 0.05, ""d2c_sigma"": 10.0}"
d2cache,11,32,82,1,1,1,4.75,"{""d2c_conf_mode"": ""live"", ""d2c_k"": 8, ""d2c_rollout_p"": 0.05, ""d2c_sigma"": 10.0}"
d2cache,11,34,87,1,1,1,4.62,"{""d2c_conf_mode"": ""live"", ""d2c_k"": 8, ""d2c_rollout_p"": 0.05, ""d2c_sigma"": 10.0}"
d2cache,11,36,92,1,1,1,4.49,"{""d2c_conf_mode"": ""live"", ""d2c_k"": 8, ""d2c_rollout_p"": 0.05, ""d2c_sigma"": 10.0}"
d2cache,11,38,97,1,1,1,4.34,"{""d2c_conf_mode"": ""live"", ""d2c_k"": 8, ""d2c_rollout_p"": 0.05, ""d2c_sigma"": 10.0}"
d2cache,11,42,108,1,1,1,4.09,"{""d2c_conf_mode"": ""live"", ""d2c_k"": 8, ""d2c_rollout_p"": 0.05, ""d2c_sigma"": 10.0}"
d2cache,11,44,113,1,1,1,3.95,"{""d2c_conf_mode"": ""live"", ""d2c_k"": 8, ""d2c_rollout_p"": 0.05, ""d2c_sigma"": 10.0}"
d2cache,11,46,118,1,1,1,3.8,"{""d2c_conf_mode"": ""live"", ""d2c_k"": 8, ""d2c_rollout_p"": 0.05, ""d2c_sigma"": 10.0}"
d2cache,11,48,123,1,1,1,3.69,"{""d2c_conf_mode"": ""live"", ""d2c_k"": 8, ""d2c_rollout_p"": 0.05, ""d2c_sigma"": 10.0}"
d2cache,11,52,133,1,1,1,3.4,"{""d2c_conf_mode"": ""live"", ""d2c_k"": 8, ""d2c_rollout_p"": 0.05, ""d2c_sigma"": 10.0}"
d2cache,11,54,138,1,1,1,3.28,"{""d2c_conf_mode"": ""live"", ""d2c_k"": 8, ""d2c_rollout_p"": 0.05, ""d2c_sigma"": 10.0}"
d2cache,11,56,143,1,1,1,3.14,"{""d2c_conf_mode"": ""live"", ""d2c_k"": 8, ""d2c_rollout_p"": 0.05, ""d2c_sigma"": 10.0}"
d2cache,11,58,148,1,1,1,3.0,"{""d2c_conf_mode"": ""live"", ""d2c_k"": 8, ""d2c_rollout_p"": 0.05, ""d2c_sigma"": 10.0}"
d2cache,11,62,159,1,1,1,2.72,"{""d2c_conf_mode"": ""live"", ""d2c_k"": 8, ""d2c_rollout_p"": 0.05, ""d2c_sigma"": 10.0}"
d2cache,11,64,164,1,1,1,2.58,"{""d2c_conf_mode"": ""live"", ""d2c_k"": 8, ""d2c_rollout_p"": 0.05, ""d2c_sigma"": 10.0}"
d2cache,11,66,169,1,1,1,2.45,"{""d2c_conf_mode"": ""live"", ""d2c_k"": 8, ""d2c_rollout_p"": 0.05, ""d2c_sigma"": 10.0}"
d2cache,11,68,174,1,1,1,2.34,"{""d2c_conf_mode"": ""live"", ""d2c_k"": 8, ""d2c_rollout_p"": 0.05, ""d2c_sigma"": 10.0}"
d2cache,11,72,184,1,1,1,2.09,"{""d2c_conf_mode"": ""live"", ""d2c_k"": 8, ""d2c_rollout_p"": 0.05, ""d2c_sigma"": 10.0}"
d2cache,11,74,189,1,1,1,1.96,"{""d2c_conf_mode"": ""live"", ""d2c_k"": 8, ""d2c_rollout_p"": 0.05, ""d2c_sigma"": 10.0}"
d2cache,11,76,195,1,1,1,1.8,"{""d2c_conf_mode"": ""live"", ""d2c_k"": 8, ""d2c_rollout_p"": 0.05, ""d2c_sigma"": 10.0}"
d2cache,11,78,200,1,1,1,1.66,"{""d2c_conf_mode"": ""live"", ""d2c_k"": 8, ""d2c_rollout_p"": 0.05, ""d2c_sigma"": 10.0}"
d2cache,11,82,210,1,1,1,1.4,"{""d2c_conf_mode"": ""live"", ""d2c_k"": 8, ""d2c_rollout_p"": 0.05, ""d2c_sigma"": 10.0}"
d2cache,11,84,215,1,1,1,1.26,"{""d2c_conf_mode"": ""live"", ""d2c_k"": 8, ""d2c_rollout_p"": 0.05, ""d2c_sigma"": 10.0}"
d2cache,11,86,220,1,1,1,1.13,"{""d2c_conf_mode"": ""live"", ""d2c_k"": 8, ""d2c_rollout_p"": 0.05, ""d2c_sigma"": 10.0}"
d2cache,11,88,225,1,1,1,1.0,"{""d2c_conf_mode"": ""live"", ""d2c_k"": 8, ""d2c_rollout_p"": 0.05, ""d2c_sigma"": 10.0}"
d2cache,14,2,5,1,1,1,6.14,"{""d2c_conf_mode"": ""live"", ""d2c_k"": 8, ""d2c_rollout_p"": 0.05, ""d2c_sigma"": 10.0}"
d2cache,14,4,10,1,1,1,6.02,"{""d2c_conf_mode"": ""live"", ""d2c_k"": 8, ""d2c_rollout_p"": 0.05, ""d2c_sigma"": 10.0}"
d2cache,14,6,15,1,1,1,5.89,"{""d2c_conf_mode"": ""live"", ""d2c_k"": 8, ""d2c_rollout_p"": 0.05, ""d2c_sigma"": 10.0}"
d2cache,14,8,20,1,1,1,5.79,"{""d2c_conf_mode"": ""live"", ""d2c_k"": 8, ""d2c_rollout_p"": 0.05, ""d2c_sigma"": 10.0}"
d2cache,14,12,31,1,1,1,5.46,"{""d2c_conf_mode"": ""live"", ""d2c_k"": 8, ""d2c_rollout_p"": 0.05, ""d2c_sigma"": 10.0}"
d2cache,14,14,36,1,1,1,5.37,"{""d2c_conf_mode"": ""live"", ""d2c_k"": 8, ""d2c_rollout_p"": 0.05, ""d2c_sigma"": 10.0}"
d2cache,14,16,41,1,1,1,5.26,"{""d2c_conf_mode"": ""live"", ""d2c_k"": 8, ""d2c_rollout_p"": 0.05, ""d2c_sigma"": 10.0}"
d2cache,14,18,46,1,1,1,5.13,"{""d2c_conf_mode"": ""live"", ""d2c_k"": 8, ""d2c_rollout_p"": 0.05, ""d2c_sigma"": 10.0}"
d2cache,14,22,56,1,1,1,4.91,"{""d2c_conf_mode"": ""live"", ""d2c_k"": 8, ""d2c_rollout_p"": 0.05, ""d2c_sigma"": 10.0}"
d2cache,14,24,61,1,1,1,4.8,"{""d2c_conf_mode"": ""live"", ""d2c_k"": 8, ""d2c_rollout_p"": 0.05, ""d2c_sigma"": 10.0}"
d2cache,14,26,67,1,1,1,4.61,"{""d2c_conf_mode"": ""live"", ""d2c_k"": 8, ""d2c_rollout_p"": 0.05, ""d2c_sigma"": 10.0}"
d2cache,14,28,72,1,1,1,4.49,"{""d2c_conf_mode"": ""live"", ""d2c_k"": 8, ""d2c_rollout_p"": 0.05, ""d2c_sigma"": 10.0}"
d2cache,14,32,82,1,1,1,4.28,"{""d2c_conf_mode"": ""live"", ""d2c_k"": 8, ""d2c_rollout_p"": 0.05, ""d2c_sigma"": 10.0}"
d2cache,14,34,87,1,1,1,4.12,"{""d2c_conf_mode"": ""live"", ""d2c_k"": 8, ""d2c_rollout_p"": 0.05, ""d2c_sigma"": 10.0}"
d2cache,14,36,92,1,1,1,4.03,"{""d2c_conf_mode"": ""live"", ""d2c_k"": 8, ""d2c_rollout_p"": 0.05, ""d2c_sigma"": 10.0}"
d2cache,14,38,97,0,0,1,3.89,"{""d2c_conf_mode"": ""live"", ""d2c_k"": 8, ""d2c_rollout_p"": 0.05, ""d2c_sigma"": 10.0}"
d2cache,14,42,108,1,1,1,3.67,"{""d2c_conf_mode"": ""live"", ""d2c_k"": 8, ""d2c_rollout_p"": 0.05, ""d2c_sigma"": 10.0}"
d2cache,14,44,113,0,0,1,3.56,"{""d2c_conf_mode"": ""live"", ""d2c_k"": 8, ""d2c_rollout_p"": 0.05, ""d2c_sigma"": 10.0}"
d2cache,14,46,118,1,1,1,3.37,"{""d2c_conf_mode"": ""live"", ""d2c_k"": 8, ""d2c_rollout_p"": 0.05, ""d2c_sigma"": 10.0}"
d2cache,14,48,123,1,1,1,3.25,"{""d2c_conf_mode"": ""live"", ""d2c_k"": 8, ""d2c_rollout_p"": 0.05, ""d2c_sigma"": 10.0}"
d2cache,14,52,133,1,1,1,3.01,"{""d2c_conf_mode"": ""live"", ""d2c_k"": 8, ""d2c_rollout_p"": 0.05, ""d2c_sigma"": 10.0}"
d2cache,14,54,138,1,1,1,2.91,"{""d2c_conf_mode"": ""live"", ""d2c_k"": 8, ""d2c_rollout_p"": 0.05, ""d2c_sigma"": 10.0}"
d2cache,14,56,143,1,1,1,2.78,"{""d2c_conf_mode"": ""live"", ""d2c_k"": 8, ""d2c_rollout_p"": 0.05, ""d2c_sigma"": 10.0}"
d2cache,14,58,148,1,1,1,2.64,"{""d2c_conf_mode"": ""live"", ""d2c_k"": 8, ""d2c_rollout_p"": 0.05, ""d2c_sigma"": 10.0}"
d2cache,14,62,159,1,1,1,2.42,"{""d2c_conf_mode"": ""live"", ""d2c_k"": 8, ""d2c_rollout_p"": 0.05, ""d2c_sigma"": 10.0}"
d2cache,14,64,164,1,1,1,2.31,"{""d2c_conf_mode"": ""live"", ""d2c_k"": 8, ""d2c_rollout_p"": 0.05, ""d2c_sigma"": 10.0}"
d2cache,14,66,169,1,1,1,2.15,"{""d2c_conf_mode"": ""live"", ""d2c_k"": 8, ""d2c_rollout_p"": 0.05, ""d2c_sigma"": 10.0}"
d2cache,14,68,174,1,1,1,2.03,"{""d2c_conf_mode"": ""live"", ""d2c_k"": 8, ""d2c_rollout_p"": 0.05, ""d2c_sigma"": 10.0}"
d2cache,14,72,184,1,1,1,1.8,"{""d2c_conf_mode"": ""live"", ""d2c_k"": 8, ""d2c_rollout_p"": 0.05, ""d2c_sigma"": 10.0}"
d2cache,14,74,189,1,1,1,1.71,"{""d2c_conf_mode"": ""live"", ""d2c_k"": 8, ""d2c_rollout_p"": 0.05, ""d2c_sigma"": 10.0}"
d2cache,14,76,195,1,1,1,1.54,"{""d2c_conf_mode"": ""live"", ""d2c_k"": 8, ""d2c_rollout_p"": 0.05, ""d2c_sigma"": 10.0}"
d2cache,14,78,200,1,1,1,1.42,"{""d2c_conf_mode"": ""live"", ""d2c_k"": 8, ""d2c_rollout_p"": 0.05, ""d2c_sigma"": 10.0}"
d2cache,14,82,210,1,1,1,1.2,"{""d2c_conf_mode"": ""live"", ""d2c_k"": 8, ""d2c_rollout_p"": 0.05, ""d2c_sigma"": 10.0}"
d2cache,14,84,215,1,1,1,1.07,"{""d2c_conf_mode"": ""live"", ""d2c_k"": 8, ""d2c_rollout_p"": 0.05, ""d2c_sigma"": 10.0}"
d2cache,14,86,220,1,1,1,0.96,"{""d2c_conf_mode"": ""live"", ""d2c_k"": 8, ""d2c_rollout_p"": 0.05, ""d2c_sigma"": 10.0}"
d2cache,14,88,225,1,1,1,0.84,"{""d2c_conf_mode"": ""live"", ""d2c_k"": 8, ""d2c_rollout_p"": 0.05, ""d2c_sigma"": 10.0}"
d2cache,17,2,5,1,1,1,5.94,"{""d2c_conf_mode"": ""live"", ""d2c_k"": 8, ""d2c_rollout_p"": 0.05, ""d2c_sigma"": 10.0}"
d2cache,17,4,10,1,1,1,5.81,"{""d2c_conf_mode"": ""live"", ""d2c_k"": 8, ""d2c_rollout_p"": 0.05, ""d2c_sigma"": 10.0}"
d2cache,17,6,15,1,1,1,5.7,"{""d2c_conf_mode"": ""live"", ""d2c_k"": 8, ""d2c_rollout_p"": 0.05, ""d2c_sigma"": 10.0}"
d2cache,17,8,20,1,1,1,5.58,"{""d2c_conf_mode"": ""live"", ""d2c_k"": 8, ""d2c_rollout_p"": 0.05, ""d2c_sigma"": 10.0}"
d2cache,17,12,31,1,1,1,5.32,"{""d2c_conf_mode"": ""live"", ""d2c_k"": 8, ""d2c_rollout_p"": 0.05, ""d2c_sigma"": 10.0}"
d2cache,17,14,36,1,1,1,5.2,"{""d2c_conf_mode"": ""live"", ""d2c_k"": 8, ""d2c_rollout_p"": 0.05, ""d2c_sigma"": 10.0}"
d2cache,17,16,41,1,1,1,5.08,"{""d2c_conf_mode"": ""live"", ""d2c_k"": 8, ""d2c_rollout_p"": 0.05, ""d2c_sigma"": 10.0}"
d2cache,17,18,46,1,1,1,4.97,"{""d2c_conf_mode"": ""live"", ""d2c_k"": 8, ""d2c_rollout_p"": 0.05, ""d2c_sigma"": 10.0}"
d2cache,17,22,56,1,1,1,4.75,"{""d2c_conf_mode"": ""live"", ""d2c_k"": 8, ""d2c_rollout_p"": 0.05, ""d2c_sigma"": 10.0}"
d2cache,17,24,61,1,1,1,4.63,"{""d2c_conf_mode"": ""live"", ""d2c_k"": 8, ""d2c_rollout_p"": 0.05, ""d2c_sigma"": 10.0}"
d2cache,17,26,67,1,1,1,4.46,"{""d2c_conf_mode"": ""live"", ""d2c_k"": 8, ""d2c_rollout_p"": 0.05, ""d2c_sigma"": 10.0}"
d2cache,17,28,72,1,1,1,4.36,"{""d2c_conf_mode"": ""live"", ""d2c_k"": 8, ""d2c_rollout_p"": 0.05, ""d2c_sigma"": 10.0}"
d2cache,17,32,82,1,1,1,4.13,"{""d2c_conf_mode"": ""live"", ""d2c_k"": 8, ""d2c_rollout_p"": 0.05, ""d2c_sigma"": 10.0}"
d2cache,17,34,87,1,1,1,4.0,"{""d2c_conf_mode"": ""live"", ""d2c_k"": 8, ""d2c_rollout_p"": 0.05, ""d2c_sigma"": 10.0}"
d2cache,17,36,92,1,1,1,3.88,"{""d2c_conf_mode"": ""live"", ""d2c_k"": 8, ""d2c_rollout_p"": 0.05, ""d2c_sigma"": 10.0}"
d2cache,17,38,97,1,1,1,3.8,"{""d2c_conf_mode"": ""live"", ""d2c_k"": 8, ""d2c_rollout_p"": 0.05, ""d2c_sigma"": 10.0}"
d2cache,17,42,108,1,1,1,3.54,"{""d2c_conf_mode"": ""live"", ""d2c_k"": 8, ""d2c_rollout_p"": 0.05, ""d2c_sigma"": 10.0}"
d2cache,17,44,113,1,1,1,3.43,"{""d2c_conf_mode"": ""live"", ""d2c_k"": 8, ""d2c_rollout_p"": 0.05, ""d2c_sigma"": 10.0}"
d2cache,17,46,118,1,1,1,3.31,"{""d2c_conf_mode"": ""live"", ""d2c_k"": 8, ""d2c_rollout_p"": 0.05, ""d2c_sigma"": 10.0}"
d2cache,17,48,123,1,1,1,3.17,"{""d2c_conf_mode"": ""live"", ""d2c_k"": 8, ""d2c_rollout_p"": 0.05, ""d2c_sigma"": 10.0}"
d2cache,17,52,133,1,1,1,2.94,"{""d2c_conf_mode"": ""live"", ""d2c_k"": 8, ""d2c_rollout_p"": 0.05, ""d2c_sigma"": 10.0}"
d2cache,17,54,138,1,1,1,2.85,"{""d2c_conf_mode"": ""live"", ""d2c_k"": 8, ""d2c_rollout_p"": 0.05, ""d2c_sigma"": 10.0}"
d2cache,17,56,143,1,1,1,2.73,"{""d2c_conf_mode"": ""live"", ""d2c_k"": 8, ""d2c_rollout_p"": 0.05, ""d2c_sigma"": 10.0}"
d2cache,17,58,148,1,1,1,2.59,"{""d2c_conf_mode"": ""live"", ""d2c_k"": 8, ""d2c_rollout_p"": 0.05, ""d2c_sigma"": 10.0}"
d2cache,17,62,159,1,1,1,2.32,"{""d2c_conf_mode"": ""live"", ""d2c_k"": 8, ""d2c_rollout_p"": 0.05, ""d2c_sigma"": 10.0}"
d2cache,17,64,164,1,1,1,2.2,"{""d2c_conf_mode"": ""live"", ""d2c_k"": 8, ""d2c_rollout_p"": 0.05, ""d2c_sigma"": 10.0}"
d2cache,17,66,169,1,1,1,2.13,"{""d2c_conf_mode"": ""live"", ""d2c_k"": 8, ""d2c_rollout_p"": 0.05, ""d2c_sigma"": 10.0}"
d2cache,17,68,174,1,1,1,2.01,"{""d2c_conf_mode"": ""live"", ""d2c_k"": 8, ""d2c_rollout_p"": 0.05, ""d2c_sigma"": 10.0}"
d2cache,17,72,184,1,1,1,1.78,"{""d2c_conf_mode"": ""live"", ""d2c_k"": 8, ""d2c_rollout_p"": 0.05, ""d2c_sigma"": 10.0}"
d2cache,17,74,189,1,1,1,1.62,"{""d2c_conf_mode"": ""live"", ""d2c_k"": 8, ""d2c_rollout_p"": 0.05, ""d2c_sigma"": 10.0}"
d2cache,17,76,195,1,1,1,1.48,"{""d2c_conf_mode"": ""live"", ""d2c_k"": 8, ""d2c_rollout_p"": 0.05, ""d2c_sigma"": 10.0}"
d2cache,17,78,200,1,1,1,1.37,"{""d2c_conf_mode"": ""live"", ""d2c_k"": 8, ""d2c_rollout_p"": 0.05, ""d2c_sigma"": 10.0}"
d2cache,17,82,210,1,1,1,1.15,"{""d2c_conf_mode"": ""live"", ""d2c_k"": 8, ""d2c_rollout_p"": 0.05, ""d2c_sigma"": 10.0}"
d2cache,17,84,215,1,1,1,1.03,"{""d2c_conf_mode"": ""live"", ""d2c_k"": 8, ""d2c_rollout_p"": 0.05, ""d2c_sigma"": 10.0}"
d2cache,17,86,220,1,1,1,0.92,"{""d2c_conf_mode"": ""live"", ""d2c_k"": 8, ""d2c_rollout_p"": 0.05, ""d2c_sigma"": 10.0}"
d2cache,17,88,225,1,1,1,0.81,"{""d2c_conf_mode"": ""live"", ""d2c_k"": 8, ""d2c_rollout_p"": 0.05, ""d2c_sigma"": 10.0}"
d2cache,18,2,5,1,1,1,5.99,"{""d2c_conf_mode"": ""live"", ""d2c_k"": 8, ""d2c_rollout_p"": 0.05, ""d2c_sigma"": 10.0}"
d2cache,18,4,10,0,0,0,5.91,"{""d2c_conf_mode"": ""live"", ""d2c_k"": 8, ""d2c_rollout_p"": 0.05, ""d2c_sigma"": 10.0}"
d2cache,18,6,15,1,1,1,5.74,"{""d2c_conf_mode"": ""live"", ""d2c_k"": 8, ""d2c_rollout_p"": 0.05, ""d2c_sigma"": 10.0}"
d2cache,18,8,20,1,1,1,5.71,"{""d2c_conf_mode"": ""live"", ""d2c_k"": 8, ""d2c_rollout_p"": 0.05, ""d2c_sigma"": 10.0}"
d2cache,18,12,31,1,1,1,5.36,"{""d2c_conf_mode"": ""live"", ""d2c_k"": 8, ""d2c_rollout_p"": 0.05, ""d2c_sigma"": 10.0}"
d2cache,18,14,36,1,1,0,5.28,"{""d2c_conf_mode"": ""live"", ""d2c_k"": 8, ""d2c_rollout_p"": 0.05, ""d2c_sigma"": 10.0}"
d2cache,18,16,41,1,1,1,5.16,"{""d2c_conf_mode"": ""live"", ""d2c_k"": 8, ""d2c_rollout_p"": 0.05, ""d2c_sigma"": 10.0}"
d2cache,18,18,46,1,1,1,5.08,"{""d2c_conf_mode"": ""live"", ""d2c_k"": 8, ""d2c_rollout_p"": 0.05, ""d2c_sigma"": 10.0}"
d2cache,18,22,56,1,1,1,4.87,"{""d2c_conf_mode"": ""live"", ""d2c_k"": 8, ""d2c_rollout_p"": 0.05, ""d2c_sigma"": 10.0}"
d2cache,18,24,61,1,1,1,4.77,"{""d2c_conf_mode"": ""live"", ""d2c_k"": 8, ""d2c_rollout_p"": 0.05, ""d2c_sigma"": 10.0}"
d2cache,18,26,67,1,1,1,4.57,"{""d2c_conf_mode"": ""live"", ""d2c_k"": 8, ""d2c_rollout_p"": 0.05, ""d2c_sigma"": 10.0}"
d2cache,18,28,72,1,1,1,4.43,"{""d2c_conf_mode"": ""live"", ""d2c_k"": 8, ""d2c_rollout_p"": 0.05, ""d2c_sigma"": 10.0}"
d2cache,18,32,82,1,1,1,4.15,"{""d2c_conf_mode"": ""live"", ""d2c_k"": 8, ""d2c_rollout_p"": 0.05, ""d2c_sigma"": 10.0}"
d2cache,18,34,87,1,1,1,4.04,"{""d2c_conf_mode"": ""live"", ""d2c_k"": 8, ""d2c_rollout_p"": 0.05, ""d2c_sigma"": 10.0}"
d2cache,18,36,92,1,1,1,3.96,"{""d2c_conf_mode"": ""live"", ""d2c_k"": 8, ""d2c_rollout_p"": 0.05, ""d2c_sigma"": 10.0}"
d2cache,18,38,97,1,1,1,3.8,"{""d2c_conf_mode"": ""live"", ""d2c_k"": 8, ""d2c_rollout_p"": 0.05, ""d2c_sigma"": 10.0}"
d2cache,18,42,108,1,1,1,3.58,"{""d2c_conf_mode"": ""live"", ""d2c_k"": 8, ""d2c_rollout_p"": 0.05, ""d2c_sigma"": 10.0}"
d2cache,18,44,113,1,1,1,3.43,"{""d2c_conf_mode"": ""live"", ""d2c_k"": 8, ""d2c_rollout_p"": 0.05, ""d2c_sigma"": 10.0}"
d2cache,18,46,118,1,1,1,3.35,"{""d2c_conf_mode"": ""live"", ""d2c_k"": 8, ""d2c_rollout_p"": 0.05, ""d2c_sigma"": 10.0}"
d2cache,18,48,123,1,1,1,3.24,"{""d2c_conf_mode"": ""live"", ""d2c_k"": 8, ""d2c_rollout_p"": 0.05, ""d2c_sigma"": 10.0}"
d2cache,18,52,133,1,1,1,3.01,"{""d2c_conf_mode"": ""live"", ""d2c_k"": 8, ""d2c_rollout_p"": 0.05, ""d2c_sigma"": 10.0}"
d2cache,18,54,138,1,1,1,2.87,"{""d2c_conf_mode"": ""live"", ""d2c_k"": 8, ""d2c_rollout_p"": 0.05, ""d2c_sigma"": 10.0}"
d2cache,18,56,143,1,1,1,2.77,"{""d2c_conf_mode"": ""live"", ""d2c_k"": 8, ""d2c_rollout_p"": 0.05, ""d2c_sigma"": 10.0}"
d2cache,18,58,148,1,1,1,2.66,"{""d2c_conf_mode"": ""live"", ""d2c_k"": 8, ""d2c_rollout_p"": 0.05, ""d2c_sigma"": 10.0}"
d2cache,18,62,159,1,1,1,2.38,"{""d2c_conf_mode"": ""live"", ""d2c_k"": 8, ""d2c_rollout_p"": 0.05, ""d2c_sigma"": 10.0}"
d2cache,18,64,164,1,1,1,2.29,"{""d2c_conf_mode"": ""live"", ""d2c_k"": 8, ""d2c_rollout_p"": 0.05, ""d2c_sigma"": 10.0}"
d2cache,18,66,169,1,1,1,2.13,"{""d2c_conf_mode"": ""live"", ""d2c_k"": 8, ""d2c_rollout_p"": 0.05, ""d2c_sigma"": 10.0}"
d2cache,18,68,174,1,1,1,2.05,"{""d2c_conf_mode"": ""live"", ""d2c_k"": 8, ""d2c_rollout_p"": 0.05, ""d2c_sigma"": 10.0}"
d2cache,18,72,184,1,1,1,1.82,"{""d2c_conf_mode"": ""live"", ""d2c_k"": 8, ""d2c_rollout_p"": 0.05, ""d2c_sigma"": 10.0}"
d2cache,18,74,189,1,1,1,1.71,"{""d2c_conf_mode"": ""live"", ""d2c_k"": 8, ""d2c_rollout_p"": 0.05, ""d2c_sigma"": 10.0}"
d2cache,18,76,195,1,1,1,1.53,"{""d2c_conf_mode"": ""live"", ""d2c_k"": 8, ""d2c_rollout_p"": 0.05, ""d2c_sigma"": 10.0}"
d2cache,18,78,200,1,1,1,1.41,"{""d2c_conf_mode"": ""live"", ""d2c_k"": 8, ""d2c_rollout_p"": 0.05, ""d2c_sigma"": 10.0}"
d2cache,18,82,210,1,1,1,1.18,"{""d2c_conf_mode"": ""live"", ""d2c_k"": 8, ""d2c_rollout_p"": 0.05, ""d2c_sigma"": 10.0}"
d2cache,18,84,215,1,1,1,1.06,"{""d2c_conf_mode"": ""live"", ""d2c_k"": 8, ""d2c_rollout_p"": 0.05, ""d2c_sigma"": 10.0}"
d2cache,18,86,220,1,1,1,0.95,"{""d2c_conf_mode"": ""live"", ""d2c_k"": 8, ""d2c_rollout_p"": 0.05, ""d2c_sigma"": 10.0}"
d2cache,18,88,225,1,1,1,0.83,"{""d2c_conf_mode"": ""live"", ""d2c_k"": 8, ""d2c_rollout_p"": 0.05, ""d2c_sigma"": 10.0}"
d2cache,19,2,5,0,0,1,6.24,"{""d2c_conf_mode"": ""live"", ""d2c_k"": 8, ""d2c_rollout_p"": 0.05, ""d2c_sigma"": 10.0}"
d2cache,19,4,10,0,0,1,6.02,"{""d2c_conf_mode"": ""live"", ""d2c_k"": 8, ""d2c_rollout_p"": 0.05, ""d2c_sigma"": 10.0}"
d2cache,19,6,15,0,0,1,5.99,"{""d2c_conf_mode"": ""live"", ""d2c_k"": 8, ""d2c_rollout_p"": 0.05, ""d2c_sigma"": 10.0}"
d2cache,19,8,20,1,1,1,5.87,"{""d2c_conf_mode"": ""live"", ""d2c_k"": 8, ""d2c_rollout_p"": 0.05, ""d2c_sigma"": 10.0}"
d2cache,19,12,31,1,1,1,5.61,"{""d2c_conf_mode"": ""live"", ""d2c_k"": 8, ""d2c_rollout_p"": 0.05, ""d2c_sigma"": 10.0}"
d2cache,19,14,36,1,1,1,5.49,"{""d2c_conf_mode"": ""live"", ""d2c_k"": 8, ""d2c_rollout_p"": 0.05, ""d2c_sigma"": 10.0}"
d2cache,19,16,41,1,1,1,5.27,"{""d2c_conf_mode"": ""live"", ""d2c_k"": 8, ""d2c_rollout_p"": 0.05, ""d2c_sigma"": 10.0}"
d2cache,19,18,46,1,1,1,5.19,"{""d2c_conf_mode"": ""live"", ""d2c_k"": 8, ""d2c_rollout_p"": 0.05, ""d2c_sigma"": 10.0}"
d2cache,19,22,56,1,1,1,5.0,"{""d2c_conf_mode"": ""live"", ""d2c_k"": 8, ""d2c_rollout_p"": 0.05, ""d2c_sigma"": 10.0}"
d2cache,19,24,61,1,1,1,4.88,"{""d2c_conf_mode"": ""live"", ""d2c_k"": 8, ""d2c_rollout_p"": 0.05, ""d2c_sigma"": 10.0}"
d2cache,19,26,67,1,1,1,4.72,"{""d2c_conf_mode"": ""live"", ""d2c_k"": 8, ""d2c_rollout_p"": 0.05, ""d2c_sigma"": 10.0}"
d2cache,19,28,72,1,1,1,4.61,"{""d2c_conf_mode"": ""live"", ""d2c_k"": 8, ""d2c_rollout_p"": 0.05, ""d2c_sigma"": 10.0}"
d2cache,19,32,82,1,1,1,4.33,"{""d2c_conf_mode"": ""live"", ""d2c_k"": 8, ""d2c_rollout_p"": 0.05, ""d2c_sigma"": 10.0}"
d2cache,19,34,87,1,1,1,4.24,"{""d2c_conf_mode"": ""live"", ""d2c_k"": 8, ""d2c_rollout_p"": 0.05, ""d2c_sigma"": 10.0}"
d2cache,19,36,92,1,1,1,4.02,"{""d2c_conf_mode"": ""live"", ""d2c_k"": 8, ""d2c_rollout_p"": 0.05, ""d2c_sigma"": 10.0}"
d2cache,19,38,97,1,1,1,3.91,"{""d2c_conf_mode"": ""live"", ""d2c_k"": 8, ""d2c_rollout_p"": 0.05, ""d2c_sigma"": 10.0}"
d2cache,19,42,108,1,1,1,3.62,"{""d2c_conf_mode"": ""live"", ""d2c_k"": 8, ""d2c_rollout_p"": 0.05, ""d2c_sigma"": 10.0}"
d2cache,19,44,113,1,1,1,3.55,"{""d2c_conf_mode"": ""live"", ""d2c_k"": 8, ""d2c_rollout_p"": 0.05, ""d2c_sigma"": 10.0}"
d2cache,19,46,118,1,1,1,3.41,"{""d2c_conf_mode"": ""live"", ""d2c_k"": 8, ""d2c_rollout_p"": 0.05, ""d2c_sigma"": 10.0}"
d2cache,19,48,123,1,1,1,3.31,"{""d2c_conf_mode"": ""live"", ""d2c_k"": 8, ""d2c_rollout_p"": 0.05, ""d2c_sigma"": 10.0}"
d2cache,19,52,133,1,1,1,3.1,"{""d2c_conf_mode"": ""live"", ""d2c_k"": 8, ""d2c_rollout_p"": 0.05, ""d2c_sigma"": 10.0}"
d2cache,19,54,138,1,1,1,2.94,"{""d2c_conf_mode"": ""live"", ""d2c_k"": 8, ""d2c_rollout_p"": 0.05, ""d2c_sigma"": 10.0}"
d2cache,19,56,143,1,1,1,2.82,"{""d2c_conf_mode"": ""live"", ""d2c_k"": 8, ""d2c_rollout_p"": 0.05, ""d2c_sigma"": 10.0}"
d2cache,19,58,148,1,1,1,2.68,"{""d2c_conf_mode"": ""live"", ""d2c_k"": 8, ""d2c_rollout_p"": 0.05, ""d2c_sigma"": 10.0}"
d2cache,19,62,159,1,1,1,2.46,"{""d2c_conf_mode"": ""live"", ""d2c_k"": 8, ""d2c_rollout_p"": 0.05, ""d2c_sigma"": 10.0}"
d2cache,19,64,164,1,1,1,2.31,"{""d2c_conf_mode"": ""live"", ""d2c_k"": 8, ""d2c_rollout_p"": 0.05, ""d2c_sigma"": 10.0}"
d2cache,19,66,169,1,1,1,2.19,"{""d2c_conf_mode"": ""live"", ""d2c_k"": 8, ""d2c_rollout_p"": 0.05, ""d2c_sigma"": 10.0}"
d2cache,19,68,174,1,1,1,2.1,"{""d2c_conf_mode"": ""live"", ""d2c_k"": 8, ""d2c_rollout_p"": 0.05, ""d2c_sigma"": 10.0}"
d2cache,19,72,184,1,1,1,1.86,"{""d2c_conf_mode"": ""live"", ""d2c_k"": 8, ""d2c_rollout_p"": 0.05, ""d2c_sigma"": 10.0}"
d2cache,19,74,189,1,1,1,1.72,"{""d2c_conf_mode"": ""live"", ""d2c_k"": 8, ""d2c_rollout_p"": 0.05, ""d2c_sigma"": 10.0}"
d2cache,19,76,195,1,1,1,1.58,"{""d2c_conf_mode"": ""live"", ""d2c_k"": 8, ""d2c_rollout_p"": 0.05, ""d2c_sigma"": 10.0}"
d2cache,19,78,200,1,1,1,1.47,"{""d2c_conf_mode"": ""live"", ""d2c_k"": 8, ""d2c_rollout_p"": 0.05, ""d2c_sigma"": 10.0}"
d2cache,19,82,210,1,1,1,1.23,"{""d2c_conf_mode"": ""live"", ""d2c_k"": 8, ""d2c_rollout_p"": 0.05, ""d2c_sigma"": 10.0}"
d2cache,19,84,215,1,1,1,1.11,"{""d2c_conf_mode"": ""live"", ""d2c_k"": 8, ""d2c_rollout_p"": 0.05, ""d2c_sigma"": 10.0}"
d2cache,19,86,220,1,1,1,0.99,"{""d2c_conf_mode"": ""live"", ""d2c_k"": 8, ""d2c_rollout_p"": 0.05, ""d2c_sigma"": 10.0}"
d2cache,19,88,225,1,1,1,0.87,"{""d2c_conf_mode"": ""live"", ""d2c_k"": 8, ""d2c_rollout_p"": 0.05, ""d2c_sigma"": 10.0}"
d2cache,22,2,5,1,1,1,6.67,"{""d2c_conf_mode"": ""live"", ""d2c_k"": 8, ""d2c_rollout_p"": 0.05, ""d2c_sigma"": 10.0}"
d2cache,22,4,10,1,1,1,6.53,"{""d2c_conf_mode"": ""live"", ""d2c_k"": 8, ""d2c_rollout_p"": 0.05, ""d2c_sigma"": 10.0}"
d2cache,22,6,15,1,1,1,6.41,"{""d2c_conf_mode"": ""live"", ""d2c_k"": 8, ""d2c_rollout_p"": 0.05, ""d2c_sigma"": 10.0}"
d2cache,22,8,20,1,1,1,6.28,"{""d2c_conf_mode"": ""live"", ""d2c_k"": 8, ""d2c_rollout_p"": 0.05, ""d2c_sigma"": 10.0}"
d2cache,22,12,31,1,1,1,6.0,"{""d2c_conf_mode"": ""live"", ""d2c_k"": 8, ""d2c_rollout_p"": 0.05, ""d2c_sigma"": 10.0}"
d2cache,22,14,36,1,1,1,5.88,"{""d2c_conf_mode"": ""live"", ""d2c_k"": 8, ""d2c_rollout_p"": 0.05, ""d2c_sigma"": 10.0}"
d2cache,22,16,41,1,1,1,5.75,"{""d2c_conf_mode"": ""live"", ""d2c_k"": 8, ""d2c_rollout_p"": 0.05, ""d2c_sigma"": 10.0}"
d2cache,22,18,46,1,1,1,5.61,"{""d2c_conf_mode"": ""live"", ""d2c_k"": 8, ""d2c_rollout_p"": 0.05, ""d2c_sigma"": 10.0}"
d2cache,22,22,56,1,1,1,5.35,"{""d2c_conf_mode"": ""live"", ""d2c_k"": 8, ""d2c_rollout_p"": 0.05, ""d2c_sigma"": 10.0}"
d2cache,22,24,61,1,1,1,5.21,"{""d2c_conf_mode"": ""live"", ""d2c_k"": 8, ""d2c_rollout_p"": 0.05, ""d2c_sigma"": 10.0}"
d2cache,22,26,67,1,1,1,5.06,"{""d2c_conf_mode"": ""live"", ""d2c_k"": 8, ""d2c_rollout_p"": 0.05, ""d2c_sigma"": 10.0}"
d2cache,22,28,72,1,1,1,4.93,"{""d2c_conf_mode"": ""live"", ""d2c_k"": 8, ""d2c_rollout_p"": 0.05, ""d2c_sigma"": 10.0}"
d2cache,22,32,82,1,1,1,4.67,"{""d2c_conf_mode"": ""live"", ""d2c_k"": 8, ""d2c_rollout_p"": 0.05, ""d2c_sigma"": 10.0}"
d2cache,22,34,87,1,1,1,4.53,"{""d2c_conf_mode"": ""live"", ""d2c_k"": 8, ""d2c_rollout_p"": 0.05, ""d2c_sigma"": 10.0}"
d2cache,22,36,92,1,1,1,4.38,"{""d2c_conf_mode"": ""live"", ""d2c_k"": 8, ""d2c_rollout_p"": 0.05, ""d2c_sigma"": 10.0}"
d2cache,22,38,97,1,1,1,4.28,"{""d2c_conf_mode"": ""live"", ""d2c_k"": 8, ""d2c_rollout_p"": 0.05, ""d2c_sigma"": 10.0}"
d2cache,22,42,108,1,1,1,3.99,"{""d2c_conf_mode"": ""live"", ""d2c_k"": 8, ""d2c_rollout_p"": 0.05, ""d2c_sigma"": 10.0}"
d2cache,22,44,113,1,1,1,3.82,"{""d2c_conf_mode"": ""live"", ""d2c_k"": 8, ""d2c_rollout_p"": 0.05, ""d2c_sigma"": 10.0}"
d2cache,22,46,118,1,1,1,3.73,"{""d2c_conf_mode"": ""live"", ""d2c_k"": 8, ""d2c_rollout_p"": 0.05, ""d2c_sigma"": 10.0}"
d2cache,22,48,123,1,1,1,3.61,"{""d2c_conf_mode"": ""live"", ""d2c_k"": 8, ""d2c_rollout_p"": 0.05, ""d2c_sigma"": 10.0}"
d2cache,22,52,133,1,1,1,3.32,"{""d2c_conf_mode"": ""live"", ""d2c_k"": 8, ""d2c_rollout_p"": 0.05, ""d2c_sigma"": 10.0}"
d2cache,22,54,138,1,1,1,3.23,"{""d2c_conf_mode"": ""live"", ""d2c_k"": 8, ""d2c_rollout_p"": 0.05, ""d2c_sigma"": 10.0}"
d2cache,22,56,143,1,1,1,3.1,"{""d2c_conf_mode"": ""live"", ""d2c_k"": 8, ""d2c_rollout_p"": 0.05, ""d2c_sigma"": 10.0}"
d2cache,22,58,148,1,1,1,2.96,"{""d2c_conf_mode"": ""live"", ""d2c_k"": 8, ""d2c_rollout_p"": 0.05, ""d2c_sigma"": 10.0}"
d2cache,22,62,159,1,1,1,2.68,"{""d2c_conf_mode"": ""live"", ""d2c_k"": 8, ""d2c_rollout_p"": 0.05, ""d2c_sigma"": 10.0}"
d2cache,22,64,164,1,1,1,2.55,"{""d2c_conf_mode"": ""live"", ""d2c_k"": 8, ""d2c_rollout_p"": 0.05, ""d2c_sigma"": 10.0}"
d2cache,22,66,169,1,1,1,2.42,"{""d2c_conf_mode"": ""live"", ""d2c_k"": 8, ""d2c_rollout_p"": 0.05, ""d2c_sigma"": 10.0}"
d2cache,22,68,174,1,1,1,2.29,"{""d2c_conf_mode"": ""live"", ""d2c_k"": 8, ""d2c_rollout_p"": 0.05, ""d2c_sigma"": 10.0}"
d2cache,22,72,184,1,1,1,2.04,"{""d2c_conf_mode"": ""live"", ""d2c_k"": 8, ""d2c_rollout_p"": 0.05, ""d2c_sigma"": 10.0}"
d2cache,22,74,189,1,1,1,1.9,"{""d2c_conf_mode"": ""live"", ""d2c_k"": 8, ""d2c_rollout_p"": 0.05, ""d2c_sigma"": 10.0}"
d2cache,22,76,195,1,1,1,1.75,"{""d2c_conf_mode"": ""live"", ""d2c_k"": 8, ""d2c_rollout_p"": 0.05, ""d2c_sigma"": 10.0}"
d2cache,22,78,200,1,1,1,1.62,"{""d2c_conf_mode"": ""live"", ""d2c_k"": 8, ""d2c_rollout_p"": 0.05, ""d2c_sigma"": 10.0}"
d2cache,22,82,210,1,1,1,1.36,"{""d2c_conf_mode"": ""live"", ""d2c_k"": 8, ""d2c_rollout_p"": 0.05, ""d2c_sigma"": 10.0}"
d2cache,22,84,215,1,1,1,1.23,"{""d2c_conf_mode"": ""live"", ""d2c_k"": 8, ""d2c_rollout_p"": 0.05, ""d2c_sigma"": 10.0}"
d2cache,22,86,220,1,1,1,1.1,"{""d2c_conf_mode"": ""live"", ""d2c_k"": 8, ""d2c_rollout_p"": 0.05, ""d2c_sigma"": 10.0}"
d2cache,22,88,225,1,1,1,0.97,"{""d2c_conf_mode"": ""live"", ""d2c_k"": 8, ""d2c_rollout_p"": 0.05, ""d2c_sigma"": 10.0}"
d2cache,23,2,5,1,1,1,6.29,"{""d2c_conf_mode"": ""live"", ""d2c_k"": 8, ""d2c_rollout_p"": 0.05, ""d2c_sigma"": 10.0}"
d2cache,23,4,10,1,1,1,6.17,"{""d2c_conf_mode"": ""live"", ""d2c_k"": 8, ""d2c_rollout_p"": 0.05, ""d2c_sigma"": 10.0}"
d2cache,23,6,15,1,1,1,6.05,"{""d2c_conf_mode"": ""live"", ""d2c_k"": 8, ""d2c_rollout_p"": 0.05, ""d2c_sigma"": 10.0}"
d2cache,23,8,20,1,1,1,5.93,"{""d2c_conf_mode"": ""live"", ""d2c_k"": 8, ""d2c_rollout_p"": 0.05, ""d2c_sigma"": 10.0}"
d2cache,23,12,31,1,1,1,5.67,"{""d2c_conf_mode"": ""live"", ""d2c_k"": 8, ""d2c_rollout_p"": 0.05, ""d2c_sigma"": 10.0}"
d2cache,23,14,36,1,1,1,5.54,"{""d2c_conf_mode"": ""live"", ""d2c_k"": 8, ""d2c_rollout_p"": 0.05, ""d2c_sigma"": 10.0}"
d2cache,23,16,41,1,1,1,5.43,"{""d2c_conf_mode"": ""live"", ""d2c_k"": 8, ""d2c_rollout_p"": 0.05, ""d2c_sigma"": 10.0}"
d2cache,23,18,46,1,1,1,5.3,"{""d2c_conf_mode"": ""live"", ""d2c_k"": 8, ""d2c_rollout_p"": 0.05, ""d2c_sigma"": 10.0}"
d2cache,23,22,56,1,1,1,5.05,"{""d2c_conf_mode"": ""live"", ""d2c_k"": 8, ""d2c_rollout_p"": 0.05, ""d2c_sigma"": 10.0}"
d2cache,23,24,61,1,1,1,4.94,"{""d2c_conf_mode"": ""live"", ""d2c_k"": 8, ""d2c_rollout_p"": 0.05, ""d2c_sigma"": 10.0}"
d2cache,23,26,67,1,1,1,4.78,"{""d2c_conf_mode"": ""live"", ""d2c_k"": 8, ""d2c_rollout_p"": 0.05, ""d2c_sigma"": 10.0}"
d2cache,23,28,72,1,1,1,4.66,"{""d2c_conf_mode"": ""live"", ""d2c_k"": 8, ""d2c_rollout_p"": 0.05, ""d2c_sigma"": 10.0}"
d2cache,23,32,82,1,1,1,4.41,"{""d2c_conf_mode"": ""live"", ""d2c_k"": 8, ""d2c_rollout_p"": 0.05, ""d2c_sigma"": 10.0}"
d2cache,23,34,87,1,1,1,4.29,"{""d2c_conf_mode"": ""live"", ""d2c_k"": 8, ""d2c_rollout_p"": 0.05, ""d2c_sigma"": 10.0}"
d2cache,23,36,92,1,1,1,4.16,"{""d2c_conf_mode"": ""live"", ""d2c_k"": 8, ""d2c_rollout_p"": 0.05, ""d2c_sigma"": 10.0}"
d2cache,23,38,97,1,1,1,4.04,"{""d2c_conf_mode"": ""live"", ""d2c_k"": 8, ""d2c_rollout_p"": 0.05, ""d2c_sigma"": 10.0}"
d2cache,23,42,108,1,1,1,3.77,"{""d2c_conf_mode"": ""live"", ""d2c_k"": 8, ""d2c_rollout_p"": 0.05, ""d2c_sigma"": 10.0}"
d2cache,23,44,113,1,1,1,3.65,"{""d2c_conf_mode"": ""live"", ""d2c_k"": 8, ""d2c_rollout_p"": 0.05, ""d2c_sigma"": 10.0}"
d2cache,23,46,118,1,1,1,3.52,"{""d2c_conf_mode"": ""live"", ""d2c_k"": 8, ""d2c_rollout_p"": 0.05, ""d2c_sigma"": 10.0}"
d2cache,23,48,123,1,1,1,3.41,"{""d2c_conf_mode"": ""live"", ""d2c_k"": 8, ""d2c_rollout_p"": 0.05, ""d2c_sigma"": 10.0}"
d2cache,23,52,133,1,1,1,3.16,"{""d2c_conf_mode"": ""live"", ""d2c_k"": 8, ""d2c_rollout_p"": 0.05, ""d2c_sigma"": 10.0}"
d2cache,23,54,138,1,1,1,3.04,"{""d2c_conf_mode"": ""live"", ""d2c_k"": 8, ""d2c_rollout_p"": 0.05, ""d2c_sigma"": 10.0}"
d2cache,23,56,143,1,1,1,2.92,"{""d2c_conf_mode"": ""live"", ""d2c_k"": 8, ""d2c_rollout_p"": 0.05, ""d2c_sigma"": 10.0}"
d2cache,23,58,148,1,1,1,2.79,"{""d2c_conf_mode"": ""live"", ""d2c_k"": 8, ""d2c_rollout_p"": 0.05, ""d2c_sigma"": 10.0}"
d2cache,23,62,159,1,1,1,2.52,"{""d2c_conf_mode"": ""live"", ""d2c_k"": 8, ""d2c_rollout_p"": 0.05, ""d2c_sigma"": 10.0}"
d2cache,23,64,164,1,1,1,2.4,"{""d2c_conf_mode"": ""live"", ""d2c_k"": 8, ""d2c_rollout_p"": 0.05, ""d2c_sigma"": 10.0}"
d2cache,23,66,169,1,1,1,2.27,"{""d2c_conf_mode"": ""live"", ""d2c_k"": 8, ""d2c_rollout_p"": 0.05, ""d2c_sigma"": 10.0}"
d2cache,23,68,174,1,1,1,2.15,"{""d2c_conf_mode"": ""live"", ""d2c_k"": 8, ""d2c_rollout_p"": 0.05, ""d2c_sigma"": 10.0}"
d2cache,23,72,184,1,1,1,1.9,"{""d2c_conf_mode"": ""live"", ""d2c_k"": 8, ""d2c_rollout_p"": 0.05, ""d2c_sigma"": 10.0}"
d2cache,23,74,189,1,1,1,1.78,"{""d2c_conf_mode"": ""live"", ""d2c_k"": 8, ""d2c_rollout_p"": 0.05, ""d2c_sigma"": 10.0}"
d2cache,23,76,195,1,1,1,1.63,"{""d2c_conf_mode"": ""live"", ""d2c_k"": 8, ""d2c_rollout_p"": 0.05, ""d2c_sigma"": 10.0}"
d2cache,23,78,200,1,1,1,1.51,"{""d2c_conf_mode"": ""live"", ""d2c_k"": 8, ""d2c_rollout_p"": 0.05, ""d2c_sigma"": 10.0}"
d2cache,23,82,210,1,1,1,1.26,"{""d2c_conf_mode"": ""live"", ""d2c_k"": 8, ""d2c_rollout_p"": 0.05, ""d2c_sigma"": 10.0}"
d2cache,23,84,215,1,1,1,1.14,"{""d2c_conf_mode"": ""live"", ""d2c_k"": 8, ""d2c_rollout_p"": 0.05, ""d2c_sigma"": 10.0}"
d2cache,23,86,220,1,1,1,1.01,"{""d2c_conf_mode"": ""live"", ""d2c_k"": 8, ""d2c_rollout_p"": 0.05, ""d2c_sigma"": 10.0}"
d2cache,23,88,225,1,1,1,0.89,"{""d2c_conf_mode"": ""live"", ""d2c_k"": 8, ""d2c_rollout_p"": 0.05, ""d2c_sigma"": 10.0}"
d2cache,24,2,5,1,1,1,6.57,"{""d2c_conf_mode"": ""live"", ""d2c_k"": 8, ""d2c_rollout_p"": 0.05, ""d2c_sigma"": 10.0}"
d2cache,24,4,10,1,1,1,6.43,"{""d2c_conf_mode"": ""live"", ""d2c_k"": 8, ""d2c_rollout_p"": 0.05, ""d2c_sigma"": 10.0}"
d2cache,24,6,15,1,1,1,6.31,"{""d2c_conf_mode"": ""live"", ""d2c_k"": 8, ""d2c_rollout_p"": 0.05, ""d2c_sigma"": 10.0}"
d2cache,24,8,20,1,1,1,6.18,"{""d2c_conf_mode"": ""live"", ""d2c_k"": 8, ""d2c_rollout_p"": 0.05, ""d2c_sigma"": 10.0}"
d2cache,24,12,31,1,1,1,5.9,"{""d2c_conf_mode"": ""live"", ""d2c_k"": 8, ""d2c_rollout_p"": 0.05, ""d2c_sigma"": 10.0}"
d2cache,24,14,36,1,1,1,5.77,"{""d2c_conf_mode"": ""live"", ""d2c_k"": 8, ""d2c_rollout_p"": 0.05, ""d2c_sigma"": 10.0}"
d2cache,24,16,41,1,1,1,5.64,"{""d2c_conf_mode"": ""live"", ""d2c_k"": 8, ""d2c_rollout_p"": 0.05, ""d2c_sigma"": 10.0}"
d2cache,24,18,46,1,1,1,5.51,"{""d2c_conf_mode"": ""live"", ""d2c_k"": 8, ""d2c_rollout_p"": 0.05, ""d2c_sigma"": 10.0}"
d2cache,24,22,56,1,1,1,5.26,"{""d2c_conf_mode"": ""live"", ""d2c_k"": 8, ""d2c_rollout_p"": 0.05, ""d2c_sigma"": 10.0}"
d2cache,24,24,61,1,1,1,5.12,"{""d2c_conf_mode"": ""live"", ""d2c_k"": 8, ""d2c_rollout_p"": 0.05, ""d2c_sigma"": 10.0}"
d2cache,24,26,67,1,1,1,4.97,"{""d2c_conf_mode"": ""live"", ""d2c_k"": 8, ""d2c_rollout_p"": 0.05, ""d2c_sigma"": 10.0}"
d2cache,24,28,72,1,1,1,4.85,"{""d2c_conf_mode"": ""live"", ""d2c_k"": 8, ""d2c_rollout_p"": 0.05, ""d2c_sigma"": 10.0}"
d2cache,24,32,82,1,1,1,4.59,"{""d2c_conf_mode"": ""live"", ""d2c_k"": 8, ""d2c_rollout_p"": 0.05, ""d2c_sigma"": 10.0}"
d2cache,24,34,87,1,1,1,4.46,"{""d2c_conf_mode"": ""live"", ""d2c_k"": 8, ""d2c_rollout_p"": 0.05, ""d2c_sigma"": 10.0}"
d2cache,24,36,92,1,1,1,4.34,"{""d2c_conf_mode"": ""live"", ""d2c_k"": 8, ""d2c_rollout_p"": 0.05, ""d2c_sigma"": 10.0}"
d2cache,24,38,97,1,1,1,4.21,"{""d2c_conf_mode"": ""live"", ""d2c_k"": 8, ""d2c_rollout_p"": 0.05, ""d2c_sigma"": 10.0}"
d2cache,24,42,108,1,1,1,3.93,"{""d2c_conf_mode"": ""live"", ""d2c_k"": 8, ""d2c_rollout_p"": 0.05, ""d2c_sigma"": 10.0}"
d2cache,24,44,113,1,1,1,3.8,"{""d2c_conf_mode"": ""live"", ""d2c_k"": 8, ""d2c_rollout_p"": 0.05, ""d2c_sigma"": 10.0}"
d2cache,24,46,118,1,1,1,3.68,"{""d2c_conf_mode"": ""live"", ""d2c_k"": 8, ""d2c_rollout_p"": 0.05, ""d2c_sigma"": 10.0}"
d2cache,24,48,123,1,1,1,3.55,"{""d2c_conf_mode"": ""live"", ""d2c_k"": 8, ""d2c_rollout_p"": 0.05, ""d2c_sigma"": 10.0}"
d2cache,24,52,133,1,1,1,3.29,"{""d2c_conf_mode"": ""live"", ""d2c_k"": 8, ""d2c_rollout_p"": 0.05, ""d2c_sigma"": 10.0}"
d2cache,24,54,138,1,1,1,3.16,"{""d2c_conf_mode"": ""live"", ""d2c_k"": 8, ""d2c_rollout_p"": 0.05, ""d2c_sigma"": 10.0}"
d2cache,24,56,143,1,1,1,3.03,"{""d2c_conf_mode"": ""live"", ""d2c_k"": 8, ""d2c_rollout_p"": 0.05, ""d2c_sigma"": 10.0}"
d2cache,24,58,148,1,1,1,2.91,"{""d2c_conf_mode"": ""live"", ""d2c_k"": 8, ""d2c_rollout_p"": 0.05, ""d2c_sigma"": 10.0}"
d2cache,24,62,159,1,1,1,2.63,"{""d2c_conf_mode"": ""live"", ""d2c_k"": 8, ""d2c_rollout_p"": 0.05, ""d2c_sigma"": 10.0}"
d2cache,24,64,164,1,1,1,2.5,"{""d2c_conf_mode"": ""live"", ""d2c_k"": 8, ""d2c_rollout_p"": 0.05, ""d2c_sigma"": 10.0}"
d2cache,24,66,169,1,1,1,2.37,"{""d2c_conf_mode"": ""live"", ""d2c_k"": 8, ""d2c_rollout_p"": 0.05, ""d2c_sigma"": 10.0}"
d2cache,24,68,174,1,1,1,2.24,"{""d2c_conf_mode"": ""live"", ""d2c_k"": 8, ""d2c_rollout_p"": 0.05, ""d2c_sigma"": 10.0}"
d2cache,24,72,184,1,1,1,1.99,"{""d2c_conf_mode"": ""live"", ""d2c_k"": 8, ""d2c_rollout_p"": 0.05, ""d2c_sigma"": 10.0}"
d2cache,24,74,189,1,1,1,1.86,"{""d2c_conf_mode"": ""live"", ""d2c_k"": 8, ""d2c_rollout_p"": 0.05, ""d2c_sigma"": 10.0}"
d2cache,24,76,195,1,1,1,1.71,"{""d2c_conf_mode"": ""live"", ""d2c_k"": 8, ""d2c_rollout_p"": 0.05, ""d2c_sigma"": 10.0}"
d2cache,24,78,200,1,1,1,1.58,"{""d2c_conf_mode"": ""live"", ""d2c_k"": 8, ""d2c_rollout_p"": 0.05, ""d2c_sigma"": 10.0}"
d2cache,24,82,210,1,1,1,1.32,"{""d2c_conf_mode"": ""live"", ""d2c_k"": 8, ""d2c_rollout_p"": 0.05, ""d2c_sigma"": 10.0}"
d2cache,24,84,215,1,1,1,1.2,"{""d2c_conf_mode"": ""live"", ""d2c_k"": 8, ""d2c_rollout_p"": 0.05, ""d2c_sigma"": 10.0}"
d2cache,24,86,220,1,1,1,1.07,"{""d2c_conf_mode"": ""live"", ""d2c_k"": 8, ""d2c_rollout_p"": 0.05, ""d2c_sigma"": 10.0}"
d2cache,24,88,225,1,1,1,0.94,"{""d2c_conf_mode"": ""live"", ""d2c_k"": 8, ""d2c_rollout_p"": 0.05, ""d2c_sigma"": 10.0}"
d2cache,25,2,5,1,1,1,6.52,"{""d2c_conf_mode"": ""live"", ""d2c_k"": 8, ""d2c_rollout_p"": 0.05, ""d2c_sigma"": 10.0}"
d2cache,25,4,10,1,1,1,6.41,"{""d2c_conf_mode"": ""live"", ""d2c_k"": 8, ""d2c_rollout_p"": 0.05, ""d2c_sigma"": 10.0}"
d2cache,25,6,15,1,1,1,6.29,"{""d2c_conf_mode"": ""live"", ""d2c_k"": 8, ""d2c_rollout_p"": 0.05, ""d2c_sigma"": 10.0}"
d2cache,25,8,20,1,1,1,6.16,"{""d2c_conf_mode"": ""live"", ""d2c_k"": 8, ""d2c_rollout_p"": 0.05, ""d2c_sigma"": 10.0}"
d2cache,25,12,31,1,1,1,5.88,"{""d2c_conf_mode"": ""live"", ""d2c_k"": 8, ""d2c_rollout_p"": 0.05, ""d2c_sigma"": 10.0}"
d2cache,25,14,36,1,1,1,5.75,"{""d2c_conf_mode"": ""live"", ""d2c_k"": 8, ""d2c_rollout_p"": 0.05, ""d2c_sigma"": 10.0}"
d2cache,25,16,41,1,1,1,5.62,"{""d2c_conf_mode"": ""live"", ""d2c_k"": 8, ""d2c_rollout_p"": 0.05, ""d2c_sigma"": 10.0}"
d2cache,25,18,46,1,1,1,5.49,"{""d2c_conf_mode"": ""live"", ""d2c_k"": 8, ""d2c_rollout_p"": 0.05, ""d2c_sigma"": 10.0}"
d2cache,25,22,56,1,1,1,5.24,"{""d2c_conf_mode"": ""live"", ""d2c_k"": 8, ""d2c_rollout_p"": 0.05, ""d2c_sigma"": 10.0}"
d2cache,25,24,61,1,1,1,5.11,"{""d2c_conf_mode"": ""live"", ""d2c_k"": 8, ""d2c_rollout_p"": 0.05, ""d2c_sigma"": 10.0}"
d2cache,25,26,67,1,1,1,4.96,"{""d2c_conf_mode"": ""live"", ""d2c_k"": 8, ""d2c_rollout_p"": 0.05, ""d2c_sigma"": 10.0}"
d2cache,25,28,72,1,1,1,4.83,"{""d2c_conf_mode"": ""live"", ""d2c_k"": 8, ""d2c_rollout_p"": 0.05, ""d2c_sigma"": 10.0}"
d2cache,25,32,82,1,1,1,4.58,"{""d2c_conf_mode"": ""live"", ""d2c_k"": 8, ""d2c_rollout_p"": 0.05, ""d2c_sigma"": 10.0}"
d2cache,25,34,87,1,1,1,4.45,"{""d2c_conf_mode"": ""live"", ""d2c_k"": 8, ""d2c_rollout_p"": 0.05, ""d2c_sigma"": 10.0}"
d2cache,25,36,92,1,1,1,4.32,"{""d2c_conf_mode"": ""live"", ""d2c_k"": 8, ""d2c_rollout_p"": 0.05, ""d2c_sigma"": 10.0}"
d2cache,25,38,97,1,1,1,4.19,"{""d2c_conf_mode"": ""live"", ""d2c_k"": 8, ""d2c_rollout_p"": 0.05, ""d2c_sigma"": 10.0}"
d2cache,25,42,108,1,1,1,3.91,"{""d2c_conf_mode"": ""live"", ""d2c_k"": 8, ""d2c_rollout_p"": 0.05, ""d2c_sigma"": 10.0}"
d2cache,25,44,113,1,1,1,3.79,"{""d2c_conf_mode"": ""live"", ""d2c_k"": 8, ""d2c_rollout_p"": 0.05, ""d2c_sigma"": 10.0}"
d2cache,25,46,118,1,1,1,3.65,"{""d2c_conf_mode"": ""live"", ""d2c_k"": 8, ""d2c_rollout_p"": 0.05, ""d2c_sigma"": 10.0}"
d2cache,25,48,123,1,1,1,3.52,"{""d2c_conf_mode"": ""live"", ""d2c_k"": 8, ""d2c_rollout_p"": 0.05, ""d2c_sigma"": 10.0}"
d2cache,25,52,133,1,1,1,3.28,"{""d2c_conf_mode"": ""live"", ""d2c_k"": 8, ""d2c_rollout_p"": 0.05, ""d2c_sigma"": 10.0}"
d2cache,25,54,138,1,1,1,3.14,"{""d2c_conf_mode"": ""live"", ""d2c_k"": 8, ""d2c_rollout_p"": 0.05, ""d2c_sigma"": 10.0}"
d2cache,25,56,143,1,1,1,3.02,"{""d2c_conf_mode"": ""live"", ""d2c_k"": 8, ""d2c_rollout_p"": 0.05, ""d2c_sigma"": 10.0}"
d2cache,25,58,148,1,1,1,2.89,"{""d2c_conf_mode"": ""live"", ""d2c_k"": 8, ""d2c_rollout_p"": 0.05, ""d2c_sigma"": 10.0}"
d2cache,25,62,159,1,1,1,2.61,"{""d2c_conf_mode"": ""live"", ""d2c_k"": 8, ""d2c_rollout_p"": 0.05, ""d2c_sigma"": 10.0}"
d2cache,25,64,164,1,1,1,2.48,"{""d2c_conf_mode"": ""live"", ""d2c_k"": 8, ""d2c_rollout_p"": 0.05, ""d2c_sigma"": 10.0}"
d2cache,25,66,169,1,1,1,2.35,"{""d2c_conf_mode"": ""live"", ""d2c_k"": 8, ""d2c_rollout_p"": 0.05, ""d2c_sigma"": 10.0}"
d2cache,25,68,174,1,1,1,2.2,"{""d2c_conf_mode"": ""live"", ""d2c_k"": 8, ""d2c_rollout_p"": 0.05, ""d2c_sigma"": 10.0}"
d2cache,25,72,184,1,1,1,1.94,"{""d2c_conf_mode"": ""live"", ""d2c_k"": 8, ""d2c_rollout_p"": 0.05, ""d2c_sigma"": 10.0}"
d2cache,25,74,189,1,1,1,1.83,"{""d2c_conf_mode"": ""live"", ""d2c_k"": 8, ""d2c_rollout_p"": 0.05, ""d2c_sigma"": 10.0}"
d2cache,25,76,195,1,1,1,1.66,"{""d2c_conf_mode"": ""live"", ""d2c_k"": 8, ""d2c_rollout_p"": 0.05, ""d2c_sigma"": 10.0}"
d2cache,25,78,200,1,1,1,1.53,"{""d2c_conf_mode"": ""live"", ""d2c_k"": 8, ""d2c_rollout_p"": 0.05, ""d2c_sigma"": 10.0}"
d2cache,25,82,210,1,1,1,1.29,"{""d2c_conf_mode"": ""live"", ""d2c_k"": 8, ""d2c_rollout_p"": 0.05, ""d2c_sigma"": 10.0}"
d2cache,25,84,215,1,1,1,1.17,"{""d2c_conf_mode"": ""live"", ""d2c_k"": 8, ""d2c_rollout_p"": 0.05, ""d2c_sigma"": 10.0}"
d2cache,25,86,220,1,1,1,1.06,"{""d2c_conf_mode"": ""live"", ""d2c_k"": 8, ""d2c_rollout_p"": 0.05, ""d2c_sigma"": 10.0}"
d2cache,25,88,225,1,1,1,0.93,"{""d2c_conf_mode"": ""live"", ""d2c_k"": 8, ""d2c_rollout_p"": 0.05, ""d2c_sigma"": 10.0}"
d2cache,26,2,5,0,0,1,6.36,"{""d2c_conf_mode"": ""live"", ""d2c_k"": 8, ""d2c_rollout_p"": 0.05, ""d2c_sigma"": 10.0}"
d2cache,26,4,10,0,0,1,6.23,"{""d2c_conf_mode"": ""live"", ""d2c_k"": 8, ""d2c_rollout_p"": 0.05, ""d2c_sigma"": 10.0}"
d2cache,26,6,15,0,1,0,6.11,"{""d2c_conf_mode"": ""live"", ""d2c_k"": 8, ""d2c_rollout_p"": 0.05, ""d2c_sigma"": 10.0}"
d2cache,26,8,20,0,0,1,5.98,"{""d2c_conf_mode"": ""live"", ""d2c_k"": 8, ""d2c_rollout_p"": 0.05, ""d2c_sigma"": 10.0}"
d2cache,26,12,31,1,1,1,5.72,"{""d2c_conf_mode"": ""live"", ""d2c_k"": 8, ""d2c_rollout_p"": 0.05, ""d2c_sigma"": 10.0}"
d2cache,26,14,36,1,1,1,5.59,"{""d2c_conf_mode"": ""live"", ""d2c_k"": 8, ""d2c_rollout_p"": 0.05, ""d2c_sigma"": 10.0}"
d2cache,26,16,41,0,1,0,5.47,"{""d2c_conf_mode"": ""live"", ""d2c_k"": 8, ""d2c_rollout_p"": 0.05, ""d2c_sigma"": 10.0}"
d2cache,26,18,46,0,1,0,5.34,"{""d2c_conf_mode"": ""live"", ""d2c_k"": 8, ""d2c_rollout_p"": 0.05, ""d2c_sigma"": 10.0}"
d2cache,26,22,56,0,1,0,5.07,"{""d2c_conf_mode"": ""live"", ""d2c_k"": 8, ""d2c_rollout_p"": 0.05, ""d2c_sigma"": 10.0}"
d2cache,26,24,61,0,0,1,4.93,"{""d2c_conf_mode"": ""live"", ""d2c_k"": 8, ""d2c_rollout_p"": 0.05, ""d2c_sigma"": 10.0}"
d2cache,26,26,67,0,0,1,4.82,"{""d2c_conf_mode"": ""live"", ""d2c_k"": 8, ""d2c_rollout_p"": 0.05, ""d2c_sigma"": 10.0}"
d2cache,26,28,72,1,1,1,4.7,"{""d2c_conf_mode"": ""live"", ""d2c_k"": 8, ""d2c_rollout_p"": 0.05, ""d2c_sigma"": 10.0}"
d2cache,26,32,82,0,1,0,4.45,"{""d2c_conf_mode"": ""live"", ""d2c_k"": 8, ""d2c_rollout_p"": 0.05, ""d2c_sigma"": 10.0}"
d2cache,26,34,87,1,1,1,4.32,"{""d2c_conf_mode"": ""live"", ""d2c_k"": 8, ""d2c_rollout_p"": 0.05, ""d2c_sigma"": 10.0}"
d2cache,26,36,92,1,1,1,4.2,"{""d2c_conf_mode"": ""live"", ""d2c_k"": 8, ""d2c_rollout_p"": 0.05, ""d2c_sigma"": 10.0}"
d2cache,26,38,97,0,1,0,4.07,"{""d2c_conf_mode"": ""live"", ""d2c_k"": 8, ""d2c_rollout_p"": 0.05, ""d2c_sigma"": 10.0}"
d2cache,26,42,108,0,1,0,3.8,"{""d2c_conf_mode"": ""live"", ""d2c_k"": 8, ""d2c_rollout_p"": 0.05, ""d2c_sigma"": 10.0}"
d2cache,26,44,113,1,1,1,3.68,"{""d2c_conf_mode"": ""live"", ""d2c_k"": 8, ""d2c_rollout_p"": 0.05, ""d2c_sigma"": 10.0}"
d2cache,26,46,118,1,1,1,3.55,"{""d2c_conf_mode"": ""live"", ""d2c_k"": 8, ""d2c_rollout_p"": 0.05, ""d2c_sigma"": 10.0}"
d2cache,26,48,123,1,1,1,3.43,"{""d2c_conf_mode"": ""live"", ""d2c_k"": 8, ""d2c_rollout_p"": 0.05, ""d2c_sigma"": 10.0}"
d2cache,26,52,133,1,1,1,3.18,"{""d2c_conf_mode"": ""live"", ""d2c_k"": 8, ""d2c_rollout_p"": 0.05, ""d2c_sigma"": 10.0}"
d2cache,26,54,138,1,1,0,3.05,"{""d2c_conf_mode"": ""live"", ""d2c_k"": 8, ""d2c_rollout_p"": 0.05, ""d2c_sigma"": 10.0}"
d2cache,26,56,143,1,1,1,2.9,"{""d2c_conf_mode"": ""live"", ""d2c_k"": 8, ""d2c_rollout_p"": 0.05, ""d2c_sigma"": 10.0}"
d2cache,26,58,148,1,1,0,2.8,"{""d2c_conf_mode"": ""live"", ""d2c_k"": 8, ""d2c_rollout_p"": 0.05, ""d2c_sigma"": 10.0}"
d2cache,26,62,159,1,1,1,2.51,"{""d2c_conf_mode"": ""live"", ""d2c_k"": 8, ""d2c_rollout_p"": 0.05, ""d2c_sigma"": 10.0}"
d2cache,26,64,164,1,1,1,2.4,"{""d2c_conf_mode"": ""live"", ""d2c_k"": 8, ""d2c_rollout_p"": 0.05, ""d2c_sigma"": 10.0}"
d2cache,26,66,169,1,1,1,2.28,"{""d2c_conf_mode"": ""live"", ""d2c_k"": 8, ""d2c_rollout_p"": 0.05, ""d2c_sigma"": 10.0}"
d2cache,26,68,174,1,1,1,2.16,"{""d2c_conf_mode"": ""live"", ""d2c_k"": 8, ""d2c_rollout_p"": 0.05, ""d2c_sigma"": 10.0}"
d2cache,26,72,184,1,1,1,1.91,"{""d2c_conf_mode"": ""live"", ""d2c_k"": 8, ""d2c_rollout_p"": 0.05, ""d2c_sigma"": 10.0}"
d2cache,26,74,189,1,1,1,1.78,"{""d2c_conf_mode"": ""live"", ""d2c_k"": 8, ""d2c_rollout_p"": 0.05, ""d2c_sigma"": 10.0}"
d2cache,26,76,195,1,1,1,1.63,"{""d2c_conf_mode"": ""live"", ""d2c_k"": 8, ""d2c_rollout_p"": 0.05, ""d2c_sigma"": 10.0}"
d2cache,26,78,200,1,1,1,1.51,"{""d2c_conf_mode"": ""live"", ""d2c_k"": 8, ""d2c_rollout_p"": 0.05, ""d2c_sigma"": 10.0}"
d2cache,26,82,210,1,1,1,1.27,"{""d2c_conf_mode"": ""live"", ""d2c_k"": 8, ""d2c_rollout_p"": 0.05, ""d2c_sigma"": 10.0}"
d2cache,26,84,215,1,1,1,1.12,"{""d2c_conf_mode"": ""live"", ""d2c_k"": 8, ""d2c_rollout_p"": 0.05, ""d2c_sigma"": 10.0}"
d2cache,26,86,220,1,1,1,1.0,"{""d2c_conf_mode"": ""live"", ""d2c_k"": 8, ""d2c_rollout_p"": 0.05, ""d2c_sigma"": 10.0}"
d2cache,26,88,225,1,1,1,0.89,"{""d2c_conf_mode"": ""live"", ""d2c_k"": 8, ""d2c_rollout_p"": 0.05, ""d2c_sigma"": 10.0}"
d2cache,27,2,5,1,1,1,5.82,"{""d2c_conf_mode"": ""live"", ""d2c_k"": 8, ""d2c_rollout_p"": 0.05, ""d2c_sigma"": 10.0}"
d2cache,27,4,10,1,1,1,5.69,"{""d2c_conf_mode"": ""live"", ""d2c_k"": 8, ""d2c_rollout_p"": 0.05, ""d2c_sigma"": 10.0}"
d2cache,27,6,15,1,1,0,5.52,"{""d2c_conf_mode"": ""live"", ""d2c_k"": 8, ""d2c_rollout_p"": 0.05, ""d2c_sigma"": 10.0}"
d2cache,27,8,20,1,1,1,5.44,"{""d2c_conf_mode"": ""live"", ""d2c_k"": 8, ""d2c_rollout_p"": 0.05, ""d2c_sigma"": 10.0}"
d2cache,27,12,31,1,1,1,5.24,"{""d2c_conf_mode"": ""live"", ""d2c_k"": 8, ""d2c_rollout_p"": 0.05, ""d2c_sigma"": 10.0}"
d2cache,27,14,36,1,1,1,5.03,"{""d2c_conf_mode"": ""live"", ""d2c_k"": 8, ""d2c_rollout_p"": 0.05, ""d2c_sigma"": 10.0}"
d2cache,27,16,41,1,1,1,5.01,"{""d2c_conf_mode"": ""live"", ""d2c_k"": 8, ""d2c_rollout_p"": 0.05, ""d2c_sigma"": 10.0}"
d2cache,27,18,46,1,1,1,4.9,"{""d2c_conf_mode"": ""live"", ""d2c_k"": 8, ""d2c_rollout_p"": 0.05, ""d2c_sigma"": 10.0}"
d2cache,27,22,56,1,1,1,4.68,"{""d2c_conf_mode"": ""live"", ""d2c_k"": 8, ""d2c_rollout_p"": 0.05, ""d2c_sigma"": 10.0}"
d2cache,27,24,61,1,1,1,4.52,"{""d2c_conf_mode"": ""live"", ""d2c_k"": 8, ""d2c_rollout_p"": 0.05, ""d2c_sigma"": 10.0}"
d2cache,27,26,67,1,1,1,4.35,"{""d2c_conf_mode"": ""live"", ""d2c_k"": 8, ""d2c_rollout_p"": 0.05, ""d2c_sigma"": 10.0}"
d2cache,27,28,72,1,1,1,4.3,"{""d2c_conf_mode"": ""live"", ""d2c_k"": 8, ""d2c_rollout_p"": 0.05, ""d2c_sigma"": 10.0}"
d2cache,27,32,82,1,1,1,4.09,"{""d2c_conf_mode"": ""live"", ""d2c_k"": 8, ""d2c_rollout_p"": 0.05, ""d2c_sigma"": 10.0}"
d2cache,27,34,87,1,1,1,3.94,"{""d2c_conf_mode"": ""live"", ""d2c_k"": 8, ""d2c_rollout_p"": 0.05, ""d2c_sigma"": 10.0}"
d2cache,27,36,92,1,1,1,3.86,"{""d2c_conf_mode"": ""live"", ""d2c_k"": 8, ""d2c_rollout_p"": 0.05, ""d2c_sigma"": 10.0}"
d2cache,27,38,97,1,1,1,3.72,"{""d2c_conf_mode"": ""live"", ""d2c_k"": 8, ""d2c_rollout_p"": 0.05, ""d2c_sigma"": 10.0}"
d2cache,27,42,108,1,1,1,3.43,"{""d2c_conf_mode"": ""live"", ""d2c_k"": 8, ""d2c_rollout_p"": 0.05, ""d2c_sigma"": 10.0}"
d2cache,27,44,113,1,1,1,3.32,"{""d2c_conf_mode"": ""live"", ""d2c_k"": 8, ""d2c_rollout_p"": 0.05, ""d2c_sigma"": 10.0}"
d2cache,27,46,118,1,1,1,3.2,"{""d2c_conf_mode"": ""live"", ""d2c_k"": 8, ""d2c_rollout_p"": 0.05, ""d2c_sigma"": 10.0}"
d2cache,27,48,123,1,1,1,3.08,"{""d2c_conf_mode"": ""live"", ""d2c_k"": 8, ""d2c_rollout_p"": 0.05, ""d2c_sigma"": 10.0}"
d2cache,27,52,133,1,1,1,2.85,"{""d2c_conf_mode"": ""live"", ""d2c_k"": 8, ""d2c_rollout_p"": 0.05, ""d2c_sigma"": 10.0}"
d2cache,27,54,138,1,1,1,2.74,"{""d2c_conf_mode"": ""live"", ""d2c_k"": 8, ""d2c_rollout_p"": 0.05, ""d2c_sigma"": 10.0}"
d2cache,27,56,143,1,1,1,2.63,"{""d2c_conf_mode"": ""live"", ""d2c_k"": 8, ""d2c_rollout_p"": 0.05, ""d2c_sigma"": 10.0}"
d2cache,27,58,148,1,1,1,2.52,"{""d2c_conf_mode"": ""live"", ""d2c_k"": 8, ""d2c_rollout_p"": 0.05, ""d2c_sigma"": 10.0}"
d2cache,27,62,159,1,1,1,2.28,"{""d2c_conf_mode"": ""live"", ""d2c_k"": 8, ""d2c_rollout_p"": 0.05, ""d2c_sigma"": 10.0}"
d2cache,27,64,164,1,1,1,2.16,"{""d2c_conf_mode"": ""live"", ""d2c_k"": 8, ""d2c_rollout_p"": 0.05, ""d2c_sigma"": 10.0}"
d2cache,27,66,169,1,1,1,2.05,"{""d2c_conf_mode"": ""live"", ""d2c_k"": 8, ""d2c_rollout_p"": 0.05, ""d2c_sigma"": 10.0}"
d2cache,27,68,174,1,1,1,1.94,"{""d2c_conf_mode"": ""live"", ""d2c_k"": 8, ""d2c_rollout_p"": 0.05, ""d2c_sigma"": 10.0}"
d2cache,27,72,184,1,1,1,1.72,"{""d2c_conf_mode"": ""live"", ""d2c_k"": 8, ""d2c_rollout_p"": 0.05, ""d2c_sigma"": 10.0}"
d2cache,27,74,189,1,1,1,1.6,"{""d2c_conf_mode"": ""live"", ""d2c_k"": 8, ""d2c_rollout_p"": 0.05, ""d2c_sigma"": 10.0}"
d2cache,27,76,195,1,1,1,1.47,"{""d2c_conf_mode"": ""live"", ""d2c_k"": 8, ""d2c_rollout_p"": 0.05, ""d2c_sigma"": 10.0}"
d2cache,27,78,200,1,1,1,1.36,"{""d2c_conf_mode"": ""live"", ""d2c_k"": 8, ""d2c_rollout_p"": 0.05, ""d2c_sigma"": 10.0}"
d2cache,27,82,210,1,1,1,1.14,"{""d2c_conf_mode"": ""live"", ""d2c_k"": 8, ""d2c_rollout_p"": 0.05, ""d2c_sigma"": 10.0}"
d2cache,27,84,215,1,1,1,1.02,"{""d2c_conf_mode"": ""live"", ""d2c_k"": 8, ""d2c_rollout_p"": 0.05, ""d2c_sigma"": 10.0}"
d2cache,27,86,220,1,1,1,0.91,"{""d2c_conf_mode"": ""live"", ""d2c_k"": 8, ""d2c_rollout_p"": 0.05, ""d2c_sigma"": 10.0}"
d2cache,27,88,225,1,1,1,0.8,"{""d2c_conf_mode"": ""live"", ""d2c_k"": 8, ""d2c_rollout_p"": 0.05, ""d2c_sigma"": 10.0}"
d2cache,29,2,5,1,1,1,6.01,"{""d2c_conf_mode"": ""live"", ""d2c_k"": 8, ""d2c_rollout_p"": 0.05, ""d2c_sigma"": 10.0}"
d2cache,29,4,10,1,1,1,5.83,"{""d2c_conf_mode"": ""live"", ""d2c_k"": 8, ""d2c_rollout_p"": 0.05, ""d2c_sigma"": 10.0}"
d2cache,29,6,15,1,1,1,5.79,"{""d2c_conf_mode"": ""live"", ""d2c_k"": 8, ""d2c_rollout_p"": 0.05, ""d2c_sigma"": 10.0}"
d2cache,29,8,20,1,1,1,5.57,"{""d2c_conf_mode"": ""live"", ""d2c_k"": 8, ""d2c_rollout_p"": 0.05, ""d2c_sigma"": 10.0}"
d2cache,29,12,31,1,1,1,5.36,"{""d2c_conf_mode"": ""live"", ""d2c_k"": 8, ""d2c_rollout_p"": 0.05, ""d2c_sigma"": 10.0}"
d2cache,29,14,36,1,1,1,5.17,"{""d2c_conf_mode"": ""live"", ""d2c_k"": 8, ""d2c_rollout_p"": 0.05, ""d2c_sigma"": 10.0}"
d2cache,29,16,41,1,1,1,5.17,"{""d2c_conf_mode"": ""live"", ""d2c_k"": 8, ""d2c_rollout_p"": 0.05, ""d2c_sigma"": 10.0}"
d2cache,29,18,46,1,1,1,4.97,"{""d2c_conf_mode"": ""live"", ""d2c_k"": 8, ""d2c_rollout_p"": 0.05, ""d2c_sigma"": 10.0}"
d2cache,29,22,56,1,1,1,4.75,"{""d2c_conf_mode"": ""live"", ""d2c_k"": 8, ""d2c_rollout_p"": 0.05, ""d2c_sigma"": 10.0}"
d2cache,29,24,61,1,1,1,4.69,"{""d2c_conf_mode"": ""live"", ""d2c_k"": 8, ""d2c_rollout_p"": 0.05, ""d2c_sigma"": 10.0}"
d2cache,29,26,67,1,1,1,4.55,"{""d2c_conf_mode"": ""live"", ""d2c_k"": 8, ""d2c_rollout_p"": 0.05, ""d2c_sigma"": 10.0}"
d2cache,29,28,72,1,1,1,4.44,"{""d2c_conf_mode"": ""live"", ""d2c_k"": 8, ""d2c_rollout_p"": 0.05, ""d2c_sigma"": 10.0}"
d2cache,29,32,82,1,1,1,4.17,"{""d2c_conf_mode"": ""live"", ""d2c_k"": 8, ""d2c_rollout_p"": 0.05, ""d2c_sigma"": 10.0}"
d2cache,29,34,87,1,1,1,3.99,"{""d2c_conf_mode"": ""live"", ""d2c_k"": 8, ""d2c_rollout_p"": 0.05, ""d2c_sigma"": 10.0}"
d2cache,29,36,92,1,1,1,3.89,"{""d2c_conf_mode"": ""live"", ""d2c_k"": 8, ""d2c_rollout_p"": 0.05, ""d2c_sigma"": 10.0}"
d2cache,29,38,97,1,1,1,3.79,"{""d2c_conf_mode"": ""live"", ""d2c_k"": 8, ""d2c_rollout_p"": 0.05, ""d2c_sigma"": 10.0}"
d2cache,29,42,108,1,1,1,3.51,"{""d2c_conf_mode"": ""live"", ""d2c_k"": 8, ""d2c_rollout_p"": 0.05, ""d2c_sigma"": 10.0}"
d2cache,29,44,113,1,1,1,3.41,"{""d2c_conf_mode"": ""live"", ""d2c_k"": 8, ""d2c_rollout_p"": 0.05, ""d2c_sigma"": 10.0}"
d2cache,29,46,118,1,1,1,3.28,"{""d2c_conf_mode"": ""live"", ""d2c_k"": 8, ""d2c_rollout_p"": 0.05, ""d2c_sigma"": 10.0}"
d2cache,29,48,123,1,1,1,3.15,"{""d2c_conf_mode"": ""live"", ""d2c_k"": 8, ""d2c_rollout_p"": 0.05, ""d2c_sigma"": 10.0}"
d2cache,29,52,133,1,1,1,2.93,"{""d2c_conf_mode"": ""live"", ""d2c_k"": 8, ""d2c_rollout_p"": 0.05, ""d2c_sigma"": 10.0}"
d2cache,29,54,138,1,1,1,2.82,"{""d2c_conf_mode"": ""live"", ""d2c_k"": 8, ""d2c_rollout_p"": 0.05, ""d2c_sigma"": 10.0}"
d2cache,29,56,143,1,1,1,2.7,"{""d2c_conf_mode"": ""live"", ""d2c_k"": 8, ""d2c_rollout_p"": 0.05, ""d2c_sigma"": 10.0}"
d2cache,29,58,148,1,1,1,2.59,"{""d2c_conf_mode"": ""live"", ""d2c_k"": 8, ""d2c_rollout_p"": 0.05, ""d2c_sigma"": 10.0}"
d2cache,29,62,159,1,1,1,2.37,"{""d2c_conf_mode"": ""live"", ""d2c_k"": 8, ""d2c_rollout_p"": 0.05, ""d2c_sigma"": 10.0}"
d2cache,29,64,164,1,1,1,2.24,"{""d2c_conf_mode"": ""live"", ""d2c_k"": 8, ""d2c_rollout_p"": 0.05, ""d2c_sigma"": 10.0}"
d2cache,29,66,169,1,1,1,2.1,"{""d2c_conf_mode"": ""live"", ""d2c_k"": 8, ""d2c_rollout_p"": 0.05, ""d2c_sigma"": 10.0}"
d2cache,29,68,174,1,1,1,2.0,"{""d2c_conf_mode"": ""live"", ""d2c_k"": 8, ""d2c_rollout_p"": 0.05, ""d2c_sigma"": 10.0}"
d2cache,29,72,184,1,1,1,1.77,"{""d2c_conf_mode"": ""live"", ""d2c_k"": 8, ""d2c_rollout_p"": 0.05, ""d2c_sigma"": 10.0}"
d2cache,29,74,189,1,1,1,1.66,"{""d2c_conf_mode"": ""live"", ""d2c_k"": 8, ""d2c_rollout_p"": 0.05, ""d2c_sigma"": 10.0}"
d2cache,29,76,195,1,1,1,1.52,"{""d2c_conf_mode"": ""live"", ""d2c_k"": 8, ""d2c_rollout_p"": 0.05, ""d2c_sigma"": 10.0}"
d2cache,29,78,200,1,1,1,1.4,"{""d2c_conf_mode"": ""live"", ""d2c_k"": 8, ""d2c_rollout_p"": 0.05, ""d2c_sigma"": 10.0}"
d2cache,29,82,210,1,1,1,1.18,"{""d2c_conf_mode"": ""live"", ""d2c_k"": 8, ""d2c_rollout_p"": 0.05, ""d2c_sigma"": 10.0}"
d2cache,29,84,215,1,1,1,1.07,"{""d2c_conf_mode"": ""live"", ""d2c_k"": 8, ""d2c_rollout_p"": 0.05, ""d2c_sigma"": 10.0}"
d2cache,29,86,220,1,1,1,0.95,"{""d2c_conf_mode"": ""live"", ""d2c_k"": 8, ""d2c_rollout_p"": 0.05, ""d2c_sigma"": 10.0}"
d2cache,29,88,225,1,1,1,0.83,"{""d2c_conf_mode"": ""live"", ""d2c_k"": 8, ""d2c_rollout_p"": 0.05, ""d2c_sigma"": 10.0}"
d2cache,30,2,5,1,1,1,6.23,"{""d2c_conf_mode"": ""live"", ""d2c_k"": 8, ""d2c_rollout_p"": 0.05, ""d2c_sigma"": 10.0}"
d2cache,30,4,10,1,1,1,6.11,"{""d2c_conf_mode"": ""live"", ""d2c_k"": 8, ""d2c_rollout_p"": 0.05, ""d2c_sigma"": 10.0}"
d2cache,30,6,15,1,1,1,5.99,"{""d2c_conf_mode"": ""live"", ""d2c_k"": 8, ""d2c_rollout_p"": 0.05, ""d2c_sigma"": 10.0}"
d2cache,30,8,20,1,1,1,5.87,"{""d2c_conf_mode"": ""live"", ""d2c_k"": 8, ""d2c_rollout_p"": 0.05, ""d2c_sigma"": 10.0}"
d2cache,30,12,31,1,1,1,5.58,"{""d2c_conf_mode"": ""live"", ""d2c_k"": 8, ""d2c_rollout_p"": 0.05, ""d2c_sigma"": 10.0}"
d2cache,30,14,36,1,1,1,5.46,"{""d2c_conf_mode"": ""live"", ""d2c_k"": 8, ""d2c_rollout_p"": 0.05, ""d2c_sigma"": 10.0}"
d2cache,30,16,41,1,1,1,5.36,"{""d2c_conf_mode"": ""live"", ""d2c_k"": 8, ""d2c_rollout_p"": 0.05, ""d2c_sigma"": 10.0}"
d2cache,30,18,46,1,1,1,5.24,"{""d2c_conf_mode"": ""live"", ""d2c_k"": 8, ""d2c_rollout_p"": 0.05, ""d2c_sigma"": 10.0}"
d2cache,30,22,56,1,1,1,4.99,"{""d2c_conf_mode"": ""live"", ""d2c_k"": 8, ""d2c_rollout_p"": 0.05, ""d2c_sigma"": 10.0}"
d2cache,30,24,61,1,1,1,4.87,"{""d2c_conf_mode"": ""live"", ""d2c_k"": 8, ""d2c_rollout_p"": 0.05, ""d2c_sigma"": 10.0}"
d2cache,30,26,67,1,1,1,4.67,"{""d2c_conf_mode"": ""live"", ""d2c_k"": 8, ""d2c_rollout_p"": 0.05, ""d2c_sigma"": 10.0}"
d2cache,30,28,72,1,1,1,4.61,"{""d2c_conf_mode"": ""live"", ""d2c_k"": 8, ""d2c_rollout_p"": 0.05, ""d2c_sigma"": 10.0}"
d2cache,30,32,82,1,1,1,4.34,"{""d2c_conf_mode"": ""live"", ""d2c_k"": 8, ""d2c_rollout_p"": 0.05, ""d2c_sigma"": 10.0}"
d2cache,30,34,87,1,1,1,4.24,"{""d2c_conf_mode"": ""live"", ""d2c_k"": 8, ""d2c_rollout_p"": 0.05, ""d2c_sigma"": 10.0}"
d2cache,30,36,92,1,1,1,4.11,"{""d2c_conf_mode"": ""live"", ""d2c_k"": 8, ""d2c_rollout_p"": 0.05, ""d2c_sigma"": 10.0}"
d2cache,30,38,97,1,1,1,3.99,"{""d2c_conf_mode"": ""live"", ""d2c_k"": 8, ""d2c_rollout_p"": 0.05, ""d2c_sigma"": 10.0}"
d2cache,30,42,108,1,1,1,3.72,"{""d2c_conf_mode"": ""live"", ""d2c_k"": 8, ""d2c_rollout_p"": 0.05, ""d2c_sigma"": 10.0}"
d2cache,30,44,113,1,1,1,3.61,"{""d2c_conf_mode"": ""live"", ""d2c_k"": 8, ""d2c_rollout_p"": 0.05, ""d2c_sigma"": 10.0}"
d2cache,30,46,118,1,1,1,3.48,"{""d2c_conf_mode"": ""live"", ""d2c_k"": 8, ""d2c_rollout_p"": 0.05, ""d2c_sigma"": 10.0}"
d2cache,30,48,123,1,1,1,3.37,"{""d2c_conf_mode"": ""live"", ""d2c_k"": 8, ""d2c_rollout_p"": 0.05, ""d2c_sigma"": 10.0}"
d2cache,30,52,133,1,1,1,3.1,"{""d2c_conf_mode"": ""live"", ""d2c_k"": 8, ""d2c_rollout_p"": 0.05, ""d2c_sigma"": 10.0}"
d2cache,30,54,138,1,1,1,2.97,"{""d2c_conf_mode"": ""live"", ""d2c_k"": 8, ""d2c_rollout_p"": 0.05, ""d2c_sigma"": 10.0}"
d2cache,30,56,143,1,1,1,2.85,"{""d2c_conf_mode"": ""live"", ""d2c_k"": 8, ""d2c_rollout_p"": 0.05, ""d2c_sigma"": 10.0}"
d2cache,30,58,148,1,1,1,2.7,"{""d2c_conf_mode"": ""live"", ""d2c_k"": 8, ""d2c_rollout_p"": 0.05, ""d2c_sigma"": 10.0}"
d2cache,30,62,159,1,1,1,2.46,"{""d2c_conf_mode"": ""live"", ""d2c_k"": 8, ""d2c_rollout_p"": 0.05, ""d2c_sigma"": 10.0}"
d2cache,30,64,164,1,1,1,2.33,"{""d2c_conf_mode"": ""live"", ""d2c_k"": 8, ""d2c_rollout_p"": 0.05, ""d2c_sigma"": 10.0}"
d2cache,30,66,169,1,1,1,2.21,"{""d2c_conf_mode"": ""live"", ""d2c_k"": 8, ""d2c_rollout_p"": 0.05, ""d2c_sigma"": 10.0}"
d2cache,30,68,174,1,1,1,2.11,"{""d2c_conf_mode"": ""live"", ""d2c_k"": 8, ""d2c_rollout_p"": 0.05, ""d2c_sigma"": 10.0}"
d2cache,30,72,184,1,1,1,1.87,"{""d2c_conf_mode"": ""live"", ""d2c_k"": 8, ""d2c_rollout_p"": 0.05, ""d2c_sigma"": 10.0}"
d2cache,30,74,189,1,1,1,1.75,"{""d2c_conf_mode"": ""live"", ""d2c_k"": 8, ""d2c_rollout_p"": 0.05, ""d2c_sigma"": 10.0}"
d2cache,30,76,195,1,1,1,1.6,"{""d2c_conf_mode"": ""live"", ""d2c_k"": 8, ""d2c_rollout_p"": 0.05, ""d2c_sigma"": 10.0}"
d2cache,30,78,200,1,1,1,1.48,"{""d2c_conf_mode"": ""live"", ""d2c_k"": 8, ""d2c_rollout_p"": 0.05, ""d2c_sigma"": 10.0}"
d2cache,30,82,210,1,1,1,1.24,"{""d2c_conf_mode"": ""live"", ""d2c_k"": 8, ""d2c_rollout_p"": 0.05, ""d2c_sigma"": 10.0}"
d2cache,30,84,215,1,1,1,1.12,"{""d2c_conf_mode"": ""live"", ""d2c_k"": 8, ""d2c_rollout_p"": 0.05, ""d2c_sigma"": 10.0}"
d2cache,30,86,220,1,1,1,0.99,"{""d2c_conf_mode"": ""live"", ""d2c_k"": 8, ""d2c_rollout_p"": 0.05, ""d2c_sigma"": 10.0}"
d2cache,30,88,225,1,1,1,0.87,"{""d2c_conf_mode"": ""live"", ""d2c_k"": 8, ""d2c_rollout_p"": 0.05, ""d2c_sigma"": 10.0}"
d2cache,31,2,5,0,0,1,6.26,"{""d2c_conf_mode"": ""live"", ""d2c_k"": 8, ""d2c_rollout_p"": 0.05, ""d2c_sigma"": 10.0}"
d2cache,31,4,10,0,0,1,6.13,"{""d2c_conf_mode"": ""live"", ""d2c_k"": 8, ""d2c_rollout_p"": 0.05, ""d2c_sigma"": 10.0}"
d2cache,31,6,15,0,0,1,6.01,"{""d2c_conf_mode"": ""live"", ""d2c_k"": 8, ""d2c_rollout_p"": 0.05, ""d2c_sigma"": 10.0}"
d2cache,31,8,20,0,0,1,5.88,"{""d2c_conf_mode"": ""live"", ""d2c_k"": 8, ""d2c_rollout_p"": 0.05, ""d2c_sigma"": 10.0}"
d2cache,31,12,31,1,1,1,5.61,"{""d2c_conf_mode"": ""live"", ""d2c_k"": 8, ""d2c_rollout_p"": 0.05, ""d2c_sigma"": 10.0}"
d2cache,31,14,36,1,1,1,5.5,"{""d2c_conf_mode"": ""live"", ""d2c_k"": 8, ""d2c_rollout_p"": 0.05, ""d2c_sigma"": 10.0}"
d2cache,31,16,41,1,1,1,5.38,"{""d2c_conf_mode"": ""live"", ""d2c_k"": 8, ""d2c_rollout_p"": 0.05, ""d2c_sigma"": 10.0}"
d2cache,31,18,46,1,1,1,5.26,"{""d2c_conf_mode"": ""live"", ""d2c_k"": 8, ""d2c_rollout_p"": 0.05, ""d2c_sigma"": 10.0}"
d2cache,31,22,56,1,1,1,5.02,"{""d2c_conf_mode"": ""live"", ""d2c_k"": 8, ""d2c_rollout_p"": 0.05, ""d2c_sigma"": 10.0}"
d2cache,31,24,61,1,1,1,4.89,"{""d2c_conf_mode"": ""live"", ""d2c_k"": 8, ""d2c_rollout_p"": 0.05, ""d2c_sigma"": 10.0}"
d2cache,31,26,67,1,1,1,4.75,"{""d2c_conf_mode"": ""live"", ""d2c_k"": 8, ""d2c_rollout_p"": 0.05, ""d2c_sigma"": 10.0}"
d2cache,31,28,72,1,1,1,4.63,"{""d2c_conf_mode"": ""live"", ""d2c_k"": 8, ""d2c_rollout_p"": 0.05, ""d2c_sigma"": 10.0}"
d2cache,31,32,82,1,1,1,4.39,"{""d2c_conf_mode"": ""live"", ""d2c_k"": 8, ""d2c_rollout_p"": 0.05, ""d2c_sigma"": 10.0}"
d2cache,31,34,87,1,1,1,4.27,"{""d2c_conf_mode"": ""live"", ""d2c_k"": 8, ""d2c_rollout_p"": 0.05, ""d2c_sigma"": 10.0}"
d2cache,31,36,92,1,1,1,4.14,"{""d2c_conf_mode"": ""live"", ""d2c_k"": 8, ""d2c_rollout_p"": 0.05, ""d2c_sigma"": 10.0}"
d2cache,31,38,97,1,1,1,4.02,"{""d2c_conf_mode"": ""live"", ""d2c_k"": 8, ""d2c_rollout_p"": 0.05, ""d2c_sigma"": 10.0}"
d2cache,31,42,108,1,1,1,3.76,"{""d2c_conf_mode"": ""live"", ""d2c_k"": 8, ""d2c_rollout_p"": 0.05, ""d2c_sigma"": 10.0}"
d2cache,31,44,113,1,1,1,3.63,"{""d2c_conf_mode"": ""live"", ""d2c_k"": 8, ""d2c_rollout_p"": 0.05, ""d2c_sigma"": 10.0}"
d2cache,31,46,118,1,1,1,3.5,"{""d2c_conf_mode"": ""live"", ""d2c_k"": 8, ""d2c_rollout_p"": 0.05, ""d2c_sigma"": 10.0}"
d2cache,31,48,123,1,1,1,3.39,"{""d2c_conf_mode"": ""live"", ""d2c_k"": 8, ""d2c_rollout_p"": 0.05, ""d2c_sigma"": 10.0}"
d2cache,31,52,133,1,1,1,3.13,"{""d2c_conf_mode"": ""live"", ""d2c_k"": 8, ""d2c_rollout_p"": 0.05, ""d2c_sigma"": 10.0}"
d2cache,31,54,138,1,1,1,3.02,"{""d2c_conf_mode"": ""live"", ""d2c_k"": 8, ""d2c_rollout_p"": 0.05, ""d2c_sigma"": 10.0}"
d2cache,31,56,143,1,1,1,2.89,"{""d2c_conf_mode"": ""live"", ""d2c_k"": 8, ""d2c_rollout_p"": 0.05, ""d2c_sigma"": 10.0}"
d2cache,31,58,148,1,1,1,2.77,"{""d2c_conf_mode"": ""live"", ""d2c_k"": 8, ""d2c_rollout_p"": 0.05, ""d2c_sigma"": 10.0}"
d2cache,31,62,159,1,1,1,2.51,"{""d2c_conf_mode"": ""live"", ""d2c_k"": 8, ""d2c_rollout_p"": 0.05, ""d2c_sigma"": 10.0}"
d2cache,31,64,164,1,1,1,2.38,"{""d2c_conf_mode"": ""live"", ""d2c_k"": 8, ""d2c_rollout_p"": 0.05, ""d2c_sigma"": 10.0}"
d2cache,31,66,169,1,1,1,2.26,"{""d2c_conf_mode"": ""live"", ""d2c_k"": 8, ""d2c_rollout_p"": 0.05, ""d2c_sigma"": 10.0}"
d2cache,31,68,174,1,1,1,2.14,"{""d2c_conf_mode"": ""live"", ""d2c_k"": 8, ""d2c_rollout_p"": 0.05, ""d2c_sigma"": 10.0}"
d2cache,31,72,184,1,1,1,1.9,"{""d2c_conf_mode"": ""live"", ""d2c_k"": 8, ""d2c_rollout_p"": 0.05, ""d2c_sigma"": 10.0}"
d2cache,31,74,189,1,1,1,1.78,"{""d2c_conf_mode"": ""live"", ""d2c_k"": 8, ""d2c_rollout_p"": 0.05, ""d2c_sigma"": 10.0}"
d2cache,31,76,195,1,1,1,1.63,"{""d2c_conf_mode"": ""live"", ""d2c_k"": 8, ""d2c_rollout_p"": 0.05, ""d2c_sigma"": 10.0}"
d2cache,31,78,200,1,1,1,1.51,"{""d2c_conf_mode"": ""live"", ""d2c_k"": 8, ""d2c_rollout_p"": 0.05, ""d2c_sigma"": 10.0}"
d2cache,31,82,210,1,1,1,1.26,"{""d2c_conf_mode"": ""live"", ""d2c_k"": 8, ""d2c_rollout_p"": 0.05, ""d2c_sigma"": 10.0}"
d2cache,31,84,215,1,1,1,1.14,"{""d2c_conf_mode"": ""live"", ""d2c_k"": 8, ""d2c_rollout_p"": 0.05, ""d2c_sigma"": 10.0}"
d2cache,31,86,220,1,1,1,1.02,"{""d2c_conf_mode"": ""live"", ""d2c_k"": 8, ""d2c_rollout_p"": 0.05, ""d2c_sigma"": 10.0}"
d2cache,31,88,225,1,1,1,0.9,"{""d2c_conf_mode"": ""live"", ""d2c_k"": 8, ""d2c_rollout_p"": 0.05, ""d2c_sigma"": 10.0}"
d2cache,33,2,5,0,0,1,6.16,"{""d2c_conf_mode"": ""live"", ""d2c_k"": 8, ""d2c_rollout_p"": 0.05, ""d2c_sigma"": 10.0}"
d2cache,33,4,10,0,0,1,6.03,"{""d2c_conf_mode"": ""live"", ""d2c_k"": 8, ""d2c_rollout_p"": 0.05, ""d2c_sigma"": 10.0}"
d2cache,33,6,15,0,0,1,5.89,"{""d2c_conf_mode"": ""live"", ""d2c_k"": 8, ""d2c_rollout_p"": 0.05, ""d2c_sigma"": 10.0}"
d2cache,33,8,20,0,0,1,5.78,"{""d2c_conf_mode"": ""live"", ""d2c_k"": 8, ""d2c_rollout_p"": 0.05, ""d2c_sigma"": 10.0}"
d2cache,33,12,31,0,0,1,5.53,"{""d2c_conf_mode"": ""live"", ""d2c_k"": 8, ""d2c_rollout_p"": 0.05, ""d2c_sigma"": 10.0}"
d2cache,33,14,36,0,0,1,5.38,"{""d2c_conf_mode"": ""live"", ""d2c_k"": 8, ""d2c_rollout_p"": 0.05, ""d2c_sigma"": 10.0}"
d2cache,33,16,41,0,0,1,5.3,"{""d2c_conf_mode"": ""live"", ""d2c_k"": 8, ""d2c_rollout_p"": 0.05, ""d2c_sigma"": 10.0}"
d2cache,33,18,46,0,0,1,5.15,"{""d2c_conf_mode"": ""live"", ""d2c_k"": 8, ""d2c_rollout_p"": 0.05, ""d2c_sigma"": 10.0}"
d2cache,33,22,56,1,1,1,4.93,"{""d2c_conf_mode"": ""live"", ""d2c_k"": 8, ""d2c_rollout_p"": 0.05, ""d2c_sigma"": 10.0}"
d2cache,33,24,61,0,0,1,4.81,"{""d2c_conf_mode"": ""live"", ""d2c_k"": 8, ""d2c_rollout_p"": 0.05, ""d2c_sigma"": 10.0}"
d2cache,33,26,67,0,0,1,4.65,"{""d2c_conf_mode"": ""live"", ""d2c_k"": 8, ""d2c_rollout_p"": 0.05, ""d2c_sigma"": 10.0}"
d2cache,33,28,72,0,0,1,4.56,"{""d2c_conf_mode"": ""live"", ""d2c_k"": 8, ""d2c_rollout_p"": 0.05, ""d2c_sigma"": 10.0}"
d2cache,33,32,82,0,0,1,4.31,"{""d2c_conf_mode"": ""live"", ""d2c_k"": 8, ""d2c_rollout_p"": 0.05, ""d2c_sigma"": 10.0}"
d2cache,33,34,87,0,0,1,4.2,"{""d2c_conf_mode"": ""live"", ""d2c_k"": 8, ""d2c_rollout_p"": 0.05, ""d2c_sigma"": 10.0}"
d2cache,33,36,92,0,0,1,4.06,"{""d2c_conf_mode"": ""live"", ""d2c_k"": 8, ""d2c_rollout_p"": 0.05, ""d2c_sigma"": 10.0}"
d2cache,33,38,97,0,0,1,3.93,"{""d2c_conf_mode"": ""live"", ""d2c_k"": 8, ""d2c_rollout_p"": 0.05, ""d2c_sigma"": 10.0}"
d2cache,33,42,108,0,0,1,3.65,"{""d2c_conf_mode"": ""live"", ""d2c_k"": 8, ""d2c_rollout_p"": 0.05, ""d2c_sigma"": 10.0}"
d2cache,33,44,113,1,1,1,3.55,"{""d2c_conf_mode"": ""live"", ""d2c_k"": 8, ""d2c_rollout_p"": 0.05, ""d2c_sigma"": 10.0}"
d2cache,33,46,118,1,1,1,3.45,"{""d2c_conf_mode"": ""live"", ""d2c_k"": 8, ""d2c_rollout_p"": 0.05, ""d2c_sigma"": 10.0}"
d2cache,33,48,123,1,1,1,3.32,"{""d2c_conf_mode"": ""live"", ""d2c_k"": 8, ""d2c_rollout_p"": 0.05, ""d2c_sigma"": 10.0}"
d2cache,33,52,133,1,1,1,3.08,"{""d2c_conf_mode"": ""live"", ""d2c_k"": 8, ""d2c_rollout_p"": 0.05, ""d2c_sigma"": 10.0}"
d2cache,33,54,138,1,1,1,2.91,"{""d2c_conf_mode"": ""live"", ""d2c_k"": 8, ""d2c_rollout_p"": 0.05, ""d2c_sigma"": 10.0}"
d2cache,33,56,143,1,1,1,2.84,"{""d2c_conf_mode"": ""live"", ""d2c_k"": 8, ""d2c_rollout_p"": 0.05, ""d2c_sigma"": 10.0}"
d2cache,33,58,148,1,1,1,2.7,"{""d2c_conf_mode"": ""live"", ""d2c_k"": 8, ""d2c_rollout_p"": 0.05, ""d2c_sigma"": 10.0}"
d2cache,33,62,159,1,1,1,2.45,"{""d2c_conf_mode"": ""live"", ""d2c_k"": 8, ""d2c_rollout_p"": 0.05, ""d2c_sigma"": 10.0}"
d2cache,33,64,164,1,1,1,2.33,"{""d2c_conf_mode"": ""live"", ""d2c_k"": 8, ""d2c_rollout_p"": 0.05, ""d2c_sigma"": 10.0}"
d2cache,33,66,169,1,1,1,2.19,"{""d2c_conf_mode"": ""live"", ""d2c_k"": 8, ""d2c_rollout_p"": 0.05, ""d2c_sigma"": 10.0}"
d2cache,33,68,174,1,1,1,2.06,"{""d2c_conf_mode"": ""live"", ""d2c_k"": 8, ""d2c_rollout_p"": 0.05, ""d2c_sigma"": 10.0}"
d2cache,33,72,184,1,1,1,1.85,"{""d2c_conf_mode"": ""live"", ""d2c_k"": 8, ""d2c_rollout_p"": 0.05, ""d2c_sigma"": 10.0}"
d2cache,33,74,189,1,1,1,1.73,"{""d2c_conf_mode"": ""live"", ""d2c_k"": 8, ""d2c_rollout_p"": 0.05, ""d2c_sigma"": 10.0}"
d2cache,33,76,195,1,1,1,1.58,"{""d2c_conf_mode"": ""live"", ""d2c_k"": 8, ""d2c_rollout_p"": 0.05, ""d2c_sigma"": 10.0}"
d2cache,33,78,200,1,1,1,1.46,"{""d2c_conf_mode"": ""live"", ""d2c_k"": 8, ""d2c_rollout_p"": 0.05, ""d2c_sigma"": 10.0}"
d2cache,33,82,210,1,1,1,1.22,"{""d2c_conf_mode"": ""live"", ""d2c_k"": 8, ""d2c_rollout_p"": 0.05, ""d2c_sigma"": 10.0}"
d2cache,33,84,215,1,1,1,1.1,"{""d2c_conf_mode"": ""live"", ""d2c_k"": 8, ""d2c_rollout_p"": 0.05, ""d2c_sigma"": 10.0}"
d2cache,33,86,220,1,1,1,0.97,"{""d2c_conf_mode"": ""live"", ""d2c_k"": 8, ""d2c_rollout_p"": 0.05, ""d2c_sigma"": 10.0}"
d2cache,33,88,225,1,1,1,0.84,"{""d2c_conf_mode"": ""live"", ""d2c_k"": 8, ""d2c_rollout_p"": 0.05, ""d2c_sigma"": 10.0}"
d2cache,34,2,5,0,1,0,6.48,"{""d2c_conf_mode"": ""live"", ""d2c_k"": 8, ""d2c_rollout_p"": 0.05, ""d2c_sigma"": 10.0}"
d2cache,34,4,10,1,1,1,6.35,"{""d2c_conf_mode"": ""live"", ""d2c_k"": 8, ""d2c_rollout_p"": 0.05, ""d2c_sigma"": 10.0}"
d2cache,34,6,15,1,1,1,6.23,"{""d2c_conf_mode"": ""live"", ""d2c_k"": 8, ""d2c_rollout_p"": 0.05, ""d2c_sigma"": 10.0}"
d2cache,34,8,20,1,1,1,6.11,"{""d2c_conf_mode"": ""live"", ""d2c_k"": 8, ""d2c_rollout_p"": 0.05, ""d2c_sigma"": 10.0}"
d2cache,34,12,31,1,1,1,5.83,"{""d2c_conf_mode"": ""live"", ""d2c_k"": 8, ""d2c_rollout_p"": 0.05, ""d2c_sigma"": 10.0}"
d2cache,34,14,36,1,1,1,5.7,"{""d2c_conf_mode"": ""live"", ""d2c_k"": 8, ""d2c_rollout_p"": 0.05, ""d2c_sigma"": 10.0}"
d2cache,34,16,41,1,1,1,5.56,"{""d2c_conf_mode"": ""live"", ""d2c_k"": 8, ""d2c_rollout_p"": 0.05, ""d2c_sigma"": 10.0}"
d2cache,34,18,46,0,1,0,5.44,"{""d2c_conf_mode"": ""live"", ""d2c_k"": 8, ""d2c_rollout_p"": 0.05, ""d2c_sigma"": 10.0}"
d2cache,34,22,56,1,1,1,5.19,"{""d2c_conf_mode"": ""live"", ""d2c_k"": 8, ""d2c_rollout_p"": 0.05, ""d2c_sigma"": 10.0}"
d2cache,34,24,61,0,1,0,5.06,"{""d2c_conf_mode"": ""live"", ""d2c_k"": 8, ""d2c_rollout_p"": 0.05, ""d2c_sigma"": 10.0}"
d2cache,34,26,67,1,1,1,4.91,"{""d2c_conf_mode"": ""live"", ""d2c_k"": 8, ""d2c_rollout_p"": 0.05, ""d2c_sigma"": 10.0}"
d2cache,34,28,72,1,1,1,4.75,"{""d2c_conf_mode"": ""live"", ""d2c_k"": 8, ""d2c_rollout_p"": 0.05, ""d2c_sigma"": 10.0}"
d2cache,34,32,82,1,1,1,4.53,"{""d2c_conf_mode"": ""live"", ""d2c_k"": 8, ""d2c_rollout_p"": 0.05, ""d2c_sigma"": 10.0}"
d2cache,34,34,87,0,1,0,4.4,"{""d2c_conf_mode"": ""live"", ""d2c_k"": 8, ""d2c_rollout_p"": 0.05, ""d2c_sigma"": 10.0}"
d2cache,34,36,92,1,1,1,4.28,"{""d2c_conf_mode"": ""live"", ""d2c_k"": 8, ""d2c_rollout_p"": 0.05, ""d2c_sigma"": 10.0}"
d2cache,34,38,97,0,1,0,4.15,"{""d2c_conf_mode"": ""live"", ""d2c_k"": 8, ""d2c_rollout_p"": 0.05, ""d2c_sigma"": 10.0}"
d2cache,34,42,108,1,1,1,3.82,"{""d2c_conf_mode"": ""live"", ""d2c_k"": 8, ""d2c_rollout_p"": 0.05, ""d2c_sigma"": 10.0}"
d2cache,34,44,113,1,1,1,3.68,"{""d2c_conf_mode"": ""live"", ""d2c_k"": 8, ""d2c_rollout_p"": 0.05, ""d2c_sigma"": 10.0}"
d2cache,34,46,118,1,1,1,3.59,"{""d2c_conf_mode"": ""live"", ""d2c_k"": 8, ""d2c_rollout_p"": 0.05, ""d2c_sigma"": 10.0}"
d2cache,34,48,123,1,1,1,3.44,"{""d2c_conf_mode"": ""live"", ""d2c_k"": 8, ""d2c_rollout_p"": 0.05, ""d2c_sigma"": 10.0}"
d2cache,34,52,133,1,1,1,3.19,"{""d2c_conf_mode"": ""live"", ""d2c_k"": 8, ""d2c_rollout_p"": 0.05, ""d2c_sigma"": 10.0}"
d2cache,34,54,138,1,1,1,3.1,"{""d2c_conf_mode"": ""live"", ""d2c_k"": 8, ""d2c_rollout_p"": 0.05, ""d2c_sigma"": 10.0}"
d2cache,34,56,143,1,1,1,2.96,"{""d2c_conf_mode"": ""live"", ""d2c_k"": 8, ""d2c_rollout_p"": 0.05, ""d2c_sigma"": 10.0}"
d2cache,34,58,148,1,1,1,2.83,"{""d2c_conf_mode"": ""live"", ""d2c_k"": 8, ""d2c_rollout_p"": 0.05, ""d2c_sigma"": 10.0}"
d2cache,34,62,159,1,1,1,2.56,"{""d2c_conf_mode"": ""live"", ""d2c_k"": 8, ""d2c_rollout_p"": 0.05, ""d2c_sigma"": 10.0}"
d2cache,34,64,164,1,1,1,2.44,"{""d2c_conf_mode"": ""live"", ""d2c_k"": 8, ""d2c_rollout_p"": 0.05, ""d2c_sigma"": 10.0}"
d2cache,34,66,169,1,1,1,2.31,"{""d2c_conf_mode"": ""live"", ""d2c_k"": 8, ""d2c_rollout_p"": 0.05, ""d2c_sigma"": 10.0}"
d2cache,34,68,174,1,1,1,2.2,"{""d2c_conf_mode"": ""live"", ""d2c_k"": 8, ""d2c_rollout_p"": 0.05, ""d2c_sigma"": 10.0}"
d2cache,34,72,184,1,1,1,1.94,"{""d2c_conf_mode"": ""live"", ""d2c_k"": 8, ""d2c_rollout_p"": 0.05, ""d2c_sigma"": 10.0}"
d2cache,34,74,189,1,1,1,1.82,"{""d2c_conf_mode"": ""live"", ""d2c_k"": 8, ""d2c_rollout_p"": 0.05, ""d2c_sigma"": 10.0}"
d2cache,34,76,195,1,1,1,1.68,"{""d2c_conf_mode"": ""live"", ""d2c_k"": 8, ""d2c_rollout_p"": 0.05, ""d2c_sigma"": 10.0}"
d2cache,34,78,200,1,1,1,1.55,"{""d2c_conf_mode"": ""live"", ""d2c_k"": 8, ""d2c_rollout_p"": 0.05, ""d2c_sigma"": 10.0}"
d2cache,34,82,210,1,1,1,1.3,"{""d2c_conf_mode"": ""live"", ""d2c_k"": 8, ""d2c_rollout_p"": 0.05, ""d2c_sigma"": 10.0}"
d2cache,34,84,215,1,1,1,1.17,"{""d2c_conf_mode"": ""live"", ""d2c_k"": 8, ""d2c_rollout_p"": 0.05, ""d2c_sigma"": 10.0}"
d2cache,34,86,220,1,1,1,1.05,"{""d2c_conf_mode"": ""live"", ""d2c_k"": 8, ""d2c_rollout_p"": 0.05, ""d2c_sigma"": 10.0}"
d2cache,34,88,225,1,1,1,0.92,"{""d2c_conf_mode"": ""live"", ""d2c_k"": 8, ""d2c_rollout_p"": 0.05, ""d2c_sigma"": 10.0}"
d2cache,36,2,5,1,1,1,6.18,"{""d2c_conf_mode"": ""live"", ""d2c_k"": 8, ""d2c_rollout_p"": 0.05, ""d2c_sigma"": 10.0}"
d2cache,36,4,10,1,1,1,6.04,"{""d2c_conf_mode"": ""live"", ""d2c_k"": 8, ""d2c_rollout_p"": 0.05, ""d2c_sigma"": 10.0}"
d2cache,36,6,15,1,1,1,5.94,"{""d2c_conf_mode"": ""live"", ""d2c_k"": 8, ""d2c_rollout_p"": 0.05, ""d2c_sigma"": 10.0}"
d2cache,36,8,20,1,1,1,5.79,"{""d2c_conf_mode"": ""live"", ""d2c_k"": 8, ""d2c_rollout_p"": 0.05, ""d2c_sigma"": 10.0}"
d2cache,36,12,31,1,1,1,5.56,"{""d2c_conf_mode"": ""live"", ""d2c_k"": 8, ""d2c_rollout_p"": 0.05, ""d2c_sigma"": 10.0}"
d2cache,36,14,36,1,1,1,5.43,"{""d2c_conf_mode"": ""live"", ""d2c_k"": 8, ""d2c_rollout_p"": 0.05, ""d2c_sigma"": 10.0}"
d2cache,36,16,41,1,1,1,5.26,"{""d2c_conf_mode"": ""live"", ""d2c_k"": 8, ""d2c_rollout_p"": 0.05, ""d2c_sigma"": 10.0}"
d2cache,36,18,46,1,1,1,5.18,"{""d2c_conf_mode"": ""live"", ""d2c_k"": 8, ""d2c_rollout_p"": 0.05, ""d2c_sigma"": 10.0}"
d2cache,36,22,56,1,1,1,4.89,"{""d2c_conf_mode"": ""live"", ""d2c_k"": 8, ""d2c_rollout_p"": 0.05, ""d2c_sigma"": 10.0}"
d2cache,36,24,61,1,1,1,4.8,"{""d2c_conf_mode"": ""live"", ""d2c_k"": 8, ""d2c_rollout_p"": 0.05, ""d2c_sigma"": 10.0}"
d2cache,36,26,67,1,1,1,4.68,"{""d2c_conf_mode"": ""live"", ""d2c_k"": 8, ""d2c_rollout_p"": 0.05, ""d2c_sigma"": 10.0}"
d2cache,36,28,72,1,1,1,4.51,"{""d2c_conf_mode"": ""live"", ""d2c_k"": 8, ""d2c_rollout_p"": 0.05, ""d2c_sigma"": 10.0}"
d2cache,36,32,82,1,1,1,4.26,"{""d2c_conf_mode"": ""live"", ""d2c_k"": 8, ""d2c_rollout_p"": 0.05, ""d2c_sigma"": 10.0}"
d2cache,36,34,87,1,1,1,4.2,"{""d2c_conf_mode"": ""live"", ""d2c_k"": 8, ""d2c_rollout_p"": 0.05, ""d2c_sigma"": 10.0}"
d2cache,36,36,92,1,1,1,4.08,"{""d2c_conf_mode"": ""live"", ""d2c_k"": 8, ""d2c_rollout_p"": 0.05, ""d2c_sigma"": 10.0}"
d2cache,36,38,97,1,1,1,3.94,"{""d2c_conf_mode"": ""live"", ""d2c_k"": 8, ""d2c_rollout_p"": 0.05, ""d2c_sigma"": 10.0}"
d2cache,36,42,108,1,1,1,3.69,"{""d2c_conf_mode"": ""live"", ""d2c_k"": 8, ""d2c_rollout_p"": 0.05, ""d2c_sigma"": 10.0}"
d2cache,36,44,113,1,1,1,3.53,"{""d2c_conf_mode"": ""live"", ""d2c_k"": 8, ""d2c_rollout_p"": 0.05, ""d2c_sigma"": 10.0}"
d2cache,36,46,118,1,1,1,3.44,"{""d2c_conf_mode"": ""live"", ""d2c_k"": 8, ""d2c_rollout_p"": 0.05, ""d2c_sigma"": 10.0}"
d2cache,36,48,123,1,1,1,3.29,"{""d2c_conf_mode"": ""live"", ""d2c_k"": 8, ""d2c_rollout_p"": 0.05, ""d2c_sigma"": 10.0}"
d2cache,36,52,133,1,1,1,3.06,"{""d2c_conf_mode"": ""live"", ""d2c_k"": 8, ""d2c_rollout_p"": 0.05, ""d2c_sigma"": 10.0}"
d2cache,36,54,138,1,1,1,2.91,"{""d2c_conf_mode"": ""live"", ""d2c_k"": 8, ""d2c_rollout_p"": 0.05, ""d2c_sigma"": 10.0}"
d2cache,36,56,143,1,1,1,2.77,"{""d2c_conf_mode"": ""live"", ""d2c_k"": 8, ""d2c_rollout_p"": 0.05, ""d2c_sigma"": 10.0}"
d2cache,36,58,148,1,1,1,2.7,"{""d2c_conf_mode"": ""live"", ""d2c_k"": 8, ""d2c_rollout_p"": 0.05, ""d2c_sigma"": 10.0}"
d2cache,36,62,159,1,1,1,2.42,"{""d2c_conf_mode"": ""live"", ""d2c_k"": 8, ""d2c_rollout_p"": 0.05, ""d2c_sigma"": 10.0}"
d2cache,36,64,164,1,1,1,2.29,"{""d2c_conf_mode"": ""live"", ""d2c_k"": 8, ""d2c_rollout_p"": 0.05, ""d2c_sigma"": 10.0}"
d2cache,36,66,169,1,1,1,2.18,"{""d2c_conf_mode"": ""live"", ""d2c_k"": 8, ""d2c_rollout_p"": 0.05, ""d2c_sigma"": 10.0}"
d2cache,36,68,174,1,1,1,2.06,"{""d2c_conf_mode"": ""live"", ""d2c_k"": 8, ""d2c_rollout_p"": 0.05, ""d2c_sigma"": 10.0}"
d2cache,36,72,184,1,1,1,1.82,"{""d2c_conf_mode"": ""live"", ""d2c_k"": 8, ""d2c_rollout_p"": 0.05, ""d2c_sigma"": 10.0}"
d2cache,36,74,189,1,1,1,1.69,"{""d2c_conf_mode"": ""live"", ""d2c_k"": 8, ""d2c_rollout_p"": 0.05, ""d2c_sigma"": 10.0}"
d2cache,36,76,195,1,1,1,1.55,"{""d2c_conf_mode"": ""live"", ""d2c_k"": 8, ""d2c_rollout_p"": 0.05, ""d2c_sigma"": 10.0}"
d2cache,36,78,200,1,1,1,1.44,"{""d2c_conf_mode"": ""live"", ""d2c_k"": 8, ""d2c_rollout_p"": 0.05, ""d2c_sigma"": 10.0}"
d2cache,36,82,210,1,1,1,1.2,"{""d2c_conf_mode"": ""live"", ""d2c_k"": 8, ""d2c_rollout_p"": 0.05, ""d2c_sigma"": 10.0}"
d2cache,36,84,215,1,1,1,1.09,"{""d2c_conf_mode"": ""live"", ""d2c_k"": 8, ""d2c_rollout_p"": 0.05, ""d2c_sigma"": 10.0}"
d2cache,36,86,220,1,1,1,0.97,"{""d2c_conf_mode"": ""live"", ""d2c_k"": 8, ""d2c_rollout_p"": 0.05, ""d2c_sigma"": 10.0}"
d2cache,36,88,225,1,1,1,0.86,"{""d2c_conf_mode"": ""live"", ""d2c_k"": 8, ""d2c_rollout_p"": 0.05, ""d2c_sigma"": 10.0}"
d2cache,38,2,5,0,0,1,5.81,"{""d2c_conf_mode"": ""live"", ""d2c_k"": 8, ""d2c_rollout_p"": 0.05, ""d2c_sigma"": 10.0}"
d2cache,38,4,10,1,1,1,5.75,"{""d2c_conf_mode"": ""live"", ""d2c_k"": 8, ""d2c_rollout_p"": 0.05, ""d2c_sigma"": 10.0}"
d2cache,38,6,15,1,1,1,5.66,"{""d2c_conf_mode"": ""live"", ""d2c_k"": 8, ""d2c_rollout_p"": 0.05, ""d2c_sigma"": 10.0}"
d2cache,38,8,20,1,1,1,5.44,"{""d2c_conf_mode"": ""live"", ""d2c_k"": 8, ""d2c_rollout_p"": 0.05, ""d2c_sigma"": 10.0}"
d2cache,38,12,31,1,1,1,5.22,"{""d2c_conf_mode"": ""live"", ""d2c_k"": 8, ""d2c_rollout_p"": 0.05, ""d2c_sigma"": 10.0}"
d2cache,38,14,36,1,1,1,5.08,"{""d2c_conf_mode"": ""live"", ""d2c_k"": 8, ""d2c_rollout_p"": 0.05, ""d2c_sigma"": 10.0}"
d2cache,38,16,41,1,1,1,4.98,"{""d2c_conf_mode"": ""live"", ""d2c_k"": 8, ""d2c_rollout_p"": 0.05, ""d2c_sigma"": 10.0}"
d2cache,38,18,46,1,1,1,4.96,"{""d2c_conf_mode"": ""live"", ""d2c_k"": 8, ""d2c_rollout_p"": 0.05, ""d2c_sigma"": 10.0}"
d2cache,38,22,56,1,1,1,4.71,"{""d2c_conf_mode"": ""live"", ""d2c_k"": 8, ""d2c_rollout_p"": 0.05, ""d2c_sigma"": 10.0}"
d2cache,38,24,61,1,1,1,4.54,"{""d2c_conf_mode"": ""live"", ""d2c_k"": 8, ""d2c_rollout_p"": 0.05, ""d2c_sigma"": 10.0}"
d2cache,38,26,67,0,1,0,4.45,"{""d2c_conf_mode"": ""live"", ""d2c_k"": 8, ""d2c_rollout_p"": 0.05, ""d2c_sigma"": 10.0}"
d2cache,38,28,72,1,1,1,4.26,"{""d2c_conf_mode"": ""live"", ""d2c_k"": 8, ""d2c_rollout_p"": 0.05, ""d2c_sigma"": 10.0}"
d2cache,38,32,82,1,1,1,4.05,"{""d2c_conf_mode"": ""live"", ""d2c_k"": 8, ""d2c_rollout_p"": 0.05, ""d2c_sigma"": 10.0}"
d2cache,38,34,87,1,1,1,3.94,"{""d2c_conf_mode"": ""live"", ""d2c_k"": 8, ""d2c_rollout_p"": 0.05, ""d2c_sigma"": 10.0}"
d2cache,38,36,92,1,1,1,3.81,"{""d2c_conf_mode"": ""live"", ""d2c_k"": 8, ""d2c_rollout_p"": 0.05, ""d2c_sigma"": 10.0}"
d2cache,38,38,97,1,1,1,3.69,"{""d2c_conf_mode"": ""live"", ""d2c_k"": 8, ""d2c_rollout_p"": 0.05, ""d2c_sigma"": 10.0}"
d2cache,38,42,108,1,1,1,3.42,"{""d2c_conf_mode"": ""live"", ""d2c_k"": 8, ""d2c_rollout_p"": 0.05, ""d2c_sigma"": 10.0}"
d2cache,38,44,113,1,1,1,3.32,"{""d2c_conf_mode"": ""live"", ""d2c_k"": 8, ""d2c_rollout_p"": 0.05, ""d2c_sigma"": 10.0}"
d2cache,38,46,118,1,1,1,3.19,"{""d2c_conf_mode"": ""live"", ""d2c_k"": 8, ""d2c_rollout_p"": 0.05, ""d2c_sigma"": 10.0}"
d2cache,38,48,123,1,1,1,3.1,"{""d2c_conf_mode"": ""live"", ""d2c_k"": 8, ""d2c_rollout_p"": 0.05, ""d2c_sigma"": 10.0}"
d2cache,38,52,133,1,1,1,2.87,"{""d2c_conf_mode"": ""live"", ""d2c_k"": 8, ""d2c_rollout_p"": 0.05, ""d2c_sigma"": 10.0}"
d2cache,38,54,138,1,1,1,2.76,"{""d2c_conf_mode"": ""live"", ""d2c_k"": 8, ""d2c_rollout_p"": 0.05, ""d2c_sigma"": 10.0}"
d2cache,38,56,143,1,1,1,2.68,"{""d2c_conf_mode"": ""live"", ""d2c_k"": 8, ""d2c_rollout_p"": 0.05, ""d2c_sigma"": 10.0}"
d2cache,38,58,148,1,1,1,2.54,"{""d2c_conf_mode"": ""live"", ""d2c_k"": 8, ""d2c_rollout_p"": 0.05, ""d2c_sigma"": 10.0}"
d2cache,38,62,159,1,1,1,2.32,"{""d2c_conf_mode"": ""live"", ""d2c_k"": 8, ""d2c_rollout_p"": 0.05, ""d2c_sigma"": 10.0}"
d2cache,38,64,164,1,1,1,2.22,"{""d2c_conf_mode"": ""live"", ""d2c_k"": 8, ""d2c_rollout_p"": 0.05, ""d2c_sigma"": 10.0}"
d2cache,38,66,169,1,1,1,2.1,"{""d2c_conf_mode"": ""live"", ""d2c_k"": 8, ""d2c_rollout_p"": 0.05, ""d2c_sigma"": 10.0}"
d2cache,38,68,174,1,1,1,1.98,"{""d2c_conf_mode"": ""live"", ""d2c_k"": 8, ""d2c_rollout_p"": 0.05, ""d2c_sigma"": 10.0}"
d2cache,38,72,184,1,1,1,1.76,"{""d2c_conf_mode"": ""live"", ""d2c_k"": 8, ""d2c_rollout_p"": 0.05, ""d2c_sigma"": 10.0}"
d2cache,38,74,189,1,1,1,1.65,"{""d2c_conf_mode"": ""live"", ""d2c_k"": 8, ""d2c_rollout_p"": 0.05, ""d2c_sigma"": 10.0}"
d2cache,38,76,195,1,1,1,1.51,"{""d2c_conf_mode"": ""live"", ""d2c_k"": 8, ""d2c_rollout_p"": 0.05, ""d2c_sigma"": 10.0}"
d2cache,38,78,200,1,1,1,1.4,"{""d2c_conf_mode"": ""live"", ""d2c_k"": 8, ""d2c_rollout_p"": 0.05, ""d2c_sigma"": 10.0}"
d2cache,38,82,210,1,1,1,1.16,"{""d2c_conf_mode"": ""live"", ""d2c_k"": 8, ""d2c_rollout_p"": 0.05, ""d2c_sigma"": 10.0}"
d2cache,38,84,215,1,1,1,1.05,"{""d2c_conf_mode"": ""live"", ""d2c_k"": 8, ""d2c_rollout_p"": 0.05, ""d2c_sigma"": 10.0}"
d2cache,38,86,220,1,1,1,0.93,"{""d2c_conf_mode"": ""live"", ""d2c_k"": 8, ""d2c_rollout_p"": 0.05, ""d2c_sigma"": 10.0}"
d2cache,38,88,225,1,1,1,0.82,"{""d2c_conf_mode"": ""live"", ""d2c_k"": 8, ""d2c_rollout_p"": 0.05, ""d2c_sigma"": 10.0}"
d2cache,40,2,5,1,1,1,6.21,"{""d2c_conf_mode"": ""live"", ""d2c_k"": 8, ""d2c_rollout_p"": 0.05, ""d2c_sigma"": 10.0}"
d2cache,40,4,10,1,1,1,6.09,"{""d2c_conf_mode"": ""live"", ""d2c_k"": 8, ""d2c_rollout_p"": 0.05, ""d2c_sigma"": 10.0}"
d2cache,40,6,15,1,1,1,5.98,"{""d2c_conf_mode"": ""live"", ""d2c_k"": 8, ""d2c_rollout_p"": 0.05, ""d2c_sigma"": 10.0}"
d2cache,40,8,20,1,1,1,5.84,"{""d2c_conf_mode"": ""live"", ""d2c_k"": 8, ""d2c_rollout_p"": 0.05, ""d2c_sigma"": 10.0}"
d2cache,40,12,31,1,1,1,5.59,"{""d2c_conf_mode"": ""live"", ""d2c_k"": 8, ""d2c_rollout_p"": 0.05, ""d2c_sigma"": 10.0}"
d2cache,40,14,36,1,1,1,5.46,"{""d2c_conf_mode"": ""live"", ""d2c_k"": 8, ""d2c_rollout_p"": 0.05, ""d2c_sigma"": 10.0}"
d2cache,40,16,41,1,1,1,5.33,"{""d2c_conf_mode"": ""live"", ""d2c_k"": 8, ""d2c_rollout_p"": 0.05, ""d2c_sigma"": 10.0}"
d2cache,40,18,46,1,1,1,5.19,"{""d2c_conf_mode"": ""live"", ""d2c_k"": 8, ""d2c_rollout_p"": 0.05, ""d2c_sigma"": 10.0}"
d2cache,40,22,56,1,1,1,4.94,"{""d2c_conf_mode"": ""live"", ""d2c_k"": 8, ""d2c_rollout_p"": 0.05, ""d2c_sigma"": 10.0}"
d2cache,40,24,61,1,1,1,4.83,"{""d2c_conf_mode"": ""live"", ""d2c_k"": 8, ""d2c_rollout_p"": 0.05, ""d2c_sigma"": 10.0}"
d2cache,40,26,67,1,1,1,4.69,"{""d2c_conf_mode"": ""live"", ""d2c_k"": 8, ""d2c_rollout_p"": 0.05, ""d2c_sigma"": 10.0}"
d2cache,40,28,72,1,1,1,4.59,"{""d2c_conf_mode"": ""live"", ""d2c_k"": 8, ""d2c_rollout_p"": 0.05, ""d2c_sigma"": 10.0}"
d2cache,40,32,82,1,1,1,4.32,"{""d2c_conf_mode"": ""live"", ""d2c_k"": 8, ""d2c_rollout_p"": 0.05, ""d2c_sigma"": 10.0}"
d2cache,40,34,87,1,1,1,4.21,"{""d2c_conf_mode"": ""live"", ""d2c_k"": 8, ""d2c_rollout_p"": 0.05, ""d2c_sigma"": 10.0}"
d2cache,40,36,92,1,1,1,4.1,"{""d2c_conf_mode"": ""live"", ""d2c_k"": 8, ""d2c_rollout_p"": 0.05, ""d2c_sigma"": 10.0}"
d2cache,40,38,97,1,1,1,3.97,"{""d2c_conf_mode"": ""live"", ""d2c_k"": 8, ""d2c_rollout_p"": 0.05, ""d2c_sigma"": 10.0}"
d2cache,40,42,108,1,1,1,3.71,"{""d2c_conf_mode"": ""live"", ""d2c_k"": 8, ""d2c_rollout_p"": 0.05, ""d2c_sigma"": 10.0}"
d2cache,40,44,113,1,1,1,3.59,"{""d2c_conf_mode"": ""live"", ""d2c_k"": 8, ""d2c_rollout_p"": 0.05, ""d2c_sigma"": 10.0}"
d2cache,40,46,118,1,1,1,3.47,"{""d2c_conf_mode"": ""live"", ""d2c_k"": 8, ""d2c_rollout_p"": 0.05, ""d2c_sigma"": 10.0}"
d2cache,40,48,123,1,1,1,3.36,"{""d2c_conf_mode"": ""live"", ""d2c_k"": 8, ""d2c_rollout_p"": 0.05, ""d2c_sigma"": 10.0}"
d2cache,40,52,133,1,1,1,3.12,"{""d2c_conf_mode"": ""live"", ""d2c_k"": 8, ""d2c_rollout_p"": 0.05, ""d2c_sigma"": 10.0}"
d2cache,40,54,138,1,1,1,3.0,"{""d2c_conf_mode"": ""live"", ""d2c_k"": 8, ""d2c_rollout_p"": 0.05, ""d2c_sigma"": 10.0}"
d2cache,40,56,143,1,1,1,2.88,"{""d2c_conf_mode"": ""live"", ""d2c_k"": 8, ""d2c_rollout_p"": 0.05, ""d2c_sigma"": 10.0}"
d2cache,40,58,148,1,1,1,2.76,"{""d2c_conf_mode"": ""live"", ""d2c_k"": 8, ""d2c_rollout_p"": 0.05, ""d2c_sigma"": 10.0}"
d2cache,40,62,159,1,1,1,2.49,"{""d2c_conf_mode"": ""live"", ""d2c_k"": 8, ""d2c_rollout_p"": 0.05, ""d2c_sigma"": 10.0}"
d2cache,40,64,164,1,1,1,2.37,"{""d2c_conf_mode"": ""live"", ""d2c_k"": 8, ""d2c_rollout_p"": 0.05, ""d2c_sigma"": 10.0}"
d2cache,40,66,169,1,1,1,2.25,"{""d2c_conf_mode"": ""live"", ""d2c_k"": 8, ""d2c_rollout_p"": 0.05, ""d2c_sigma"": 10.0}"
d2cache,40,68,174,1,1,1,2.13,"{""d2c_conf_mode"": ""live"", ""d2c_k"": 8, ""d2c_rollout_p"": 0.05, ""d2c_sigma"": 10.0}"
d2cache,40,72,184,1,1,1,1.88,"{""d2c_conf_mode"": ""live"", ""d2c_k"": 8, ""d2c_rollout_p"": 0.05, ""d2c_sigma"": 10.0}"
d2cache,40,74,189,1,1,1,1.76,"{""d2c_conf_mode"": ""live"", ""d2c_k"": 8, ""d2c_rollout_p"": 0.05, ""d2c_sigma"": 10.0}"
d2cache,40,76,195,1,1,1,1.62,"{""d2c_conf_mode"": ""live"", ""d2c_k"": 8, ""d2c_rollout_p"": 0.05, ""d2c_sigma"": 10.0}"
d2cache,40,78,200,1,1,1,1.5,"{""d2c_conf_mode"": ""live"", ""d2c_k"": 8, ""d2c_rollout_p"": 0.05, ""d2c_sigma"": 10.0}"
d2cache,40,82,210,1,1,1,1.25,"{""d2c_conf_mode"": ""live"", ""d2c_k"": 8, ""d2c_rollout_p"": 0.05, ""d2c_sigma"": 10.0}"
d2cache,40,84,215,1,1,1,1.13,"{""d2c_conf_mode"": ""live"", ""d2c_k"": 8, ""d2c_rollout_p"": 0.05, ""d2c_sigma"": 10.0}"
d2cache,40,86,220,1,1,1,1.01,"{""d2c_conf_mode"": ""live"", ""d2c_k"": 8, ""d2c_rollout_p"": 0.05, ""d2c_sigma"": 10.0}"
d2cache,40,88,225,1,1,1,0.89,"{""d2c_conf_mode"": ""live"", ""d2c_k"": 8, ""d2c_rollout_p"": 0.05, ""d2c_sigma"": 10.0}"
d2cache,41,2,5,1,1,1,6.58,"{""d2c_conf_mode"": ""live"", ""d2c_k"": 8, ""d2c_rollout_p"": 0.05, ""d2c_sigma"": 10.0}"
d2cache,41,4,10,1,1,1,6.45,"{""d2c_conf_mode"": ""live"", ""d2c_k"": 8, ""d2c_rollout_p"": 0.05, ""d2c_sigma"": 10.0}"
d2cache,41,6,15,1,1,1,6.32,"{""d2c_conf_mode"": ""live"", ""d2c_k"": 8, ""d2c_rollout_p"": 0.05, ""d2c_sigma"": 10.0}"
d2cache,41,8,20,1,1,1,6.19,"{""d2c_conf_mode"": ""live"", ""d2c_k"": 8, ""d2c_rollout_p"": 0.05, ""d2c_sigma"": 10.0}"
d2cache,41,12,31,1,1,1,5.87,"{""d2c_conf_mode"": ""live"", ""d2c_k"": 8, ""d2c_rollout_p"": 0.05, ""d2c_sigma"": 10.0}"
d2cache,41,14,36,1,1,1,5.75,"{""d2c_conf_mode"": ""live"", ""d2c_k"": 8, ""d2c_rollout_p"": 0.05, ""d2c_sigma"": 10.0}"
d2cache,41,16,41,1,1,1,5.65,"{""d2c_conf_mode"": ""live"", ""d2c_k"": 8, ""d2c_rollout_p"": 0.05, ""d2c_sigma"": 10.0}"
d2cache,41,18,46,0,1,0,5.52,"{""d2c_conf_mode"": ""live"", ""d2c_k"": 8, ""d2c_rollout_p"": 0.05, ""d2c_sigma"": 10.0}"
d2cache,41,22,56,1,1,1,5.27,"{""d2c_conf_mode"": ""live"", ""d2c_k"": 8, ""d2c_rollout_p"": 0.05, ""d2c_sigma"": 10.0}"
d2cache,41,24,61,1,1,1,5.14,"{""d2c_conf_mode"": ""live"", ""d2c_k"": 8, ""d2c_rollout_p"": 0.05, ""d2c_sigma"": 10.0}"
d2cache,41,26,67,1,1,1,4.98,"{""d2c_conf_mode"": ""live"", ""d2c_k"": 8, ""d2c_rollout_p"": 0.05, ""d2c_sigma"": 10.0}"
d2cache,41,28,72,1,1,1,4.82,"{""d2c_conf_mode"": ""live"", ""d2c_k"": 8, ""d2c_rollout_p"": 0.05, ""d2c_sigma"": 10.0}"
d2cache,41,32,82,1,1,1,4.6,"{""d2c_conf_mode"": ""live"", ""d2c_k"": 8, ""d2c_rollout_p"": 0.05, ""d2c_sigma"": 10.0}"
d2cache,41,34,87,1,1,1,4.47,"{""d2c_conf_mode"": ""live"", ""d2c_k"": 8, ""d2c_rollout_p"": 0.05, ""d2c_sigma"": 10.0}"
d2cache,41,36,92,1,1,1,4.35,"{""d2c_conf_mode"": ""live"", ""d2c_k"": 8, ""d2c_rollout_p"": 0.05, ""d2c_sigma"": 10.0}"
d2cache,41,38,97,1,1,1,4.22,"{""d2c_conf_mode"": ""live"", ""d2c_k"": 8, ""d2c_rollout_p"": 0.05, ""d2c_sigma"": 10.0}"
d2cache,41,42,108,1,1,1,3.94,"{""d2c_conf_mode"": ""live"", ""d2c_k"": 8, ""d2c_rollout_p"": 0.05, ""d2c_sigma"": 10.0}"
d2cache,41,44,113,1,1,1,3.8,"{""d2c_conf_mode"": ""live"", ""d2c_k"": 8, ""d2c_rollout_p"": 0.05, ""d2c_sigma"": 10.0}"
d2cache,41,46,118,1,1,1,3.67,"{""d2c_conf_mode"": ""live"", ""d2c_k"": 8, ""d2c_rollout_p"": 0.05, ""d2c_sigma"": 10.0}"
d2cache,41,48,123,1,1,1,3.55,"{""d2c_conf_mode"": ""live"", ""d2c_k"": 8, ""d2c_rollout_p"": 0.05, ""d2c_sigma"": 10.0}"
d2cache,41,52,133,1,1,1,3.29,"{""d2c_conf_mode"": ""live"", ""d2c_k"": 8, ""d2c_rollout_p"": 0.05, ""d2c_sigma"": 10.0}"
d2cache,41,54,138,1,1,1,3.16,"{""d2c_conf_mode"": ""live"", ""d2c_k"": 8, ""d2c_rollout_p"": 0.05, ""d2c_sigma"": 10.0}"
d2cache,41,56,143,1,1,1,3.03,"{""d2c_conf_mode"": ""live"", ""d2c_k"": 8, ""d2c_rollout_p"": 0.05, ""d2c_sigma"": 10.0}"
d2cache,41,58,148,1,1,1,2.91,"{""d2c_conf_mode"": ""live"", ""d2c_k"": 8, ""d2c_rollout_p"": 0.05, ""d2c_sigma"": 10.0}"
d2cache,41,62,159,1,1,1,2.63,"{""d2c_conf_mode"": ""live"", ""d2c_k"": 8, ""d2c_rollout_p"": 0.05, ""d2c_sigma"": 10.0}"
d2cache,41,64,164,1,1,1,2.5,"{""d2c_conf_mode"": ""live"", ""d2c_k"": 8, ""d2c_rollout_p"": 0.05, ""d2c_sigma"": 10.0}"
d2cache,41,66,169,1,1,1,2.37,"{""d2c_conf_mode"": ""live"", ""d2c_k"": 8, ""d2c_rollout_p"": 0.05, ""d2c_sigma"": 10.0}"
d2cache,41,68,174,1,1,1,2.25,"{""d2c_conf_mode"": ""live"", ""d2c_k"": 8, ""d2c_rollout_p"": 0.05, ""d2c_sigma"": 10.0}"
d2cache,41,72,184,1,1,1,1.99,"{""d2c_conf_mode"": ""live"", ""d2c_k"": 8, ""d2c_rollout_p"": 0.05, ""d2c_sigma"": 10.0}"
d2cache,41,74,189,1,1,1,1.86,"{""d2c_conf_mode"": ""live"", ""d2c_k"": 8, ""d2c_rollout_p"": 0.05, ""d2c_sigma"": 10.0}"
d2cache,41,76,195,1,1,1,1.7,"{""d2c_conf_mode"": ""live"", ""d2c_k"": 8, ""d2c_rollout_p"": 0.05, ""d2c_sigma"": 10.0}"
d2cache,41,78,200,1,1,1,1.58,"{""d2c_conf_mode"": ""live"", ""d2c_k"": 8, ""d2c_rollout_p"": 0.05, ""d2c_sigma"": 10.0}"
d2cache,41,82,210,1,1,1,1.32,"{""d2c_conf_mode"": ""live"", ""d2c_k"": 8, ""d2c_rollout_p"": 0.05, ""d2c_sigma"": 10.0}"
d2cache,41,84,215,1,1,1,1.2,"{""d2c_conf_mode"": ""live"", ""d2c_k"": 8, ""d2c_rollout_p"": 0.05, ""d2c_sigma"": 10.0}"
d2cache,41,86,220,1,1,1,1.07,"{""d2c_conf_mode"": ""live"", ""d2c_k"": 8, ""d2c_rollout_p"": 0.05, ""d2c_sigma"": 10.0}"
d2cache,41,88,225,1,1,1,0.94,"{""d2c_conf_mode"": ""live"", ""d2c_k"": 8, ""d2c_rollout_p"": 0.05, ""d2c_sigma"": 10.0}"
d2cache,42,2,5,1,1,1,6.09,"{""d2c_conf_mode"": ""live"", ""d2c_k"": 8, ""d2c_rollout_p"": 0.05, ""d2c_sigma"": 10.0}"
d2cache,42,4,10,1,1,1,6.01,"{""d2c_conf_mode"": ""live"", ""d2c_k"": 8, ""d2c_rollout_p"": 0.05, ""d2c_sigma"": 10.0}"
d2cache,42,6,15,1,1,1,5.87,"{""d2c_conf_mode"": ""live"", ""d2c_k"": 8, ""d2c_rollout_p"": 0.05, ""d2c_sigma"": 10.0}"
d2cache,42,8,20,1,1,1,5.68,"{""d2c_conf_mode"": ""live"", ""d2c_k"": 8, ""d2c_rollout_p"": 0.05, ""d2c_sigma"": 10.0}"
d2cache,42,12,31,1,1,1,5.43,"{""d2c_conf_mode"": ""live"", ""d2c_k"": 8, ""d2c_rollout_p"": 0.05, ""d2c_sigma"": 10.0}"
d2cache,42,14,36,1,1,1,5.3,"{""d2c_conf_mode"": ""live"", ""d2c_k"": 8, ""d2c_rollout_p"": 0.05, ""d2c_sigma"": 10.0}"
d2cache,42,16,41,1,1,1,5.27,"{""d2c_conf_mode"": ""live"", ""d2c_k"": 8, ""d2c_rollout_p"": 0.05, ""d2c_sigma"": 10.0}"
d2cache,42,18,46,1,1,1,5.15,"{""d2c_conf_mode"": ""live"", ""d2c_k"": 8, ""d2c_rollout_p"": 0.05, ""d2c_sigma"": 10.0}"
d2cache,42,22,56,1,1,1,4.87,"{""d2c_conf_mode"": ""live"", ""d2c_k"": 8, ""d2c_rollout_p"": 0.05, ""d2c_sigma"": 10.0}"
d2cache,42,24,61,1,1,1,4.8,"{""d2c_conf_mode"": ""live"", ""d2c_k"": 8, ""d2c_rollout_p"": 0.05, ""d2c_sigma"": 10.0}"
d2cache,42,26,67,1,1,1,4.61,"{""d2c_conf_mode"": ""live"", ""d2c_k"": 8, ""d2c_rollout_p"": 0.05, ""d2c_sigma"": 10.0}"
d2cache,42,28,72,1,1,1,4.44,"{""d2c_conf_mode"": ""live"", ""d2c_k"": 8, ""d2c_rollout_p"": 0.05, ""d2c_sigma"": 10.0}"
d2cache,42,32,82,1,1,1,4.18,"{""d2c_conf_mode"": ""live"", ""d2c_k"": 8, ""d2c_rollout_p"": 0.05, ""d2c_sigma"": 10.0}"
d2cache,42,34,87,1,1,1,4.11,"{""d2c_conf_mode"": ""live"", ""d2c_k"": 8, ""d2c_rollout_p"": 0.05, ""d2c_sigma"": 10.0}"
d2cache,42,36,92,1,1,1,3.94,"{""d2c_conf_mode"": ""live"", ""d2c_k"": 8, ""d2c_rollout_p"": 0.05, ""d2c_sigma"": 10.0}"
d2cache,42,38,97,1,1,1,3.86,"{""d2c_conf_mode"": ""live"", ""d2c_k"": 8, ""d2c_rollout_p"": 0.05, ""d2c_sigma"": 10.0}"
d2cache,42,42,108,1,1,1,3.57,"{""d2c_conf_mode"": ""live"", ""d2c_k"": 8, ""d2c_rollout_p"": 0.05, ""d2c_sigma"": 10.0}"
d2cache,42,44,113,1,1,1,3.44,"{""d2c_conf_mode"": ""live"", ""d2c_k"": 8, ""d2c_rollout_p"": 0.05, ""d2c_sigma"": 10.0}"
d2cache,42,46,118,1,1,1,3.33,"{""d2c_conf_mode"": ""live"", ""d2c_k"": 8, ""d2c_rollout_p"": 0.05, ""d2c_sigma"": 10.0}"
d2cache,42,48,123,1,1,1,3.21,"{""d2c_conf_mode"": ""live"", ""d2c_k"": 8, ""d2c_rollout_p"": 0.05, ""d2c_sigma"": 10.0}"
d2cache,42,52,133,1,1,1,2.99,"{""d2c_conf_mode"": ""live"", ""d2c_k"": 8, ""d2c_rollout_p"": 0.05, ""d2c_sigma"": 10.0}"
d2cache,42,54,138,1,1,1,2.87,"{""d2c_conf_mode"": ""live"", ""d2c_k"": 8, ""d2c_rollout_p"": 0.05, ""d2c_sigma"": 10.0}"
d2cache,42,56,143,1,1,1,2.76,"{""d2c_conf_mode"": ""live"", ""d2c_k"": 8, ""d2c_rollout_p"": 0.05, ""d2c_sigma"": 10.0}"
d2cache,42,58,148,1,1,1,2.64,"{""d2c_conf_mode"": ""live"", ""d2c_k"": 8, ""d2c_rollout_p"": 0.05, ""d2c_sigma"": 10.0}"
d2cache,42,62,159,1,1,1,2.41,"{""d2c_conf_mode"": ""live"", ""d2c_k"": 8, ""d2c_rollout_p"": 0.05, ""d2c_sigma"": 10.0}"
d2cache,42,64,164,1,1,1,2.3,"{""d2c_conf_mode"": ""live"", ""d2c_k"": 8, ""d2c_rollout_p"": 0.05, ""d2c_sigma"": 10.0}"
d2cache,42,66,169,1,1,1,2.19,"{""d2c_conf_mode"": ""live"", ""d2c_k"": 8, ""d2c_rollout_p"": 0.05, ""d2c_sigma"": 10.0}"
d2cache,42,68,174,1,1,1,2.06,"{""d2c_conf_mode"": ""live"", ""d2c_k"": 8, ""d2c_rollout_p"": 0.05, ""d2c_sigma"": 10.0}"
d2cache,42,72,184,1,1,1,1.83,"{""d2c_conf_mode"": ""live"", ""d2c_k"": 8, ""d2c_rollout_p"": 0.05, ""d2c_sigma"": 10.0}"
d2cache,42,74,189,1,1,1,1.72,"{""d2c_conf_mode"": ""live"", ""d2c_k"": 8, ""d2c_rollout_p"": 0.05, ""d2c_sigma"": 10.0}"
d2cache,42,76,195,1,1,1,1.57,"{""d2c_conf_mode"": ""live"", ""d2c_k"": 8, ""d2c_rollout_p"": 0.05, ""d2c_sigma"": 10.0}"
d2cache,42,78,200,1,1,1,1.45,"{""d2c_conf_mode"": ""live"", ""d2c_k"": 8, ""d2c_rollout_p"": 0.05, ""d2c_sigma"": 10.0}"
d2cache,42,82,210,1,1,1,1.21,"{""d2c_conf_mode"": ""live"", ""d2c_k"": 8, ""d2c_rollout_p"": 0.05, ""d2c_sigma"": 10.0}"
d2cache,42,84,215,1,1,1,1.09,"{""d2c_conf_mode"": ""live"", ""d2c_k"": 8, ""d2c_rollout_p"": 0.05, ""d2c_sigma"": 10.0}"
d2cache,42,86,220,1,1,1,0.97,"{""d2c_conf_mode"": ""live"", ""d2c_k"": 8, ""d2c_rollout_p"": 0.05, ""d2c_sigma"": 10.0}"
d2cache,42,88,225,1,1,1,0.85,"{""d2c_conf_mode"": ""live"", ""d2c_k"": 8, ""d2c_rollout_p"": 0.05, ""d2c_sigma"": 10.0}"
d2cache,45,2,5,1,1,1,6.56,"{""d2c_conf_mode"": ""live"", ""d2c_k"": 8, ""d2c_rollout_p"": 0.05, ""d2c_sigma"": 10.0}"
d2cache,45,4,10,1,1,1,6.44,"{""d2c_conf_mode"": ""live"", ""d2c_k"": 8, ""d2c_rollout_p"": 0.05, ""d2c_sigma"": 10.0}"
d2cache,45,6,15,1,1,1,6.31,"{""d2c_conf_mode"": ""live"", ""d2c_k"": 8, ""d2c_rollout_p"": 0.05, ""d2c_sigma"": 10.0}"
d2cache,45,8,20,1,1,1,6.18,"{""d2c_conf_mode"": ""live"", ""d2c_k"": 8, ""d2c_rollout_p"": 0.05, ""d2c_sigma"": 10.0}"
d2cache,45,12,31,1,1,1,5.91,"{""d2c_conf_mode"": ""live"", ""d2c_k"": 8, ""d2c_rollout_p"": 0.05, ""d2c_sigma"": 10.0}"
d2cache,45,14,36,0,0,1,5.78,"{""d2c_conf_mode"": ""live"", ""d2c_k"": 8, ""d2c_rollout_p"": 0.05, ""d2c_sigma"": 10.0}"
d2cache,45,16,41,1,1,1,5.65,"{""d2c_conf_mode"": ""live"", ""d2c_k"": 8, ""d2c_rollout_p"": 0.05, ""d2c_sigma"": 10.0}"
d2cache,45,18,46,1,1,1,5.53,"{""d2c_conf_mode"": ""live"", ""d2c_k"": 8, ""d2c_rollout_p"": 0.05, ""d2c_sigma"": 10.0}"
d2cache,45,22,56,1,1,1,5.27,"{""d2c_conf_mode"": ""live"", ""d2c_k"": 8, ""d2c_rollout_p"": 0.05, ""d2c_sigma"": 10.0}"
d2cache,45,24,61,0,0,0,5.14,"{""d2c_conf_mode"": ""live"", ""d2c_k"": 8, ""d2c_rollout_p"": 0.05, ""d2c_sigma"": 10.0}"
d2cache,45,26,67,1,1,1,4.99,"{""d2c_conf_mode"": ""live"", ""d2c_k"": 8, ""d2c_rollout_p"": 0.05, ""d2c_sigma"": 10.0}"
d2cache,45,28,72,1,1,1,4.86,"{""d2c_conf_mode"": ""live"", ""d2c_k"": 8, ""d2c_rollout_p"": 0.05, ""d2c_sigma"": 10.0}"
d2cache,45,32,82,1,1,1,4.6,"{""d2c_conf_mode"": ""live"", ""d2c_k"": 8, ""d2c_rollout_p"": 0.05, ""d2c_sigma"": 10.0}"
d2cache,45,34,87,1,1,1,4.47,"{""d2c_conf_mode"": ""live"", ""d2c_k"": 8, ""d2c_rollout_p"": 0.05, ""d2c_sigma"": 10.0}"
d2cache,45,36,92,0,1,0,4.34,"{""d2c_conf_mode"": ""live"", ""d2c_k"": 8, ""d2c_rollout_p"": 0.05, ""d2c_sigma"": 10.0}"
d2cache,45,38,97,1,1,1,4.21,"{""d2c_conf_mode"": ""live"", ""d2c_k"": 8, ""d2c_rollout_p"": 0.05, ""d2c_sigma"": 10.0}"
d2cache,45,42,108,1,1,1,3.93,"{""d2c_conf_mode"": ""live"", ""d2c_k"": 8, ""d2c_rollout_p"": 0.05, ""d2c_sigma"": 10.0}"
d2cache,45,44,113,1,1,1,3.8,"{""d2c_conf_mode"": ""live"", ""d2c_k"": 8, ""d2c_rollout_p"": 0.05, ""d2c_sigma"": 10.0}"
d2cache,45,46,118,0,1,0,3.68,"{""d2c_conf_mode"": ""live"", ""d2c_k"": 8, ""d2c_rollout_p"": 0.05, ""d2c_sigma"": 10.0}"
d2cache,45,48,123,1,1,1,3.55,"{""d2c_conf_mode"": ""live"", ""d2c_k"": 8, ""d2c_rollout_p"": 0.05, ""d2c_sigma"": 10.0}"
d2cache,45,52,133,1,1,1,3.29,"{""d2c_conf_mode"": ""live"", ""d2c_k"": 8, ""d2c_rollout_p"": 0.05, ""d2c_sigma"": 10.0}"
d2cache,45,54,138,1,1,1,3.17,"{""d2c_conf_mode"": ""live"", ""d2c_k"": 8, ""d2c_rollout_p"": 0.05, ""d2c_sigma"": 10.0}"
d2cache,45,56,143,1,1,1,3.04,"{""d2c_conf_mode"": ""live"", ""d2c_k"": 8, ""d2c_rollout_p"": 0.05, ""d2c_sigma"": 10.0}"
d2cache,45,58,148,1,1,1,2.91,"{""d2c_conf_mode"": ""live"", ""d2c_k"": 8, ""d2c_rollout_p"": 0.05, ""d2c_sigma"": 10.0}"
d2cache,45,62,159,1,1,1,2.63,"{""d2c_conf_mode"": ""live"", ""d2c_k"": 8, ""d2c_rollout_p"": 0.05, ""d2c_sigma"": 10.0}"
d2cache,45,64,164,1,1,1,2.5,"{""d2c_conf_mode"": ""live"", ""d2c_k"": 8, ""d2c_rollout_p"": 0.05, ""d2c_sigma"": 10.0}"
d2cache,45,66,169,1,1,1,2.37,"{""d2c_conf_mode"": ""live"", ""d2c_k"": 8, ""d2c_rollout_p"": 0.05, ""d2c_sigma"": 10.0}"
d2cache,45,68,174,1,1,1,2.24,"{""d2c_conf_mode"": ""live"", ""d2c_k"": 8, ""d2c_rollout_p"": 0.05, ""d2c_sigma"": 10.0}"
d2cache,45,72,184,1,1,1,1.99,"{""d2c_conf_mode"": ""live"", ""d2c_k"": 8, ""d2c_rollout_p"": 0.05, ""d2c_sigma"": 10.0}"
d2cache,45,74,189,1,1,1,1.86,"{""d2c_conf_mode"": ""live"", ""d2c_k"": 8, ""d2c_rollout_p"": 0.05, ""d2c_sigma"": 10.0}"
d2cache,45,76,195,1,1,1,1.7,"{""d2c_conf_mode"": ""live"", ""d2c_k"": 8, ""d2c_rollout_p"": 0.05, ""d2c_sigma"": 10.0}"
d2cache,45,78,200,1,1,1,1.58,"{""d2c_conf_mode"": ""live"", ""d2c_k"": 8, ""d2c_rollout_p"": 0.05, ""d2c_sigma"": 10.0}"
d2cache,45,82,210,1,1,1,1.32,"{""d2c_conf_mode"": ""live"", ""d2c_k"": 8, ""d2c_rollout_p"": 0.05, ""d2c_sigma"": 10.0}"
d2cache,45,84,215,1,1,1,1.19,"{""d2c_conf_mode"": ""live"", ""d2c_k"": 8, ""d2c_rollout_p"": 0.05, ""d2c_sigma"": 10.0}"
d2cache,45,86,220,1,1,1,1.06,"{""d2c_conf_mode"": ""live"", ""d2c_k"": 8, ""d2c_rollout_p"": 0.05, ""d2c_sigma"": 10.0}"
d2cache,45,88,225,1,1,1,0.93,"{""d2c_conf_mode"": ""live"", ""d2c_k"": 8, ""d2c_rollout_p"": 0.05, ""d2c_sigma"": 10.0}"
d2cache,48,2,5,1,1,1,6.12,"{""d2c_conf_mode"": ""live"", ""d2c_k"": 8, ""d2c_rollout_p"": 0.05, ""d2c_sigma"": 10.0}"
d2cache,48,4,10,1,1,1,6.02,"{""d2c_conf_mode"": ""live"", ""d2c_k"": 8, ""d2c_rollout_p"": 0.05, ""d2c_sigma"": 10.0}"
d2cache,48,6,15,1,1,1,5.87,"{""d2c_conf_mode"": ""live"", ""d2c_k"": 8, ""d2c_rollout_p"": 0.05, ""d2c_sigma"": 10.0}"
d2cache,48,8,20,1,1,1,5.74,"{""d2c_conf_mode"": ""live"", ""d2c_k"": 8, ""d2c_rollout_p"": 0.05, ""d2c_sigma"": 10.0}"
d2cache,48,12,31,1,1,1,5.38,"{""d2c_conf_mode"": ""live"", ""d2c_k"": 8, ""d2c_rollout_p"": 0.05, ""d2c_sigma"": 10.0}"
d2cache,48,14,36,1,1,1,5.41,"{""d2c_conf_mode"": ""live"", ""d2c_k"": 8, ""d2c_rollout_p"": 0.05, ""d2c_sigma"": 10.0}"
d2cache,48,16,41,1,1,1,5.18,"{""d2c_conf_mode"": ""live"", ""d2c_k"": 8, ""d2c_rollout_p"": 0.05, ""d2c_sigma"": 10.0}"
d2cache,48,18,46,1,1,1,5.17,"{""d2c_conf_mode"": ""live"", ""d2c_k"": 8, ""d2c_rollout_p"": 0.05, ""d2c_sigma"": 10.0}"
d2cache,48,22,56,1,1,1,4.87,"{""d2c_conf_mode"": ""live"", ""d2c_k"": 8, ""d2c_rollout_p"": 0.05, ""d2c_sigma"": 10.0}"
d2cache,48,24,61,1,1,1,4.75,"{""d2c_conf_mode"": ""live"", ""d2c_k"": 8, ""d2c_rollout_p"": 0.05, ""d2c_sigma"": 10.0}"
d2cache,48,26,67,1,1,1,4.6,"{""d2c_conf_mode"": ""live"", ""d2c_k"": 8, ""d2c_rollout_p"": 0.05, ""d2c_sigma"": 10.0}"
d2cache,48,28,72,1,1,1,4.47,"{""d2c_conf_mode"": ""live"", ""d2c_k"": 8, ""d2c_rollout_p"": 0.05, ""d2c_sigma"": 10.0}"
d2cache,48,32,82,1,1,1,4.24,"{""d2c_conf_mode"": ""live"", ""d2c_k"": 8, ""d2c_rollout_p"": 0.05, ""d2c_sigma"": 10.0}"
d2cache,48,34,87,1,1,1,4.07,"{""d2c_conf_mode"": ""live"", ""d2c_k"": 8, ""d2c_rollout_p"": 0.05, ""d2c_sigma"": 10.0}"
d2cache,48,36,92,1,1,1,3.96,"{""d2c_conf_mode"": ""live"", ""d2c_k"": 8, ""d2c_rollout_p"": 0.05, ""d2c_sigma"": 10.0}"
d2cache,48,38,97,1,1,1,3.9,"{""d2c_conf_mode"": ""live"", ""d2c_k"": 8, ""d2c_rollout_p"": 0.05, ""d2c_sigma"": 10.0}"
d2cache,48,42,108,1,1,1,3.58,"{""d2c_conf_mode"": ""live"", ""d2c_k"": 8, ""d2c_rollout_p"": 0.05, ""d2c_sigma"": 10.0}"
d2cache,48,44,113,1,1,1,3.48,"{""d2c_conf_mode"": ""live"", ""d2c_k"": 8, ""d2c_rollout_p"": 0.05, ""d2c_sigma"": 10.0}"
d2cache,48,46,118,1,1,1,3.35,"{""d2c_conf_mode"": ""live"", ""d2c_k"": 8, ""d2c_rollout_p"": 0.05, ""d2c_sigma"": 10.0}"
d2cache,48,48,123,1,1,1,3.28,"{""d2c_conf_mode"": ""live"", ""d2c_k"": 8, ""d2c_rollout_p"": 0.05, ""d2c_sigma"": 10.0}"
d2cache,48,52,133,1,1,1,3.01,"{""d2c_conf_mode"": ""live"", ""d2c_k"": 8, ""d2c_rollout_p"": 0.05, ""d2c_sigma"": 10.0}"
d2cache,48,54,138,1,1,1,2.87,"{""d2c_conf_mode"": ""live"", ""d2c_k"": 8, ""d2c_rollout_p"": 0.05, ""d2c_sigma"": 10.0}"
d2cache,48,56,143,1,1,1,2.76,"{""d2c_conf_mode"": ""live"", ""d2c_k"": 8, ""d2c_rollout_p"": 0.05, ""d2c_sigma"": 10.0}"
d2cache,48,58,148,1,1,1,2.64,"{""d2c_conf_mode"": ""live"", ""d2c_k"": 8, ""d2c_rollout_p"": 0.05, ""d2c_sigma"": 10.0}"
d2cache,48,62,159,1,1,1,2.42,"{""d2c_conf_mode"": ""live"", ""d2c_k"": 8, ""d2c_rollout_p"": 0.05, ""d2c_sigma"": 10.0}"
d2cache,48,64,164,1,1,1,2.28,"{""d2c_conf_mode"": ""live"", ""d2c_k"": 8, ""d2c_rollout_p"": 0.05, ""d2c_sigma"": 10.0}"
d2cache,48,66,169,1,1,1,2.18,"{""d2c_conf_mode"": ""live"", ""d2c_k"": 8, ""d2c_rollout_p"": 0.05, ""d2c_sigma"": 10.0}"
d2cache,48,68,174,1,1,1,2.04,"{""d2c_conf_mode"": ""live"", ""d2c_k"": 8, ""d2c_rollout_p"": 0.05, ""d2c_sigma"": 10.0}"
d2cache,48,72,184,1,1,1,1.82,"{""d2c_conf_mode"": ""live"", ""d2c_k"": 8, ""d2c_rollout_p"": 0.05, ""d2c_sigma"": 10.0}"
d2cache,48,74,189,1,1,1,1.7,"{""d2c_conf_mode"": ""live"", ""d2c_k"": 8, ""d2c_rollout_p"": 0.05, ""d2c_sigma"": 10.0}"
d2cache,48,76,195,1,1,1,1.55,"{""d2c_conf_mode"": ""live"", ""d2c_k"": 8, ""d2c_rollout_p"": 0.05, ""d2c_sigma"": 10.0}"
d2cache,48,78,200,1,1,1,1.45,"{""d2c_conf_mode"": ""live"", ""d2c_k"": 8, ""d2c_rollout_p"": 0.05, ""d2c_sigma"": 10.0}"
d2cache,48,82,210,1,1,1,1.21,"{""d2c_conf_mode"": ""live"", ""d2c_k"": 8, ""d2c_rollout_p"": 0.05, ""d2c_sigma"": 10.0}"
d2cache,48,84,215,1,1,1,1.09,"{""d2c_conf_mode"": ""live"", ""d2c_k"": 8, ""d2c_rollout_p"": 0.05, ""d2c_sigma"": 10.0}"
d2cache,48,86,220,1,1,1,0.97,"{""d2c_conf_mode"": ""live"", ""d2c_k"": 8, ""d2c_rollout_p"": 0.05, ""d2c_sigma"": 10.0}"
d2cache,48,88,225,1,1,1,0.85,"{""d2c_conf_mode"": ""live"", ""d2c_k"": 8, ""d2c_rollout_p"": 0.05, ""d2c_sigma"": 10.0}"
d2cache,49,2,5,1,1,1,6.26,"{""d2c_conf_mode"": ""live"", ""d2c_k"": 8, ""d2c_rollout_p"": 0.05, ""d2c_sigma"": 10.0}"
d2cache,49,4,10,1,1,1,6.14,"{""d2c_conf_mode"": ""live"", ""d2c_k"": 8, ""d2c_rollout_p"": 0.05, ""d2c_sigma"": 10.0}"
d2cache,49,6,15,1,1,1,6.02,"{""d2c_conf_mode"": ""live"", ""d2c_k"": 8, ""d2c_rollout_p"": 0.05, ""d2c_sigma"": 10.0}"
d2cache,49,8,20,1,1,1,5.9,"{""d2c_conf_mode"": ""live"", ""d2c_k"": 8, ""d2c_rollout_p"": 0.05, ""d2c_sigma"": 10.0}"
d2cache,49,12,31,1,1,1,5.63,"{""d2c_conf_mode"": ""live"", ""d2c_k"": 8, ""d2c_rollout_p"": 0.05, ""d2c_sigma"": 10.0}"
d2cache,49,14,36,1,1,1,5.5,"{""d2c_conf_mode"": ""live"", ""d2c_k"": 8, ""d2c_rollout_p"": 0.05, ""d2c_sigma"": 10.0}"
d2cache,49,16,41,1,1,1,5.37,"{""d2c_conf_mode"": ""live"", ""d2c_k"": 8, ""d2c_rollout_p"": 0.05, ""d2c_sigma"": 10.0}"
d2cache,49,18,46,1,1,1,5.26,"{""d2c_conf_mode"": ""live"", ""d2c_k"": 8, ""d2c_rollout_p"": 0.05, ""d2c_sigma"": 10.0}"
d2cache,49,22,56,1,1,1,5.02,"{""d2c_conf_mode"": ""live"", ""d2c_k"": 8, ""d2c_rollout_p"": 0.05, ""d2c_sigma"": 10.0}"
d2cache,49,24,61,1,1,1,4.9,"{""d2c_conf_mode"": ""live"", ""d2c_k"": 8, ""d2c_rollout_p"": 0.05, ""d2c_sigma"": 10.0}"
d2cache,49,26,67,1,1,1,4.74,"{""d2c_conf_mode"": ""live"", ""d2c_k"": 8, ""d2c_rollout_p"": 0.05, ""d2c_sigma"": 10.0}"
d2cache,49,28,72,1,1,1,4.62,"{""d2c_conf_mode"": ""live"", ""d2c_k"": 8, ""d2c_rollout_p"": 0.05, ""d2c_sigma"": 10.0}"
d2cache,49,32,82,1,1,1,4.38,"{""d2c_conf_mode"": ""live"", ""d2c_k"": 8, ""d2c_rollout_p"": 0.05, ""d2c_sigma"": 10.0}"
d2cache,49,34,87,1,1,1,4.26,"{""d2c_conf_mode"": ""live"", ""d2c_k"": 8, ""d2c_rollout_p"": 0.05, ""d2c_sigma"": 10.0}"
d2cache,49,36,92,1,1,1,4.13,"{""d2c_conf_mode"": ""live"", ""d2c_k"": 8, ""d2c_rollout_p"": 0.05, ""d2c_sigma"": 10.0}"
d2cache,49,38,97,1,1,1,4.0,"{""d2c_conf_mode"": ""live"", ""d2c_k"": 8, ""d2c_rollout_p"": 0.05, ""d2c_sigma"": 10.0}"
d2cache,49,42,108,1,1,1,3.74,"{""d2c_conf_mode"": ""live"", ""d2c_k"": 8, ""d2c_rollout_p"": 0.05, ""d2c_sigma"": 10.0}"
d2cache,49,44,113,1,1,1,3.62,"{""d2c_conf_mode"": ""live"", ""d2c_k"": 8, ""d2c_rollout_p"": 0.05, ""d2c_sigma"": 10.0}"
d2cache,49,46,118,1,1,1,3.5,"{""d2c_conf_mode"": ""live"", ""d2c_k"": 8, ""d2c_rollout_p"": 0.05, ""d2c_sigma"": 10.0}"
d2cache,49,48,123,1,1,1,3.36,"{""d2c_conf_mode"": ""live"", ""d2c_k"": 8, ""d2c_rollout_p"": 0.05, ""d2c_sigma"": 10.0}"
d2cache,49,52,133,1,1,1,3.12,"{""d2c_conf_mode"": ""live"", ""d2c_k"": 8, ""d2c_rollout_p"": 0.05, ""d2c_sigma"": 10.0}"
d2cache,49,54,138,1,1,1,2.98,"{""d2c_conf_mode"": ""live"", ""d2c_k"": 8, ""d2c_rollout_p"": 0.05, ""d2c_sigma"": 10.0}"
d2cache,49,56,143,1,1,1,2.88,"{""d2c_conf_mode"": ""live"", ""d2c_k"": 8, ""d2c_rollout_p"": 0.05, ""d2c_sigma"": 10.0}"
d2cache,49,58,148,1,1,1,2.76,"{""d2c_conf_mode"": ""live"", ""d2c_k"": 8, ""d2c_rollout_p"": 0.05, ""d2c_sigma"": 10.0}"
d2cache,49,62,159,1,1,1,2.49,"{""d2c_conf_mode"": ""live"", ""d2c_k"": 8, ""d2c_rollout_p"": 0.05, ""d2c_sigma"": 10.0}"
d2cache,49,64,164,1,1,1,2.37,"{""d2c_conf_mode"": ""live"", ""d2c_k"": 8, ""d2c_rollout_p"": 0.05, ""d2c_sigma"": 10.0}"
d2cache,49,66,169,1,1,1,2.25,"{""d2c_conf_mode"": ""live"", ""d2c_k"": 8, ""d2c_rollout_p"": 0.05, ""d2c_sigma"": 10.0}"
d2cache,49,68,174,1,1,1,2.13,"{""d2c_conf_mode"": ""live"", ""d2c_k"": 8, ""d2c_rollout_p"": 0.05, ""d2c_sigma"": 10.0}"
d2cache,49,72,184,1,1,1,1.88,"{""d2c_conf_mode"": ""live"", ""d2c_k"": 8, ""d2c_rollout_p"": 0.05, ""d2c_sigma"": 10.0}"
d2cache,49,74,189,1,1,1,1.75,"{""d2c_conf_mode"": ""live"", ""d2c_k"": 8, ""d2c_rollout_p"": 0.05, ""d2c_sigma"": 10.0}"
d2cache,49,76,195,1,1,1,1.6,"{""d2c_conf_mode"": ""live"", ""d2c_k"": 8, ""d2c_rollout_p"": 0.05, ""d2c_sigma"": 10.0}"
d2cache,49,78,200,1,1,1,1.48,"{""d2c_conf_mode"": ""live"", ""d2c_k"": 8, ""d2c_rollout_p"": 0.05, ""d2c_sigma"": 10.0}"
d2cache,49,82,210,1,1,1,1.24,"{""d2c_conf_mode"": ""live"", ""d2c_k"": 8, ""d2c_rollout_p"": 0.05, ""d2c_sigma"": 10.0}"
d2cache,49,84,215,1,1,1,1.12,"{""d2c_conf_mode"": ""live"", ""d2c_k"": 8, ""d2c_rollout_p"": 0.05, ""d2c_sigma"": 10.0}"
d2cache,49,86,220,1,1,1,1.0,"{""d2c_conf_mode"": ""live"", ""d2c_k"": 8, ""d2c_rollout_p"": 0.05, ""d2c_sigma"": 10.0}"
d2cache,49,88,225,1,1,1,0.88,"{""d2c_conf_mode"": ""live"", ""d2c_k"": 8, ""d2c_rollout_p"": 0.05, ""d2c_sigma"": 10.0}"
d2cache,50,2,5,1,1,1,6.06,"{""d2c_conf_mode"": ""live"", ""d2c_k"": 8, ""d2c_rollout_p"": 0.05, ""d2c_sigma"": 10.0}"
d2cache,50,4,10,0,1,0,5.97,"{""d2c_conf_mode"": ""live"", ""d2c_k"": 8, ""d2c_rollout_p"": 0.05, ""d2c_sigma"": 10.0}"
d2cache,50,6,15,1,1,1,5.81,"{""d2c_conf_mode"": ""live"", ""d2c_k"": 8, ""d2c_rollout_p"": 0.05, ""d2c_sigma"": 10.0}"
d2cache,50,8,20,1,1,1,5.74,"{""d2c_conf_mode"": ""live"", ""d2c_k"": 8, ""d2c_rollout_p"": 0.05, ""d2c_sigma"": 10.0}"
d2cache,50,12,31,1,1,0,5.48,"{""d2c_conf_mode"": ""live"", ""d2c_k"": 8, ""d2c_rollout_p"": 0.05, ""d2c_sigma"": 10.0}"
d2cache,50,14,36,1,1,1,5.35,"{""d2c_conf_mode"": ""live"", ""d2c_k"": 8, ""d2c_rollout_p"": 0.05, ""d2c_sigma"": 10.0}"
d2cache,50,16,41,0,1,0,5.24,"{""d2c_conf_mode"": ""live"", ""d2c_k"": 8, ""d2c_rollout_p"": 0.05, ""d2c_sigma"": 10.0}"
d2cache,50,18,46,1,1,1,5.12,"{""d2c_conf_mode"": ""live"", ""d2c_k"": 8, ""d2c_rollout_p"": 0.05, ""d2c_sigma"": 10.0}"
d2cache,50,22,56,1,1,1,4.88,"{""d2c_conf_mode"": ""live"", ""d2c_k"": 8, ""d2c_rollout_p"": 0.05, ""d2c_sigma"": 10.0}"
d2cache,50,24,61,1,1,1,4.73,"{""d2c_conf_mode"": ""live"", ""d2c_k"": 8, ""d2c_rollout_p"": 0.05, ""d2c_sigma"": 10.0}"
d2cache,50,26,67,1,1,1,4.62,"{""d2c_conf_mode"": ""live"", ""d2c_k"": 8, ""d2c_rollout_p"": 0.05, ""d2c_sigma"": 10.0}"
d2cache,50,28,72,1,1,1,4.5,"{""d2c_conf_mode"": ""live"", ""d2c_k"": 8, ""d2c_rollout_p"": 0.05, ""d2c_sigma"": 10.0}"
d2cache,50,32,82,1,1,1,4.26,"{""d2c_conf_mode"": ""live"", ""d2c_k"": 8, ""d2c_rollout_p"": 0.05, ""d2c_sigma"": 10.0}"
d2cache,50,34,87,1,1,1,4.11,"{""d2c_conf_mode"": ""live"", ""d2c_k"": 8, ""d2c_rollout_p"": 0.05, ""d2c_sigma"": 10.0}"
d2cache,50,36,92,1,1,1,4.01,"{""d2c_conf_mode"": ""live"", ""d2c_k"": 8, ""d2c_rollout_p"": 0.05, ""d2c_sigma"": 10.0}"
d2cache,50,38,97,1,1,1,3.83,"{""d2c_conf_mode"": ""live"", ""d2c_k"": 8, ""d2c_rollout_p"": 0.05, ""d2c_sigma"": 10.0}"
d2cache,50,42,108,1,1,1,3.6,"{""d2c_conf_mode"": ""live"", ""d2c_k"": 8, ""d2c_rollout_p"": 0.05, ""d2c_sigma"": 10.0}"
d2cache,50,44,113,1,1,1,3.49,"{""d2c_conf_mode"": ""live"", ""d2c_k"": 8, ""d2c_rollout_p"": 0.05, ""d2c_sigma"": 10.0}"
d2cache,50,46,118,1,1,1,3.35,"{""d2c_conf_mode"": ""live"", ""d2c_k"": 8, ""d2c_rollout_p"": 0.05, ""d2c_sigma"": 10.0}"
d2cache,50,48,123,1,1,1,3.25,"{""d2c_conf_mode"": ""live"", ""d2c_k"": 8, ""d2c_rollout_p"": 0.05, ""d2c_sigma"": 10.0}"
d2cache,50,52,133,1,1,1,3.01,"{""d2c_conf_mode"": ""live"", ""d2c_k"": 8, ""d2c_rollout_p"": 0.05, ""d2c_sigma"": 10.0}"
d2cache,50,54,138,1,1,1,2.89,"{""d2c_conf_mode"": ""live"", ""d2c_k"": 8, ""d2c_rollout_p"": 0.05, ""d2c_sigma"": 10.0}"
d2cache,50,56,143,1,1,1,2.8,"{""d2c_conf_mode"": ""live"", ""d2c_k"": 8, ""d2c_rollout_p"": 0.05, ""d2c_sigma"": 10.0}"
d2cache,50,58,148,1,1,1,2.67,"{""d2c_conf_mode"": ""live"", ""d2c_k"": 8, ""d2c_rollout_p"": 0.05, ""d2c_sigma"": 10.0}"
d2cache,50,62,159,1,1,1,2.42,"{""d2c_conf_mode"": ""live"", ""d2c_k"": 8, ""d2c_rollout_p"": 0.05, ""d2c_sigma"": 10.0}"
d2cache,50,64,164,1,1,1,2.31,"{""d2c_conf_mode"": ""live"", ""d2c_k"": 8, ""d2c_rollout_p"": 0.05, ""d2c_sigma"": 10.0}"
d2cache,50,66,169,1,1,1,2.19,"{""d2c_conf_mode"": ""live"", ""d2c_k"": 8, ""d2c_rollout_p"": 0.05, ""d2c_sigma"": 10.0}"
d2cache,50,68,174,1,1,1,2.07,"{""d2c_conf_mode"": ""live"", ""d2c_k"": 8, ""d2c_rollout_p"": 0.05, ""d2c_sigma"": 10.0}"
d2cache,50,72,184,1,1,1,1.83,"{""d2c_conf_mode"": ""live"", ""d2c_k"": 8, ""d2c_rollout_p"": 0.05, ""d2c_sigma"": 10.0}"
d2cache,50,74,189,1,1,1,1.71,"{""d2c_conf_mode"": ""live"", ""d2c_k"": 8, ""d2c_rollout_p"": 0.05, ""d2c_sigma"": 10.0}"
d2cache,50,76,195,1,1,1,1.57,"{""d2c_conf_mode"": ""live"", ""d2c_k"": 8, ""d2c_rollout_p"": 0.05, ""d2c_sigma"": 10.0}"
d2cache,50,78,200,1,1,1,1.45,"{""d2c_conf_mode"": ""live"", ""d2c_k"": 8, ""d2c_rollout_p"": 0.05, ""d2c_sigma"": 10.0}"
d2cache,50,82,210,1,1,1,1.22,"{""d2c_conf_mode"": ""live"", ""d2c_k"": 8, ""d2c_rollout_p"": 0.05, ""d2c_sigma"": 10.0}"
d2cache,50,84,215,1,1,1,1.1,"{""d2c_conf_mode"": ""live"", ""d2c_k"": 8, ""d2c_rollout_p"": 0.05, ""d2c_sigma"": 10.0}"
d2cache,50,86,220,1,1,1,0.98,"{""d2c_conf_mode"": ""live"", ""d2c_k"": 8, ""d2c_rollout_p"": 0.05, ""d2c_sigma"": 10.0}"
d2cache,50,88,225,1,1,1,0.86,"{""d2c_conf_mode"": ""live"", ""d2c_k"": 8, ""d2c_rollout_p"": 0.05, ""d2c_sigma"": 10.0}"
d2cache,51,2,5,1,1,1,6.05,"{""d2c_conf_mode"": ""live"", ""d2c_k"": 8, ""d2c_rollout_p"": 0.05, ""d2c_sigma"": 10.0}"
d2cache,51,4,10,1,1,1,6.0,"{""d2c_conf_mode"": ""live"", ""d2c_k"": 8, ""d2c_rollout_p"": 0.05, ""d2c_sigma"": 10.0}"
d2cache,51,6,15,1,1,1,5.84,"{""d2c_conf_mode"": ""live"", ""d2c_k"": 8, ""d2c_rollout_p"": 0.05, ""d2c_sigma"": 10.0}"
d2cache,51,8,20,1,1,1,5.79,"{""d2c_conf_mode"": ""live"", ""d2c_k"": 8, ""d2c_rollout_p"": 0.05, ""d2c_sigma"": 10.0}"
d2cache,51,12,31,1,1,1,5.53,"{""d2c_conf_mode"": ""live"", ""d2c_k"": 8, ""d2c_rollout_p"": 0.05, ""d2c_sigma"": 10.0}"
d2cache,51,14,36,0,1,0,5.38,"{""d2c_conf_mode"": ""live"", ""d2c_k"": 8, ""d2c_rollout_p"": 0.05, ""d2c_sigma"": 10.0}"
d2cache,51,16,41,1,1,1,5.2,"{""d2c_conf_mode"": ""live"", ""d2c_k"": 8, ""d2c_rollout_p"": 0.05, ""d2c_sigma"": 10.0}"
d2cache,51,18,46,0,1,0,5.17,"{""d2c_conf_mode"": ""live"", ""d2c_k"": 8, ""d2c_rollout_p"": 0.05, ""d2c_sigma"": 10.0}"
d2cache,51,22,56,0,1,0,4.86,"{""d2c_conf_mode"": ""live"", ""d2c_k"": 8, ""d2c_rollout_p"": 0.05, ""d2c_sigma"": 10.0}"
d2cache,51,24,61,1,1,1,4.7,"{""d2c_conf_mode"": ""live"", ""d2c_k"": 8, ""d2c_rollout_p"": 0.05, ""d2c_sigma"": 10.0}"
d2cache,51,26,67,1,1,1,4.53,"{""d2c_conf_mode"": ""live"", ""d2c_k"": 8, ""d2c_rollout_p"": 0.05, ""d2c_sigma"": 10.0}"
d2cache,51,28,72,1,1,1,4.41,"{""d2c_conf_mode"": ""live"", ""d2c_k"": 8, ""d2c_rollout_p"": 0.05, ""d2c_sigma"": 10.0}"
d2cache,51,32,82,1,1,1,4.18,"{""d2c_conf_mode"": ""live"", ""d2c_k"": 8, ""d2c_rollout_p"": 0.05, ""d2c_sigma"": 10.0}"
d2cache,51,34,87,1,1,1,4.1,"{""d2c_conf_mode"": ""live"", ""d2c_k"": 8, ""d2c_rollout_p"": 0.05, ""d2c_sigma"": 10.0}"
d2cache,51,36,92,1,1,1,3.96,"{""d2c_conf_mode"": ""live"", ""d2c_k"": 8, ""d2c_rollout_p"": 0.05, ""d2c_sigma"": 10.0}"
d2cache,51,38,97,1,1,1,3.88,"{""d2c_conf_mode"": ""live"", ""d2c_k"": 8, ""d2c_rollout_p"": 0.05, ""d2c_sigma"": 10.0}"
d2cache,51,42,108,1,1,1,3.59,"{""d2c_conf_mode"": ""live"", ""d2c_k"": 8, ""d2c_rollout_p"": 0.05, ""d2c_sigma"": 10.0}"
d2cache,51,44,113,1,1,1,3.47,"{""d2c_conf_mode"": ""live"", ""d2c_k"": 8, ""d2c_rollout_p"": 0.05, ""d2c_sigma"": 10.0}"
d2cache,51,46,118,1,1,1,3.34,"{""d2c_conf_mode"": ""live"", ""d2c_k"": 8, ""d2c_rollout_p"": 0.05, ""d2c_sigma"": 10.0}"
d2cache,51,48,123,1,1,1,3.26,"{""d2c_conf_mode"": ""live"", ""d2c_k"": 8, ""d2c_rollout_p"": 0.05, ""d2c_sigma"": 10.0}"
d2cache,51,52,133,1,1,1,3.03,"{""d2c_conf_mode"": ""live"", ""d2c_k"": 8, ""d2c_rollout_p"": 0.05, ""d2c_sigma"": 10.0}"
d2cache,51,54,138,1,1,1,2.9,"{""d2c_conf_mode"": ""live"", ""d2c_k"": 8, ""d2c_rollout_p"": 0.05, ""d2c_sigma"": 10.0}"
d2cache,51,56,143,1,1,1,2.8,"{""d2c_conf_mode"": ""live"", ""d2c_k"": 8, ""d2c_rollout_p"": 0.05, ""d2c_sigma"": 10.0}"
d2cache,51,58,148,1,1,1,2.67,"{""d2c_conf_mode"": ""live"", ""d2c_k"": 8, ""d2c_rollout_p"": 0.05, ""d2c_sigma"": 10.0}"
d2cache,51,62,159,1,1,1,2.38,"{""d2c_conf_mode"": ""live"", ""d2c_k"": 8, ""d2c_rollout_p"": 0.05, ""d2c_sigma"": 10.0}"
d2cache,51,64,164,1,1,1,2.31,"{""d2c_conf_mode"": ""live"", ""d2c_k"": 8, ""d2c_rollout_p"": 0.05, ""d2c_sigma"": 10.0}"
d2cache,51,66,169,1,1,1,2.15,"{""d2c_conf_mode"": ""live"", ""d2c_k"": 8, ""d2c_rollout_p"": 0.05, ""d2c_sigma"": 10.0}"
d2cache,51,68,174,1,1,1,2.08,"{""d2c_conf_mode"": ""live"", ""d2c_k"": 8, ""d2c_rollout_p"": 0.05, ""d2c_sigma"": 10.0}"
d2cache,51,72,184,1,1,1,1.84,"{""d2c_conf_mode"": ""live"", ""d2c_k"": 8, ""d2c_rollout_p"": 0.05, ""d2c_sigma"": 10.0}"
d2cache,51,74,189,1,1,1,1.7,"{""d2c_conf_mode"": ""live"", ""d2c_k"": 8, ""d2c_rollout_p"": 0.05, ""d2c_sigma"": 10.0}"
d2cache,51,76,195,1,1,1,1.55,"{""d2c_conf_mode"": ""live"", ""d2c_k"": 8, ""d2c_rollout_p"": 0.05, ""d2c_sigma"": 10.0}"
d2cache,51,78,200,1,1,1,1.43,"{""d2c_conf_mode"": ""live"", ""d2c_k"": 8, ""d2c_rollout_p"": 0.05, ""d2c_sigma"": 10.0}"
d2cache,51,82,210,1,1,1,1.19,"{""d2c_conf_mode"": ""live"", ""d2c_k"": 8, ""d2c_rollout_p"": 0.05, ""d2c_sigma"": 10.0}"
d2cache,51,84,215,1,1,1,1.08,"{""d2c_conf_mode"": ""live"", ""d2c_k"": 8, ""d2c_rollout_p"": 0.05, ""d2c_sigma"": 10.0}"
d2cache,51,86,220,1,1,1,0.96,"{""d2c_conf_mode"": ""live"", ""d2c_k"": 8, ""d2c_rollout_p"": 0.05, ""d2c_sigma"": 10.0}"
d2cache,51,88,225,1,1,1,0.84,"{""d2c_conf_mode"": ""live"", ""d2c_k"": 8, ""d2c_rollout_p"": 0.05, ""d2c_sigma"": 10.0}"
d2cache,52,2,5,1,1,1,6.2,"{""d2c_conf_mode"": ""live"", ""d2c_k"": 8, ""d2c_rollout_p"": 0.05, ""d2c_sigma"": 10.0}"
d2cache,52,4,10,0,0,1,6.07,"{""d2c_conf_mode"": ""live"", ""d2c_k"": 8, ""d2c_rollout_p"": 0.05, ""d2c_sigma"": 10.0}"
d2cache,52,6,15,0,0,1,5.94,"{""d2c_conf_mode"": ""live"", ""d2c_k"": 8, ""d2c_rollout_p"": 0.05, ""d2c_sigma"": 10.0}"
d2cache,52,8,20,1,1,1,5.81,"{""d2c_conf_mode"": ""live"", ""d2c_k"": 8, ""d2c_rollout_p"": 0.05, ""d2c_sigma"": 10.0}"
d2cache,52,12,31,1,1,1,5.53,"{""d2c_conf_mode"": ""live"", ""d2c_k"": 8, ""d2c_rollout_p"": 0.05, ""d2c_sigma"": 10.0}"
d2cache,52,14,36,1,1,1,5.42,"{""d2c_conf_mode"": ""live"", ""d2c_k"": 8, ""d2c_rollout_p"": 0.05, ""d2c_sigma"": 10.0}"
d2cache,52,16,41,1,1,1,5.27,"{""d2c_conf_mode"": ""live"", ""d2c_k"": 8, ""d2c_rollout_p"": 0.05, ""d2c_sigma"": 10.0}"
d2cache,52,18,46,1,1,1,5.15,"{""d2c_conf_mode"": ""live"", ""d2c_k"": 8, ""d2c_rollout_p"": 0.05, ""d2c_sigma"": 10.0}"
d2cache,52,22,56,1,1,1,4.97,"{""d2c_conf_mode"": ""live"", ""d2c_k"": 8, ""d2c_rollout_p"": 0.05, ""d2c_sigma"": 10.0}"
d2cache,52,24,61,1,1,1,4.81,"{""d2c_conf_mode"": ""live"", ""d2c_k"": 8, ""d2c_rollout_p"": 0.05, ""d2c_sigma"": 10.0}"
d2cache,52,26,67,1,1,1,4.67,"{""d2c_conf_mode"": ""live"", ""d2c_k"": 8, ""d2c_rollout_p"": 0.05, ""d2c_sigma"": 10.0}"
d2cache,52,28,72,1,1,1,4.57,"{""d2c_conf_mode"": ""live"", ""d2c_k"": 8, ""d2c_rollout_p"": 0.05, ""d2c_sigma"": 10.0}"
d2cache,52,32,82,1,1,1,4.33,"{""d2c_conf_mode"": ""live"", ""d2c_k"": 8, ""d2c_rollout_p"": 0.05, ""d2c_sigma"": 10.0}"
d2cache,52,34,87,1,1,1,4.18,"{""d2c_conf_mode"": ""live"", ""d2c_k"": 8, ""d2c_rollout_p"": 0.05, ""d2c_sigma"": 10.0}"
d2cache,52,36,92,1,1,1,4.08,"{""d2c_conf_mode"": ""live"", ""d2c_k"": 8, ""d2c_rollout_p"": 0.05, ""d2c_sigma"": 10.0}"
d2cache,52,38,97,1,1,1,3.91,"{""d2c_conf_mode"": ""live"", ""d2c_k"": 8, ""d2c_rollout_p"": 0.05, ""d2c_sigma"": 10.0}"
d2cache,52,42,108,1,1,1,3.7,"{""d2c_conf_mode"": ""live"", ""d2c_k"": 8, ""d2c_rollout_p"": 0.05, ""d2c_sigma"": 10.0}"
d2cache,52,44,113,1,1,1,3.54,"{""d2c_conf_mode"": ""live"", ""d2c_k"": 8, ""d2c_rollout_p"": 0.05, ""d2c_sigma"": 10.0}"
d2cache,52,46,118,1,1,1,3.46,"{""d2c_conf_mode"": ""live"", ""d2c_k"": 8, ""d2c_rollout_p"": 0.05, ""d2c_sigma"": 10.0}"
d2cache,52,48,123,1,1,1,3.31,"{""d2c_conf_mode"": ""live"", ""d2c_k"": 8, ""d2c_rollout_p"": 0.05, ""d2c_sigma"": 10.0}"
d2cache,52,52,133,1,1,1,3.08,"{""d2c_conf_mode"": ""live"", ""d2c_k"": 8, ""d2c_rollout_p"": 0.05, ""d2c_sigma"": 10.0}"
d2cache,52,54,138,1,1,1,2.93,"{""d2c_conf_mode"": ""live"", ""d2c_k"": 8, ""d2c_rollout_p"": 0.05, ""d2c_sigma"": 10.0}"
d2cache,52,56,143,1,1,1,2.85,"{""d2c_conf_mode"": ""live"", ""d2c_k"": 8, ""d2c_rollout_p"": 0.05, ""d2c_sigma"": 10.0}"
d2cache,52,58,148,1,1,1,2.68,"{""d2c_conf_mode"": ""live"", ""d2c_k"": 8, ""d2c_rollout_p"": 0.05, ""d2c_sigma"": 10.0}"
d2cache,52,62,159,1,1,1,2.39,"{""d2c_conf_mode"": ""live"", ""d2c_k"": 8, ""d2c_rollout_p"": 0.05, ""d2c_sigma"": 10.0}"
d2cache,52,64,164,1,1,1,2.27,"{""d2c_conf_mode"": ""live"", ""d2c_k"": 8, ""d2c_rollout_p"": 0.05, ""d2c_sigma"": 10.0}"
d2cache,52,66,169,1,1,1,2.17,"{""d2c_conf_mode"": ""live"", ""d2c_k"": 8, ""d2c_rollout_p"": 0.05, ""d2c_sigma"": 10.0}"
d2cache,52,68,174,1,1,1,2.04,"{""d2c_conf_mode"": ""live"", ""d2c_k"": 8, ""d2c_rollout_p"": 0.05, ""d2c_sigma"": 10.0}"
d2cache,52,72,184,1,1,1,1.8,"{""d2c_conf_mode"": ""live"", ""d2c_k"": 8, ""d2c_rollout_p"": 0.05, ""d2c_sigma"": 10.0}"
d2cache,52,74,189,1,1,1,1.69,"{""d2c_conf_mode"": ""live"", ""d2c_k"": 8, ""d2c_rollout_p"": 0.05, ""d2c_sigma"": 10.0}"
d2cache,52,76,195,1,1,1,1.56,"{""d2c_conf_mode"": ""live"", ""d2c_k"": 8, ""d2c_rollout_p"": 0.05, ""d2c_sigma"": 10.0}"
d2cache,52,78,200,1,1,1,1.44,"{""d2c_conf_mode"": ""live"", ""d2c_k"": 8, ""d2c_rollout_p"": 0.05, ""d2c_sigma"": 10.0}"
d2cache,52,82,210,1,1,1,1.2,"{""d2c_conf_mode"": ""live"", ""d2c_k"": 8, ""d2c_rollout_p"": 0.05, ""d2c_sigma"": 10.0}"
d2cache,52,84,215,1,1,1,1.08,"{""d2c_conf_mode"": ""live"", ""d2c_k"": 8, ""d2c_rollout_p"": 0.05, ""d2c_sigma"": 10.0}"
d2cache,52,86,220,1,1,1,0.96,"{""d2c_conf_mode"": ""live"", ""d2c_k"": 8, ""d2c_rollout_p"": 0.05, ""d2c_sigma"": 10.0}"
d2cache,52,88,225,1,1,1,0.84,"{""d2c_conf_mode"": ""live"", ""d2c_k"": 8, ""d2c_rollout_p"": 0.05, ""d2c_sigma"": 10.0}"
d2cache,53,2,5,1,1,1,6.52,"{""d2c_conf_mode"": ""live"", ""d2c_k"": 8, ""d2c_rollout_p"": 0.05, ""d2c_sigma"": 10.0}"
d2cache,53,4,10,1,1,1,6.46,"{""d2c_conf_mode"": ""live"", ""d2c_k"": 8, ""d2c_rollout_p"": 0.05, ""d2c_sigma"": 10.0}"
d2cache,53,6,15,0,0,1,6.33,"{""d2c_conf_mode"": ""live"", ""d2c_k"": 8, ""d2c_rollout_p"": 0.05, ""d2c_sigma"": 10.0}"
d2cache,53,8,20,1,1,0,6.21,"{""d2c_conf_mode"": ""live"", ""d2c_k"": 8, ""d2c_rollout_p"": 0.05, ""d2c_sigma"": 10.0}"
d2cache,53,12,31,0,0,1,5.91,"{""d2c_conf_mode"": ""live"", ""d2c_k"": 8, ""d2c_rollout_p"": 0.05, ""d2c_sigma"": 10.0}"
d2cache,53,14,36,1,1,1,5.79,"{""d2c_conf_mode"": ""live"", ""d2c_k"": 8, ""d2c_rollout_p"": 0.05, ""d2c_sigma"": 10.0}"
d2cache,53,16,41,1,1,1,5.68,"{""d2c_conf_mode"": ""live"", ""d2c_k"": 8, ""d2c_rollout_p"": 0.05, ""d2c_sigma"": 10.0}"
d2cache,53,18,46,1,1,1,5.55,"{""d2c_conf_mode"": ""live"", ""d2c_k"": 8, ""d2c_rollout_p"": 0.05, ""d2c_sigma"": 10.0}"
d2cache,53,22,56,1,1,1,5.23,"{""d2c_conf_mode"": ""live"", ""d2c_k"": 8, ""d2c_rollout_p"": 0.05, ""d2c_sigma"": 10.0}"
d2cache,53,24,61,1,1,1,5.13,"{""d2c_conf_mode"": ""live"", ""d2c_k"": 8, ""d2c_rollout_p"": 0.05, ""d2c_sigma"": 10.0}"
d2cache,53,26,67,0,0,1,4.97,"{""d2c_conf_mode"": ""live"", ""d2c_k"": 8, ""d2c_rollout_p"": 0.05, ""d2c_sigma"": 10.0}"
d2cache,53,28,72,0,0,1,4.84,"{""d2c_conf_mode"": ""live"", ""d2c_k"": 8, ""d2c_rollout_p"": 0.05, ""d2c_sigma"": 10.0}"
d2cache,53,32,82,0,0,1,4.6,"{""d2c_conf_mode"": ""live"", ""d2c_k"": 8, ""d2c_rollout_p"": 0.05, ""d2c_sigma"": 10.0}"
d2cache,53,34,87,0,0,1,4.46,"{""d2c_conf_mode"": ""live"", ""d2c_k"": 8, ""d2c_rollout_p"": 0.05, ""d2c_sigma"": 10.0}"
d2cache,53,36,92,0,0,1,4.33,"{""d2c_conf_mode"": ""live"", ""d2c_k"": 8, ""d2c_rollout_p"": 0.05, ""d2c_sigma"": 10.0}"
d2cache,53,38,97,0,0,1,4.24,"{""d2c_conf_mode"": ""live"", ""d2c_k"": 8, ""d2c_rollout_p"": 0.05, ""d2c_sigma"": 10.0}"
d2cache,53,42,108,0,0,1,3.94,"{""d2c_conf_mode"": ""live"", ""d2c_k"": 8, ""d2c_rollout_p"": 0.05, ""d2c_sigma"": 10.0}"
d2cache,53,44,113,0,0,1,3.82,"{""d2c_conf_mode"": ""live"", ""d2c_k"": 8, ""d2c_rollout_p"": 0.05, ""d2c_sigma"": 10.0}"
d2cache,53,46,118,0,0,1,3.68,"{""d2c_conf_mode"": ""live"", ""d2c_k"": 8, ""d2c_rollout_p"": 0.05, ""d2c_sigma"": 10.0}"
d2cache,53,48,123,0,0,1,3.58,"{""d2c_conf_mode"": ""live"", ""d2c_k"": 8, ""d2c_rollout_p"": 0.05, ""d2c_sigma"": 10.0}"
d2cache,53,52,133,1,1,1,3.3,"{""d2c_conf_mode"": ""live"", ""d2c_k"": 8, ""d2c_rollout_p"": 0.05, ""d2c_sigma"": 10.0}"
d2cache,53,54,138,1,1,1,3.17,"{""d2c_conf_mode"": ""live"", ""d2c_k"": 8, ""d2c_rollout_p"": 0.05, ""d2c_sigma"": 10.0}"
d2cache,53,56,143,0,0,1,3.07,"{""d2c_conf_mode"": ""live"", ""d2c_k"": 8, ""d2c_rollout_p"": 0.05, ""d2c_sigma"": 10.0}"
d2cache,53,58,148,1,1,1,2.95,"{""d2c_conf_mode"": ""live"", ""d2c_k"": 8, ""d2c_rollout_p"": 0.05, ""d2c_sigma"": 10.0}"
d2cache,53,62,159,1,1,1,2.65,"{""d2c_conf_mode"": ""live"", ""d2c_k"": 8, ""d2c_rollout_p"": 0.05, ""d2c_sigma"": 10.0}"
d2cache,53,64,164,1,1,1,2.53,"{""d2c_conf_mode"": ""live"", ""d2c_k"": 8, ""d2c_rollout_p"": 0.05, ""d2c_sigma"": 10.0}"
d2cache,53,66,169,0,0,1,2.38,"{""d2c_conf_mode"": ""live"", ""d2c_k"": 8, ""d2c_rollout_p"": 0.05, ""d2c_sigma"": 10.0}"
d2cache,53,68,174,1,1,0,2.25,"{""d2c_conf_mode"": ""live"", ""d2c_k"": 8, ""d2c_rollout_p"": 0.05, ""d2c_sigma"": 10.0}"
d2cache,53,72,184,1,1,1,2.03,"{""d2c_conf_mode"": ""live"", ""d2c_k"": 8, ""d2c_rollout_p"": 0.05, ""d2c_sigma"": 10.0}"
d2cache,53,74,189,1,1,1,1.87,"{""d2c_conf_mode"": ""live"", ""d2c_k"": 8, ""d2c_rollout_p"": 0.05, ""d2c_sigma"": 10.0}"
d2cache,53,76,195,1,1,1,1.72,"{""d2c_conf_mode"": ""live"", ""d2c_k"": 8, ""d2c_rollout_p"": 0.05, ""d2c_sigma"": 10.0}"
d2cache,53,78,200,1,1,1,1.6,"{""d2c_conf_mode"": ""live"", ""d2c_k"": 8, ""d2c_rollout_p"": 0.05, ""d2c_sigma"": 10.0}"
d2cache,53,82,210,1,1,0,1.35,"{""d2c_conf_mode"": ""live"", ""d2c_k"": 8, ""d2c_rollout_p"": 0.05, ""d2c_sigma"": 10.0}"
d2cache,53,84,215,1,1,1,1.22,"{""d2c_conf_mode"": ""live"", ""d2c_k"": 8, ""d2c_rollout_p"": 0.05, ""d2c_sigma"": 10.0}"
d2cache,53,86,220,1,1,1,1.09,"{""d2c_conf_mode"": ""live"", ""d2c_k"": 8, ""d2c_rollout_p"": 0.05, ""d2c_sigma"": 10.0}"
d2cache,53,88,225,1,1,1,0.97,"{""d2c_conf_mode"": ""live"", ""d2c_k"": 8, ""d2c_rollout_p"": 0.05, ""d2c_sigma"": 10.0}"
d2cache,55,2,5,1,1,1,6.5,"{""d2c_conf_mode"": ""live"", ""d2c_k"": 8, ""d2c_rollout_p"": 0.05, ""d2c_sigma"": 10.0}"
d2cache,55,4,10,1,1,1,6.37,"{""d2c_conf_mode"": ""live"", ""d2c_k"": 8, ""d2c_rollout_p"": 0.05, ""d2c_sigma"": 10.0}"
d2cache,55,6,15,1,1,1,6.24,"{""d2c_conf_mode"": ""live"", ""d2c_k"": 8, ""d2c_rollout_p"": 0.05, ""d2c_sigma"": 10.0}"
d2cache,55,8,20,1,1,1,6.13,"{""d2c_conf_mode"": ""live"", ""d2c_k"": 8, ""d2c_rollout_p"": 0.05, ""d2c_sigma"": 10.0}"
d2cache,55,12,31,1,1,1,5.85,"{""d2c_conf_mode"": ""live"", ""d2c_k"": 8, ""d2c_rollout_p"": 0.05, ""d2c_sigma"": 10.0}"
d2cache,55,14,36,1,1,1,5.72,"{""d2c_conf_mode"": ""live"", ""d2c_k"": 8, ""d2c_rollout_p"": 0.05, ""d2c_sigma"": 10.0}"
d2cache,55,16,41,1,1,0,5.59,"{""d2c_conf_mode"": ""live"", ""d2c_k"": 8, ""d2c_rollout_p"": 0.05, ""d2c_sigma"": 10.0}"
d2cache,55,18,46,1,1,1,5.47,"{""d2c_conf_mode"": ""live"", ""d2c_k"": 8, ""d2c_rollout_p"": 0.05, ""d2c_sigma"": 10.0}"
d2cache,55,22,56,1,1,1,5.21,"{""d2c_conf_mode"": ""live"", ""d2c_k"": 8, ""d2c_rollout_p"": 0.05, ""d2c_sigma"": 10.0}"
d2cache,55,24,61,1,1,1,5.07,"{""d2c_conf_mode"": ""live"", ""d2c_k"": 8, ""d2c_rollout_p"": 0.05, ""d2c_sigma"": 10.0}"
d2cache,55,26,67,1,1,1,4.93,"{""d2c_conf_mode"": ""live"", ""d2c_k"": 8, ""d2c_rollout_p"": 0.05, ""d2c_sigma"": 10.0}"
d2cache,55,28,72,1,1,1,4.78,"{""d2c_conf_mode"": ""live"", ""d2c_k"": 8, ""d2c_rollout_p"": 0.05, ""d2c_sigma"": 10.0}"
d2cache,55,32,82,1,1,1,4.55,"{""d2c_conf_mode"": ""live"", ""d2c_k"": 8, ""d2c_rollout_p"": 0.05, ""d2c_sigma"": 10.0}"
d2cache,55,34,87,1,1,1,4.43,"{""d2c_conf_mode"": ""live"", ""d2c_k"": 8, ""d2c_rollout_p"": 0.05, ""d2c_sigma"": 10.0}"
d2cache,55,36,92,1,1,1,4.3,"{""d2c_conf_mode"": ""live"", ""d2c_k"": 8, ""d2c_rollout_p"": 0.05, ""d2c_sigma"": 10.0}"
d2cache,55,38,97,1,1,1,4.16,"{""d2c_conf_mode"": ""live"", ""d2c_k"": 8, ""d2c_rollout_p"": 0.05, ""d2c_sigma"": 10.0}"
d2cache,55,42,108,1,1,1,3.9,"{""d2c_conf_mode"": ""live"", ""d2c_k"": 8, ""d2c_rollout_p"": 0.05, ""d2c_sigma"": 10.0}"
d2cache,55,44,113,1,1,1,3.77,"{""d2c_conf_mode"": ""live"", ""d2c_k"": 8, ""d2c_rollout_p"": 0.05, ""d2c_sigma"": 10.0}"
d2cache,55,46,118,1,1,1,3.65,"{""d2c_conf_mode"": ""live"", ""d2c_k"": 8, ""d2c_rollout_p"": 0.05, ""d2c_sigma"": 10.0}"
d2cache,55,48,123,1,1,1,3.52,"{""d2c_conf_mode"": ""live"", ""d2c_k"": 8, ""d2c_rollout_p"": 0.05, ""d2c_sigma"": 10.0}"
d2cache,55,52,133,1,1,1,3.26,"{""d2c_conf_mode"": ""live"", ""d2c_k"": 8, ""d2c_rollout_p"": 0.05, ""d2c_sigma"": 10.0}"
d2cache,55,54,138,1,1,1,3.14,"{""d2c_conf_mode"": ""live"", ""d2c_k"": 8, ""d2c_rollout_p"": 0.05, ""d2c_sigma"": 10.0}"
d2cache,55,56,143,1,1,1,3.01,"{""d2c_conf_mode"": ""live"", ""d2c_k"": 8, ""d2c_rollout_p"": 0.05, ""d2c_sigma"": 10.0}"
d2cache,55,58,148,1,1,1,2.88,"{""d2c_conf_mode"": ""live"", ""d2c_k"": 8, ""d2c_rollout_p"": 0.05, ""d2c_sigma"": 10.0}"
d2cache,55,62,159,1,1,1,2.6,"{""d2c_conf_mode"": ""live"", ""d2c_k"": 8, ""d2c_rollout_p"": 0.05, ""d2c_sigma"": 10.0}"
d2cache,55,64,164,1,1,1,2.48,"{""d2c_conf_mode"": ""live"", ""d2c_k"": 8, ""d2c_rollout_p"": 0.05, ""d2c_sigma"": 10.0}"
d2cache,55,66,169,1,1,1,2.35,"{""d2c_conf_mode"": ""live"", ""d2c_k"": 8, ""d2c_rollout_p"": 0.05, ""d2c_sigma"": 10.0}"
d2cache,55,68,174,1,1,1,2.23,"{""d2c_conf_mode"": ""live"", ""d2c_k"": 8, ""d2c_rollout_p"": 0.05, ""d2c_sigma"": 10.0}"
d2cache,55,72,184,1,1,1,1.97,"{""d2c_conf_mode"": ""live"", ""d2c_k"": 8, ""d2c_rollout_p"": 0.05, ""d2c_sigma"": 10.0}"
d2cache,55,74,189,1,1,1,1.85,"{""d2c_conf_mode"": ""live"", ""d2c_k"": 8, ""d2c_rollout_p"": 0.05, ""d2c_sigma"": 10.0}"
d2cache,55,76,195,1,1,1,1.69,"{""d2c_conf_mode"": ""live"", ""d2c_k"": 8, ""d2c_rollout_p"": 0.05, ""d2c_sigma"": 10.0}"
d2cache,55,78,200,1,1,1,1.57,"{""d2c_conf_mode"": ""live"", ""d2c_k"": 8, ""d2c_rollout_p"": 0.05, ""d2c_sigma"": 10.0}"
d2cache,55,82,210,1,1,1,1.31,"{""d2c_conf_mode"": ""live"", ""d2c_k"": 8, ""d2c_rollout_p"": 0.05, ""d2c_sigma"": 10.0}"
d2cache,55,84,215,1,1,1,1.19,"{""d2c_conf_mode"": ""live"", ""d2c_k"": 8, ""d2c_rollout_p"": 0.05, ""d2c_sigma"": 10.0}"
d2cache,55,86,220,1,1,1,1.06,"{""d2c_conf_mode"": ""live"", ""d2c_k"": 8, ""d2c_rollout_p"": 0.05, ""d2c_sigma"": 10.0}"
d2cache,55,88,225,1,1,1,0.93,"{""d2c_conf_mode"": ""live"", ""d2c_k"": 8, ""d2c_rollout_p"": 0.05, ""d2c_sigma"": 10.0}"
d2cache,56,2,5,1,1,1,6.52,"{""d2c_conf_mode"": ""live"", ""d2c_k"": 8, ""d2c_rollout_p"": 0.05, ""d2c_sigma"": 10.0}"
d2cache,56,4,10,1,1,1,6.39,"{""d2c_conf_mode"": ""live"", ""d2c_k"": 8, ""d2c_rollout_p"": 0.05, ""d2c_sigma"": 10.0}"
d2cache,56,6,15,1,1,1,6.27,"{""d2c_conf_mode"": ""live"", ""d2c_k"": 8, ""d2c_rollout_p"": 0.05, ""d2c_sigma"": 10.0}"
d2cache,56,8,20,1,1,1,6.13,"{""d2c_conf_mode"": ""live"", ""d2c_k"": 8, ""d2c_rollout_p"": 0.05, ""d2c_sigma"": 10.0}"
d2cache,56,12,31,1,1,1,5.84,"{""d2c_conf_mode"": ""live"", ""d2c_k"": 8, ""d2c_rollout_p"": 0.05, ""d2c_sigma"": 10.0}"
d2cache,56,14,36,1,1,1,5.73,"{""d2c_conf_mode"": ""live"", ""d2c_k"": 8, ""d2c_rollout_p"": 0.05, ""d2c_sigma"": 10.0}"
d2cache,56,16,41,1,1,1,5.6,"{""d2c_conf_mode"": ""live"", ""d2c_k"": 8, ""d2c_rollout_p"": 0.05, ""d2c_sigma"": 10.0}"
d2cache,56,18,46,1,1,1,5.47,"{""d2c_conf_mode"": ""live"", ""d2c_k"": 8, ""d2c_rollout_p"": 0.05, ""d2c_sigma"": 10.0}"
d2cache,56,22,56,1,1,1,5.22,"{""d2c_conf_mode"": ""live"", ""d2c_k"": 8, ""d2c_rollout_p"": 0.05, ""d2c_sigma"": 10.0}"
d2cache,56,24,61,1,1,1,5.09,"{""d2c_conf_mode"": ""live"", ""d2c_k"": 8, ""d2c_rollout_p"": 0.05, ""d2c_sigma"": 10.0}"
d2cache,56,26,67,1,1,1,4.94,"{""d2c_conf_mode"": ""live"", ""d2c_k"": 8, ""d2c_rollout_p"": 0.05, ""d2c_sigma"": 10.0}"
d2cache,56,28,72,1,1,1,4.8,"{""d2c_conf_mode"": ""live"", ""d2c_k"": 8, ""d2c_rollout_p"": 0.05, ""d2c_sigma"": 10.0}"
d2cache,56,32,82,1,1,1,4.57,"{""d2c_conf_mode"": ""live"", ""d2c_k"": 8, ""d2c_rollout_p"": 0.05, ""d2c_sigma"": 10.0}"
d2cache,56,34,87,1,1,1,4.43,"{""d2c_conf_mode"": ""live"", ""d2c_k"": 8, ""d2c_rollout_p"": 0.05, ""d2c_sigma"": 10.0}"
d2cache,56,36,92,1,1,1,4.31,"{""d2c_conf_mode"": ""live"", ""d2c_k"": 8, ""d2c_rollout_p"": 0.05, ""d2c_sigma"": 10.0}"
d2cache,56,38,97,1,1,1,4.17,"{""d2c_conf_mode"": ""live"", ""d2c_k"": 8, ""d2c_rollout_p"": 0.05, ""d2c_sigma"": 10.0}"
d2cache,56,42,108,1,1,1,3.89,"{""d2c_conf_mode"": ""live"", ""d2c_k"": 8, ""d2c_rollout_p"": 0.05, ""d2c_sigma"": 10.0}"
d2cache,56,44,113,1,1,1,3.78,"{""d2c_conf_mode"": ""live"", ""d2c_k"": 8, ""d2c_rollout_p"": 0.05, ""d2c_sigma"": 10.0}"
d2cache,56,46,118,1,1,1,3.65,"{""d2c_conf_mode"": ""live"", ""d2c_k"": 8, ""d2c_rollout_p"": 0.05, ""d2c_sigma"": 10.0}"
d2cache,56,48,123,1,1,1,3.52,"{""d2c_conf_mode"": ""live"", ""d2c_k"": 8, ""d2c_rollout_p"": 0.05, ""d2c_sigma"": 10.0}"
d2cache,56,52,133,1,1,1,3.27,"{""d2c_conf_mode"": ""live"", ""d2c_k"": 8, ""d2c_rollout_p"": 0.05, ""d2c_sigma"": 10.0}"
d2cache,56,54,138,1,1,1,3.14,"{""d2c_conf_mode"": ""live"", ""d2c_k"": 8, ""d2c_rollout_p"": 0.05, ""d2c_sigma"": 10.0}"
d2cache,56,56,143,1,1,1,3.02,"{""d2c_conf_mode"": ""live"", ""d2c_k"": 8, ""d2c_rollout_p"": 0.05, ""d2c_sigma"": 10.0}"
d2cache,56,58,148,1,1,1,2.89,"{""d2c_conf_mode"": ""live"", ""d2c_k"": 8, ""d2c_rollout_p"": 0.05, ""d2c_sigma"": 10.0}"
d2cache,56,62,159,1,1,1,2.61,"{""d2c_conf_mode"": ""live"", ""d2c_k"": 8, ""d2c_rollout_p"": 0.05, ""d2c_sigma"": 10.0}"
d2cache,56,64,164,1,1,1,2.48,"{""d2c_conf_mode"": ""live"", ""d2c_k"": 8, ""d2c_rollout_p"": 0.05, ""d2c_sigma"": 10.0}"
d2cache,56,66,169,1,1,1,2.35,"{""d2c_conf_mode"": ""live"", ""d2c_k"": 8, ""d2c_rollout_p"": 0.05, ""d2c_sigma"": 10.0}"
d2cache,56,68,174,1,1,1,2.23,"{""d2c_conf_mode"": ""live"", ""d2c_k"": 8, ""d2c_rollout_p"": 0.05, ""d2c_sigma"": 10.0}"
d2cache,56,72,184,1,1,1,1.98,"{""d2c_conf_mode"": ""live"", ""d2c_k"": 8, ""d2c_rollout_p"": 0.05, ""d2c_sigma"": 10.0}"
d2cache,56,74,189,1,1,1,1.85,"{""d2c_conf_mode"": ""live"", ""d2c_k"": 8, ""d2c_rollout_p"": 0.05, ""d2c_sigma"": 10.0}"
d2cache,56,76,195,1,1,1,1.7,"{""d2c_conf_mode"": ""live"", ""d2c_k"": 8, ""d2c_rollout_p"": 0.05, ""d2c_sigma"": 10.0}"
d2cache,56,78,200,1,1,1,1.56,"{""d2c_conf_mode"": ""live"", ""d2c_k"": 8, ""d2c_rollout_p"": 0.05, ""d2c_sigma"": 10.0}"
d2cache,56,82,210,1,1,1,1.31,"{""d2c_conf_mode"": ""live"", ""d2c_k"": 8, ""d2c_rollout_p"": 0.05, ""d2c_sigma"": 10.0}"
d2cache,56,84,215,1,1,1,1.19,"{""d2c_conf_mode"": ""live"", ""d2c_k"": 8, ""d2c_rollout_p"": 0.05, ""d2c_sigma"": 10.0}"
d2cache,56,86,220,1,1,1,1.06,"{""d2c_conf_mode"": ""live"", ""d2c_k"": 8, ""d2c_rollout_p"": 0.05, ""d2c_sigma"": 10.0}"
d2cache,56,88,225,1,1,1,0.93,"{""d2c_conf_mode"": ""live"", ""d2c_k"": 8, ""d2c_rollout_p"": 0.05, ""d2c_sigma"": 10.0}"
d2cache,57,2,5,0,0,1,6.6,"{""d2c_conf_mode"": ""live"", ""d2c_k"": 8, ""d2c_rollout_p"": 0.05, ""d2c_sigma"": 10.0}"
d2cache,57,4,10,1,1,1,6.47,"{""d2c_conf_mode"": ""live"", ""d2c_k"": 8, ""d2c_rollout_p"": 0.05, ""d2c_sigma"": 10.0}"
d2cache,57,6,15,1,1,1,6.35,"{""d2c_conf_mode"": ""live"", ""d2c_k"": 8, ""d2c_rollout_p"": 0.05, ""d2c_sigma"": 10.0}"
d2cache,57,8,20,0,0,0,6.23,"{""d2c_conf_mode"": ""live"", ""d2c_k"": 8, ""d2c_rollout_p"": 0.05, ""d2c_sigma"": 10.0}"
d2cache,57,12,31,0,0,1,5.94,"{""d2c_conf_mode"": ""live"", ""d2c_k"": 8, ""d2c_rollout_p"": 0.05, ""d2c_sigma"": 10.0}"
d2cache,57,14,36,1,1,1,5.8,"{""d2c_conf_mode"": ""live"", ""d2c_k"": 8, ""d2c_rollout_p"": 0.05, ""d2c_sigma"": 10.0}"
d2cache,57,16,41,1,1,1,5.67,"{""d2c_conf_mode"": ""live"", ""d2c_k"": 8, ""d2c_rollout_p"": 0.05, ""d2c_sigma"": 10.0}"
d2cache,57,18,46,1,1,1,5.55,"{""d2c_conf_mode"": ""live"", ""d2c_k"": 8, ""d2c_rollout_p"": 0.05, ""d2c_sigma"": 10.0}"
d2cache,57,22,56,1,1,1,5.29,"{""d2c_conf_mode"": ""live"", ""d2c_k"": 8, ""d2c_rollout_p"": 0.05, ""d2c_sigma"": 10.0}"
d2cache,57,24,61,1,1,1,5.16,"{""d2c_conf_mode"": ""live"", ""d2c_k"": 8, ""d2c_rollout_p"": 0.05, ""d2c_sigma"": 10.0}"
d2cache,57,26,67,1,1,1,5.01,"{""d2c_conf_mode"": ""live"", ""d2c_k"": 8, ""d2c_rollout_p"": 0.05, ""d2c_sigma"": 10.0}"
d2cache,57,28,72,1,1,1,4.89,"{""d2c_conf_mode"": ""live"", ""d2c_k"": 8, ""d2c_rollout_p"": 0.05, ""d2c_sigma"": 10.0}"
d2cache,57,32,82,1,1,1,4.63,"{""d2c_conf_mode"": ""live"", ""d2c_k"": 8, ""d2c_rollout_p"": 0.05, ""d2c_sigma"": 10.0}"
d2cache,57,34,87,1,1,1,4.5,"{""d2c_conf_mode"": ""live"", ""d2c_k"": 8, ""d2c_rollout_p"": 0.05, ""d2c_sigma"": 10.0}"
d2cache,57,36,92,1,1,1,4.37,"{""d2c_conf_mode"": ""live"", ""d2c_k"": 8, ""d2c_rollout_p"": 0.05, ""d2c_sigma"": 10.0}"
d2cache,57,38,97,1,1,1,4.24,"{""d2c_conf_mode"": ""live"", ""d2c_k"": 8, ""d2c_rollout_p"": 0.05, ""d2c_sigma"": 10.0}"
d2cache,57,42,108,1,1,1,3.96,"{""d2c_conf_mode"": ""live"", ""d2c_k"": 8, ""d2c_rollout_p"": 0.05, ""d2c_sigma"": 10.0}"
d2cache,57,44,113,1,1,1,3.83,"{""d2c_conf_mode"": ""live"", ""d2c_k"": 8, ""d2c_rollout_p"": 0.05, ""d2c_sigma"": 10.0}"
d2cache,57,46,118,1,1,1,3.7,"{""d2c_conf_mode"": ""live"", ""d2c_k"": 8, ""d2c_rollout_p"": 0.05, ""d2c_sigma"": 10.0}"
d2cache,57,48,123,1,1,1,3.57,"{""d2c_conf_mode"": ""live"", ""d2c_k"": 8, ""d2c_rollout_p"": 0.05, ""d2c_sigma"": 10.0}"
d2cache,57,52,133,1,1,1,3.31,"{""d2c_conf_mode"": ""live"", ""d2c_k"": 8, ""d2c_rollout_p"": 0.05, ""d2c_sigma"": 10.0}"
d2cache,57,54,138,1,1,1,3.18,"{""d2c_conf_mode"": ""live"", ""d2c_k"": 8, ""d2c_rollout_p"": 0.05, ""d2c_sigma"": 10.0}"
d2cache,57,56,143,1,1,1,3.05,"{""d2c_conf_mode"": ""live"", ""d2c_k"": 8, ""d2c_rollout_p"": 0.05, ""d2c_sigma"": 10.0}"
d2cache,57,58,148,1,1,1,2.93,"{""d2c_conf_mode"": ""live"", ""d2c_k"": 8, ""d2c_rollout_p"": 0.05, ""d2c_sigma"": 10.0}"
d2cache,57,62,159,1,1,1,2.63,"{""d2c_conf_mode"": ""live"", ""d2c_k"": 8, ""d2c_rollout_p"": 0.05, ""d2c_sigma"": 10.0}"
d2cache,57,64,164,1,1,1,2.51,"{""d2c_conf_mode"": ""live"", ""d2c_k"": 8, ""d2c_rollout_p"": 0.05, ""d2c_sigma"": 10.0}"
d2cache,57,66,169,1,1,1,2.38,"{""d2c_conf_mode"": ""live"", ""d2c_k"": 8, ""d2c_rollout_p"": 0.05, ""d2c_sigma"": 10.0}"
d2cache,57,68,174,1,1,1,2.25,"{""d2c_conf_mode"": ""live"", ""d2c_k"": 8, ""d2c_rollout_p"": 0.05, ""d2c_sigma"": 10.0}"
d2cache,57,72,184,1,1,1,2.0,"{""d2c_conf_mode"": ""live"", ""d2c_k"": 8, ""d2c_rollout_p"": 0.05, ""d2c_sigma"": 10.0}"
d2cache,57,74,189,1,1,1,1.87,"{""d2c_conf_mode"": ""live"", ""d2c_k"": 8, ""d2c_rollout_p"": 0.05, ""d2c_sigma"": 10.0}"
d2cache,57,76,195,1,1,1,1.71,"{""d2c_conf_mode"": ""live"", ""d2c_k"": 8, ""d2c_rollout_p"": 0.05, ""d2c_sigma"": 10.0}"
d2cache,57,78,200,1,1,1,1.58,"{""d2c_conf_mode"": ""live"", ""d2c_k"": 8, ""d2c_rollout_p"": 0.05, ""d2c_sigma"": 10.0}"
d2cache,57,82,210,1,1,1,1.33,"{""d2c_conf_mode"": ""live"", ""d2c_k"": 8, ""d2c_rollout_p"": 0.05, ""d2c_sigma"": 10.0}"
d2cache,57,84,215,1,1,1,1.2,"{""d2c_conf_mode"": ""live"", ""d2c_k"": 8, ""d2c_rollout_p"": 0.05, ""d2c_sigma"": 10.0}"
d2cache,57,86,220,1,1,1,1.07,"{""d2c_conf_mode"": ""live"", ""d2c_k"": 8, ""d2c_rollout_p"": 0.05, ""d2c_sigma"": 10.0}"
d2cache,57,88,225,1,1,1,0.94,"{""d2c_conf_mode"": ""live"", ""d2c_k"": 8, ""d2c_rollout_p"": 0.05, ""d2c_sigma"": 10.0}"
d2cache,58,2,5,0,0,1,6.32,"{""d2c_conf_mode"": ""live"", ""d2c_k"": 8, ""d2c_rollout_p"": 0.05, ""d2c_sigma"": 10.0}"
d2cache,58,4,10,1,1,1,6.21,"{""d2c_conf_mode"": ""live"", ""d2c_k"": 8, ""d2c_rollout_p"": 0.05, ""d2c_sigma"": 10.0}"
d2cache,58,6,15,1,1,1,6.13,"{""d2c_conf_mode"": ""live"", ""d2c_k"": 8, ""d2c_rollout_p"": 0.05, ""d2c_sigma"": 10.0}"
d2cache,58,8,20,1,1,1,5.92,"{""d2c_conf_mode"": ""live"", ""d2c_k"": 8, ""d2c_rollout_p"": 0.05, ""d2c_sigma"": 10.0}"
d2cache,58,12,31,1,1,1,5.73,"{""d2c_conf_mode"": ""live"", ""d2c_k"": 8, ""d2c_rollout_p"": 0.05, ""d2c_sigma"": 10.0}"
d2cache,58,14,36,1,1,1,5.61,"{""d2c_conf_mode"": ""live"", ""d2c_k"": 8, ""d2c_rollout_p"": 0.05, ""d2c_sigma"": 10.0}"
d2cache,58,16,41,1,1,1,5.46,"{""d2c_conf_mode"": ""live"", ""d2c_k"": 8, ""d2c_rollout_p"": 0.05, ""d2c_sigma"": 10.0}"
d2cache,58,18,46,1,1,1,5.37,"{""d2c_conf_mode"": ""live"", ""d2c_k"": 8, ""d2c_rollout_p"": 0.05, ""d2c_sigma"": 10.0}"
d2cache,58,22,56,1,1,1,5.11,"{""d2c_conf_mode"": ""live"", ""d2c_k"": 8, ""d2c_rollout_p"": 0.05, ""d2c_sigma"": 10.0}"
d2cache,58,24,61,1,1,1,4.98,"{""d2c_conf_mode"": ""live"", ""d2c_k"": 8, ""d2c_rollout_p"": 0.05, ""d2c_sigma"": 10.0}"
d2cache,58,26,67,1,1,1,4.83,"{""d2c_conf_mode"": ""live"", ""d2c_k"": 8, ""d2c_rollout_p"": 0.05, ""d2c_sigma"": 10.0}"
d2cache,58,28,72,1,1,1,4.72,"{""d2c_conf_mode"": ""live"", ""d2c_k"": 8, ""d2c_rollout_p"": 0.05, ""d2c_sigma"": 10.0}"
d2cache,58,32,82,0,0,1,4.43,"{""d2c_conf_mode"": ""live"", ""d2c_k"": 8, ""d2c_rollout_p"": 0.05, ""d2c_sigma"": 10.0}"
d2cache,58,34,87,1,1,1,4.34,"{""d2c_conf_mode"": ""live"", ""d2c_k"": 8, ""d2c_rollout_p"": 0.05, ""d2c_sigma"": 10.0}"
d2cache,58,36,92,0,0,1,4.23,"{""d2c_conf_mode"": ""live"", ""d2c_k"": 8, ""d2c_rollout_p"": 0.05, ""d2c_sigma"": 10.0}"
d2cache,58,38,97,1,1,1,4.1,"{""d2c_conf_mode"": ""live"", ""d2c_k"": 8, ""d2c_rollout_p"": 0.05, ""d2c_sigma"": 10.0}"
d2cache,58,42,108,0,0,1,3.83,"{""d2c_conf_mode"": ""live"", ""d2c_k"": 8, ""d2c_rollout_p"": 0.05, ""d2c_sigma"": 10.0}"
d2cache,58,44,113,1,1,1,3.67,"{""d2c_conf_mode"": ""live"", ""d2c_k"": 8, ""d2c_rollout_p"": 0.05, ""d2c_sigma"": 10.0}"
d2cache,58,46,118,1,1,1,3.57,"{""d2c_conf_mode"": ""live"", ""d2c_k"": 8, ""d2c_rollout_p"": 0.05, ""d2c_sigma"": 10.0}"
d2cache,58,48,123,1,1,1,3.46,"{""d2c_conf_mode"": ""live"", ""d2c_k"": 8, ""d2c_rollout_p"": 0.05, ""d2c_sigma"": 10.0}"
d2cache,58,52,133,0,0,1,3.21,"{""d2c_conf_mode"": ""live"", ""d2c_k"": 8, ""d2c_rollout_p"": 0.05, ""d2c_sigma"": 10.0}"
d2cache,58,54,138,0,0,1,3.08,"{""d2c_conf_mode"": ""live"", ""d2c_k"": 8, ""d2c_rollout_p"": 0.05, ""d2c_sigma"": 10.0}"
d2cache,58,56,143,1,1,1,2.96,"{""d2c_conf_mode"": ""live"", ""d2c_k"": 8, ""d2c_rollout_p"": 0.05, ""d2c_sigma"": 10.0}"
d2cache,58,58,148,1,1,1,2.83,"{""d2c_conf_mode"": ""live"", ""d2c_k"": 8, ""d2c_rollout_p"": 0.05, ""d2c_sigma"": 10.0}"
d2cache,58,62,159,1,1,1,2.56,"{""d2c_conf_mode"": ""live"", ""d2c_k"": 8, ""d2c_rollout_p"": 0.05, ""d2c_sigma"": 10.0}"
d2cache,58,64,164,1,1,1,2.42,"{""d2c_conf_mode"": ""live"", ""d2c_k"": 8, ""d2c_rollout_p"": 0.05, ""d2c_sigma"": 10.0}"
d2cache,58,66,169,1,1,1,2.31,"{""d2c_conf_mode"": ""live"", ""d2c_k"": 8, ""d2c_rollout_p"": 0.05, ""d2c_sigma"": 10.0}"
d2cache,58,68,174,1,1,1,2.19,"{""d2c_conf_mode"": ""live"", ""d2c_k"": 8, ""d2c_rollout_p"": 0.05, ""d2c_sigma"": 10.0}"
d2cache,58,72,184,1,1,1,1.93,"{""d2c_conf_mode"": ""live"", ""d2c_k"": 8, ""d2c_rollout_p"": 0.05, ""d2c_sigma"": 10.0}"
d2cache,58,74,189,1,1,1,1.82,"{""d2c_conf_mode"": ""live"", ""d2c_k"": 8, ""d2c_rollout_p"": 0.05, ""d2c_sigma"": 10.0}"
d2cache,58,76,195,1,1,1,1.65,"{""d2c_conf_mode"": ""live"", ""d2c_k"": 8, ""d2c_rollout_p"": 0.05, ""d2c_sigma"": 10.0}"
d2cache,58,78,200,1,1,1,1.53,"{""d2c_conf_mode"": ""live"", ""d2c_k"": 8, ""d2c_rollout_p"": 0.05, ""d2c_sigma"": 10.0}"
d2cache,58,82,210,1,1,1,1.3,"{""d2c_conf_mode"": ""live"", ""d2c_k"": 8, ""d2c_rollout_p"": 0.05, ""d2c_sigma"": 10.0}"
d2cache,58,84,215,1,1,1,1.16,"{""d2c_conf_mode"": ""live"", ""d2c_k"": 8, ""d2c_rollout_p"": 0.05, ""d2c_sigma"": 10.0}"
d2cache,58,86,220,1,1,1,1.04,"{""d2c_conf_mode"": ""live"", ""d2c_k"": 8, ""d2c_rollout_p"": 0.05, ""d2c_sigma"": 10.0}"
d2cache,58,88,225,1,1,1,0.92,"{""d2c_conf_mode"": ""live"", ""d2c_k"": 8, ""d2c_rollout_p"": 0.05, ""d2c_sigma"": 10.0}"
d2cache,61,2,5,1,1,1,6.18,"{""d2c_conf_mode"": ""live"", ""d2c_k"": 8, ""d2c_rollout_p"": 0.05, ""d2c_sigma"": 10.0}"
d2cache,61,4,10,1,1,1,5.99,"{""d2c_conf_mode"": ""live"", ""d2c_k"": 8, ""d2c_rollout_p"": 0.05, ""d2c_sigma"": 10.0}"
d2cache,61,6,15,1,1,1,5.93,"{""d2c_conf_mode"": ""live"", ""d2c_k"": 8, ""d2c_rollout_p"": 0.05, ""d2c_sigma"": 10.0}"
d2cache,61,8,20,1,1,1,5.8,"{""d2c_conf_mode"": ""live"", ""d2c_k"": 8, ""d2c_rollout_p"": 0.05, ""d2c_sigma"": 10.0}"
d2cache,61,12,31,1,1,1,5.43,"{""d2c_conf_mode"": ""live"", ""d2c_k"": 8, ""d2c_rollout_p"": 0.05, ""d2c_sigma"": 10.0}"
d2cache,61,14,36,1,1,1,5.42,"{""d2c_conf_mode"": ""live"", ""d2c_k"": 8, ""d2c_rollout_p"": 0.05, ""d2c_sigma"": 10.0}"
d2cache,61,16,41,1,1,1,5.25,"{""d2c_conf_mode"": ""live"", ""d2c_k"": 8, ""d2c_rollout_p"": 0.05, ""d2c_sigma"": 10.0}"
d2cache,61,18,46,1,1,1,5.18,"{""d2c_conf_mode"": ""live"", ""d2c_k"": 8, ""d2c_rollout_p"": 0.05, ""d2c_sigma"": 10.0}"
d2cache,61,22,56,1,1,1,4.92,"{""d2c_conf_mode"": ""live"", ""d2c_k"": 8, ""d2c_rollout_p"": 0.05, ""d2c_sigma"": 10.0}"
d2cache,61,24,61,1,1,1,4.74,"{""d2c_conf_mode"": ""live"", ""d2c_k"": 8, ""d2c_rollout_p"": 0.05, ""d2c_sigma"": 10.0}"
d2cache,61,26,67,1,1,1,4.6,"{""d2c_conf_mode"": ""live"", ""d2c_k"": 8, ""d2c_rollout_p"": 0.05, ""d2c_sigma"": 10.0}"
d2cache,61,28,72,1,1,1,4.55,"{""d2c_conf_mode"": ""live"", ""d2c_k"": 8, ""d2c_rollout_p"": 0.05, ""d2c_sigma"": 10.0}"
d2cache,61,32,82,1,1,1,4.32,"{""d2c_conf_mode"": ""live"", ""d2c_k"": 8, ""d2c_rollout_p"": 0.05, ""d2c_sigma"": 10.0}"
d2cache,61,34,87,1,1,1,4.14,"{""d2c_conf_mode"": ""live"", ""d2c_k"": 8, ""d2c_rollout_p"": 0.05, ""d2c_sigma"": 10.0}"
d2cache,61,36,92,1,1,1,4.05,"{""d2c_conf_mode"": ""live"", ""d2c_k"": 8, ""d2c_rollout_p"": 0.05, ""d2c_sigma"": 10.0}"
d2cache,61,38,97,1,1,1,3.84,"{""d2c_conf_mode"": ""live"", ""d2c_k"": 8, ""d2c_rollout_p"": 0.05, ""d2c_sigma"": 10.0}"
d2cache,61,42,108,1,1,1,3.57,"{""d2c_conf_mode"": ""live"", ""d2c_k"": 8, ""d2c_rollout_p"": 0.05, ""d2c_sigma"": 10.0}"
d2cache,61,44,113,1,1,1,3.47,"{""d2c_conf_mode"": ""live"", ""d2c_k"": 8, ""d2c_rollout_p"": 0.05, ""d2c_sigma"": 10.0}"
d2cache,61,46,118,1,1,1,3.34,"{""d2c_conf_mode"": ""live"", ""d2c_k"": 8, ""d2c_rollout_p"": 0.05, ""d2c_sigma"": 10.0}"
d2cache,61,48,123,1,1,1,3.22,"{""d2c_conf_mode"": ""live"", ""d2c_k"": 8, ""d2c_rollout_p"": 0.05, ""d2c_sigma"": 10.0}"
d2cache,61,52,133,1,1,1,2.99,"{""d2c_conf_mode"": ""live"", ""d2c_k"": 8, ""d2c_rollout_p"": 0.05, ""d2c_sigma"": 10.0}"
d2cache,61,54,138,1,1,1,2.88,"{""d2c_conf_mode"": ""live"", ""d2c_k"": 8, ""d2c_rollout_p"": 0.05, ""d2c_sigma"": 10.0}"
d2cache,61,56,143,1,1,1,2.75,"{""d2c_conf_mode"": ""live"", ""d2c_k"": 8, ""d2c_rollout_p"": 0.05, ""d2c_sigma"": 10.0}"
d2cache,61,58,148,1,1,1,2.64,"{""d2c_conf_mode"": ""live"", ""d2c_k"": 8, ""d2c_rollout_p"": 0.05, ""d2c_sigma"": 10.0}"
d2cache,61,62,159,1,1,1,2.38,"{""d2c_conf_mode"": ""live"", ""d2c_k"": 8, ""d2c_rollout_p"": 0.05, ""d2c_sigma"": 10.0}"
d2cache,61,64,164,1,1,1,2.26,"{""d2c_conf_mode"": ""live"", ""d2c_k"": 8, ""d2c_rollout_p"": 0.05, ""d2c_sigma"": 10.0}"
d2cache,61,66,169,1,1,1,2.16,"{""d2c_conf_mode"": ""live"", ""d2c_k"": 8, ""d2c_rollout_p"": 0.05, ""d2c_sigma"": 10.0}"
d2cache,61,68,174,1,1,1,2.03,"{""d2c_conf_mode"": ""live"", ""d2c_k"": 8, ""d2c_rollout_p"": 0.05, ""d2c_sigma"": 10.0}"
d2cache,61,72,184,1,1,1,1.8,"{""d2c_conf_mode"": ""live"", ""d2c_k"": 8, ""d2c_rollout_p"": 0.05, ""d2c_sigma"": 10.0}"
d2cache,61,74,189,1,1,1,1.7,"{""d2c_conf_mode"": ""live"", ""d2c_k"": 8, ""d2c_rollout_p"": 0.05, ""d2c_sigma"": 10.0}"
d2cache,61,76,195,1,1,1,1.54,"{""d2c_conf_mode"": ""live"", ""d2c_k"": 8, ""d2c_rollout_p"": 0.05, ""d2c_sigma"": 10.0}"
d2cache,61,78,200,1,1,1,1.42,"{""d2c_conf_mode"": ""live"", ""d2c_k"": 8, ""d2c_rollout_p"": 0.05, ""d2c_sigma"": 10.0}"
d2cache,61,82,210,1,1,1,1.19,"{""d2c_conf_mode"": ""live"", ""d2c_k"": 8, ""d2c_rollout_p"": 0.05, ""d2c_sigma"": 10.0}"
d2cache,61,84,215,1,1,1,1.07,"{""d2c_conf_mode"": ""live"", ""d2c_k"": 8, ""d2c_rollout_p"": 0.05, ""d2c_sigma"": 10.0}"
d2cache,61,86,220,1,1,1,0.97,"{""d2c_conf_mode"": ""live"", ""d2c_k"": 8, ""d2c_rollout_p"": 0.05, ""d2c_sigma"": 10.0}"
d2cache,61,88,225,1,1,1,0.84,"{""d2c_conf_mode"": ""live"", ""d2c_k"": 8, ""d2c_rollout_p"": 0.05, ""d2c_sigma"": 10.0}"
d2cache,63,2,5,1,1,0,5.96,"{""d2c_conf_mode"": ""live"", ""d2c_k"": 8, ""d2c_rollout_p"": 0.05, ""d2c_sigma"": 10.0}"
d2cache,63,4,10,1,1,1,5.81,"{""d2c_conf_mode"": ""live"", ""d2c_k"": 8, ""d2c_rollout_p"": 0.05, ""d2c_sigma"": 10.0}"
d2cache,63,6,15,0,0,1,5.69,"{""d2c_conf_mode"": ""live"", ""d2c_k"": 8, ""d2c_rollout_p"": 0.05, ""d2c_sigma"": 10.0}"
d2cache,63,8,20,1,1,1,5.59,"{""d2c_conf_mode"": ""live"", ""d2c_k"": 8, ""d2c_rollout_p"": 0.05, ""d2c_sigma"": 10.0}"
d2cache,63,12,31,1,1,1,5.3,"{""d2c_conf_mode"": ""live"", ""d2c_k"": 8, ""d2c_rollout_p"": 0.05, ""d2c_sigma"": 10.0}"
d2cache,63,14,36,1,1,1,5.23,"{""d2c_conf_mode"": ""live"", ""d2c_k"": 8, ""d2c_rollout_p"": 0.05, ""d2c_sigma"": 10.0}"
d2cache,63,16,41,1,1,1,5.09,"{""d2c_conf_mode"": ""live"", ""d2c_k"": 8, ""d2c_rollout_p"": 0.05, ""d2c_sigma"": 10.0}"
d2cache,63,18,46,1,1,1,5.0,"{""d2c_conf_mode"": ""live"", ""d2c_k"": 8, ""d2c_rollout_p"": 0.05, ""d2c_sigma"": 10.0}"
d2cache,63,22,56,1,1,1,4.76,"{""d2c_conf_mode"": ""live"", ""d2c_k"": 8, ""d2c_rollout_p"": 0.05, ""d2c_sigma"": 10.0}"
d2cache,63,24,61,1,1,1,4.64,"{""d2c_conf_mode"": ""live"", ""d2c_k"": 8, ""d2c_rollout_p"": 0.05, ""d2c_sigma"": 10.0}"
d2cache,63,26,67,1,1,1,4.47,"{""d2c_conf_mode"": ""live"", ""d2c_k"": 8, ""d2c_rollout_p"": 0.05, ""d2c_sigma"": 10.0}"
d2cache,63,28,72,1,1,1,4.39,"{""d2c_conf_mode"": ""live"", ""d2c_k"": 8, ""d2c_rollout_p"": 0.05, ""d2c_sigma"": 10.0}"
d2cache,63,32,82,1,1,1,4.16,"{""d2c_conf_mode"": ""live"", ""d2c_k"": 8, ""d2c_rollout_p"": 0.05, ""d2c_sigma"": 10.0}"
d2cache,63,34,87,1,1,1,4.02,"{""d2c_conf_mode"": ""live"", ""d2c_k"": 8, ""d2c_rollout_p"": 0.05, ""d2c_sigma"": 10.0}"
d2cache,63,36,92,1,1,1,3.92,"{""d2c_conf_mode"": ""live"", ""d2c_k"": 8, ""d2c_rollout_p"": 0.05, ""d2c_sigma"": 10.0}"
d2cache,63,38,97,1,1,1,3.77,"{""d2c_conf_mode"": ""live"", ""d2c_k"": 8, ""d2c_rollout_p"": 0.05, ""d2c_sigma"": 10.0}"
d2cache,63,42,108,1,1,1,3.52,"{""d2c_conf_mode"": ""live"", ""d2c_k"": 8, ""d2c_rollout_p"": 0.05, ""d2c_sigma"": 10.0}"
d2cache,63,44,113,1,1,1,3.43,"{""d2c_conf_mode"": ""live"", ""d2c_k"": 8, ""d2c_rollout_p"": 0.05, ""d2c_sigma"": 10.0}"
d2cache,63,46,118,1,1,1,3.32,"{""d2c_conf_mode"": ""live"", ""d2c_k"": 8, ""d2c_rollout_p"": 0.05, ""d2c_sigma"": 10.0}"
d2cache,63,48,123,1,1,1,3.2,"{""d2c_conf_mode"": ""live"", ""d2c_k"": 8, ""d2c_rollout_p"": 0.05, ""d2c_sigma"": 10.0}"
d2cache,63,52,133,1,1,1,2.96,"{""d2c_conf_mode"": ""live"", ""d2c_k"": 8, ""d2c_rollout_p"": 0.05, ""d2c_sigma"": 10.0}"
d2cache,63,54,138,1,1,1,2.85,"{""d2c_conf_mode"": ""live"", ""d2c_k"": 8, ""d2c_rollout_p"": 0.05, ""d2c_sigma"": 10.0}"
d2cache,63,56,143,1,1,1,2.72,"{""d2c_conf_mode"": ""live"", ""d2c_k"": 8, ""d2c_rollout_p"": 0.05, ""d2c_sigma"": 10.0}"
d2cache,63,58,148,1,1,1,2.6,"{""d2c_conf_mode"": ""live"", ""d2c_k"": 8, ""d2c_rollout_p"": 0.05, ""d2c_sigma"": 10.0}"
d2cache,63,62,159,1,1,1,2.37,"{""d2c_conf_mode"": ""live"", ""d2c_k"": 8, ""d2c_rollout_p"": 0.05, ""d2c_sigma"": 10.0}"
d2cache,63,64,164,1,1,1,2.25,"{""d2c_conf_mode"": ""live"", ""d2c_k"": 8, ""d2c_rollout_p"": 0.05, ""d2c_sigma"": 10.0}"
d2cache,63,66,169,1,1,1,2.13,"{""d2c_conf_mode"": ""live"", ""d2c_k"": 8, ""d2c_rollout_p"": 0.05, ""d2c_sigma"": 10.0}"
d2cache,63,68,174,1,1,1,2.01,"{""d2c_conf_mode"": ""live"", ""d2c_k"": 8, ""d2c_rollout_p"": 0.05, ""d2c_sigma"": 10.0}"
d2cache,63,72,184,1,1,1,1.78,"{""d2c_conf_mode"": ""live"", ""d2c_k"": 8, ""d2c_rollout_p"": 0.05, ""d2c_sigma"": 10.0}"
d2cache,63,74,189,1,1,1,1.67,"{""d2c_conf_mode"": ""live"", ""d2c_k"": 8, ""d2c_rollout_p"": 0.05, ""d2c_sigma"": 10.0}"
d2cache,63,76,195,1,1,1,1.51,"{""d2c_conf_mode"": ""live"", ""d2c_k"": 8, ""d2c_rollout_p"": 0.05, ""d2c_sigma"": 10.0}"
d2cache,63,78,200,1,1,1,1.4,"{""d2c_conf_mode"": ""live"", ""d2c_k"": 8, ""d2c_rollout_p"": 0.05, ""d2c_sigma"": 10.0}"
d2cache,63,82,210,1,1,1,1.15,"{""d2c_conf_mode"": ""live"", ""d2c_k"": 8, ""d2c_rollout_p"": 0.05, ""d2c_sigma"": 10.0}"
d2cache,63,84,215,1,1,1,1.03,"{""d2c_conf_mode"": ""live"", ""d2c_k"": 8, ""d2c_rollout_p"": 0.05, ""d2c_sigma"": 10.0}"
d2cache,63,86,220,1,1,1,0.92,"{""d2c_conf_mode"": ""live"", ""d2c_k"": 8, ""d2c_rollout_p"": 0.05, ""d2c_sigma"": 10.0}"
d2cache,63,88,225,1,1,1,0.81,"{""d2c_conf_mode"": ""live"", ""d2c_k"": 8, ""d2c_rollout_p"": 0.05, ""d2c_sigma"": 10.0}"
